rhoL,uL,TL,rhoR,uR,TR,s1,s2,s3,type
0.6704462,0.4731103,0.7453524,1.10794,-0.05998669,1.121491,-2.152723,-0.2202748,-1.158588,5
0.283206,0.04570613,0.1805606,0.4857743,-1.088715,1.268209,-0.978959,-0.6443595,-0.483108,5
0.9871665,0.8557349,0.7648754,1.542716,0.0785366,1.240898,-3.519324,0.9105821,-1.354363,5
0.8004578,0.6974424,0.7527484,0.7049174,0.9872683,1.355748,4.38405,-3.400485,-0.9212103,5
1.658402,-0.2716963,0.6767105,1.786745,-0.4149829,1.171896,-6.629237,-2.94728,-1.054925,5
1.900505,0.5402851,0.5434343,1.762124,0.3103094,0.9294662,9.278198,1.329567,-0.9550532,5
0.375067,-0.5586149,1.054935,0.8330032,-1.052922,1.346703,-0.6519885,-0.7297509,-0.690493,5
1.168977,-0.333908,0.5520692,1.464297,-1.116491,1.259738,-1.042703,-0.6252488,-0.4698666,5
0.3282047,0.2239072,0.3860836,1.900208,-1.081502,1.021336,-0.2420739,-0.2084975,-0.2064968,5
0.1398137,-0.6714089,0.9606464,1.639355,0.2132867,1.229293,-1.227567,2.756111,-1.432573,5
1.061616,0.4749918,0.7801224,1.984457,0.2413173,1.32485,-2.290864,1.65964,-1.313062,5
1.495619,0.0811948,0.2661631,1.495606,1.072812,1.360424,88427.09,-0.09249972,-0.7707249,5
0.6575547,-0.2447704,0.3851271,1.266145,-0.7462649,1.141168,-0.9961851,-1.12637,-0.6946515,5
1.529743,0.2318872,0.4922268,1.371572,-0.342092,1.244406,7.569251,-0.9364332,-0.9111969,5
0.5945776,1.29249,1.348809,1.747958,-0.004715136,1.073499,-0.7764147,0.6511533,-3.226435,5
0.9970514,-0.4712666,0.5258116,0.7208859,-0.5659907,1.365207,1.609134,10.74651,-1.198197,5
1.73107,0.1639954,0.3135695,0.8982108,1.369781,1.189882,0.4107574,0.1929395,-0.08460179,5
0.2194663,0.5168238,1.25081,1.438924,-0.6351756,0.8957544,-0.5055323,-0.11404,-0.9532462,5
0.5208904,0.3722252,1.051015,1.839182,0.5601122,1.272624,-1.183724,-0.4856453,-1.230816,5
0.4662386,1.060121,1.050184,1.86684,-0.01391414,1.051255,-1.011505,0.8231606,-1.634164,5
0.2879649,-0.1445829,0.7028981,0.8135337,-1.367999,1.197996,-0.01575634,0.01803035,-0.05938056,5
1.147443,0.7994583,1.079521,0.8934856,-0.07557983,1.41079,2.069833,0.3049197,-2.337152,5
0.7874928,-0.007892136,0.9344358,0.5863554,-0.8181308,1.350845,0.1952117,-0.4420278,-0.4107362,5
1.132329,-0.1928617,0.2635027,0.8636876,0.9118287,1.227504,1.888854,-0.08062916,-0.7949845,5
0.7127667,0.3147349,0.267084,1.047097,-0.8141755,1.150471,-2.494056,-0.530418,-0.5481085,5
1.779106,0.3528907,0.3347317,1.850439,-0.05250614,0.7168953,-20.96641,0.08720177,-0.6061546,5
1.406373,-0.2590266,0.6550182,1.518417,-0.6692937,1.169251,-4.795342,-1.234694,-0.8184127,5
0.03235593,1.066369,1.305689,1.201526,-0.4882894,1.15582,-0.9343844,-2.059647,-1.251269,5
1.200985,-0.3530141,0.4031513,0.7559949,-0.9869608,1.148806,0.2263068,-1.188748,-0.4342118,5
0.2289189,0.9723037,1.079305,0.4217271,0.4096752,1.02848,-1.068811,2.652316,-1.983396,5
0.01087078,0.1780942,0.5024387,0.9238987,-1.229211,1.2492,-0.3928702,-0.8051761,-0.5558902,5
0.3917966,0.8530512,1.299447,1.470623,-0.8634335,1.154736,-0.7051045,0.1304206,-1.28822,5
0.3994485,-0.5760759,1.146859,1.894002,-0.662598,1.006891,-0.5400061,-0.8327105,-0.6853725,5
1.556926,0.5505152,0.5331398,0.5892033,0.1639116,1.135359,0.4860515,0.5567754,-1.278878,5
0.005656585,0.7207234,0.7599368,1.617234,0.417603,1.172627,-1.371188,3.24395,-1.662982,5
0.350827,-1.492623,1.385436,1.550115,-1.202067,1.312452,-0.4918065,-1.038734,-0.6953226,5
0.4145142,1.21098,1.035485,1.335817,-0.1040763,1.287281,-1.609603,0.7615243,-1.734917,5
1.386741,-0.09095543,0.6875466,1.306174,-0.555508,0.8358521,-0.03617019,-0.1564232,-0.2277024,5
0.8531097,-1.028478,1.095815,1.935388,-1.219154,1.3184,-0.4658074,-0.7750132,-0.5423646,5
0.3186497,0.5667419,0.7914383,0.791369,-0.1081938,1.031835,-1.319026,-0.1423349,-1.177109,5
1.556781,0.1115138,0.3837664,0.9229783,-0.2065876,0.9591004,0.8162057,-0.799569,-0.6668295,5
0.1426449,1.067064,0.9748479,0.7690186,-0.4577391,1.364444,-1.430388,-0.4871188,-1.451709,5
0.02336238,0.5435039,0.5944758,1.278397,-1.132471,1.360425,-0.6841718,-1.429178,-0.9282932,5
1.034782,-0.2873395,1.001834,1.388183,-1.300579,1.140233,0.8145711,0.4459132,0.3071666,5
1.23894,0.4674897,1.01992,1.790708,-0.7111601,1.162171,-1.22459,-0.04448225,-0.9074496,5
0.4294825,-0.4975044,0.9470197,0.9165376,-0.5059964,1.083085,-0.9205983,-1.42459,-0.9734064,5
0.06321368,-1.106917,1.206048,1.231789,-0.7943112,1.164613,-0.7577099,-1.876032,-1.051822,5
1.4264,0.1508258,0.7309374,0.8694804,-0.4711343,1.070628,0.236965,-0.2869895,-0.1354002,5
0.160769,-0.08671322,1.151739,1.729746,-0.5728058,1.404241,-1.104072,-2.582632,-1.355936,5
0.1651549,-1.049845,1.240222,1.979083,-0.7147034,1.240259,-0.8922838,-2.346664,-1.201952,5
1.136153,-0.3283501,0.3677181,0.6743016,-0.7388361,0.8051046,0.01889559,-0.9242252,-0.2579547,5
1.159531,-0.03645958,0.1682299,1.497884,-0.1475002,1.138132,-3.466137,-4.649734,-0.9834954,5
1.549319,0.1869388,0.2702463,1.079168,-0.374348,0.9269451,1.643336,-0.5938447,-0.51332,5
0.0414171,-0.2166586,1.061283,1.897416,0.630407,0.7140123,-0.4065324,0.02798332,-0.4079826,5
0.849548,0.03055898,0.9978447,0.8778483,-0.7738795,1.373376,-9.424322,-0.539604,-0.8216307,5
1.525358,-0.1271651,0.3090056,1.643684,-0.3335731,0.9799935,-7.215423,-2.179881,-0.7951664,5
0.2857784,-0.5710261,1.413677,1.512286,-1.4946,1.408795,-0.1550769,-0.1857025,-0.2177015,5
0.5316374,0.5806867,1.086876,0.6271209,0.1550479,1.37609,-4.734979,0.3779088,-1.598081,5
1.587507,0.3350095,0.7431288,1.585989,-0.102234,0.8096979,178.0812,-0.06408269,-1.305338,5
1.312197,-0.09060414,0.4446528,1.6701,-0.1212106,1.373945,-4.205097,-13.29202,-1.251495,5
1.315044,0.3227184,0.9248809,1.968403,-0.9945188,1.313711,-1.391688,-0.2208657,-0.6817078,5
0.3566287,-0.7614778,0.7315841,1.724293,-0.526359,0.913772,-0.6935391,-1.84448,-0.8537945,5
1.340049,0.3486166,0.4504353,0.6363823,-0.5920537,1.364562,1.169661,-0.460473,-0.4588452,5
1.953596,-0.01758451,0.1667658,0.8942458,0.7468937,1.300869,0.6044265,0.01751249,-0.9127862,5
0.1950884,1.043543,1.122875,1.01511,1.439202,1.223561,-0.1804606,0.1719877,-0.151988,5
0.8566176,0.2369582,0.2475243,1.059509,-0.5468361,0.833411,-3.074426,-0.3676823,-0.408015,5
0.9215371,-0.07078833,0.6984346,0.8722977,0.340724,1.296046,11.62307,-0.02084962,-1.250448,5
0.1792189,0.1385651,0.3122146,0.2404862,-0.4929411,0.7368422,-1.467059,-0.3615756,-0.3958152,5
1.102605,0.6970187,1.362074,1.693223,-0.5510343,1.387542,-1.268244,-0.04646229,-1.779259,5
1.769087,0.3038282,0.4363369,1.630394,1.109835,1.212689,9.15201,-0.2519456,-0.4924106,5
0.2339899,-0.5290184,1.070586,1.691266,-1.37996,1.172428,0.0385997,0.06940386,0.03006482,5
0.1512506,-0.5236152,1.029534,0.3416395,-0.8635427,0.9129143,-0.1179442,0.03851542,-0.09698673,5
1.812253,0.4365538,0.5375551,1.274108,-0.0123355,1.231495,3.112446,-0.009308777,-0.9604619,5
0.3998771,-0.622385,1.073828,1.546031,-1.016958,1.076267,-0.2568184,-0.3654309,-0.3360877,5
0.9206194,-0.2611932,0.515947,1.7277,-0.2467659,1.033089,-1.373986,-4.008402,-0.9702404,5
0.7036392,0.1040703,0.812941,0.9698395,-0.234539,1.20789,-2.371389,-1.093216,-1.159316,5
0.03711264,-0.7296281,0.63904,1.674544,-1.088775,1.303604,-0.6714067,-1.511508,-0.9396448,5
0.03088872,1.355245,1.30194,1.918193,0.6900494,1.372087,-1.201794,0.3996779,-1.362615,5
0.006917155,-1.026211,0.9953977,0.6677892,0.1575551,1.351558,-1.629732,13.15153,-2.078372,5
0.08255305,0.8188536,1.159325,1.777599,0.5345345,0.8769715,-0.6460271,-0.3205489,-0.8449424,5
1.463877,-0.4728243,0.6419463,1.931765,-0.58776,0.9488065,-1.297319,-1.501419,-0.7345561,5
1.163365,0.2437328,0.3629078,1.575459,0.4607872,0.7798407,-2.28108,-0.4112958,-0.5827535,5
0.2773356,0.6754863,1.140243,1.335119,-1.127975,1.219959,-0.609697,-0.03839865,-0.7031347,5
1.189776,0.7184796,0.6279523,1.150406,0.1086024,0.8157285,15.55397,0.6644343,-2.085526,5
1.214774,-0.3693382,0.3160171,0.8467565,0.05443197,1.05346,1.799926,0.5894692,-1.115995,5
0.6337692,0.8542863,0.9427401,1.311626,-0.5042575,1.21908,-1.700437,0.07463786,-1.325023,5
0.2531588,0.02115855,0.1568551,1.601416,-0.5244615,0.5985628,-0.246902,-0.3916848,-0.2756597,5
1.092344,0.2800376,0.5251178,1.116947,0.04511994,0.7315896,-20.23471,0.09535946,-0.7812681,5
0.3739021,1.140092,1.174316,0.9886348,-0.2231217,1.029484,-0.7308463,0.4457073,-2.553018,5
0.1950379,-1.254455,1.064708,1.574054,-0.01179789,1.396578,-1.502354,10.09669,-1.795954,5
0.6338907,0.3984023,0.5737892,1.975094,1.080248,0.9208279,-0.2100117,0.1489371,-0.07681942,5
0.2980821,0.3254136,1.062113,1.413044,-0.8341067,1.214306,-0.7794872,-0.5596059,-0.8752977,5
1.516728,-0.06320908,0.3548163,0.4300676,-0.9479642,1.210635,-0.09811752,-0.9407743,0.01095129,5
0.5295858,-0.1945398,0.4505727,1.66419,-0.6866754,1.003388,-0.6376238,-0.9419844,-0.6270105,5
1.791655,-0.6637403,0.666671,1.505942,-1.250087,1.362793,1.05451,-1.278563,-0.5344654,5
0.06400914,-0.0558536,1.067334,0.267024,-0.5617788,1.249325,-0.9699344,-1.170128,-1.080988,5
1.256382,0.8811771,1.056681,1.778308,-0.3005514,1.24208,-2.557876,0.2601431,-1.744302,5
0.282414,-0.1173763,0.7060704,1.421614,0.1583289,1.057591,-1.034265,0.9181367,-1.061771,5
0.64592,0.6237722,0.7595639,1.728884,-0.2636992,1.372078,-1.877527,-0.8040286,-1.331668,5
0.2983979,0.00400156,0.0284988,0.8753341,-0.1651596,0.915632,-1.029228,-2.333067,-0.8025032,5
0.8082721,-0.1770647,0.93133,1.814568,0.0002149929,1.397093,-1.688176,4.669816,-1.447109,5
0.7335662,0.6024434,0.583475,1.891217,-0.2369147,0.9252024,-1.339886,-0.109102,-0.9513844,5
0.8439497,0.1283122,0.4240616,0.6360015,-0.5498599,1.148139,1.781266,-0.8401842,-0.6552249,5
1.428183,0.2834029,0.2701457,0.9240673,-0.6259935,1.051372,1.758614,-0.3979707,-0.3435831,5
1.325761,0.1142881,0.4508441,1.953869,1.19495,1.2469,-1.527428,-0.02561451,-0.4863313,5
0.07153586,1.44402,1.346227,0.4119779,0.7286679,0.7719532,-0.2965834,-0.1803156,-1.127441,5
1.944388,-0.01105702,0.211061,0.1476485,-0.1456715,1.361796,0.01057564,-15540.15,-0.5259723,5
1.516982,0.02564654,0.3607325,1.368619,-0.6908804,1.186525,4.546286,-1.017891,-0.6719115,5
0.9793123,-0.9328335,0.8363172,1.023858,-1.19326,1.268471,-5.589518,-1.744673,-0.6139798,5
0.8783458,0.4526099,0.421578,1.489465,0.1102218,1.21915,-3.009126,-0.7912947,-1.090769,5
0.5934141,-0.3089041,0.4366721,1.637993,0.09167982,0.869354,-1.025168,0.761858,-0.8802067,5
0.4312769,0.5265664,0.4515608,1.896412,-0.6033551,0.542969,-0.3019788,0.2384693,-0.2744477,5
0.2672754,0.8999266,1.156873,1.232326,0.6344182,0.9587865,-0.564166,-0.4814306,-0.9979581,5
0.3915073,0.2432854,0.9886765,0.9337113,-0.2098008,0.8504634,-0.5491386,-0.1892592,-1.157507,5
0.05751494,-0.04286809,1.03078,1.583451,0.3967846,1.019667,-0.9357471,0.719848,-1.077133,5
0.198516,-0.5855517,0.8976241,1.248272,0.4309903,1.065147,-0.9432616,-0.04798615,-1.01159,5
0.0545685,-0.1837339,0.5845641,0.9593757,-0.09558402,0.4781552,-0.4262892,-1.972567,-0.5460739,5
1.454524,-0.06769874,0.8745935,1.168843,-0.4600325,1.165579,0.5366643,-0.6503284,-0.770874,5
0.3050364,-0.7628865,0.7950996,1.016869,-1.026537,1.23263,-0.6040665,-1.103109,-0.6801749,5
0.8246131,0.2669621,0.7489555,1.589526,-0.6946238,1.107866,-1.138109,-0.4236082,-0.7756584,5
0.9114025,0.004450622,0.1457231,0.7878975,1.117502,1.286288,3.72748,-0.008094052,-0.6309186,5
0.5823461,1.045006,1.182595,1.143279,0.5440229,1.366976,-1.686178,-49.38996,-1.678257,5
0.9237803,0.4198879,0.4641955,0.9450146,-0.7395369,1.396327,-49.80375,-0.6225341,-0.7560999,5
0.1979335,-0.2447856,0.3709825,0.6638346,-0.2930982,0.995344,-0.9737197,-2.565926,-0.9024123,5
0.04069584,-0.2882952,0.5263833,0.1783228,0.2410983,1.014005,-1.017326,0.3956352,-0.9860629,5
1.169032,0.05402152,0.8385195,1.924224,0.1679765,1.150233,-1.694859,0.2771475,-1.200037,5
0.4625076,0.001791165,0.6450004,0.7395861,0.2718312,1.271604,-2.29969,0.4284604,-1.229043,5
0.5416058,0.3122128,0.5381293,0.9923561,0.7268059,1.180265,-1.847427,-0.3745064,-0.8787291,5
1.146522,-0.3773189,0.8865278,1.313681,-0.4725676,1.341221,-4.048794,-3.787853,-1.271007,5
0.1794793,0.9278649,1.409644,1.453801,-1.022743,0.9934821,-0.3495827,0.2481583,-0.7882709,5
1.157548,0.05480263,0.654923,1.799374,0.6632846,1.242069,-2.054597,-0.2781108,-1.01953,5
1.143417,0.7824652,1.04835,1.130512,0.1109774,1.108599,25.36339,0.234672,93.27065,5
0.3719746,-0.1621535,0.3200255,0.3471591,1.081888,1.256369,6.794754,-0.0611105,-0.6598923,5
1.326922,-0.05919035,0.266725,1.178679,-1.233635,1.170618,0.2096935,-0.2240169,-0.1308117,5
0.6798409,0.7092342,0.7451363,1.329023,0.2757709,1.113522,-1.97939,3.383589,-1.200226,5
0.1072275,0.3991671,1.034261,0.1783687,-0.6361457,1.085838,-0.8326626,-0.07395537,-0.9736099,5
1.160728,0.1826486,0.5415561,1.715955,-0.5597557,1.225802,-2.285349,-0.9542343,-0.8990758,5
0.0506186,0.2484013,1.158564,1.153448,-1.368195,1.158245,-0.01678533,0.04677445,-0.01937465,5
1.659435,0.813485,0.822435,1.319803,0.4377293,1.132078,1.906016,0.9887942,-2.202894,5
0.231142,0.669657,1.274134,1.951615,1.505798,1.37908,-0.3666203,0.08435867,-0.3669522,5
0.9734667,0.2445644,0.4046577,0.631443,0.9376408,1.154128,1.482554,-0.4486061,-0.5822581,5
0.939352,0.05197148,0.1483737,1.04415,-0.2888393,1.282975,-8.788526,-2.43074,-1.017791,5
0.1189857,1.247432,1.359483,1.998824,-1.063105,1.022953,-0.3089887,0.04619425,-0.568945,5
1.001796,-0.2061775,0.2165808,0.8499904,-0.3914337,0.4105845,0.2040761,-0.2781114,-0.136217,5
0.5802087,-0.0926231,0.718605,1.234773,-0.1511097,1.16171,-1.435979,-3.603352,-1.152645,5
1.061904,-0.07698587,0.2314508,0.7957491,1.034546,1.049086,0.8291361,0.03447913,-0.3783871,5
0.8951276,-0.6036713,0.5115517,1.41152,0.3014872,1.073197,-2.333199,0.2196028,-1.190159,5
0.06329989,-0.6536436,0.7188445,1.948075,0.1709222,1.157237,-1.277956,6.204538,-1.563878,5
0.02711789,-0.2319055,0.2409979,0.08068635,-0.02851014,1.375325,-1.610884,13.43622,-1.281928,5
0.1642458,-0.3600284,0.5774077,1.737836,-0.2373319,1.310909,-1.257207,-6.95165,-1.481847,5
1.040903,0.4875066,0.9051927,1.374302,0.294798,1.290877,-3.519368,2.188931,-1.33206,5
0.1175871,-0.3938805,0.5661252,1.379133,-0.5259824,1.134312,-0.9198978,-2.558029,-1.148788,5
0.3523595,0.8627918,0.8089309,0.9290115,-0.06361465,0.9634929,-1.233841,0.552909,-1.353766,5
0.3640278,0.08463457,1.157715,0.6845245,-0.9233781,1.395852,-1.033001,-0.4686385,-0.9499526,5
0.367,0.6406273,1.078967,1.60715,0.03260127,1.248041,-1.282487,-0.7229177,-1.455419,5
0.1751305,0.4782473,0.4615116,0.8192697,0.3028025,0.9104584,-1.044921,-0.3211394,-0.8776645,5
1.829355,0.2287894,0.4914409,0.8213017,0.8258933,1.347668,0.780486,-1.210975,-0.9025536,5
1.977944,0.4767478,0.5674187,1.941219,0.772731,1.353993,67.1789,-1.638095,-0.9947812,5
1.797417,-0.01049246,0.4143224,1.721668,-1.363084,1.24501,0.09003308,-0.07566701,-0.05673623,5
0.983142,0.1331479,0.8349313,1.424487,-0.6257787,0.9259813,-0.608568,-0.1138951,-0.5541768,5
1.2868,-0.1895642,0.19605,1.188547,0.1863633,1.226699,10.77735,0.8800851,-1.125505,5
0.960743,0.0996536,0.5292141,1.956459,-0.2823732,0.7723314,-0.8947261,-0.5888712,-0.6977367,5
0.5344982,-0.469614,1.113212,1.217021,-0.1916937,1.311653,-1.383437,25.66493,-1.423112,5
1.498845,-0.0850089,0.3785238,1.349839,-0.2497509,1.024596,4.770736,-2.801111,-0.8645469,5
1.649706,-0.07312604,0.3391083,1.792985,-0.9390316,0.953406,-1.067455,-0.244621,-0.2058668,5
0.4707777,-0.1355547,0.6905727,1.99705,1.513379,1.340073,-0.3728218,0.1853793,-0.2502808,5
0.3258255,-0.6446292,0.7167885,0.5632945,-0.2717139,1.025059,-1.483228,4.037984,-1.165547,5
0.065251,0.3988508,0.3651361,0.5790358,-0.5793889,0.953571,-0.6920925,-0.9434191,-0.7053968,5
0.2186903,0.1152301,0.1678369,0.3520136,-0.7136264,0.7173939,-0.5836565,-0.1569475,-0.1588583,5
0.5640321,-0.06174078,0.4196144,0.7199679,-0.1841612,0.6809636,-1.518368,-1.050864,-0.6291298,5
1.674835,-0.2054317,0.1888702,1.703003,-0.2963515,0.4415381,-11.05761,-1.111731,-0.3047527,5
0.433578,0.5928484,1.097556,1.68078,-0.7799132,1.024519,-0.6283385,-0.02413393,-0.9394349,5
0.3130511,0.3679534,0.5683008,0.9647687,0.7396159,1.391797,-1.603932,-0.2941467,-1.142517,5
0.006564942,0.1089364,0.2125808,0.3295297,-0.8709211,1.222421,-0.7912126,-1.872174,-1.080372,5
0.1058539,0.3986249,0.6605012,0.592066,-0.6384284,1.410832,-1.175084,-1.396243,-1.116557,5
0.5290506,-0.2671784,0.5264609,1.500749,0.2664588,1.233126,-1.442413,0.5559342,-1.200303,5
0.1399212,0.3773675,0.6586888,0.5958253,-0.4116768,0.6622736,-0.4959986,-0.1401499,-0.6508888,5
0.4357174,0.2084925,0.1801077,1.783635,-0.2418742,1.079315,-1.163107,-1.819588,-0.9385519,5
0.7872652,-0.8207029,0.8106724,1.796955,-0.7898645,1.07779,-0.7543861,-1.512439,-0.7757128,5
0.02875554,-0.2208117,1.257983,0.8111114,-0.8787718,1.015919,-0.4294256,-0.8539058,-0.6020719,5
0.5057707,-0.7614603,0.7884041,1.684624,-0.497002,0.8982732,-0.7032061,-1.949298,-0.8485827,5
1.338121,0.3688903,0.9753376,1.99531,0.1592313,1.154083,-1.744461,0.4805346,-1.313592,5
0.7283802,0.3293293,0.4512492,1.34996,0.3059821,0.8579123,-1.562349,-0.6662566,-0.7860594,5
0.1568549,-0.1006243,0.2359373,1.108137,-0.4677733,1.082716,-0.8875237,-2.11964,-0.9913686,5
0.4400443,0.494108,0.5274012,1.909408,0.5304838,0.924171,-0.9388326,-0.4095713,-0.7767615,5
0.9580305,-0.4134499,0.9124305,0.7089864,-1.132703,1.394119,-0.3297423,-0.4394069,-0.3436907,5
0.8227322,0.3725805,0.9641683,1.65526,-1.272207,1.114874,-0.2275377,0.3761928,-0.1437247,5
0.02100888,0.4785965,1.106719,1.522367,0.09961211,0.9388721,-0.9711967,7.124842,-1.214409,5
0.2551835,-0.2876359,0.9229036,1.480009,-1.221698,1.393348,-0.5242972,-0.8607555,-0.6507323,5
0.3614902,1.507288,1.388361,1.339667,0.6223061,1.043208,-0.7462731,-2.007196,-2.08468,5
0.3239504,-0.3093276,0.5269927,1.618067,0.4909414,1.325627,-1.276003,0.1672515,-1.215123,5
0.570427,0.7360501,1.012777,1.422177,0.1263816,1.133437,-1.261771,0.8958896,-1.463645,5
0.3538205,0.124902,0.4442593,1.379536,-0.4574851,1.136487,-1.02505,-1.356223,-0.9151577,5
0.5728329,0.6681059,0.8136748,1.783144,-0.9082904,1.182995,-1.014841,-0.1556083,-0.7989696,5
0.3064553,-0.3303131,1.190643,1.264429,0.3701968,1.306063,-1.220244,-0.09106266,-1.342201,5
0.7083486,0.9815516,1.135265,1.93244,1.316275,1.398575,-0.7262503,-0.3269497,-0.6442484,5
0.004546348,-1.308132,1.369963,0.7518753,-1.2147,1.091479,-0.1358311,-0.2720781,-0.19845,5
0.2945985,-0.4093913,0.9408934,0.9566642,-0.7691166,1.111926,-0.6055561,-0.7946997,-0.6900176,5
0.3561407,-0.0143993,0.04375414,1.773771,1.300281,1.114212,-0.303452,0.244305,-0.159042,5
0.2046127,0.5994834,1.071691,1.176802,-1.196428,1.332517,-0.6234346,-0.2850908,-0.6493811,5
1.306891,-0.3249869,0.7962421,1.945508,-0.9201868,1.116253,-0.5756251,-0.4149368,-0.4901942,5
0.6410745,-0.005090095,1.304337,1.789595,-1.362952,1.39372,-0.3804566,-0.0362417,-0.4384563,5
1.257308,-0.5645692,0.6683391,1.891309,-0.7873837,0.8660089,-0.3525334,-0.399739,-0.3286713,5
1.305885,-0.3918931,0.7677884,1.541223,-0.3396097,1.17541,-3.343797,-53.75164,-1.197654,5
1.309799,0.6292554,1.020623,1.202635,-0.3074314,1.375022,8.747478,0.009997027,-1.33241,5
0.8643577,-0.6034104,0.7417232,1.534066,-0.5786728,1.336143,-1.643736,-3.622716,-1.170483,5
1.373322,0.3480643,0.3032808,0.1623352,-0.1597481,1.171903,0.2805314,0.351471,0.1353687,5
0.4676946,0.6535225,1.183535,1.387145,-1.048973,1.256994,-0.7754912,0.03967398,-0.917968,5
0.8886892,-0.2284823,0.2470044,1.836682,0.7678162,1.180608,-1.488696,-0.08547397,-0.8769624,5
0.0008222017,1.334318,1.379085,1.940674,0.6455363,0.8585138,-0.9191228,1.147817,-1.013773,5
0.1010047,1.265689,1.09054,1.464792,0.5196121,0.5240095,-0.1716361,-0.07739955,-0.7322868,5
0.2967697,0.6436108,1.197025,1.655315,-0.2084773,1.302873,-1.248943,-1.017703,-1.486532,5
1.229563,-0.1362934,0.2511831,0.7847019,0.6632182,1.376044,1.394871,0.0266621,-1.105685,5
0.237541,0.2916323,0.2794027,1.67041,0.6174881,0.970994,-0.8564697,-0.144317,-0.7339864,5
0.1658406,0.723728,0.8625941,0.8893648,1.272207,1.088193,-0.2042509,0.1511269,-0.1403972,5
0.07010778,0.6558137,0.7111028,1.50955,-0.507803,0.9354074,-0.6897456,-1.235073,-0.8560018,5
0.1837832,1.296796,1.399353,1.636083,1.287406,1.306267,-0.4734921,-0.1652889,-0.6663483,5
0.05087515,-0.03460082,0.6100012,1.275187,-0.9355419,0.909432,-0.2039456,-0.3823668,-0.2826081,5
0.05122598,-0.7365445,0.778787,0.5568922,0.9002894,1.071308,-0.7119251,0.105213,-0.6995274,5
0.2526365,0.6813346,1.254444,1.944656,0.05677117,0.9118189,-0.7322318,1.213026,-1.339762,5
1.292772,0.1635367,1.335468,1.664873,-1.017081,1.383494,-0.2600616,0.01917707,-0.4558155,5
0.4919393,-0.2284945,0.3387392,1.098447,-0.02110276,1.350919,-1.836783,7.504215,-1.274143,5
1.85365,0.3761403,0.386883,1.42728,0.9942439,1.096494,2.228935,-0.5956979,-0.4502616,5
0.390885,-0.2396973,0.4398117,0.6966775,-0.4742239,0.9578209,-1.085216,-1.358526,-0.7361992,5
0.5967103,-0.5884652,1.004111,1.116564,-1.236245,1.292146,-0.2619217,-0.2581717,-0.3369151,5
0.09688072,0.5303559,0.7458748,0.2903141,-0.8865073,1.066718,-0.8103401,-0.1202234,-0.6316661,5
1.23255,0.5598947,0.7866811,0.9687895,-0.6975539,1.35238,3.394145,-0.07934548,-0.5894623,5
0.2270297,-0.3065479,0.3762281,1.633311,-0.504856,1.281259,-1.103899,-3.041867,-1.250914,5
1.2139,0.3504014,0.9646235,1.565506,-0.3147659,1.008171,-1.128431,-0.146864,-1.173018,5
1.168065,0.2268693,0.7484649,1.774234,0.4027691,1.262137,-2.471106,-0.3125589,-1.188236,5
1.552201,0.573897,0.883918,1.247623,-0.2704004,1.360152,3.930591,-0.002300886,-1.135969,5
1.172071,-0.5881382,0.5081569,1.953382,0.3328809,1.044129,-2.0471,0.1560046,-1.136389,5
0.4418429,1.08244,1.226567,1.950373,0.3125488,0.9756936,-0.6862488,-3.503233,-1.678143,5
0.3431334,0.08852246,1.026787,0.9879515,0.1711655,1.234469,-1.285833,0.455699,-1.329828,5
0.3376589,-0.1615414,0.7071813,1.98979,-0.4264621,1.188012,-0.9854943,-2.224211,-1.093314,5
1.92968,0.08915252,0.1197859,1.203199,1.071161,1.392357,1.494447,-0.03845823,-0.7738712,5
1.49229,-0.04796177,0.5474929,1.116727,-1.55003,1.399609,-0.4552899,0.01369207,0.07627212,5
1.484886,0.1099829,0.3745979,1.246289,-1.184106,1.36297,1.884505,-0.5342432,-0.3468975,5
1.539231,-0.45437,0.5887266,1.105645,-0.7584797,0.8256503,-0.2312332,-0.1904386,-0.1314336,5
0.1576437,-0.0699062,0.3394868,1.574526,-0.2301679,1.304927,-1.233462,-5.758715,-1.402225,5
0.9528436,0.6499007,0.8754934,1.299442,-0.3143213,0.9950335,-1.86734,0.1197787,-1.350052,5
0.6726372,0.6579254,0.9032052,0.7878874,0.2904857,1.29101,-5.962187,1.206789,-1.409254,5
0.005852324,-0.6479904,0.9330081,1.653026,-0.8831866,0.9791079,-0.4604762,-1.02594,-0.6692695,5
0.07179172,0.1725399,0.765527,0.8382794,-0.6931493,1.148501,-0.7659733,-1.442511,-0.934645,5
1.349148,0.4650556,1.224452,1.749431,-0.2689305,1.220587,-1.093271,-0.1712262,-1.769163,5
1.164807,0.1349717,0.5403566,1.952959,-1.391108,1.289083,-0.4820086,-0.06608409,-0.1731899,5
0.1453235,-0.2297666,0.7112938,1.476312,-0.6947517,1.37429,-1.036596,-2.483135,-1.269214,5
0.01402836,1.187859,1.291298,1.502844,0.9859799,1.065234,-0.5855172,0.06575959,-0.5942686,5
1.858937,-0.1466618,0.4147441,0.9587156,-1.145934,1.364743,-0.009555611,-0.8619121,-0.332089,5
0.146449,0.8477803,1.323684,0.2887986,-0.777579,1.304858,-0.9467065,0.1547587,-1.611252,5
1.433412,-0.1870521,0.1840529,1.605424,0.06723078,0.5694072,-3.92143,0.3175794,-0.5791468,5
0.9227402,-0.276822,0.5896676,1.688753,-0.86293,1.295524,-1.106305,-1.149668,-0.7950997,5
0.1302586,-0.2727271,1.011476,0.3492166,-0.3647102,1.367709,-1.347867,-2.473646,-1.324167,5
0.3504493,0.4609249,0.427202,0.2792789,-0.07192507,0.6816434,2.487513,0.3419827,-0.7741529,5
0.1975176,0.6923098,1.044035,0.5452245,0.3643438,1.235744,-1.327023,-2.081908,-1.392028,5
0.223606,0.2455709,0.5469766,1.246688,0.8934123,1.036251,-0.6803718,-0.1129672,-0.5728275,5
1.117317,-1.081791,0.9928172,1.299818,-1.045483,1.377137,-3.271695,-7.44916,-1.20711,5
0.0756651,0.8798409,1.26807,1.027401,0.247521,0.4956749,-0.2174868,-0.06760088,-1.391922,5
1.73312,0.2566113,0.2727105,1.507104,-1.076812,1.168015,3.84932,-0.2612969,-0.1741219,5
0.7031261,-0.05237418,0.4102653,1.518701,0.5489513,1.25561,-1.668402,-0.003752778,-1.093002,5
0.4990552,-0.1222493,1.056427,1.867791,-0.1607303,1.042087,-0.9308335,-1.81176,-1.127046,5
0.3428801,0.6153011,0.7901682,1.217562,0.6126081,0.7197255,-0.337339,-0.188903,-0.4750952,5
1.069932,0.2667376,0.3804786,0.717564,0.7224931,1.130764,2.082256,-0.7943383,-0.7386901,5
0.4108918,-0.1709724,0.8016964,1.313307,-0.5841292,1.365519,-1.168793,-1.689364,-1.121512,5
0.5984006,0.229336,0.9869325,1.824803,-0.5956129,0.9450318,-0.6132445,-0.2366999,-0.837518,5
0.1313701,1.072979,1.164696,1.078813,0.9727648,0.8882192,-0.1873031,0.04216886,-0.3280883,5
0.2251663,0.3635937,0.9763655,0.6403593,0.899799,1.412214,-1.29393,-0.4424453,-1.096575,5
1.391435,-0.4242846,0.735056,1.900568,-0.4968439,1.301794,-2.356008,-3.718223,-1.179567,5
0.0386079,-0.2745853,1.213782,1.395125,1.242165,1.182738,-0.4841517,0.2018142,-0.4216157,5
0.2286902,0.3441914,1.169771,1.701957,-0.4723331,1.120707,-0.8675142,-0.9046409,-1.081469,5
0.06651932,0.1587456,1.384562,0.4555066,0.6522456,1.314573,-1.049957,-0.3918056,-1.235202,5
0.3132529,-0.4321468,0.3668622,1.681616,0.737421,0.8822634,-0.6287887,0.005718112,-0.5404069,5
0.07339335,1.370759,1.219646,0.5216632,-0.5566161,0.8576459,-0.5085847,0.4598514,-1.913838,5
0.3627269,0.005685908,0.5207022,1.968973,0.3528317,0.9448727,-0.9032989,0.03607346,-0.8798091,5
0.2964641,-0.8137899,0.8212817,1.783999,-0.3964787,1.061129,-0.9488872,-3.584102,-1.155,5
0.9407983,0.3594598,0.5548744,1.615301,0.3906941,0.9960437,-1.879902,-0.7333142,-0.902624,5
1.71618,-0.2545822,0.5349681,1.632019,-0.5637342,1.206789,8.968723,-2.222658,-0.9290007,5
1.129976,0.4165422,0.576096,1.437861,0.3454669,1.289726,-5.389101,-4.530643,-1.14626,5
1.694664,0.7016855,0.6783606,1.980854,0.6182517,1.032168,-4.045039,-26.89765,-0.9613461,5
0.1328182,-0.354312,1.246809,1.27468,0.2508974,1.138613,-0.9975286,0.3206027,-1.151435,5
0.2354567,-1.487313,1.402437,1.650354,-0.6713176,1.273524,-0.9915053,-3.131341,-1.383442,5
0.2931445,0.5791112,0.5210397,1.215721,0.01015243,1.262584,-1.568779,-2.137486,-1.236325,5
1.64453,0.09827868,0.5949342,1.199062,-0.8600634,1.241039,0.8282148,-0.5267449,-0.4310159,5
0.2678317,-0.2162323,0.1971506,0.1997437,-0.6513554,1.051449,1.321409,-1.784595,-0.6268745,5
0.08515302,-0.7040348,0.6768749,0.1240204,-0.7770585,0.9667473,-0.9151326,-1.377656,-0.6174871,5
0.7358424,0.3414799,0.878096,1.996823,0.6361933,0.967728,-0.6671749,-0.343437,-0.7495085,5
0.243412,0.08765931,1.058174,1.676293,-0.07212979,0.9863245,-0.8804787,-2.486457,-1.078063,5
0.06140716,0.02888954,1.045834,0.5195657,0.2073733,1.189305,-1.090247,0.7962891,-1.216817,5
0.06409693,0.1623319,0.284953,0.2588569,-0.05269926,0.1804355,-0.04779617,0.01367943,-0.5214732,5
0.6023866,-1.012474,0.9654886,1.644189,-0.3678782,1.382791,-1.542177,345.2616,-1.534855,5
1.818,0.1161465,0.5911945,1.581848,-0.05037931,0.8898127,2.622609,-0.5079939,-0.8420129,5
0.5519055,0.0487601,0.834884,0.856086,-1.222018,1.045959,0.1783444,0.3309856,0.08943979,5
0.2870859,-0.125413,0.3779646,0.6365957,-0.8649505,1.046425,-0.5656477,-0.6067181,-0.4598773,5
0.7923638,0.5594536,1.132916,1.077373,-0.09728011,1.04215,-0.6932013,-0.1107592,-3.323575,5
1.335089,-0.1276824,0.5452825,1.044544,-1.577411,1.392137,-0.7184148,0.06469752,0.07325356,5
0.1702703,0.4937388,0.4268332,1.883602,-0.5778264,0.5925618,-0.2424111,-0.1049801,-0.2518778,5
1.875278,-0.4236456,0.661065,0.9009736,-1.12095,1.045738,-0.4840494,1.190527,1.0323,5
1.122572,-0.2087824,0.4255927,1.828541,-0.4704435,1.252319,-1.865371,-2.329779,-1.025029,5
0.4199106,0.0248458,0.4674072,0.8518645,0.3964939,0.7343452,-0.8377868,-0.1889266,-0.615754,5
1.349664,-0.04979706,0.1819955,1.053048,0.4025614,1.357501,3.21686,0.5419347,-1.151926,5
0.919678,-0.5508482,0.5100432,1.579625,0.4245391,1.376375,-2.544479,0.2474499,-1.366864,5
0.3805053,-0.1085968,0.6758448,1.26824,-0.8046031,0.9895285,-0.455218,-0.4951623,-0.481141,5
1.129107,-0.5042885,0.517028,0.5087642,-0.4434032,1.29633,0.4166877,1.160457,-1.415858,5
0.3481312,-0.05779301,0.1153491,0.274729,-0.4887592,1.387718,2.814999,-2.639702,-0.9941479,5
0.9456638,-0.05538623,0.1107991,1.212981,0.08682422,0.8504089,-2.820902,1.470899,-0.7708037,5
0.5219375,-0.01587093,1.039572,1.24654,-0.4455036,1.028153,-0.7811942,-0.5207926,-0.9952025,5
0.4899544,0.967385,1.348079,1.142565,0.3058077,1.380839,-1.352038,2.899925,-1.911815,5
0.04198673,0.4389669,1.364307,1.39595,-0.3488051,0.5217417,-0.2820378,-0.2786354,-0.5892836,5
0.1151884,0.8540366,0.8161916,1.469616,0.02132466,1.265198,-1.225623,-6.964216,-1.307142,5
1.685717,-0.1245266,0.3602247,1.363799,0.6005741,1.365278,3.385155,0.01405938,-1.148848,5
1.41306,0.5217798,1.065793,1.274392,-0.2821953,1.253354,3.332886,-0.06252294,-1.424582,5
0.5026978,-0.3810846,0.4505017,1.168865,0.9851746,1.103266,-0.8774898,-0.04822714,-0.5814232,5
1.16728,0.138883,0.4714215,1.092313,-1.020938,1.013136,2.089113,-0.04876681,-0.06867879,5
0.108327,-0.4139372,1.399265,0.6805049,-0.8505893,0.8750879,-0.1652465,-0.04312306,-0.1451493,5
0.8280998,-0.254165,0.5659521,1.692802,-1.081719,1.394428,-0.873987,-0.9373599,-0.6885574,5
1.368428,-0.1008639,0.4342048,1.325123,0.04292504,0.9911294,17.19969,1.33178,-0.956276,5
0.6666886,-0.1120724,0.687245,1.408514,0.6190014,1.388243,-1.751874,-0.1442968,-1.239401,5
0.02606337,-0.5123702,0.7833706,1.686613,0.3311042,0.8682724,-0.9540541,1.768035,-1.140518,5
1.747208,0.1809742,0.7227695,1.935741,-0.6844015,1.248598,-5.485902,-0.5970482,-0.7861311,5
0.03673482,-0.1448876,0.9449726,1.411078,-0.3317712,0.8579995,-0.7517198,-2.449708,-1.004544,5
1.211192,0.1569833,0.4838215,1.521429,-1.47942,1.354306,-0.9191852,-0.04385526,-0.10202,5
0.2554851,-0.2456422,0.317641,1.851717,0.1393445,1.332726,-1.362007,4.853939,-1.426754,5
1.049112,-0.4161159,0.6780935,1.283194,-0.8643019,0.7325156,1.008714,0.4647517,0.436275,5
1.117339,-0.8246762,0.9396774,1.218234,-1.478561,1.404051,0.2673491,-0.118321,-0.1866698,5
0.02703921,0.3138773,1.03469,1.979576,0.3682228,0.5478913,-0.3868535,-0.07213515,-0.4478019,5
0.2442861,-0.2183638,1.004437,1.853689,-0.3515361,0.5710675,-0.2986101,-0.2363891,-0.4096379,5
0.4396199,0.004527446,0.4539784,1.667746,0.8045357,1.026083,-0.7848603,-0.1184062,-0.6443591,5
0.03180215,-0.439602,1.122268,0.2378975,-0.7536712,0.9602906,-0.4232066,-0.7014239,-0.5596716,5
0.4635804,0.07804018,1.35892,1.856172,-0.3212613,1.352066,-1.183587,-1.350781,-1.450171,5
0.04390247,-0.07544209,0.2727846,1.555768,0.3216439,0.2880872,-0.09704823,0.06996581,-0.07572499,5
1.922387,-0.7461411,1.063734,1.769052,-1.211111,1.389501,-0.2846572,-0.3841239,-0.4191982,5
0.7837522,0.3252592,0.589202,1.91528,0.2178182,0.781351,-0.9439522,-0.709653,-0.8220977,5
0.2909341,-0.0454483,0.1875995,1.602088,-0.2058008,0.9978412,-0.9463592,-3.087238,-0.9587895,5
0.1190655,1.324163,1.348495,1.873664,-0.8218969,1.327756,-0.902678,-0.8025823,-1.187967,5
1.040145,-0.4258665,0.8729577,1.387303,-0.8311907,1.413386,-1.909014,-1.511661,-1.024857,5
0.4394416,1.058655,1.065321,0.4746342,0.7322097,1.400214,-8.866254,3.42798,-1.810986,5
0.02830295,-0.04753475,0.05406085,1.163211,-0.3818709,1.20203,-1.156622,-4.572711,-1.506901,5
0.3514006,0.5450405,0.6738811,1.85212,-0.6525557,0.7049457,-0.3915338,0.05198388,-0.4798396,5
0.7221648,-0.689377,0.6028498,1.978231,-0.904967,1.180563,-0.7933237,-1.412523,-0.7468318,5
0.02471918,-0.5917138,0.5114514,0.3881461,-0.9265246,0.783406,0.0002234613,-0.0002879366,-0.0004497723,5
1.573952,0.2676399,0.6247178,0.7906044,-0.6694269,1.300124,0.627411,-0.3943432,-0.2760415,5
0.3287704,-0.9737367,0.8310869,1.608814,-0.6383653,0.7865652,-0.4220846,-1.021093,-0.6097565,5
0.5441022,0.701885,1.037148,1.298443,-0.4508889,0.9941053,-0.7791651,0.07394262,-1.428965,5
0.0535129,-0.1140612,1.078467,1.701217,0.9551982,1.238034,-0.8811128,0.2101418,-0.917742,5
0.1631667,-0.05442679,0.4345175,1.013309,1.457902,1.233529,-0.279696,0.2729621,-0.1464909,5
1.345932,0.003085289,0.5638707,0.5090243,-0.4885183,1.403575,0.1815892,-1.569278,-0.7092981,5
1.063167,-0.1675062,0.2345722,1.457359,0.2181471,0.4982245,-1.146409,-0.0359112,-0.4760131,5
0.05356607,0.6969585,0.9376883,1.771118,0.3758723,1.181664,-1.103609,0.9928974,-1.257341,5
0.4922059,0.00470482,0.2124466,1.740344,0.2150022,0.8303405,-0.9258462,0.4134396,-0.7718722,5
0.06104841,0.9707331,1.213408,0.966899,-0.5034528,0.7433563,-0.4585593,-0.1038233,-0.9565696,5
1.555506,-0.0793029,0.3535594,1.162831,0.338227,1.199072,2.097762,0.2970378,-1.064755,5
0.1682746,0.5820775,1.35428,1.640632,-0.4054388,0.5115455,-0.04728543,0.2374973,-2.122096,5
0.6183153,1.097985,0.9591082,1.284646,0.4190193,1.026902,-1.278918,5.035798,-1.709843,5
0.510175,0.5706458,1.064827,0.9542724,-0.6509178,1.294912,-1.458697,-0.2155704,-1.208014,5
0.2842558,1.136546,1.362227,0.902368,-0.4735137,1.247311,-0.987588,0.2397962,-2.075994,5
0.5669589,-0.2400944,1.276006,1.486846,-1.020544,0.9864335,-0.009658962,0.2987593,0.04633779,5
0.8450817,-0.4436907,0.4759175,1.357391,0.6393629,1.30319,-2.385827,-0.04444559,-1.169147,5
0.1328363,0.6238777,0.6635841,1.663432,0.9976489,0.858933,-0.2111422,0.1115323,-0.154621,5
0.1875598,0.2873144,1.035234,1.011089,-0.9153405,1.307443,-0.7807615,-0.7135093,-0.8506735,5
1.466922,-0.2392137,0.4612029,1.555261,-0.5293,1.312324,-11.22557,-2.80981,-1.043039,5
0.6841021,0.1027215,0.786417,0.6055849,-0.5384931,1.108707,1.975454,-0.4127919,-0.6494848,5
0.05036769,-0.5728371,0.6522843,0.6688184,-0.1628718,1.007466,-1.002548,-7.787936,-1.236108,5
1.633201,-0.4000577,0.5264221,1.956659,-0.5195063,1.329987,-4.255479,-4.696089,-1.134124,5
0.00840487,0.6228271,0.9271756,0.24407,-0.3789701,1.282498,-1.149344,-3.597163,-1.436145,5
0.9742622,0.01916833,0.6107379,1.251381,-0.02031811,1.021212,-2.674873,-5.172679,-1.009583,5
0.3922152,0.2387728,0.7244842,1.936455,-0.3300211,1.384992,-1.317467,-2.120204,-1.273412,5
1.36761,-0.2641328,0.2336301,0.4075001,-1.054365,1.147451,0.01646957,-3.541664,-0.1807207,5
1.824422,-0.02469896,0.2301675,0.7691494,0.2874182,1.037898,0.4087972,0.4222313,-0.8474537,5
0.0682872,-0.08856676,0.1711392,1.447469,-0.01526254,0.1517248,-0.1477108,-1.720686,-0.1883603,5
0.3387442,0.7851092,0.9104278,0.3680318,0.2754522,1.320553,-11.58876,1.11985,-1.53402,5
0.183849,0.04490173,1.135062,1.618877,0.6427785,1.302952,-1.091278,-0.2195297,-1.175242,5
0.6578244,0.7636958,0.9832401,1.506484,-0.2622389,1.263453,-1.669555,-0.08620631,-1.449411,5
0.3007548,-0.3878936,1.094685,0.9125,-0.9688386,1.014852,-0.1980772,-0.07521816,-0.2362472,5
0.3353216,-0.05095644,1.165051,0.9079619,-0.3103307,1.004723,-0.7213423,-0.5040229,-1.118557,5
0.1709802,0.5800341,1.050379,1.770114,-0.4057076,1.176623,-0.9609704,-1.197053,-1.126499,5
0.108206,-0.03863316,0.8148849,1.143513,-0.06723367,0.9702975,-0.8774278,-6.64071,-1.021993,5
0.1267544,0.3073067,0.44471,1.23005,0.3989201,0.952025,-0.8784983,-0.02544979,-0.8623946,5
0.2200048,0.7710491,0.8014828,0.6406169,1.190808,1.283492,-0.9337681,-0.3374624,-0.6025613,5
1.652818,0.369598,0.5314419,1.401244,0.7519714,1.303954,6.312221,-1.149969,-0.9393079,5
0.8835714,-0.6616178,1.000049,0.827933,-1.245442,1.355413,-0.9196374,-0.1702879,-0.2821465,5
0.08913507,1.237599,1.1937,0.3715645,0.313592,0.9551476,-0.7346954,-18.91905,-1.894636,5
0.07186191,1.009113,1.015071,1.31678,0.2468849,1.406013,-1.312805,1.060953,-1.441483,5
0.05855571,-0.8586253,0.9626336,1.690263,-0.964514,0.8419831,-0.04404879,-0.08564977,-0.06271847,5
0.02412006,-0.2361096,0.6574723,1.056347,0.2829309,1.332435,-1.451888,5.092555,-1.756575,5
1.236977,0.5101682,0.6744366,1.973853,-0.3936559,1.370936,-3.007495,-0.668577,-1.156857,5
0.2367955,-0.07721847,0.3544392,1.163458,-0.2318912,0.3968381,-0.2509851,-0.3553253,-0.2955464,5
0.1461433,0.2748605,0.2758141,1.314343,-1.100221,1.042329,-0.2442431,-0.270317,-0.2276544,5
0.9321958,-0.3113367,0.4610324,1.917231,0.8329049,1.38052,-1.720932,-0.1288664,-1.09281,5
0.09546775,-0.4158485,1.089999,0.517518,0.2967575,1.110011,-1.009499,0.01595689,-1.138407,5
0.8303832,0.4563394,1.036512,0.9064556,-0.4034134,1.087319,-2.142001,-0.0712538,-1.263836,5
1.327564,-0.2824398,0.3634678,1.224163,-0.3522796,1.163145,7.566512,-14.15771,-1.008302,5
0.008961604,-0.03314965,0.1745541,1.197059,0.4734955,1.1209,-1.279783,2.415592,-1.520638,5
0.429184,-0.7622521,0.7927857,1.50354,0.1273381,1.146709,-1.257788,0.9032839,-1.263638,5
1.226236,0.3789343,0.7724601,1.358344,-0.4949176,1.157896,-6.330171,-0.2908883,-0.8618513,5
0.7112491,-0.1769527,0.4245242,0.7417173,1.239298,1.239852,-7.062003,0.01370088,-0.4345361,5
0.7048489,-0.1744974,0.3202758,1.301543,0.914716,0.8610072,-0.4564353,0.05983074,-0.2435844,5
0.1383565,0.2871439,1.02393,1.527406,-0.7031686,0.6318796,-0.08797138,0.09132913,-0.1980381,5
0.2067191,0.2440043,0.2325992,0.6586305,-0.1028708,1.2538,-1.584247,-3.146242,-1.139039,5
0.3321104,0.6198281,0.5973843,1.094483,-0.3967049,0.7555108,-0.8103915,0.02123015,-0.8082686,5
0.3604202,-0.02796948,0.5822647,1.032749,0.005112865,1.187503,-1.379664,24.75876,-1.164474,5
1.919539,0.3084652,0.5416709,1.026307,-0.7213156,1.295135,0.9313343,-0.3967598,-0.319712,5
0.585634,0.1127107,0.9532346,1.813917,0.1432141,1.361796,-1.497793,1.985751,-1.414284,5
1.211951,0.7353054,1.062969,0.9439015,-0.3654056,1.408684,2.437105,0.1577155,-1.382411,5
0.5943252,0.005598214,0.1981759,0.08616717,-0.1802401,1.125365,0.05841753,-3.11604,-0.5230238,5
1.880593,0.4752186,0.4595109,1.010496,-0.2145378,0.9959524,1.689942,0.2409714,-0.5463286,5
0.1057916,1.325945,1.201626,0.9795102,-1.315091,1.204183,-0.4327716,0.2881596,-0.5692404,5
0.1529862,0.3379116,0.3552043,0.403885,-0.6137502,0.9008755,-0.9519731,-0.4085002,-0.5453374,5
0.1705306,0.535481,0.6582052,1.614434,-0.2813762,0.7143099,-0.6089934,-0.4735212,-0.7371742,5
0.237395,0.0700514,0.1394694,0.670628,0.03816642,0.8285734,-1.057044,14.90166,-0.767485,5
0.1358116,0.3751746,0.6680604,1.334598,1.232481,1.08055,-0.3116017,0.1566074,-0.2048638,5
1.223746,-0.08497366,0.2974242,1.092685,0.2711776,0.7701772,3.599674,0.01083688,-0.7021047,5
0.2078649,1.096723,1.053279,0.6541685,0.2630842,1.036042,-0.9956915,4.391704,-1.675134,5
1.821755,-0.03279077,0.07927128,0.08940295,-0.159261,0.8221542,-0.0150876,0.9463862,-0.238471,5
1.223798,-0.4205213,0.491501,0.9570162,-0.6949437,1.409176,2.142088,-6.589975,-1.084857,5
0.01096768,-0.7139236,0.6164761,0.7972198,0.664305,1.245449,-1.352568,1.829695,-1.556554,5
0.3546905,0.8977689,0.8338025,1.830475,-1.198593,1.031099,-0.4198832,0.3718444,-0.3346644,5
0.08374444,0.5919014,1.339166,1.752913,-1.372086,1.16854,-0.0554803,0.07458425,-0.08138606,5
0.7405599,-0.06547702,1.281747,1.597883,-0.7653608,1.295642,-0.8292053,-0.4614379,-1.021528,5
0.2896127,-0.1905571,0.2630457,0.891333,-0.01913903,0.5386754,-0.5907075,2.169289,-0.5316353,5
0.01880557,-1.416232,1.22248,1.812171,1.122136,1.225597,-0.9992011,0.9916649,-1.010923,5
1.177657,-0.3892573,0.6774319,0.8205324,-1.028997,0.9796249,-0.6859527,0.3977649,0.3364584,5
1.111424,0.05501054,0.2098423,1.916003,1.571354,1.407546,-0.8747337,0.2402325,-0.2774072,5
0.03690949,0.0519746,0.04564667,1.531366,1.2212,1.332626,-0.8960619,0.5666945,-0.867774,5
0.1168297,0.7851045,0.9494081,1.049574,-0.1850212,0.9329055,-0.8689608,-0.5143641,-1.1392,5
0.1811007,-0.61636,0.8768719,0.9854742,-1.1927,1.268548,-0.3860346,-0.705004,-0.5035846,5
0.8547308,0.01955249,0.290336,0.9466016,-0.3529112,1.394311,-9.175879,-2.559119,-1.113773,5
0.7518713,1.085182,1.315462,1.476202,0.7306303,1.297822,-1.124932,-2.441885,-1.587485,5
0.3513268,0.6746738,0.786043,1.659432,1.18469,1.410547,-1.052852,-0.3018559,-0.8219411,5
0.7387519,-0.3623494,1.317433,1.356614,-0.8151492,1.202271,-0.4621141,-0.1817407,-0.6495133,5
0.2254631,0.1330072,0.1196593,0.5545466,0.8781089,1.219485,-1.409628,-0.1046585,-0.8003157,5
0.8319036,0.1395429,0.7018881,1.962113,0.7488691,1.240269,-1.332967,-0.2940954,-0.9721871,5
0.8342303,-0.0106713,0.321273,1.326876,-0.09913445,1.270243,-2.459264,-6.433776,-1.144488,5
0.4091522,-0.1045145,0.659299,0.1622901,-0.5655923,1.413283,0.02930456,-2.242451,-0.7033529,5
0.340974,-0.04874876,1.123415,0.5442198,-0.9870956,0.9832155,0.3723186,0.3789374,0.3451109,5
0.6039584,-0.06217086,0.338548,0.4304731,-0.080897,1.050411,1.400897,58.66682,-0.9119003,5
0.08329765,-0.483009,0.9317454,0.3966615,-0.4399541,1.22971,-1.015385,-2.537805,-1.153187,5
0.6974408,-0.6899266,0.8056024,1.850778,-0.5867705,1.075827,-0.8730789,-1.961753,-0.9168491,5
0.3443332,-0.009382297,0.1530571,0.7790074,0.1082088,0.8277667,-1.160037,1.405269,-0.76906,5
0.2231268,0.0504943,0.3763246,1.091275,0.5528812,0.9161052,-0.8102787,-0.112742,-0.7197464,5
0.6034631,-0.9903468,1.056148,1.252457,-1.433237,1.28627,0.00345966,-0.04345248,-0.06657437,5
0.5424147,0.2375251,0.2861565,1.145097,-1.150707,1.124057,-0.671967,-0.186991,-0.2355696,5
0.1351316,1.187561,1.072001,0.3546406,-0.1390098,0.9738508,-0.8699253,0.6543817,-2.547882,5
0.6592232,0.4443333,0.750012,1.808407,1.215252,1.200782,-0.6404147,-0.0500535,-0.3929666,5
0.7138867,-0.009415867,1.018427,0.6070067,-0.689728,1.230652,-0.06256579,-0.2607455,-0.216611,5
0.8066521,-0.05645893,0.6839905,0.7670671,-0.4040061,1.032457,5.931962,-0.8456327,-0.8158986,5
0.6362417,0.03546308,1.056557,1.169151,-0.104027,1.342524,-1.670271,-2.228703,-1.427706,5
0.2426216,1.016808,0.8787364,1.358933,0.2273805,1.306403,-1.472454,-3.57322,-1.448365,5
0.0112448,0.6876745,0.6966608,0.4087007,-1.348375,1.308919,-0.3244177,-0.5217496,-0.4136064,5
1.07537,0.2375918,0.3438466,0.1493284,0.07065167,1.208279,0.1985553,0.2100832,-0.5958802,5
1.479919,0.199733,0.6480572,1.777514,0.1739789,1.052892,-3.977911,2.722511,-1.028378,5
0.2044798,-0.1993107,0.6287645,1.877793,-0.1795356,1.22856,-1.155101,-6.492774,-1.32521,5
0.5433458,0.1571508,0.5189446,1.95151,-0.6393741,1.080031,-0.8449837,-0.8493886,-0.7432085,5
0.01064736,-0.5244921,0.6600249,1.882059,0.2244115,0.5497942,-0.6549554,1.36821,-0.7933649,5
0.02213243,-0.2590149,1.250101,0.4421095,-0.3942778,0.838096,-0.6177719,-1.475708,-0.8341166,5
1.19159,0.006488308,0.3481284,1.460892,-0.0305226,0.7879499,-2.755545,-4.568417,-0.7344373,5
1.656339,-0.3863582,0.8639547,1.777531,-1.42045,1.309075,2.413311,0.1841973,0.0185897,5
0.4825158,0.6560009,0.7954591,1.010914,-0.3396676,1.205689,-1.843101,-0.2432034,-1.201437,5
1.212909,-0.6552122,1.33511,1.959326,-1.029805,1.365819,-0.5493475,-0.3559204,-0.6479013,5
0.1940936,-0.3542863,0.388416,1.924103,0.8746073,1.039117,-0.7024225,0.1224969,-0.6612682,5
0.6991261,0.1370278,0.3928745,1.950274,-0.4558838,0.3993417,-0.07501628,0.1285228,-0.08550462,5
0.886722,-0.1309458,0.6814508,1.675652,-1.189542,1.177097,-0.2806166,-0.1718331,-0.2628159,5
0.5733984,0.4487133,0.4721089,1.221842,-0.07273231,1.187438,-2.094325,-0.9743139,-1.092869,5
0.116296,-0.520336,1.141582,0.5806703,-1.010678,1.203794,-0.4625009,-0.7234846,-0.5938555,5
0.2380708,-0.3406179,0.9485797,1.839292,-0.4616223,1.353564,-1.131347,-3.129676,-1.340188,5
0.1308885,-0.2245701,0.3567973,1.65881,-1.09672,1.40559,-0.7353776,-1.525508,-0.9417646,5
0.06069544,-0.5233432,0.7336936,1.302769,0.6132816,1.03323,-0.9301416,0.5597629,-1.019792,5
0.3788236,0.141449,0.1871573,0.5061269,0.2157705,0.6128547,-2.170603,-0.01599545,-0.5143412,5
0.08767984,-0.1074903,0.1187785,1.851763,-0.4344201,1.262187,-1.153649,-4.007912,-1.450516,5
0.9093856,-0.3387638,0.3844582,0.9444124,-0.3393779,1.202233,-19.38202,-52.65041,-1.076433,5
0.4554861,-0.01910934,0.1966129,1.93056,-0.8547817,1.009657,-0.460567,-0.6802244,-0.4701742,5
0.02821645,-0.6180939,0.9539493,1.828542,-0.004537494,1.024876,-1.154171,241.338,-1.488908,5
0.4304685,0.2691639,1.046126,1.791584,-0.4243835,1.295913,-1.182191,-1.186479,-1.265878,5
1.533827,-0.0862665,0.3854625,1.77479,-0.3292539,1.378011,-6.133347,-3.411145,-1.160329,5
0.2147194,0.2857027,1.056584,1.309099,0.03228094,1.356319,-1.320133,-24.62731,-1.42275,5
0.728363,-0.2734955,1.000558,1.816375,0.1276636,1.289546,-1.423375,0.6336407,-1.380838,5
0.4749606,-0.6880909,1.124539,1.972063,-0.939342,1.233396,-0.5878786,-1.000027,-0.7354702,5
0.3347448,0.649792,0.7363004,1.33586,0.8482304,1.275071,-1.21976,-0.4990544,-0.971411,5
0.4714959,0.1521276,0.4316633,0.3061369,0.09952755,0.9717492,1.247551,-0.6980695,-0.8229863,5
1.808451,-0.8673624,0.9921411,1.145645,-1.582332,1.349484,-0.7665514,3.059325,1.351047,5
0.6223272,0.269761,0.3783711,1.60667,-0.116226,0.3901062,-0.37704,0.0080143,-0.5347484,5
0.116253,0.08085606,0.7787321,0.2594167,-0.4208181,1.163883,-1.265911,-1.064546,-1.048643,5
0.4636383,0.2525212,0.5067056,1.758469,1.103029,0.9912212,-0.3627066,0.1112322,-0.2006451,5
0.5078607,-0.8442457,1.013982,1.717623,-0.6788452,1.222123,-0.9070739,-2.092988,-1.055216,5
0.7214903,-0.3186396,0.762455,1.327913,-0.1253374,1.129495,-1.493436,6.572067,-1.18473,5
1.164804,1.117845,1.090403,1.74008,-0.3625371,1.367753,-3.158,0.5083318,-1.883068,5
0.6873285,0.1372751,0.4087424,1.715486,0.00144824,0.8352349,-1.10305,-2.968689,-0.8129723,5
0.4661324,0.5476515,0.8887718,1.222426,0.8902435,1.393629,-1.461682,-0.5681324,-1.077916,5
0.9163414,-0.2096408,1.29831,1.706256,-1.197252,1.107018,0.2957268,0.4880073,0.384638,5
1.648456,-0.191755,0.4615705,1.907746,-0.9322035,1.355455,-3.285554,-1.182972,-0.755449,5
0.9468629,0.3719933,0.5437768,0.9157351,-0.1971853,1.219326,30.63165,-0.5266459,-0.9677059,5
0.4156089,-0.0004681806,0.05454798,1.484327,-1.153419,1.338354,-0.6223849,-0.8477291,-0.584252,5
0.9036995,-0.1904377,0.700632,0.6578366,-1.015076,1.084119,-0.5379847,0.002160013,0.06855035,5
0.5436625,-0.1822483,0.4099515,0.546637,-0.6993716,0.6630914,12.74634,0.03773311,-0.02884537,5
0.09189156,0.8578249,0.7886499,1.093773,-0.3164085,0.8908545,-0.7865272,-0.5628705,-0.9502837,5
0.7837538,0.2583254,0.4004592,0.652727,0.7759517,0.9631333,2.843438,-0.4204636,-0.5043236,5
0.1817923,0.1796595,0.7858592,0.9162978,-0.3246603,0.7426281,-0.5789693,-0.4693834,-0.7459022,5
0.4309812,0.420309,1.381001,1.652752,0.7758396,1.386278,-0.9940071,-0.5354583,-1.249608,5
0.2109551,-0.8234251,0.954488,1.37049,-0.2898414,1.276987,-1.207411,-7.283887,-1.432972,5
0.7830237,-0.4814614,0.8425868,1.904402,-0.2690613,1.173723,-1.240631,-6.735165,-1.182508,5
0.7958152,0.0712942,0.1858851,1.505767,0.2479688,0.9169579,-1.560153,0.4856913,-0.8194623,5
0.9936529,-0.7229325,0.7078033,0.8516774,-0.5017282,1.279897,3.935227,2.258532,-1.528212,5
0.03758943,0.9604626,0.8751343,0.9891186,-0.8317083,1.31519,-0.8963411,-1.63673,-1.12299,5
0.08154994,1.244991,1.263467,1.444862,0.8343059,0.8065531,-0.209021,-0.04282711,-0.4822044,5
0.06156349,-0.3071842,0.8356785,0.8150449,-1.487566,1.264067,0.005026979,0.00620168,-0.008535824,5
0.8957656,0.5672189,0.624819,1.661625,-0.2667057,0.9251672,-1.637678,-0.02146217,-0.9417573,5
0.5990394,0.3468997,0.3343432,0.9894373,0.5936922,0.9317431,-2.075757,-0.4694372,-0.6551293,5
0.3071077,0.1594947,1.066422,1.733589,-0.1540416,1.170655,-1.077022,-2.013515,-1.237213,5
0.1842671,1.354784,1.265676,1.740689,-1.404376,1.195036,-0.3164853,0.4323278,-0.4563056,5
0.7133271,-0.267661,0.2660356,0.5241712,0.2078975,1.327904,2.590439,0.689453,-1.243893,5
1.316144,-0.1498816,0.2343609,1.985012,1.228734,1.155836,-0.932361,0.1130793,-0.327848,5
1.74404,-0.004818981,0.513481,1.814814,0.7216958,1.181516,-15.57067,-0.2267075,-0.880141,5
0.9690232,0.01622249,1.399821,1.43138,-1.076944,1.377916,-0.1937923,0.05810817,-0.4413649,5
0.7825272,0.006950041,0.1485672,0.03833047,0.5550389,1.373383,0.03356442,0.4434331,-0.8694399,5
1.300929,0.1072379,1.264123,1.632973,-1.132523,1.369944,-0.0853416,0.08721534,-0.2551636,5
0.8741528,-0.5742575,0.6508557,0.896224,-1.111983,1.328598,-11.0787,-1.197087,-0.6295476,5
0.2571577,-0.03412033,1.087908,1.125973,-0.01921131,1.021624,-0.9202315,-11.67269,-1.148838,5
0.2779508,1.282057,1.124812,1.597859,0.5647897,0.8245306,-0.5181486,-0.7768229,-1.243774,5
0.6455966,-0.534492,1.311942,1.426556,-0.4578923,1.3861,-1.244235,-2.210567,-1.411344,5
1.654615,-0.1702336,0.397345,0.5315181,0.0744299,1.155525,0.1185182,0.3882931,-1.110028,5
0.7075129,-0.0546265,0.1954193,0.326777,1.057901,1.210658,0.3470265,-0.01286222,-0.5737696,5
1.524957,0.1497246,0.3218787,1.682839,1.177343,1.076124,-3.780986,0.123001,-0.2064122,5
1.827527,-0.05448376,0.1586874,1.424222,-0.02668632,0.5062537,0.996832,1.917672,-0.4568782,5
0.6071128,-0.05710403,0.4069718,0.6453004,0.3399154,1.379906,-15.60475,0.5809444,-1.247114,5
0.1109931,-0.3596284,1.138978,0.214598,-0.7638531,1.105405,-0.517185,-0.3055562,-0.6495194,5
1.654932,-0.1676523,0.1663245,1.680112,0.6714367,0.9915203,-39.8234,-0.05539047,-0.701766,5
0.274925,-0.388792,0.975783,1.407372,0.1302304,1.128151,-1.062699,0.8685775,-1.17022,5
0.1208049,-0.455677,0.5826923,1.281577,-1.093763,1.142172,-0.352739,-0.6903007,-0.4711763,5
1.650538,0.6908107,0.6169077,0.7526448,-0.0009096137,1.292745,1.130071,0.6671261,-1.151288,5
0.2707361,0.1877154,0.5783136,1.222888,-0.4506835,1.196665,-1.066415,-1.412056,-1.004571,5
0.495612,0.2068068,0.4295375,1.916434,-0.7809721,0.7855624,-0.2982545,-0.1390534,-0.2303232,5
0.8806549,-0.08434173,0.3396493,1.261229,0.6780727,1.055825,-2.003144,-0.1217058,-0.776982,5
0.9324191,0.6004211,0.6237759,1.266865,0.0445649,1.034793,-3.781684,0.4502035,-1.066051,5
0.1258218,-0.08001008,0.3584592,0.1041161,-0.8161615,1.126093,1.310286,-0.8338099,-0.5149946,5
0.2730765,0.07654303,0.2412842,0.3884372,-0.7046403,1.265303,-2.320711,-1.186883,-0.7993559,5
0.07829624,1.284168,1.337675,0.6115574,-0.9702128,1.167974,-0.7147721,0.1093016,-1.176188,5
0.882032,-0.2856444,0.4189521,1.010524,-0.4191394,0.7503173,-2.130685,-1.410623,-0.5861583,5
1.301031,-0.1883661,0.1818279,1.123212,0.443465,0.7861024,3.199216,-0.02498777,-0.6417873,5
1.674013,0.1349618,0.4073669,1.652308,0.08409013,1.074589,60.51112,-4.10074,-0.9469026,5
0.104301,0.2908787,0.4396081,0.1373614,-0.485585,1.292297,-4.023468,-1.004851,-0.941497,5
0.07600503,0.6156033,0.5475357,0.2978343,1.480473,1.261064,-0.5117186,0.1791626,-0.1397004,5
0.6427749,0.1608005,0.7712634,0.8360292,0.419311,1.130167,-2.598065,-0.4487102,-1.056739,5
0.07399517,-0.01478382,0.1445566,0.8514329,0.6030403,1.045372,-0.8932214,0.2104875,-0.9022796,5
0.4972075,0.8904871,1.127986,1.884415,-0.006783449,0.8461981,-0.4670637,0.3772235,-1.946363,5
0.8183837,0.2998532,0.3819346,1.973608,-0.3216191,0.6364734,-0.7873904,-0.2273491,-0.5240598,5
0.7237926,-0.5223504,0.7094615,1.996144,-1.068007,1.22334,-0.5032571,-0.7781996,-0.5444243,5
0.4746251,0.8796964,1.1947,1.998393,-0.09003161,0.885071,-0.4938652,0.2719578,-1.887331,5
0.5659106,0.2059284,0.5134332,1.026171,0.6998482,0.8226963,-0.7717609,-0.163561,-0.4193113,5
0.2085148,0.3711419,0.3448361,1.000849,-0.499548,0.7770391,-0.6519298,-0.4269944,-0.5233711,5
1.146624,0.2614078,0.3807006,0.7099155,-0.3373427,1.101237,1.537416,-0.5418119,-0.6315137,5
1.044863,-0.1123224,0.2239703,0.9315174,-0.114358,0.3891888,1.179284,3.9814,-0.3829634,5
0.4989945,0.01041794,0.2063645,1.851272,-0.6241427,1.271827,-1.057352,-1.638993,-0.9558206,5
0.3667444,0.6929398,1.143179,1.825865,-0.8781121,0.9756421,-0.4814803,0.1171071,-0.8229924,5
1.447547,-0.1642294,0.5470158,1.014992,-0.531616,1.22661,0.8382734,-2.105136,-0.889157,5
0.5028647,-0.2188386,0.6668452,1.689805,-0.06041574,1.063423,-1.099047,69.23511,-1.064578,5
0.08421239,0.3115409,1.335333,0.2318422,-1.408173,1.318352,-0.2880059,0.2819794,-0.3705822,5
1.523217,0.3380433,0.3353914,1.512532,-0.6556652,1.131717,130.7003,-0.4815235,-0.5511299,5
0.1241031,-0.1712616,0.5001074,0.5687846,-0.7778706,1.096399,-0.6351889,-1.062775,-0.6990808,5
1.354181,-0.1933586,0.2525917,0.9818786,-0.2111286,0.4508621,0.3399746,1.352382,-0.4450261,5
0.001776987,0.5156595,0.9098366,0.3345242,-0.5966964,0.8442475,-0.5763995,-1.404174,-0.8171616,5
0.4906928,0.9244974,1.032371,0.5544944,-0.3995112,1.292293,-7.386768,0.3430466,-1.693289,5
0.8782654,-0.05383921,0.7462064,1.756868,-1.063802,1.333049,-0.8480205,-0.6204327,-0.6515149,5
0.2588372,-0.3487037,1.195408,1.295294,-0.8941272,1.093784,-0.427135,-0.5152352,-0.5434982,5
0.02247661,0.740076,0.8878391,1.278497,0.416823,1.204203,-1.191337,1.651648,-1.383033,5
0.06113828,-0.1831858,0.3361396,0.1965232,-0.2617266,1.028222,-1.033351,-2.645734,-0.9178109,5
1.157967,0.1607359,0.6623108,1.919701,-0.2992139,0.7242233,-0.6929824,-0.2094734,-0.7091151,5
0.497227,-0.07536326,0.9282956,1.343662,0.04510911,1.187176,-1.279185,2.550498,-1.264073,5
0.9749694,-0.7512186,0.7838989,1.413624,-1.184844,1.124865,-0.1605573,-0.2312692,-0.1947993,5
0.01021704,0.09880846,0.1664495,0.230822,0.8068696,0.9855728,-0.6844186,0.1920738,-0.6706615,5
0.8923573,1.167758,1.148248,1.704319,0.4132342,1.011844,-1.046634,2.014697,-3.348736,5
0.254542,-0.549219,1.072091,1.379474,-0.9867499,1.03478,-0.2550453,-0.393259,-0.3398987,5
0.9564889,-0.1316571,0.1717502,1.914815,-0.4447189,0.9991917,-1.172666,-1.498686,-0.7496102,5
1.753412,-0.2787991,0.3038046,1.494265,-0.4258017,0.7505642,1.732303,-2.935369,-0.5668671,5
1.761862,-0.1776143,0.6908264,1.854158,-0.8545471,0.998888,-0.6917575,-0.1861724,-0.2837001,5
0.2616167,1.310954,1.315637,1.989354,-0.2565086,1.19973,-1.104177,0.05264636,-1.740239,5
1.624475,-0.284611,0.8289446,1.355377,-0.4368699,1.227375,1.334426,-3.630923,-1.120391,5
0.5803188,0.9658793,0.9703229,1.773847,1.154278,1.407696,-1.15316,-0.6529228,-0.8884257,5
1.295904,0.4793023,0.7728025,1.983052,-0.1622679,1.138596,-2.368632,-0.2453895,-1.153475,5
0.208825,-0.4411966,1.386037,1.150351,-0.7443748,1.270475,-0.7661301,-1.131082,-0.9582378,5
0.3521727,-0.01364785,0.3665034,1.210741,-0.08285335,1.152178,-1.248528,-6.113728,-1.076495,5
1.171435,0.3731617,0.4362401,1.092533,-0.1249904,0.8337427,11.18414,-0.007627692,-0.6846792,5
0.07537137,0.1930164,0.8388394,0.519667,-1.261415,1.131396,-0.1432475,-0.06057074,-0.1516721,5
1.038753,1.442835,1.278481,1.626775,1.103948,1.363223,-1.358215,-4.316465,-1.574303,5
1.728922,-0.1664611,1.119676,1.554018,-1.163907,1.319661,-2.289152,0.1966724,0.536885,5
0.3077652,-0.2879898,1.171085,1.942278,-0.7064617,1.027546,-0.5357481,-0.7508647,-0.6884099,5
0.7958339,0.8101203,0.717472,1.731808,-0.1238983,1.168075,-2.084316,0.2541977,-1.250389,5
1.875512,-0.129788,0.2241594,1.805715,0.884878,1.323678,19.15855,-0.08411133,-0.9239939,5
0.3950603,0.8612726,1.092618,0.9587151,-0.3506351,0.9126534,-0.426645,0.2081401,-2.248628,5
0.1588982,-0.01051942,0.7759367,1.559111,1.347311,1.361767,-0.6310843,0.02285632,-0.5466013,5
0.07538998,-0.8834308,1.073752,1.269203,0.4213428,1.352125,-1.376384,1.997717,-1.60559,5
1.162196,-0.4289107,0.3967893,1.764272,1.078469,1.411957,-2.38741,-0.08394016,-0.9389902,5
0.06385684,0.2237234,0.6989413,1.2168,-0.7208282,1.323587,-0.9776804,-2.26035,-1.233076,5
1.478695,-0.2549898,0.3414059,1.636136,-1.361686,1.32744,-1.123371,-0.3699212,-0.259235,5
0.4592598,0.2255833,0.6866064,1.211262,-0.3577012,1.008759,-1.080646,-0.7677889,-0.9340925,5
0.09630692,1.14405,1.092484,0.7330737,-0.06138735,1.066534,-1.031522,0.376772,-1.496213,5
0.7716268,-0.07634663,0.5405071,1.243054,-1.070439,0.9962228,-0.1283508,-0.03384155,-0.1281042,5
0.2606488,-0.8997954,0.9367529,1.454168,-0.1259899,1.352354,-1.381096,31.97392,-1.562536,5
0.044265,-0.7619733,0.6930816,1.087145,0.3157999,0.9495919,-1.028456,1.828553,-1.215589,5
1.386224,0.1644791,0.2498406,0.2637303,0.01239622,0.9918076,0.3484082,-0.1073857,-0.4934622,5
0.09259064,0.9279127,1.302218,0.9883673,1.078052,1.214563,-0.5847754,-0.2366576,-0.7477837,5
0.5960293,-0.2806312,0.6278418,1.285085,-0.9478677,1.176798,-0.6188613,-0.6839047,-0.5547936,5
0.6758071,0.2557219,0.7916971,1.069992,-0.5085925,0.9726477,-1.098959,-0.2592408,-0.8002303,5
0.4548456,1.324486,1.144363,1.910537,0.9064732,0.8719144,-0.2870457,-0.2093893,-0.5947417,5
0.07464395,0.6736477,0.9085104,0.7014272,-0.4221591,1.176207,-0.9988467,-1.097832,-1.11135,5
1.066052,0.7291119,0.9519781,1.941493,1.156752,1.362764,-1.161521,-0.5172205,-0.7344689,5
0.304694,-0.07027903,0.3214726,0.2258391,-0.2049654,1.11778,1.695546,-4.784838,-0.9234799,5
0.2424916,0.5788475,0.9517262,1.726286,1.166326,1.182896,-0.5210914,-0.07446356,-0.4984441,5
1.162125,-0.007530176,0.2391234,0.06790788,-0.4885943,1.374952,-0.01715938,-3.29926,0.3588548,5
1.948914,0.5825243,1.132283,1.513945,-0.3492911,1.326586,0.7925045,-0.02526922,-1.584641,5
0.2047963,0.448691,0.4946411,1.48686,0.3356514,1.011009,-1.028555,-0.01656515,-0.9660272,5
0.06548183,-0.3036168,1.334086,0.6807052,0.9085138,1.358184,-0.9741373,-0.2518579,-1.031724,5
0.5035627,-0.182399,0.3779818,1.540872,0.9815123,1.30531,-1.128976,-0.1155385,-0.8585165,5
0.2643817,0.613117,1.215424,1.722791,0.823232,1.076198,-0.550746,-0.3020775,-0.8039947,5
0.19906,-0.2233786,0.3567828,1.184268,0.3446862,0.5471241,-0.4365879,-0.07110989,-0.4312387,5
1.557983,-0.1583612,0.1803732,1.100161,-0.8008314,1.235442,1.054803,-1.533152,-0.6560776,5
0.3271242,0.8853829,1.303302,1.295383,-0.4186824,0.9191027,-0.4030506,0.1782775,-2.09978,5
0.3367765,0.6922575,1.051682,0.36931,-0.5073823,1.248276,-6.083107,0.0759776,-1.298811,5
0.2813997,0.5675283,0.538308,1.979996,0.2098036,0.9511986,-1.015334,0.04689396,-0.9711558,5
1.804957,0.01487268,0.03390926,0.5100433,0.5578247,1.251022,0.3126672,0.384647,-0.8758135,5
0.1891284,1.155029,1.049971,0.532925,0.06245584,0.8880387,-0.7972206,0.9298936,-2.63166,5
0.7167907,-0.3720393,0.3569499,0.636351,-0.1729948,0.7651716,3.759494,1.037497,-0.8730039,5
0.1785137,0.8813333,1.175429,1.959307,-0.3819902,1.114406,-0.9469521,-0.7758662,-1.231648,5
0.02526443,-0.03122864,0.9209335,0.3384754,-0.5422232,0.5037099,-0.06465678,-0.001881793,-0.09500545,5
1.291085,-0.03708518,0.07889085,0.3488428,0.7878054,1.316535,0.2374563,0.06718797,-0.8670355,5
0.2286214,-0.03063657,0.49628,0.2348441,0.4646286,1.323642,-31.21266,0.06910154,-1.174175,5
0.8267862,-0.1679735,0.4641503,1.073079,-0.1033226,1.229676,-3.408353,19.14493,-1.159361,5
0.9626048,0.3058836,0.9381562,0.8481054,-0.3938268,1.356419,4.175051,-0.4332603,-1.061021,5
1.980592,-0.01559642,0.35461,0.7695711,-0.107971,1.221338,0.3323898,-7.981613,-0.913741,5
1.951471,-0.175008,0.2847173,0.5615577,-0.7519603,1.090685,-0.04359221,-4.354589,-0.3371886,5
0.09692851,1.272582,1.271618,1.046179,0.2488173,0.8096051,-0.4631158,-1.517695,-1.535901,5
0.9292307,-0.3382842,0.4240644,1.848154,0.8951569,1.111061,-1.140196,-0.09086897,-0.6915874,5
0.1526242,0.5947628,0.587916,0.9137568,0.1877876,0.6369765,-0.6064309,-1.07403,-0.7839448,5
0.006944798,-0.03563851,0.4030777,1.383658,0.560803,1.302653,-1.522732,2.965057,-1.818963,5
1.032347,0.02287331,0.08906572,1.194817,-0.5533504,1.171229,-4.794582,-1.410032,-0.7843833,5
0.8917224,-0.5588323,0.5949545,1.090357,-0.04092555,1.407153,-5.360109,1.46857,-1.494577,5
0.3750295,-0.0894556,0.7317236,1.985505,-0.00256312,0.9689748,-0.9198909,15.98854,-0.9848761,5
1.160561,-0.1311922,0.3215237,0.9940577,0.3820773,1.146072,4.174383,0.1519315,-1.024615,5
0.8806931,0.3859312,1.18841,1.421253,-1.238445,1.312561,-0.4537983,0.2278403,-0.4212064,5
0.7575472,0.4921739,0.448132,1.923303,-0.4189271,0.9095592,-1.277597,-0.3140267,-0.7445897,5
0.0909839,-0.7332308,0.9548032,1.284858,-0.7292625,0.8293794,-0.3306327,-0.6890833,-0.4625669,5
0.9438494,0.01338607,0.784911,1.144671,-0.08162572,1.10762,-2.97245,-1.921331,-1.128868,5
0.4151389,0.6141573,0.9691395,1.326787,-0.2323526,1.093663,-1.132721,-0.2776882,-1.308206,5
0.01465721,0.4149179,0.4588158,0.6307415,-0.1154238,1.071554,-1.089665,-8.760459,-1.350479,5
0.9819154,-0.6152241,0.7338695,1.555199,-0.4454276,1.40825,-2.266505,-15.67724,-1.352682,5
0.1434573,0.2155419,1.232377,1.082688,-0.3620576,0.5824069,-0.2322338,0.03536164,-0.9502675,5
0.2787856,-0.1944084,0.3216999,0.4892966,0.142868,1.006207,-1.713284,0.7888403,-0.9724181,5
0.2143718,0.2764671,1.051299,1.555912,-0.7822027,0.8525782,-0.3077679,-0.1247536,-0.4453694,5
1.01804,0.2465961,1.009144,1.556604,-0.3730762,1.323273,-1.955954,-0.6901096,-1.280203,5
0.06352708,-0.1080886,1.291893,1.168756,-0.838196,1.37608,-0.91735,-2.030365,-1.213914,5
0.9374047,0.06679908,1.01071,0.8001354,-0.6987214,1.333222,0.9084241,-0.4077386,-0.6048076,5
1.782866,0.03460234,0.4134615,1.74316,0.5320764,0.9412054,22.52777,-0.198728,-0.7241118,5
0.1898917,0.8629028,1.347277,1.858877,-0.1880153,0.5480486,-0.03702798,0.1307907,-3.048932,5
0.236333,-0.1562685,0.4207719,1.257866,0.4929606,0.8568057,-0.7350924,-0.09030893,-0.6977182,5
0.09216363,0.2171368,0.9077044,1.907318,0.08946795,1.238542,-1.198637,10.3549,-1.409472,5
1.458956,-0.563562,0.5282349,1.636005,0.5599555,1.328642,-8.693512,0.03125251,-1.334262,5
0.1771216,-0.4211158,0.4073901,1.425989,-0.9303137,1.327885,-0.820965,-1.725786,-0.9867605,5
1.648905,0.2578666,0.2747663,0.8190047,0.3132744,1.050824,1.332373,0.3795377,-0.7664508,5
0.8222258,0.04500066,1.002293,0.9881914,-0.7538287,1.188477,-1.135143,-0.2533573,-0.6401177,5
1.696253,-0.09401524,0.3009262,1.332117,0.07065818,1.072263,2.351653,1.535975,-0.9724748,5
0.808917,0.8154817,0.9173223,0.8994725,0.1359896,1.377379,-11.23101,0.7960132,-1.548001,5
0.04922063,-0.7385483,0.8106327,1.907065,-0.02049068,1.093999,-1.211163,-918.7139,-1.545744,5
0.07257083,0.6215548,1.255628,0.6930995,0.5465137,0.975441,-0.6688031,-0.4212691,-0.9931444,5
1.987803,0.425277,0.6305984,1.21656,-0.02494218,1.267707,1.895539,0.03878842,-0.9933822,5
1.133068,0.002764897,0.4578563,1.234708,0.04207226,1.023369,-7.78595,5.325864,-0.9617113,5
0.7443757,0.02096077,0.7856582,1.142029,-1.139023,1.26516,-0.7299126,-0.2550028,-0.4348662,5
1.123121,0.05946326,0.7618977,0.83836,-1.256799,1.339052,-0.09485071,-0.07456728,0.02237417,5
0.1620454,0.8285924,1.271774,0.6287833,-0.9453169,1.189676,-0.7300538,0.09358632,-1.137787,5
1.390599,-0.0810124,0.4066876,0.3145695,-0.8306649,1.143358,-0.1367447,-1.104428,0.3715717,5
0.4966146,-0.2727548,0.6890557,1.8078,-0.6238965,1.260011,-0.9790466,-1.684916,-0.9989568,5
1.888808,-0.1505174,0.2395927,1.858181,1.154406,1.076536,13.91757,0.10468,-0.2818576,5
1.241181,0.3266871,0.6631902,0.8150955,0.6682529,1.316073,1.378808,-2.17785,-1.031199,5
1.73577,-0.4734477,0.5052965,1.609859,-0.05818915,1.205214,9.958225,1.00107,-1.318636,5
0.562118,0.6422012,0.6926578,1.001938,-0.6560597,1.381634,-2.543621,-0.4247823,-1.044591,5
0.7339859,-0.2693942,0.3420944,0.9893095,1.159126,1.037412,-0.7132205,0.1236012,-0.2121834,5
0.7641144,-0.03429523,0.06166523,1.561555,0.2247651,0.7390608,-1.112799,0.2619841,-0.6624466,5
0.6250066,0.5566108,0.5742822,1.10478,-0.2039843,0.9635786,-2.001081,-0.04663892,-0.9385488,5
0.2069429,-0.002908681,0.1785156,0.1311684,0.5541956,1.339475,1.499515,0.2366882,-1.058189,5
1.145816,0.1672986,0.8745288,1.475615,-1.093011,1.25932,-1.076543,-0.1135362,-0.4035837,5
0.4040985,0.3540711,1.068156,1.667035,-0.9049369,1.298205,-0.8619657,-0.5604459,-0.917185,5
0.01621707,-1.083608,1.132056,1.578461,-0.5662176,1.050626,-0.9207453,-2.779226,-1.294886,5
0.1823643,-1.205968,1.274493,0.8854095,-1.594857,1.392643,-0.02238044,-0.056375,-0.05012977,5
0.5593735,0.6526974,0.7275704,0.9211633,-0.36579,1.375768,-3.079281,-0.3728422,-1.21139,5
0.574687,-0.09451928,0.4822422,1.326383,-0.7593488,1.161059,-0.8999307,-0.9556841,-0.7137396,5
0.2485738,0.1337023,1.089457,0.7779315,-1.616192,1.400788,-0.129475,0.187531,-0.1005689,5
0.6706679,0.9344025,0.9265096,1.278492,-0.4996089,1.182134,-1.836687,0.2555327,-1.369786,5
0.08253614,0.5315936,1.318869,0.893577,-0.09033997,0.9942105,-0.865956,-1.14738,-1.232677,5
1.748868,-0.03019243,0.07773725,0.733665,-0.2322264,0.4800909,0.09915363,-0.886551,-0.2586032,5
0.007400291,-0.5960949,0.6596215,0.1447601,-0.6103885,0.9232764,-0.622839,-1.540395,-0.841841,5
0.4721276,0.7046865,0.911352,1.517897,-1.531374,1.33251,-0.5331386,0.3185433,-0.2596286,5
0.5285932,-0.02627475,0.2242495,0.5346353,0.6014246,0.8009214,-34.51992,-0.07811965,-0.497705,5
0.3921843,-0.07392152,0.4258579,1.269899,-1.571109,1.402909,-0.1138302,-0.1481038,-0.1331017,5
0.5625364,0.5774804,0.7529448,1.674974,0.6443591,1.286689,-1.510406,-0.6490747,-1.131903,5
0.6475322,0.2814485,0.9147525,1.552207,0.01222582,0.9617417,-0.9455755,-0.3314887,-1.154816,5
0.09152251,0.6357498,1.333508,0.2728764,-0.5239348,1.353425,-1.181387,-0.3456808,-1.575516,5
0.4720057,0.346111,0.7586402,1.038931,0.1012973,1.413781,-2.070488,-4.775189,-1.393038,5
0.2360143,-0.2399624,0.2369657,1.072786,0.851063,1.032907,-0.7471971,-0.05225541,-0.6092066,5
1.607734,-0.5253248,0.6358835,1.545669,-0.3016354,1.107877,13.58568,1.782201,-1.272222,5
0.4730018,0.2240888,0.7829264,1.048536,-1.10081,1.293649,-0.8502429,-0.3545702,-0.5925537,5
1.079935,-0.4043008,0.4087885,1.136087,0.3826547,1.36509,-19.93343,0.2717039,-1.334839,5
0.2029828,0.3567697,1.285052,0.6728053,0.01643428,1.30848,-1.234628,-1.146252,-1.552207,5
0.3135453,0.7003455,1.358545,1.964902,-0.9760963,0.9253436,-0.2671464,0.304137,-0.727853,5
0.4747341,0.3670957,0.525018,0.5004371,1.078881,1.400427,-19.76732,-0.4795373,-0.7980357,5
1.099041,-0.2921506,0.4928213,1.374684,-0.0009468975,1.376217,-4.532428,2.296553,-1.342018,5
1.147445,0.4184359,1.152605,1.998805,-0.1877481,1.09335,-0.8087268,-0.1716606,-1.558817,5
1.228016,0.3084208,0.5884164,1.148624,-0.461875,0.7915801,4.149199,-0.02867921,-0.3644957,5
1.810288,-0.1416141,0.233332,1.138786,-0.5800964,0.9535801,0.4614782,-1.407931,-0.5355668,5
0.334201,0.5013592,0.593554,0.6804339,-0.1507995,0.926915,-1.533333,-0.1428675,-0.9517554,5
0.01379009,-1.065523,1.099251,1.027946,-0.4817909,0.6573684,-0.4301153,-1.069491,-0.6212083,5
1.414048,0.2243902,0.5079812,1.145455,-0.6850984,1.080779,2.140794,-0.389981,-0.4377778,5
0.2164761,-1.133596,1.374194,1.774554,-1.257856,1.321939,-0.3891148,-0.7626946,-0.5392461,5
0.1966393,-0.983876,0.9976761,1.404991,0.2699242,1.173003,-1.191801,1.185365,-1.368697,5
0.08707439,1.069339,1.188651,0.3451183,-0.1527486,1.370092,-1.474662,0.09692538,-1.747037,5
1.513201,0.06136461,0.4242309,1.40161,-0.07485069,0.6130153,3.086636,-0.3930597,-0.5785453,5
0.27584,0.570335,0.6599703,0.8515155,-0.2159115,0.8842136,-1.056744,-0.1668553,-0.9839476,5
0.1811208,-0.2331749,0.7551033,0.3610917,-1.231568,1.211192,-0.217161,-0.1660073,-0.2523495,5
0.2183358,0.4165777,0.7653543,0.6538956,-0.9567419,1.174476,-0.8290143,-0.2969467,-0.6515821,5
1.435728,0.1222574,0.5099934,1.977882,0.7306339,1.218979,-2.779996,-0.2487193,-0.9136549,5
0.1191622,-0.3116314,0.5650745,1.081316,1.254324,1.226165,-0.5195341,0.07142702,-0.4354564,5
0.2383576,0.02962067,0.7115653,1.89367,-0.4478236,1.184389,-0.9654159,-2.089164,-1.098569,5
0.3461751,0.8174992,1.196481,1.473636,1.339744,1.219929,-0.2294997,0.1032352,-0.2476198,5
1.28154,0.9790633,1.213916,1.889048,0.574781,1.306513,-1.72811,4.897681,-1.842646,5
0.1225232,0.4574789,1.076576,1.55409,-0.2063079,1.042677,-0.8845737,-1.519279,-1.075551,5
0.2228836,-0.7340149,1.00193,1.914738,0.08491179,1.114744,-1.086639,3.31323,-1.284404,5
0.4594219,-0.2659793,0.6512519,1.937367,-1.152707,1.017889,-0.02483273,-0.0466519,-0.06846079,5
0.07957505,1.074933,1.256882,0.661034,1.258813,1.338094,-0.5952226,-0.2204473,-0.7131439,5
0.2415555,0.8968237,1.107841,0.6656836,0.8288418,1.12704,-0.7418447,-0.607948,-0.9247219,5
0.1111236,0.3380556,0.6568122,1.690875,-0.5090216,0.4759011,-0.09998857,-0.01227467,-0.1736874,5
1.48137,0.1958757,0.4842167,1.70549,0.7909743,1.20798,-5.922754,-0.3092551,-0.8308524,5
0.2779741,1.00578,1.069294,1.505286,-0.558156,0.8746015,-0.5995878,0.2204686,-1.378717,5
0.799826,-0.8116167,1.060831,1.231227,-1.249763,1.105165,0.3698801,0.3964287,0.2848953,5
1.059705,0.6834019,0.7312171,1.886733,0.7466495,1.247772,-2.1795,-1.370081,-1.005337,5
1.906202,0.1658525,0.3106726,1.4792,-1.063758,1.222896,1.475995,-0.4309587,-0.2525155,5
1.676058,0.03224527,0.1094592,1.414622,-0.3067616,0.7693311,2.401346,-0.9836899,-0.5129769,5
0.02012348,-0.5814584,0.9446197,1.714378,1.267389,1.136009,-0.5713145,0.6988201,-0.4782107,5
0.8386418,0.5379147,0.7344984,0.8506221,0.04356481,1.096582,-59.97852,0.3093775,-1.165307,5
0.1148429,-0.2982383,0.6948872,1.549805,-0.4551447,0.5317563,-0.2105712,-0.394843,-0.2883009,5
0.2926126,0.8837624,0.765183,0.7754798,0.5777975,0.9285012,-0.9484806,-1.624065,-0.9477838,5
0.2212677,0.06035995,0.2139247,1.875195,-1.105523,1.004816,-0.1291781,-0.1922704,-0.14708,5
0.0002545683,-0.6761094,0.6383761,1.56711,0.2349434,1.306376,-1.90527,12.58281,-2.502432,5
1.002299,-0.1807923,0.4254559,1.409822,-1.081984,1.15456,-0.6244103,-0.4353845,-0.3537165,5
0.345867,-0.5219046,0.6549191,1.125618,0.8110822,1.174203,-1.030238,-0.1453218,-0.8842955,5
0.9895216,0.1639949,0.4033508,1.170533,-0.1776101,0.6088216,-2.214166,-0.2396752,-0.5287914,5
0.5035412,0.9989626,0.9705637,1.209811,1.52802,1.386523,-0.4859149,-0.06058748,-0.280542,5
1.164539,0.005467332,0.5671622,1.839745,0.3375954,0.9756351,-1.644521,-0.1175671,-0.9196098,5
1.531741,-0.2897667,0.6110164,1.853413,-0.8568055,1.290653,-2.334315,-1.192802,-0.7895164,5
0.7114837,0.31508,0.8988422,1.084824,0.1977494,1.116628,-1.744301,5.566472,-1.21481,5
0.1227346,-0.01621048,0.8766758,0.8386147,0.08900835,1.351257,-1.268125,4.586247,-1.339688,5
0.4928706,-0.1395096,0.8126042,1.266932,-0.6160586,0.6518018,-0.08682011,0.1062537,-0.1158417,5
0.05725413,-0.1739206,1.223994,1.074432,-0.1385648,0.6637487,-0.5288333,-1.417178,-0.704697,5
0.4305011,-0.4462195,0.5565588,0.8398317,-0.2788553,0.8076794,-0.9467319,-5.443048,-0.8081577,5
0.3593493,-0.0008499461,0.1144475,1.242648,0.7920264,0.8483654,-0.5503372,0.005704216,-0.3867407,5
1.686525,0.6919141,0.8484415,1.996282,-0.665884,1.195014,-4.854438,0.1080048,-0.8614433,5
0.2501531,-0.1455331,0.850169,0.9899069,-1.180702,1.407665,-0.6088278,-0.8003826,-0.6680255,5
1.02445,-0.1417195,0.3718622,0.7358414,0.7938571,1.106883,1.099292,-0.1366329,-0.7392154,5
1.13374,0.2874933,0.2837521,1.856526,-0.1109337,0.6096131,-1.511491,-0.1687191,-0.5375728,5
0.3588796,-0.1233879,0.7900875,0.4393938,-0.3952296,1.212618,-2.823072,-1.505398,-1.089738,5
1.09343,0.02677465,0.163215,1.96307,0.3439831,1.408358,-2.477664,0.9500001,-1.262933,5
0.235376,-0.5288951,0.7876638,0.9944236,0.0918713,1.160528,-1.154066,1.327821,-1.187618,5
0.5098646,0.06331681,0.07973964,1.885625,-0.06171592,0.488893,-0.5450666,-1.241222,-0.4406903,5
0.4199394,0.846474,1.172103,1.976646,-1.480919,1.311457,-0.4364151,0.3220776,-0.4163938,5
0.4178151,0.3266441,0.5206356,1.795474,-0.1968495,0.4699706,-0.3784564,-0.06390542,-0.619222,5
0.3795575,0.7573307,0.8588756,1.005785,0.1932913,1.137266,-1.478939,2.208164,-1.317975,5
1.134115,0.2050558,0.2906105,1.694946,-0.5348191,1.367464,-2.981019,-1.42697,-0.9996353,5
0.4164263,0.08053435,0.285403,1.807435,0.3569199,0.7228974,-0.7148851,-0.05998726,-0.6170381,5
0.09175541,0.2271046,0.2298397,0.3628159,0.6237103,0.8359599,-0.7793494,-0.1282028,-0.5420161,5
0.5836872,-0.7804852,0.6663787,1.321353,0.02372187,1.260041,-1.798256,1.430245,-1.393003,5
0.9310917,0.05600499,0.3748396,1.375151,-0.7028337,1.075368,-1.511418,-0.7672874,-0.6203566,5
0.0004077605,-0.4473461,0.5648576,0.9433087,-0.3139507,0.4280458,-0.3283943,-0.8377782,-0.4799803,5
1.494573,-0.03356439,0.632822,1.635077,-0.729709,0.9209189,-1.325536,-0.2115629,-0.3343586,5
1.249342,0.02681872,0.05145653,1.568405,-0.4510833,0.6186827,-1.274929,-0.4410968,-0.2938023,5
0.7730483,0.2602326,0.8495591,1.173511,-0.1286942,1.025707,-1.505444,-0.3804839,-1.12173,5
0.02160261,0.4765516,0.5875835,1.932046,1.238504,1.336164,-0.9002872,0.6194475,-0.8785154,5
1.604024,0.04286911,1.107169,1.606671,-0.5987667,1.268707,-71.84027,-0.328873,-0.7058239,5
0.527326,0.557466,0.5040871,1.47299,-0.7914267,0.9068046,-0.8636346,-0.001502794,-0.4662012,5
1.954381,-0.2158049,0.3971731,0.8358883,-0.5165623,0.9960207,0.04611437,-35.06247,-0.6235089,5
0.185067,-0.2935428,0.4275015,0.6691778,-0.76353,0.9577446,-0.4857207,-0.8065694,-0.5233336,5
0.1382347,0.5839986,1.065682,0.3923375,-0.08934376,1.182394,-1.24172,-0.2369778,-1.444547,5
0.3644339,0.2269808,0.9217788,0.9638494,-0.6270267,1.306926,-1.238183,-0.8709113,-1.107002,5
0.3441351,-0.09320872,0.3573965,0.5268916,0.3577578,0.6737664,-1.07339,-0.1243506,-0.5719789,5
0.01352336,0.4158686,0.9168005,0.4855987,-1.311797,1.20948,-0.1931908,-0.3075084,-0.2588032,5
1.893497,0.5504964,0.4726479,0.764545,0.02920722,1.173152,1.085389,0.6030904,-0.8590861,5
0.1444938,-0.7203407,0.6844362,1.732526,0.4885564,0.9464098,-0.9016804,0.5171183,-0.9886968,5
0.4649918,-0.6572794,1.267102,1.856089,-0.8527583,1.23422,-0.638763,-0.9511408,-0.7915813,5
0.3339497,0.01420844,0.102118,1.08871,0.849019,1.248232,-1.183843,-0.09502106,-0.8800835,5
0.3909466,0.1390068,0.5187494,1.725493,-1.446595,1.242241,-0.08390513,0.007794238,-0.04456104,5
0.1685212,0.6841034,1.257925,1.753855,-0.06740756,0.5578818,-0.2039016,0.1522593,-1.717439,5
1.751016,-0.02230546,0.2918449,1.260915,-0.9074054,0.9477708,0.1153382,-0.2843391,-0.145828,5
0.9182585,0.4915917,0.8028002,1.003431,-0.2395969,0.9139633,-4.143784,0.02986115,-1.22735,5
0.2475776,0.01461754,1.114675,1.435005,-0.6727622,0.8390242,-0.3581893,-0.2054897,-0.5126467,5
0.7080311,0.2829793,1.209392,1.270395,-0.9207957,1.108666,-0.2120509,0.1655311,-0.5918392,5
0.9794771,0.2211696,0.8640996,1.623964,-1.140112,1.234953,-0.7387916,-0.07070064,-0.4190172,5
0.9131259,0.3256012,0.8858799,1.433157,-0.005181833,1.115623,-1.748498,-0.3229018,-1.230126,5
1.572954,0.554107,0.6651081,1.035584,-0.02596305,0.8604832,0.4946785,0.2281657,4.447687,5
0.5365008,-0.6218128,0.5458512,0.5071216,-0.3387333,1.079068,11.91653,1.87426,-1.280694,5
0.06125761,0.4378631,0.5276342,0.6264763,0.9799796,0.9096224,-0.3570272,0.05506793,-0.2634995,5
1.543415,0.8988711,0.9155463,1.985783,-0.2145134,1.346374,-5.43232,0.3962277,-1.480381,5
0.6997805,0.2165816,0.7991704,1.538005,0.3117294,1.226384,-1.59296,-0.05453853,-1.221258,5
0.4620692,0.6896716,1.205613,1.843941,-0.3395474,0.7991148,-0.2884884,0.1000304,-1.93187,5
0.8679075,0.07370877,0.2433845,1.50658,-0.2751782,1.128743,-1.907217,-1.896686,-0.9428595,5
0.4202267,0.9854233,1.150033,1.87373,0.9419315,1.401237,-1.09861,-0.724511,-1.169927,5
1.218487,0.2036995,0.6591217,0.6980624,-0.5943037,1.143416,0.4503833,-0.3228695,-0.2396627,5
0.8551065,-0.2596399,0.7249066,1.408859,0.05710622,1.243391,-2.000825,1.203508,-1.290372,5
0.2497921,-0.1359495,0.5932148,0.7752807,-1.095113,1.179288,-0.3971557,-0.4852124,-0.4135303,5
0.2499224,-0.3581237,0.8960559,1.318419,-0.2785203,0.8684025,-0.6754234,-1.385403,-0.808053,5
0.7446343,-0.1026093,0.161463,1.07362,-0.06333682,1.297816,-3.069933,80.48939,-1.16656,5
0.4610818,0.4663413,0.5905976,0.4871511,-0.3504776,1.143486,-18.0893,-0.2452312,-0.860668,5
0.1714763,-0.4714627,0.4162525,1.763978,-1.197139,1.322437,-0.5166301,-1.009621,-0.6556654,5
0.1450875,0.3372771,1.310118,0.9285851,-0.7808316,1.112011,-0.636549,-0.4114742,-0.8796136,5
0.1987816,1.11892,1.086177,1.566786,-0.1539561,1.38491,-1.414461,-0.8724945,-1.578746,5
1.976712,0.09679284,0.3942683,1.209424,-0.3158744,0.6352576,0.2264527,-0.1886395,-0.1631075,5
0.1444368,0.6020999,0.6733121,0.8809925,-0.2641853,1.400508,-1.425783,-1.888923,-1.332258,5
0.4523615,-0.4506967,0.7465096,0.7362279,-1.146779,1.107144,-0.06041371,-0.0988086,-0.1723037,5
0.07093821,0.6893229,1.369989,0.8404914,-0.4607149,1.314386,-1.045277,-1.281827,-1.299152,5
0.3450728,1.38826,1.204479,1.180149,-0.02541458,1.355891,-1.527567,1.207667,-2.020678,5
0.4546769,-0.2935319,0.4344303,1.905445,0.7805173,1.082999,-0.8724665,-0.1075066,-0.7561854,5
0.2922683,0.448053,0.9402107,1.951326,-0.7182252,0.9766952,-0.5772727,-0.3701668,-0.698966,5
1.308678,-0.238639,0.2746951,1.696043,-0.5952498,0.9541472,-1.815966,-1.221292,-0.6080315,5
0.5074117,-0.2074258,0.2758662,0.7465447,-0.2996353,0.5328579,-0.7191962,-0.8668583,-0.4030996,5
1.903508,-0.3022309,0.6441872,0.7665226,-0.6472538,1.403124,-0.02493162,6.554562,-0.9221986,5
0.6486438,-0.4350406,0.6281713,1.352268,-0.6516802,1.106905,-0.9368257,-1.357978,-0.7893344,5
0.8285899,0.2211328,1.076745,1.114192,-0.6408239,1.07568,-0.4367941,-0.06302365,-0.7027557,5
0.3079633,-0.566538,0.8166041,0.6272922,-0.6871999,1.239309,-1.090777,-1.716962,-0.9604243,5
0.5664268,1.056821,1.346875,1.657031,-0.1685135,1.208632,-0.9227667,0.3145836,-2.183408,5
0.2136497,-1.239293,1.391437,1.943838,-0.3336045,1.235149,-1.117965,-6.148069,-1.478115,5
1.463753,-0.1592558,0.3083818,1.399848,-0.5426792,0.9310366,7.451165,-1.190458,-0.5999729,5
0.6724057,0.09335134,0.2391494,1.443575,0.498364,0.4285194,-0.1102641,0.0721497,-0.03240733,5
0.7461041,-0.9174351,0.936211,1.71178,-1.081331,1.107422,-0.3123352,-0.5293939,-0.3755374,5
0.5215487,1.126165,0.9875327,1.841667,-0.7305533,1.181482,-1.185353,0.2228002,-1.316161,5
0.4392509,-0.8590496,1.250412,1.315741,-1.35541,1.318441,-0.1489642,-0.2056971,-0.2166787,5
0.629356,0.631533,0.6155944,1.604576,0.7759945,0.9254008,-0.8083467,-0.4722996,-0.5552455,5
1.000476,0.3652318,0.3142635,1.735657,0.948015,1.286874,-2.460384,-0.3131393,-0.7919332,5
0.6990421,0.2227947,0.3839085,0.5847777,-0.1602444,0.4733359,0.8968118,0.009578668,-0.3949683,5
1.62512,-0.07575531,0.08939819,0.5705059,-0.6900118,0.8522922,0.02845694,-0.8646909,-0.190317,5
0.2217171,0.6271746,1.074116,1.208109,1.045549,1.291866,-0.8045422,-0.3143898,-0.8370193,5
1.134259,-0.5077065,1.062237,1.000642,-1.190918,1.277017,-1.918495,0.343065,0.4024863,5
0.748134,-0.08336744,0.3742283,1.296633,0.328204,1.323091,-2.295005,0.5845098,-1.22447,5
0.1355461,-0.111964,0.1107195,0.2755919,0.5780743,1.105399,-1.566584,-0.01496074,-0.8979506,5
0.02616117,0.4771506,1.188619,1.012373,-0.8008422,0.7700515,-0.1681531,-0.2171383,-0.2669427,5
0.3485156,0.02029117,0.570488,1.691651,0.920877,1.352754,-1.11224,-0.1717122,-0.982145,5
1.81364,0.05534545,0.1248684,1.767995,-0.3636518,1.14404,28.7352,-1.700736,-0.8350085,5
1.534063,-0.7428206,0.935293,1.549654,-1.354427,1.26733,12.29369,0.2084498,0.003596827,5
0.6865094,0.1964391,1.297882,1.638211,-0.7548366,1.030309,-0.2813235,0.07586124,-0.8508649,5
1.049319,0.7295397,0.6542461,1.970515,0.983995,0.9502636,-0.540428,-0.2720934,-0.3041548,5
0.290315,-0.4539518,0.7552328,1.165087,-0.9261799,0.8167861,0.01173951,0.01908329,-0.01004812,5
0.7712133,-0.06949878,0.5881585,1.993081,0.2207215,0.7024223,-0.7043897,-0.1443899,-0.7143543,5
0.2557102,-0.6255841,0.9554017,0.2002557,-1.268961,1.234065,-1.103452,0.6248962,0.4855191,5
0.01995575,-0.3330466,0.9991699,1.093473,0.0427153,1.124234,-1.226902,26.01263,-1.553524,5
0.2134824,-0.1059878,0.1814336,1.67872,-0.3022279,0.7198437,-0.5984836,-1.541054,-0.6854864,5
0.06355518,-0.7214423,0.7870815,1.883333,1.193488,1.154487,-0.6253683,0.4882854,-0.5626197,5
0.1928733,-0.4505963,1.038966,1.34348,-0.107704,1.032679,-0.9024268,-8.988199,-1.070024,5
0.04837693,-0.3582827,1.272606,1.965417,-0.4294527,0.910022,-0.7421643,-2.147843,-1.013477,5
0.4446575,-0.08780214,1.197279,1.468447,-0.795821,1.026562,-0.4465035,-0.1953676,-0.6205156,5
1.902848,0.05752738,0.07432719,0.7257286,0.3589284,1.120839,0.5628242,1.086209,-0.8230467,5
0.149768,0.3730715,0.440797,1.583244,0.1596354,0.7342435,-0.7165983,0.3321275,-0.7370864,5
0.3350731,0.1119375,1.037782,1.425848,0.1041555,1.214126,-1.195856,2.050707,-1.308085,5
0.322779,0.7225495,0.7421179,0.3283025,-0.7208242,1.349586,-70.186,0.05501621,-0.7579332,5
0.01461761,-0.03642753,0.1288201,0.5653556,0.07944448,0.751792,-0.8149975,6.305627,-0.9933137,5
0.3867393,-0.4337325,1.124079,1.923424,-0.8048531,1.243045,-0.7211775,-1.174612,-0.8797478,5
0.6438594,-0.184722,0.6810594,1.30242,-0.7891164,1.191294,-0.9244691,-0.8935303,-0.752143,5
0.5113164,-0.2354134,0.6689382,0.9751574,-1.109201,0.9421495,0.1710932,0.1772097,0.05288648,5
0.3522046,-0.2966344,0.563203,1.465685,0.2617604,0.7885364,-0.7678639,0.01806506,-0.7757123,5
0.1616368,0.6276202,0.7830352,1.003994,0.420258,1.389435,-1.44384,-0.06573696,-1.365233,5
1.444475,0.1487499,0.338782,0.7064197,0.2114675,0.7288062,0.513297,0.6695413,-0.6124743,5
0.0115345,0.6102536,0.9590834,1.897328,-0.07194947,0.1148484,-0.04520811,0.04973226,-1.04081,5
0.5634778,-0.1547509,0.4388021,0.7720453,-0.199496,0.7767901,-1.510385,-2.4117,-0.73486,5
0.2362446,-0.09136528,0.3757192,1.156085,-0.2852031,0.7821111,-0.6638232,-1.411316,-0.6956923,5
1.169274,-0.0402225,0.5947233,1.142281,-0.9848698,1.405774,16.87967,-0.8852233,-0.6927574,5
1.289296,-0.6402662,0.5461187,1.481842,-0.2692032,1.039804,-5.558833,1.889897,-1.243104,5
0.8381056,0.498459,1.228951,1.1918,-0.843837,1.384996,-1.37312,-0.08241491,-1.052309,5
1.548171,0.2852447,0.4928478,0.7042001,-0.6648103,1.207042,0.670334,-0.3312678,-0.1669007,5
0.7586065,-0.8155502,1.064161,1.795105,-1.125774,1.042376,0.0145442,0.05270387,0.01042528,5
0.0157517,0.5704345,0.7587462,0.2586496,-0.8233317,1.053662,-0.5609528,-0.8364449,-0.6887827,5
0.6552092,0.02039742,0.6672893,1.787648,-0.1546056,0.729727,-0.6911778,-0.716014,-0.7798261,5
0.8741945,-0.07917731,0.4097544,1.449889,0.0803616,0.7123868,-1.153148,0.4779408,-0.7236276,5
0.5600938,-0.2442749,1.091967,1.16838,-0.9800957,1.305566,-0.7062676,-0.508715,-0.73045,5
0.5955684,0.4754516,1.074512,1.040842,0.2687688,1.40553,-2.078978,29.81027,-1.508163,5
1.463214,-0.1182585,0.1628651,0.7685974,1.29232,1.31921,0.4194337,0.06599661,-0.486944,5
0.7505593,-0.118676,0.5687011,1.346083,-0.7806813,0.994085,-0.6536949,-0.500181,-0.4951018,5
1.197985,0.5653556,1.059352,1.521405,-0.2898991,1.207685,-2.38425,-0.0681304,-1.460893,5
0.7135376,0.6451349,0.9422761,0.8889337,0.5618115,1.260305,-3.170085,-8.650393,-1.262261,5
1.768255,-0.1151781,0.2469049,0.9832255,0.02740882,1.356354,0.9638542,2.614434,-1.155224,5
0.4260617,0.5207244,0.4885817,0.4870228,-0.1538352,1.12062,-9.708978,-0.08149045,-0.917688,5
1.195046,0.150506,0.3821442,1.371547,-1.248049,1.08572,-0.8720727,0.06928574,0.02190518,5
0.7059629,0.3963239,0.9773749,1.745826,-1.048555,1.071394,-0.4576747,0.1417273,-0.4725696,5
0.8201627,1.49629,1.325608,1.775423,1.150344,1.38928,-1.040499,-1.657441,-1.262449,5
0.09388094,-0.2673103,0.3525205,0.2283373,-1.279369,1.320764,-0.4350234,-0.5659143,-0.3952245,5
0.4938849,0.2238707,0.473267,1.470778,-0.7268046,1.213257,-1.072409,-0.9143193,-0.810754,5
0.008475273,-0.642993,1.410527,0.232456,-0.7522271,0.6951953,-0.08719468,-0.1261253,-0.08031736,5
0.256183,0.2086706,0.9481888,0.9315367,0.3129523,1.04937,-0.9845806,-0.2983737,-1.108836,5
1.174096,0.1334526,0.1760804,1.582563,0.4170968,0.3896846,-0.4626804,-0.00557247,-0.08153323,5
1.252243,0.1904476,0.2137616,1.229417,-1.074677,1.114292,23.10606,-0.2655889,-0.1800254,5
1.020515,0.2151201,0.5299557,1.621622,-0.9786112,1.255624,-1.467512,-0.5160788,-0.5834551,5
0.7229682,-0.1286959,1.356974,1.314005,-0.9505015,1.36854,-0.6537524,-0.2608383,-0.8266516,5
0.08993416,0.05288102,0.3023476,1.918942,0.6384631,0.8313047,-0.6011697,0.1349946,-0.6036223,5
1.291487,-0.07222292,0.1847525,1.57234,-0.5138459,0.6127276,-0.8046315,-0.3495033,-0.247309,5
1.022162,-0.4978535,0.9599682,1.056294,-1.128384,1.101261,6.617152,0.4234792,0.3813269,5
0.5234858,-0.34056,0.3705853,1.565481,-0.5735846,1.18265,-1.07479,-2.061146,-0.9557425,5
0.268994,0.5340306,0.5890012,0.4063264,0.3799799,0.9679993,-2.451651,-10.28255,-0.9260829,5
0.07386081,1.017996,0.8812156,1.094967,0.9626173,0.9595698,-0.4028303,-0.1141759,-0.4523365,5
0.1637633,-0.2648108,0.3588235,0.3421021,-0.4167534,0.7569981,-0.7030634,-1.050513,-0.553752,5
0.1097212,-0.2891065,1.300658,1.058874,-1.28676,1.164596,-0.09925501,-0.1005763,-0.1368394,5
0.2638693,0.3519928,0.8249085,1.915873,-1.075077,1.372626,-0.7241698,-0.9103911,-0.7912344,5
1.945801,0.5652647,0.8642297,1.656572,-0.1260765,1.32086,5.538801,0.07338008,-1.246437,5
0.306188,-0.1724509,0.1900512,1.05308,1.028974,0.9774706,-0.4699537,0.09185414,-0.3041066,5
0.7977513,-0.8122121,1.198686,1.703963,-1.167188,1.268491,-0.2947151,-0.2936924,-0.3609919,5
0.1138176,0.2035274,0.2125141,1.884302,-0.6882523,0.6301792,-0.1048256,-0.1315902,-0.1109838,5
0.03640313,-0.6991745,0.7017327,1.47325,0.8621812,0.8454404,-0.5023703,0.4309306,-0.4640881,5
0.2510229,-0.4290654,0.4088176,1.636778,0.308177,1.352779,-1.416018,1.850897,-1.44006,5
0.7163427,0.03029429,0.3775134,1.241818,-0.1975853,1.199322,-2.006923,-2.708188,-1.064158,5
1.819341,-0.05552108,0.4734929,1.986472,-0.6511089,1.190265,-5.826527,-1.139345,-0.7807491,5
1.35027,-0.002444965,0.009350424,1.824807,0.3855055,1.237639,-3.552363,0.4918672,-1.07144,5
1.820772,0.8974931,0.7743205,1.963287,0.3165855,1.208443,-13.85624,1.580175,-1.495574,5
1.401661,-0.3356497,0.4804516,1.886347,-0.5668403,0.9384614,-1.40261,-1.295502,-0.6675765,5
1.236524,-0.03125843,0.6509563,1.467357,-0.1744009,0.9556474,-2.747323,-1.335731,-0.9300822,5
0.5536468,-0.7281287,0.6252295,0.615761,-1.18583,1.400742,-4.282497,-1.716559,-0.690736,5
0.09109874,0.6133485,0.6542786,1.610908,0.369905,0.9110509,-0.817217,-0.1197776,-0.8729986,5
0.4985146,-0.02438352,1.244442,1.918332,-0.8775397,1.311246,-0.7848066,-0.6720436,-0.9204242,5
0.01171455,-0.4315035,1.047613,1.746832,0.2459635,0.8374292,-0.9781299,2.820068,-1.207317,5
0.2509328,0.04162157,0.8297241,1.865127,-0.42375,0.8473786,-0.5891108,-0.8314668,-0.7159625,5
0.3412857,0.434151,0.5869536,1.438778,0.5554446,1.262041,-1.369635,-0.2520076,-1.127469,5
0.1400652,0.1937635,1.182963,1.968784,-0.9243087,1.282882,-0.7125778,-1.247818,-0.9258658,5
0.1997717,0.0003449669,0.5119742,0.9241229,-0.368894,1.294787,-1.174044,-2.376254,-1.146059,5
0.03529685,0.4181717,0.6051925,1.434697,0.5691742,0.8702466,-0.6935028,0.1511219,-0.7374411,5
0.08947326,0.8439505,1.355258,1.847371,-0.1111476,0.7165053,-0.5854045,-0.3217406,-1.136071,5
0.3644789,1.020157,0.9709697,1.891727,0.9972831,1.346615,-1.064856,-0.6276132,-1.008256,5
0.07816569,-0.108164,0.8936735,0.6095918,-1.016553,1.115557,-0.3790771,-0.5873905,-0.4855002,5
0.693781,-0.7070744,0.8779321,0.5305041,-1.26254,1.280492,-0.4195018,-0.06638231,-0.1448096,5
0.5209156,0.8647838,1.071666,1.319567,-0.9840634,1.174018,-0.874542,0.2759623,-0.9930546,5
0.1641105,0.07345726,0.3747579,1.312577,-0.4003487,0.6572931,-0.4364298,-0.7405114,-0.5007977,5
1.152549,0.4280799,0.866758,1.538463,-0.9047633,1.317852,-2.346957,-0.2257021,-0.7299355,5
1.812742,-0.05714197,0.312907,1.444608,0.6747798,1.071102,2.13085,-0.1160961,-0.7712308,5
0.07002068,0.666979,1.34815,0.821289,-0.02501832,0.4871058,-0.05336537,-0.1341148,-2.493035,5
0.5580218,-0.03094188,0.2021887,0.8746333,0.02443349,0.2879928,-0.4487102,0.1448819,-0.3046762,5
0.4069752,0.4254172,0.7763652,1.846708,-1.240409,1.383532,-0.6673691,-0.442407,-0.5788901,5
0.3581451,0.1178159,0.9539669,1.074043,-0.2575115,1.028398,-0.9506842,-0.8242928,-1.099724,5
0.1841388,-0.2565971,0.487747,0.4713324,-0.7043747,0.9811845,-0.6100737,-0.8307466,-0.5720274,5
0.6372898,-0.1542282,0.6525596,1.240032,-0.3414368,0.8173791,-0.785115,-0.8064223,-0.7347191,5
1.568755,-0.3562483,0.3152601,1.676571,-0.6922967,1.329224,-11.14065,-2.872115,-0.9553471,5
1.909815,0.508674,0.5910514,1.422678,-0.6735124,1.27255,3.242576,-0.1392538,-0.5005524,5
0.2794025,0.05049807,0.3712477,1.601833,-0.3858831,1.155886,-1.012024,-2.14317,-1.034642,5
0.620587,-0.1868246,0.6291037,0.7199749,-0.6643928,0.9775437,-1.554791,-0.5815829,-0.5644461,5
0.5201355,0.8056077,0.7622319,0.915906,-0.4591445,1.003286,-1.775271,0.2622967,-1.113504,5
0.03901238,0.0816291,1.137707,1.726537,0.8375177,1.392895,-1.22292,0.7248955,-1.350485,5
0.02728548,-0.0301773,0.676338,1.428068,1.109645,1.236591,-0.8461478,0.5211423,-0.8402775,5
0.7650385,0.4842704,0.625281,0.4937328,-0.4354059,1.180463,1.927732,-0.02902819,-0.5631431,5
0.1501586,-0.2137973,0.7358128,0.504923,-0.001297013,1.317392,-1.399454,7.396786,-1.310093,5
0.06942679,0.04030807,0.8922782,1.363804,-0.153579,0.5516644,-0.4385199,-1.007384,-0.5943207,5
0.06205423,1.022575,1.285468,0.6034737,-0.7858344,0.8072159,-0.3294889,0.2639486,-0.9821984,5
0.08674115,0.9590541,1.33156,0.7035915,0.3258692,1.084497,-0.8731219,-1.024167,-1.430229,5
1.37171,-0.2294438,0.4349821,1.144761,0.3664267,1.201316,3.441499,0.0976704,-1.144356,5
0.4230769,0.4067054,0.8584183,1.173387,0.9374887,1.097425,-0.6550867,-0.2217916,-0.5877626,5
1.383387,0.3762998,0.7347494,1.202398,-0.567788,1.010433,2.449591,-0.0538303,-0.4169897,5
0.344149,0.04524409,0.1867583,1.460861,1.227144,1.247554,-0.6947809,0.05098225,-0.4941871,5
0.1417502,0.0036047,0.4072754,0.6816059,-0.7771131,0.8312398,-0.2803856,-0.3709203,-0.3059667,5
0.2673572,1.168619,1.279099,1.50443,0.1426679,1.206067,-1.092728,3.826057,-1.731402,5
0.5712281,-0.3849623,0.4263272,1.321176,-0.2600389,1.343818,-1.673167,-8.72631,-1.228178,5
0.3108282,0.8155019,0.914426,1.94692,0.4250229,1.391456,-1.444449,-0.4593873,-1.421668,5
0.5515372,0.7046326,0.7225683,0.733291,0.2004576,1.165573,-4.511542,1.115837,-1.234081,5
0.5391383,0.1370227,0.5803161,1.352466,0.701578,1.413003,-1.700096,-0.1716685,-1.189888,5
0.3008329,0.1755145,0.77399,1.137007,0.2234458,1.362796,-1.489084,1.26642,-1.358816,5
1.073156,-0.1680137,0.3087512,0.4534285,-0.5482463,1.161152,0.1850604,-4.842275,-0.7118066,5
0.4176117,-0.2355335,0.3065193,1.757746,-1.014804,0.9600316,-0.1611656,-0.2710478,-0.1962284,5
0.2364541,0.7725174,0.9069308,1.255252,0.5499973,1.08481,-0.967685,-0.6963051,-1.075479,5
0.8750052,-0.3162841,0.5194117,1.647249,-0.2665798,0.7896525,-0.9269616,-2.487441,-0.7547028,5
0.3052747,0.3914266,1.263591,1.388218,0.476897,1.235268,-1.027408,-0.5213244,-1.304189,5
0.2485473,-0.5079449,0.6385963,1.26193,-0.6035873,1.265457,-1.025192,-2.496546,-1.145428,5
0.6807963,0.01372013,1.333596,1.503319,-0.9568006,1.098622,-0.1606721,0.1761175,-0.4128251,5
1.701185,-0.2932601,0.343631,1.393517,0.2572706,0.9509373,2.713233,0.1223047,-0.9729647,5
0.3478098,0.6027158,0.5991433,1.062993,-1.085315,1.399133,-1.253835,-0.4633227,-0.7563471,5
0.04212308,-0.548951,0.4861122,0.1602043,0.6288546,1.210354,-1.231013,0.01087707,-1.058721,5
1.04612,0.2925599,0.3763545,1.405091,-0.2309953,0.6971743,-2.198742,-0.1961829,-0.5645095,5
1.362663,-0.2052468,0.7291407,1.598967,-0.1290632,1.403836,-5.237796,11.20621,-1.38108,5
1.063924,1.284548,1.100181,1.331001,0.07708462,1.385421,-5.158039,1.1944,-2.71201,5
0.01241991,0.03251119,0.5347071,0.7338951,0.2463702,0.5689008,-0.5651741,0.6863528,-0.6576866,5
0.03987255,-0.2287749,1.113367,1.959485,0.2311806,1.101049,-1.162978,3.823326,-1.420933,5
0.06123698,-0.6228962,1.211252,1.166299,0.3297277,1.366596,-1.358453,2.607601,-1.605947,5
0.9886152,-0.05736814,0.2427467,0.1768571,0.3262487,1.303414,0.08453851,0.4640205,-0.9961028,5
1.443801,0.1659188,0.5140647,0.9109316,-0.8041828,1.211684,0.7287835,-0.5085469,-0.3598283,5
0.7278883,-0.2744375,0.2337178,1.909478,-0.2854069,0.7916567,-0.8861774,-2.235591,-0.7031788,5
0.2685208,-0.3190251,0.6662745,0.4797762,-0.5740427,0.8740246,-0.6402004,-0.6542885,-0.5869772,5
0.3833237,0.01412226,0.2202505,0.6475852,0.7973943,0.698276,-0.3162472,0.1203879,-0.103291,5
0.4270471,0.4078915,0.4083718,0.4816701,0.82794,0.9284791,-4.533838,-0.4978465,-0.4200036,5
0.6561413,-0.01975271,0.02074312,0.7046506,-0.2607984,1.401981,-13.67697,-3.917933,-1.145222,5
1.21525,0.0124786,0.1018903,0.660667,-0.6705444,1.234251,0.5757322,-1.407092,-0.6130002,5
0.5330613,-0.04841101,0.2201487,0.543442,0.4312814,0.7676648,-23.23667,-0.06492133,-0.5969069,5
0.06681705,-0.7438276,0.6854242,1.419414,0.9175323,1.01282,-0.6920135,0.387238,-0.6768821,5
1.751227,-0.4348406,0.543674,1.799691,-0.208646,1.330562,-29.68733,3.071923,-1.333226,5
0.3890003,-0.1058471,1.361333,0.8588057,-0.9729794,1.272348,-0.5042535,-0.1420451,-0.7073964,5
0.09160761,0.2220571,1.225928,0.4826906,-0.9901267,1.234723,-0.5978672,-0.4165339,-0.7266346,5
0.110314,1.149563,1.023303,1.553821,-0.2528338,0.8035117,-0.6976995,-0.08887495,-1.187133,5
0.6616624,0.1901058,0.4820427,1.822834,-0.4856936,1.288634,-1.413447,-1.447612,-1.053373,5
1.010747,0.1136204,0.2267503,1.243111,0.2495097,0.8560793,-3.731065,0.3875229,-0.7342988,5
1.839665,0.03157797,0.2122778,1.762324,-0.2818472,1.068998,15.34177,-1.810887,-0.8228813,5
1.796934,-0.6340951,0.5922545,1.780978,-0.67363,1.054796,48.72439,-16.88603,-0.9196075,5
0.4990855,0.4080405,0.732179,0.5505002,-0.4516105,1.33507,-9.720687,-0.5304052,-1.022626,5
0.5344443,0.2280139,0.5132012,0.5130019,-1.336761,1.394926,8.963053,-0.2315394,-0.2123557,5
0.9614856,0.3784343,0.4549951,1.886365,-0.1987503,1.130332,-2.024099,-0.9218798,-0.9998919,5
1.849363,0.06390824,0.5040564,1.793215,-0.5465289,1.274386,20.50526,-1.216195,-0.8879912,5
1.180754,0.7689263,0.8228287,1.434825,0.7909185,1.146559,-2.70372,-2.960284,-0.9541079,5
0.1519963,1.002901,0.8724273,1.794361,-0.5081707,0.837589,-0.6337423,-0.1944142,-0.8876272,5
1.005778,0.0994384,0.4709798,1.481624,0.3879322,1.26684,-2.905702,0.2521291,-1.137285,5
1.268079,0.1551209,0.2156266,0.8579701,0.6880172,1.266842,2.229511,-0.08349793,-0.8919249,5
1.460753,-0.2508996,0.6048469,1.507247,0.81099,1.350866,-20.55702,-0.2219981,-1.078717,5
0.4829769,-0.02495715,1.347836,1.692163,-0.5144524,1.13129,-0.7718967,-0.5417652,-1.135099,5
0.06571718,0.6323278,0.8462809,1.091081,0.9978185,0.9339975,-0.3316916,0.02766663,-0.3099675,5
1.360335,-0.01921343,0.4388663,1.774102,-0.2174219,0.768653,-1.720673,-0.9851736,-0.6843488,5
0.9059688,-0.117307,0.4688005,1.098571,-0.512499,0.9903092,-2.325221,-1.066614,-0.7131043,5
1.394659,0.1404885,0.5319602,1.614432,-0.737942,0.9195663,-1.945224,-0.2104191,-0.3450144,5
0.7888517,-0.4074548,0.5063083,1.379813,-0.3997561,0.7259762,-0.7438071,-1.395113,-0.6088647,5
0.4372509,0.3392603,1.085829,1.141593,-0.3424093,0.7852908,-0.2121631,-0.01807142,-1.470379,5
1.01853,0.4813124,0.9677491,1.274877,-0.2868094,1.212913,-3.027182,-0.1772564,-1.267431,5
0.3861166,0.4772528,0.4340748,0.9719529,-0.1646106,0.9524303,-1.503414,-0.4593772,-0.8898779,5
0.1057264,-0.1708131,0.9766355,1.224711,-0.7890276,0.8133432,-0.212934,-0.3198337,-0.2922573,5
1.143849,-0.01018255,0.4137087,1.737349,0.04012882,0.7657319,-1.459133,2.108689,-0.7569777,5
1.431549,0.3656673,0.7180309,1.619969,-0.8275326,1.170256,-4.387747,-0.1838973,-0.5313682,5
0.5270926,0.7258048,1.224296,1.525598,0.05648023,1.260672,-1.222808,0.3551264,-1.656775,5
0.3595659,-0.386337,0.5247625,1.466244,-0.2184043,0.8580016,-0.8118993,-3.4146,-0.8588505,5
1.60257,0.2651362,0.8646736,1.773724,-0.005543994,1.338638,-8.097623,-0.7458139,-1.30953,5
0.3600696,-0.7482077,1.105603,0.8756369,-1.43576,1.274644,0.09158777,0.1016657,0.01921675,5
0.3448714,0.5034776,0.4656844,1.93322,-0.09902494,0.576337,-0.6151245,-0.07129455,-0.6973431,5
0.2454085,-0.06102617,0.2005784,0.4622695,-0.362591,0.9460543,-1.231241,-1.46973,-0.7438159,5
0.9735616,0.03381499,0.4178619,1.989424,-0.7093779,1.281169,-1.35101,-1.207786,-0.8735963,5
0.2032266,0.4097933,0.6294282,0.9426351,-0.3736491,0.4850293,-0.2549679,0.08890102,-0.6338983,5
0.03686738,-0.06364948,0.05449872,1.853917,0.2284577,1.294525,-1.437727,6.624234,-1.748822,5
1.936615,0.5234672,0.7527431,1.261615,-0.1975169,1.063486,0.9140004,0.1476031,-1.010431,5
0.3629708,0.4521697,0.6895882,1.000834,-0.05387923,0.5246578,-0.238322,0.03815264,-1.370147,5
0.4817303,0.5623202,1.178568,1.538193,0.3764528,0.9771116,-0.6013943,-0.6026999,-1.22621,5
0.4226103,0.8066979,1.160728,1.99592,0.6796722,0.9747515,-0.5370225,-0.3832422,-0.9010516,5
1.213356,0.2414754,0.3698235,1.688887,-0.5423471,1.024684,-2.436133,-0.6358963,-0.6548911,5
1.964151,0.02740502,0.6732149,1.353174,-0.6744805,1.333728,0.8083619,-0.9180832,-0.7320474,5
0.3079211,-0.006630107,1.168849,1.65521,-0.01026386,0.9775043,-0.8461517,-11.48916,-1.126154,5
0.6053504,-0.1662106,0.2494947,1.221246,0.135028,0.4635061,-0.6414103,0.0379427,-0.4699059,5
1.568772,0.06642999,0.3014493,1.3896,-0.7198713,1.131257,3.703856,-0.8441149,-0.5665748,5
1.158937,0.2515593,0.647042,1.612154,-0.3749023,0.9956202,-2.018071,-0.4611028,-0.8358368,5
1.576245,-0.3215082,0.823262,1.994908,-0.9904267,1.165983,-0.5685072,-0.3298909,-0.4355457,5
0.9861672,0.4706132,0.590925,0.9726323,-0.6721101,0.9970345,45.88517,0.01653651,-0.4007538,5
0.02555004,0.9338829,0.8695104,1.872563,0.5042331,0.4311629,-0.05796304,0.04421519,-0.1612516,5
1.485186,-0.3462965,0.3434363,1.254079,-0.864392,1.108997,1.776243,-1.322435,-0.5512344,5
0.3392437,-0.05370339,0.2394417,0.3323905,0.7583478,0.8925413,17.51934,-0.05225543,-0.4692918,5
0.5195263,0.5220922,0.6450388,1.98587,1.157598,1.384383,-1.12865,-0.2523033,-0.7878802,5
0.07625786,0.2233392,0.9376308,1.465652,-0.1812072,0.4976059,-0.359905,-0.4100271,-0.5641587,5
0.04638373,0.09773605,0.6726551,1.624185,0.2405884,1.05041,-1.074704,2.870365,-1.271467,5
0.004761307,0.2845711,1.040573,0.3745934,1.505409,1.369636,-0.5951187,0.5507574,-0.4955832,5
0.9982787,0.4161009,0.4312167,0.5509045,0.3680431,1.034805,1.281053,1.097598,-0.8578695,5
0.1358933,-0.0185592,1.130429,1.829501,-1.423632,1.298554,-0.1573482,-0.2173033,-0.2141321,5
0.1192894,-0.1633816,0.2563915,1.483791,-0.3457256,0.4514426,-0.2414644,-0.5165534,-0.3174053,5
0.1928839,0.1551967,0.8541315,1.346703,-0.9659851,0.8750269,-0.1199657,-0.0110429,-0.1478483,5
0.153432,0.3210092,0.9597354,1.421598,-0.3860561,0.7485337,-0.5208114,-0.445409,-0.739078,5
0.1814779,-0.2745132,0.5838041,1.907965,-0.1299546,1.060433,-1.018078,-7.907116,-1.19564,5
0.5872898,0.05572565,0.5273373,1.316829,-0.3920047,0.5874329,-0.393981,-0.1799214,-0.4234508,5
1.476739,0.2894817,0.2673426,1.362112,0.2466573,1.201237,15.32219,-1.847895,-0.9644773,5
1.304086,0.2356222,0.477528,0.9161481,-0.156784,1.338692,2.451913,-1.077015,-1.007176,5
0.2497883,0.4099289,0.6397213,1.97089,-1.373461,1.269183,-0.2626865,-0.1886753,-0.234371,5
0.2170986,0.2265826,0.9853584,1.328364,-0.2732711,1.207553,-1.082637,-1.663802,-1.199456,5
0.5879957,0.6001313,0.7182962,1.15864,0.5804783,0.8212107,-0.6988574,-0.6676049,-0.6770163,5
1.319395,0.2394716,0.2467872,0.4020069,0.9416672,0.9948139,0.2005075,-1.611653,-0.3367819,5
1.058317,-0.2041619,0.3545174,1.545462,-0.1624657,1.178225,-2.494575,-24.43041,-1.084872,5
1.143372,-0.003489983,0.1089865,1.204275,0.5971636,1.346061,-18.48933,0.1450171,-1.088139,5
1.379886,-0.1575974,1.00219,1.505567,-0.9550183,1.373989,-2.319823,-0.4828418,-0.6708238,5
0.7747459,0.3209843,1.047657,1.073888,-0.08406065,1.209407,-1.868488,-0.3123186,-1.383061,5
1.406899,1.258465,1.116519,1.967709,0.7194465,1.143696,-1.751594,3.794131,-2.995273,5
1.349772,0.2141655,0.3715335,0.9329735,-0.3195225,0.8608077,1.384814,-0.3613781,-0.4875237,5
0.4137188,-1.292898,1.120419,1.566245,-0.438982,1.381232,-1.417286,-14.50467,-1.667107,5
0.3637335,0.6412951,0.885815,1.209007,1.124665,1.274945,-0.8531478,-0.2842059,-0.6737581,5
0.01760152,0.9499621,1.353644,0.4309252,-0.1217804,0.4232866,-0.1620921,0.1973471,-1.93619,5
0.2193349,0.5627781,1.316516,1.990854,-0.3719885,1.223766,-1.024932,-1.12279,-1.301192,5
0.214784,0.5307524,0.9844875,0.7607687,0.1341273,1.021064,-0.9764918,3.403797,-1.25826,5
0.8847409,0.01890868,0.2785555,1.975456,-0.589491,1.126595,-1.14892,-1.186484,-0.7858908,5
0.08508617,-0.04953575,1.160783,0.6588813,-0.6590484,0.8583346,-0.3848282,-0.3867318,-0.5307233,5
0.005056251,-1.558916,1.370916,0.7748743,-0.1141788,1.090606,-1.313709,-16.98024,-1.771431,5
1.650424,0.7200503,0.6641005,1.490439,0.622158,0.9675008,3.858463,2.6738,-1.105144,5
1.550623,0.451799,0.4121508,1.290862,-0.759658,1.361797,6.383422,-0.4390126,-0.5872821,5
0.675509,-0.2215341,0.5781014,1.116538,-1.35128,1.370286,-0.4259776,-0.3726983,-0.3444109,5
0.05259541,1.399733,1.194245,1.027598,1.08616,1.322736,-0.83893,-0.3574176,-0.9243686,5
1.951843,0.02379329,0.02753006,1.804699,-0.05483219,0.972526,8.685107,-4.807544,-0.8041971,5
1.959204,-0.2102832,0.3052039,1.671036,1.137522,1.382185,3.451293,-0.07135663,-0.7874156,5
1.076864,-0.2625399,0.8011508,1.069528,-0.579386,1.081893,26.98559,-0.8495402,-0.7768672,5
0.6952252,-0.1578035,0.1870769,1.504577,1.218296,1.185421,-0.7696134,0.0881074,-0.4014686,5
0.08463979,0.7260615,0.734509,0.7647515,-1.064278,1.042038,-0.3692981,-0.1177414,-0.3561749,5
0.01092172,1.106997,1.261503,1.674785,0.6916436,1.32965,-1.325458,1.439196,-1.527945,5
1.911422,0.1102136,0.1043422,1.50281,0.8087005,1.204371,3.392597,-0.06432551,-0.7686456,5
1.22853,-0.1803279,0.5090161,1.104444,-0.9348244,1.001513,0.07683628,-0.2503219,-0.2310272,5
1.533375,-0.10938,0.3843406,1.191758,0.4470916,1.388986,2.90149,0.2368852,-1.223256,5
1.220417,0.08816715,0.1163088,1.544757,0.5229785,0.6041903,-1.751569,-0.03694663,-0.2944454,5
0.496198,0.1784221,0.6883222,0.6439146,-0.9210935,1.321298,-2.314735,-0.5673775,-0.6927499,5
0.5731969,0.4290127,0.8650708,1.525218,0.9081626,1.140594,-0.8126615,-0.3038683,-0.6963478,5
0.1021207,0.315161,1.290823,1.919102,0.7507894,1.162723,-0.8523329,-0.2375878,-0.9417226,5
0.6729065,0.6110955,0.8222429,1.243905,1.015357,1.167015,-0.911423,-0.3776864,-0.591426,5
0.2257373,0.5485703,0.7880116,0.6267041,-1.136498,1.185419,-0.7600692,0.00136745,-0.4949058,5
0.02467404,0.3827536,1.284887,1.113099,-0.6485153,1.282827,-1.016039,-2.670081,-1.367345,5
1.946985,-0.132629,0.5180106,1.548821,-0.1192497,1.365774,2.769395,12.28352,-1.239223,5
0.4207247,0.9283891,0.96721,1.694492,-1.081148,1.193755,-0.8263181,0.1376424,-0.7962157,5
0.7035828,-0.4344692,0.374622,1.301023,-0.8268187,1.217512,-1.235201,-1.536207,-0.7629965,5
0.7826204,0.06927739,0.1377352,1.050954,-0.03000894,0.9722025,-2.982709,-4.153561,-0.8418379,5
0.0837836,0.1311659,0.1602105,0.2241243,-0.005599597,0.6721002,-0.9345348,-2.443538,-0.6177023,5
1.430894,-0.1944143,0.8150944,1.326951,-0.2467604,1.239967,5.399379,-8.535638,-1.228834,5
0.5567261,-0.1990067,1.070529,1.221104,-1.381406,1.406357,-0.3363337,-0.1538978,-0.3657983,5
0.7586207,0.3945791,0.7299926,1.589999,-0.7582948,1.321616,-1.553062,-0.6473781,-0.9483162,5
0.5831036,0.4460953,1.030258,1.115992,-0.06544912,1.255593,-1.621409,-0.3591448,-1.424216,5
0.4728163,-0.06353062,0.1871541,0.2668832,0.5918409,0.6900133,0.259624,-0.04289309,-0.3494852,5
0.4367751,0.7806802,0.6946543,1.460649,-1.240388,1.096706,-0.6433874,0.3422911,-0.2931547,5
1.026898,-0.4796982,1.197043,1.941778,-0.7706847,1.191583,-0.6584433,-0.5064528,-0.7920298,5
1.832994,-0.2370562,0.5724898,0.9927825,-1.240094,1.299023,-0.2908274,-0.3257468,-0.07328461,5
1.148145,-0.5602399,1.279562,1.630689,-1.395245,1.296688,0.6606284,0.5163436,0.4364759,5
1.128109,-0.07569093,0.4282057,0.5610204,-0.19602,0.7979575,0.1052034,-3.512555,-0.6264779,5
1.996095,-0.09167528,0.3315443,1.633375,-0.3195029,0.447806,-0.0925886,-0.1190391,-0.1171761,5
1.314775,0.04035081,0.1479848,1.594744,1.58152,1.397512,-1.871604,0.2741035,-0.2355238,5
0.6932644,0.2979019,0.9302208,0.803185,-0.1275738,1.123524,-3.26182,-0.2711098,-1.218203,5
0.4984168,0.4852672,0.714186,0.9792585,-0.3357959,1.335899,-2.167537,-0.790548,-1.211966,5
1.078262,0.5844321,1.027271,1.943572,-1.185838,1.399757,-1.249596,0.01167712,-0.70683,5
1.205877,0.1436822,0.4220536,1.698629,-1.146622,1.41127,-1.845301,-0.6671199,-0.5789165,5
0.1478167,0.4449595,1.287941,0.9869706,-0.3845086,0.9540931,-0.7081553,-0.4025979,-1.180665,5
1.225257,0.315336,0.7001516,1.735318,-0.8561264,1.130385,-1.59331,-0.2175844,-0.5519811,5
0.5345472,-0.2804402,0.574737,0.7126755,-0.6775526,0.8022814,-0.3941307,-0.2753868,-0.3233103,5
1.457625,0.557034,1.047462,1.947836,0.2638925,1.207095,-2.09372,0.9619274,-1.480787,5
0.0007787527,0.3448575,1.25892,1.936417,0.7056892,1.002949,-1.176741,1.665062,-1.32549,5
0.8087597,0.02787536,0.4544258,1.673344,-0.5989956,0.8565396,-0.6990302,-0.503789,-0.5057117,5
1.414954,-0.0947305,0.6541724,0.9639239,-1.213627,1.355623,-0.1023053,-0.3451825,-0.1904765,5
0.7370845,0.3235678,0.8397107,1.959692,0.736958,1.233024,-1.214488,-0.4146923,-0.9966167,5
0.6019958,-0.2927622,0.4995999,1.307109,-0.8394209,1.324664,-1.07441,-1.349298,-0.8400928,5
0.5242262,0.5255535,0.8076774,0.7738252,-0.1787468,1.056778,-2.134479,-0.05116982,-1.165529,5
0.5457796,-0.3356633,0.5476698,1.198121,0.3256031,1.075634,-1.402076,0.1007819,-1.063749,5
0.5221208,0.2370842,0.98116,0.9628777,-1.128985,1.274229,-0.7221787,-0.09111734,-0.5345164,5
1.604647,0.4564621,0.4239001,1.904588,0.1533846,1.198134,-8.358304,0.01222777,-1.021082,5
1.404049,-0.1224413,0.6249036,1.348688,-1.001171,1.15688,2.322833,-0.3496802,-0.3493649,5
1.783881,-0.09949235,0.3318893,1.0038,-0.5555096,1.34031,0.6271978,-2.580643,-0.8779472,5
1.433084,0.0384479,0.06951712,1.066589,0.3179986,1.084486,2.367465,0.7117589,-0.8832319,5
0.9512753,-0.04223758,0.1025399,1.341779,-0.6247575,0.5283108,0.06761018,0.008919143,0.0008286017,5
0.8259059,0.3613519,0.3247478,0.8307375,0.009641782,1.163306,-221.3391,-0.5857336,-0.9263941,5
0.006847743,0.08137817,0.07177143,0.01736117,0.02682402,0.07555343,-0.08472139,0.509395,-0.1197611,5
0.2964725,0.9959108,0.8586937,1.896769,-0.05794028,1.392834,-1.541468,-1.035708,-1.498738,5
0.7498172,-0.2567978,0.2262468,0.5606851,-0.3780797,0.7918392,1.261282,-10.48375,-0.6215326,5
0.05154363,1.235378,1.398125,1.826158,0.9194704,0.937775,-0.3780355,-0.1027092,-0.5303938,5
0.56015,0.1856108,0.3244091,0.9313582,0.9514356,1.349276,-2.285871,-0.1720907,-0.8843194,5
0.09882808,-0.37108,0.5344813,1.307018,0.3816833,1.145197,-1.140758,1.357182,-1.268049,5
0.5882018,-0.3440616,0.4829605,0.6934421,0.5269217,1.352481,-5.77486,0.02097715,-1.264518,5
0.5139887,0.2494026,0.4923748,0.7996581,-0.3869299,1.23455,-2.51614,-1.115079,-0.9978482,5
0.1111351,0.5499324,0.5488728,0.6705019,-0.03166137,0.4978749,-0.4503061,0.2995856,-0.7854185,5
1.306742,0.1878328,0.3543968,1.549174,-0.8259317,0.9277448,-2.230005,-0.218875,-0.2601801,5
0.2973313,0.5995919,0.6103305,1.004827,0.2869419,1.183948,-1.54577,-0.6566775,-1.167872,5
0.1303598,-0.904539,0.8853856,1.621834,-0.9755808,1.401131,-0.8878951,-2.08586,-1.16638,5
0.2480995,0.1074266,0.2879292,0.6206018,-0.9128253,1.134784,-0.7564686,-0.6259523,-0.5147994,5
0.02233517,-0.008534315,0.3391058,1.584395,0.7836319,1.053157,-0.9235898,0.7439125,-0.986163,5
1.079575,0.4226148,0.9607697,1.85872,-1.471043,1.362324,-0.6129325,0.2568881,-0.2164021,5
0.1123448,0.1324326,0.4868341,1.524078,-0.5983665,1.145433,-0.8568441,-1.925247,-1.040845,5
0.5614598,0.4617681,0.8591835,1.655195,-1.498395,1.352631,-0.4687791,0.1253612,-0.2506043,5
1.622707,-0.1546176,0.4131346,1.569218,-1.049624,0.9629112,-1.90622,-0.03229477,-0.06001005,5
0.09556937,0.1560528,0.5319383,0.05522167,0.6837499,1.317983,1.137646,-0.5440246,-0.9923867,5
0.3845381,-0.6005099,1.053014,1.307616,-0.8065606,1.093727,-0.5263205,-0.765014,-0.6412023,5
1.163544,-0.3946262,0.6527976,1.40055,-1.158633,0.9922911,0.9113434,0.2469401,0.09818076,5
0.7125669,-0.333427,0.6624727,1.450762,-0.6460749,0.7089703,-0.1648168,-0.1076816,-0.2040489,5
0.37825,0.4384132,0.7162493,0.6612073,0.9463403,1.396949,-2.17774,-0.5252649,-0.9741251,5
0.3982873,0.7759332,0.6851965,1.507125,0.288102,0.9199138,-1.065089,-2.940981,-1.046032,5
1.055657,0.02387147,0.07404192,0.2419922,-0.3907987,1.194667,0.154775,-2.034235,-0.5309282,5
1.287276,-0.3038371,0.408747,0.6226088,0.8379195,1.412747,0.5627347,-0.107291,-1.14654,5
0.3839588,0.08572191,0.3174424,0.1857519,0.4160295,1.251741,0.8297004,0.4710309,-0.9802238,5
0.1767485,0.5330094,0.8782515,1.49822,-1.429233,1.375968,-0.3634166,-0.2764208,-0.366764,5
0.1151801,0.03851142,0.2126145,1.150479,0.685811,0.7187151,-0.3712779,0.008327247,-0.317482,5
0.5937533,0.5144458,0.6393067,1.628792,-1.010686,0.959716,-0.5684415,0.1535731,-0.3065437,5
0.8122371,-0.3160852,0.42067,0.2638105,-0.5777009,0.9730691,-0.05168192,0.8871807,-0.6384651,5
0.249999,-0.008691623,1.304363,1.280364,-0.8531057,1.18439,-0.6136706,-0.5192355,-0.7804796,5
1.248109,-0.3392028,1.223762,1.837082,-1.186176,1.232744,0.2251505,0.2563852,0.06448739,5
0.7471451,0.3093938,0.4917443,1.540461,-0.6978771,1.327961,-1.71925,-0.9597941,-0.9302504,5
0.2735661,-0.3733765,0.7927865,1.101955,-0.6194727,1.255087,-0.9530084,-1.804669,-1.032062,5
0.5100625,0.4108218,1.052138,0.751874,-0.1976436,1.289513,-2.076891,-0.3561294,-1.406219,5
0.9258178,-0.1627945,0.5425006,0.9163702,0.6962698,1.342449,68.25018,-0.1743419,-1.120828,5
1.030788,0.5354881,0.6357126,1.659297,-0.2188008,0.9934727,-2.163787,-0.07353249,-0.9777712,5
1.593073,0.2975154,0.8367603,1.997203,-0.05853143,1.23046,-3.641511,-0.5626551,-1.230947,5
0.488633,-0.6673254,1.226749,1.826346,-1.249231,1.068008,0.1095992,0.2293299,0.1753557,5
0.09171022,-0.355073,0.7327604,1.581771,-0.1828176,0.9820709,-0.9397165,-5.372799,-1.176984,5
0.3852996,-0.4407285,0.5637432,1.935212,-0.7888765,0.7664977,-0.1408115,-0.258726,-0.1947152,5
1.137669,-0.3567694,1.020859,1.975627,-1.477707,1.256195,0.3470413,0.3550774,0.1513699,5
0.6774939,0.5026324,0.4249898,1.719646,0.498208,0.4317774,-0.08110315,-0.02126508,-0.08290233,5
1.757673,0.1813723,0.5626591,1.09873,-0.2865807,1.159344,1.055396,-0.6540054,-0.782986,5
0.08077632,0.751036,0.8639852,1.94339,0.2331051,0.5057551,-0.3696849,-0.3343548,-0.6870983,5
0.7228215,0.2099798,0.3240698,1.771886,0.06327359,1.032463,-1.50415,-10.70612,-0.9624335,5
0.2455836,-0.3713525,1.178395,1.441586,0.7173321,1.324313,-1.081237,-0.2704531,-1.148831,5
0.1194888,-0.1636281,0.3308919,0.885195,-0.9237063,0.858409,-0.1196888,-0.2171246,-0.1621617,5
0.355794,0.5847581,1.390499,1.178083,-0.871363,1.324211,-0.8814053,-0.1828152,-1.268431,5
1.449937,-0.3205111,0.5300869,1.876338,-0.2377441,1.195126,-3.107446,54.85995,-1.146621,5
0.2134879,-0.5705376,1.113065,1.92853,-0.3926582,0.9754502,-0.7507147,-1.999801,-0.9687758,5
1.826841,-0.2713984,0.3442727,1.065756,-0.7700813,0.8822213,0.03712787,-0.8386781,-0.2960404,5
0.01725913,0.586648,1.399022,0.1312866,-1.483321,1.391533,-0.3200647,-0.03370997,-0.398259,5
0.6149268,0.5612946,0.482996,1.357274,0.4007367,0.5945947,-0.6346535,-1.161332,-0.5837043,5
0.4797175,-0.3971153,0.8626763,0.7836743,-0.8621058,1.164026,-0.7434072,-0.6485646,-0.6541654,5
0.4143621,-0.2560495,0.4582863,1.030509,0.7579666,1.051853,-0.9930459,-0.1289171,-0.7373747,5
1.194425,0.4655601,0.5534716,0.766647,-0.8739699,1.358959,1.984895,-0.2042287,-0.2826083,5
0.3181952,0.1558963,0.5436159,0.8506891,0.3189731,1.277978,-1.628057,0.5135845,-1.208464,5
1.373987,-0.4667463,0.5146208,1.074818,-0.8754441,1.200091,1.115553,-2.339485,-0.7125902,5
1.233239,0.06726279,0.2617221,1.498073,-0.5631704,0.67229,-1.216617,-0.2515653,-0.2449656,5
1.116837,0.1197993,1.140986,1.740921,-0.3940834,1.070078,-0.5880712,-0.2349238,-1.130419,5
1.57595,0.6566113,0.6018916,1.644447,0.4020359,0.8088858,-10.25016,1.544915,-1.185689,5
1.512266,-0.1925782,0.2124104,1.874539,1.257778,1.210446,-1.930763,0.09709451,-0.3849686,5
0.1200569,-0.3335773,0.9776407,1.554433,0.1184763,1.27027,-1.22825,5.556012,-1.436503,5
0.1504654,-0.02658331,1.191666,1.106246,-0.3881328,0.7063257,-0.4148589,-0.2769415,-0.6859965,5
0.2927187,0.1085328,0.7416761,1.992885,-1.407291,1.375106,-0.3184983,-0.4091044,-0.3630202,5
0.3685992,-0.01059262,0.83473,1.430761,0.1489277,1.248144,-1.295769,1.470907,-1.273471,5
0.1392029,0.2183076,0.734174,1.559271,-0.7879941,1.036625,-0.5481042,-0.8835501,-0.6720344,5
0.05816701,0.1039035,1.134782,1.148154,0.8436,1.106141,-0.719906,-0.1603125,-0.7516664,5
0.4913194,-0.06447407,0.07668363,1.188092,0.8964372,1.052009,-0.9373047,-0.03460181,-0.5727126,5
0.7459569,0.6084245,0.598357,1.284967,0.4190253,0.8459219,-1.408611,-4.388752,-0.8562345,5
0.3595579,0.755434,1.339017,1.647288,-0.5320401,1.198969,-0.9491702,-0.259447,-1.493755,5
0.8708363,0.4560694,1.172519,1.21806,-0.564191,1.142349,-0.6254674,-0.04173137,-1.258828,5
0.03370977,0.3004249,1.291518,1.40851,-0.3467163,0.5006077,-0.273382,-0.4008252,-0.4839527,5
0.8912701,-0.3744162,1.004185,1.710131,-0.3101043,1.152085,-1.187212,-2.682983,-1.205681,5
0.001237157,-1.161909,1.236174,1.669254,1.012828,1.393836,-1.646461,2.328719,-1.842897,5
1.919861,-0.1912419,0.2403768,1.897829,-1.465028,1.331607,2.218211,-0.1933404,-0.124628,5
0.4843789,-0.09125713,0.3249237,0.1708267,-0.372412,1.029977,0.08803589,-4.455344,-0.6275823,5
0.1452655,0.9156222,1.321261,1.153651,0.2519714,0.719891,-0.3503202,-0.4803684,-1.542394,5
0.4809518,0.08830276,0.3065464,0.4867235,-0.05771219,0.5156367,-25.17363,-0.341871,-0.4693458,5
0.1201152,-0.1611806,1.116257,0.2256896,0.08041786,1.392998,-1.688292,0.8237536,-1.514993,5
1.550514,-0.05184499,0.255727,1.644483,0.3676743,0.9852932,-11.3396,0.1112541,-0.8539134,5
0.2656466,0.5059416,0.5814236,1.214745,-0.5476755,1.205885,-1.157571,-0.9405009,-0.990835,5
0.04752472,0.1583526,0.9490708,0.5110216,0.2126696,0.8255029,-0.7295943,0.02687003,-0.8809231,5
1.322224,-0.1177665,0.1126416,0.9620848,0.0946361,0.9941847,1.886429,1.106567,-0.8805965,5
0.5750822,0.1033864,0.9369409,0.9131346,-1.000796,1.222299,-0.7694588,-0.1936911,-0.5506659,5
0.792146,0.4557954,0.7347484,0.8048332,-0.7735947,1.272912,-45.5933,-0.2176535,-0.637715,5
0.8101414,0.8693899,0.745979,1.687999,-0.1120961,0.9297782,-1.500425,0.5831294,-1.355293,5
0.7210199,0.6506981,1.031735,1.926748,0.8571703,1.125406,-0.7014764,-0.3965154,-0.7754329,5
0.6092075,0.6280707,1.037183,1.165691,0.3321125,1.404939,-2.077551,-53.6941,-1.501342,5
0.03017859,-0.8142803,1.113218,1.760099,0.05635257,1.249929,-1.416175,24.47443,-1.808845,5
0.304228,0.2925007,1.289565,1.379976,-0.7062489,0.9288508,-0.4240456,-0.03466221,-0.8639695,5
0.1554055,0.06801644,0.2044238,1.250751,0.7452872,1.314404,-1.10542,-0.07214477,-1.047377,5
1.234056,0.2361546,0.2727801,1.275844,-0.02591486,1.246444,-35.04805,-1.804661,-1.01391,5
1.003503,-0.02316462,0.7052592,0.767241,-1.330051,1.302509,-0.4152145,0.0155065,0.07204786,5
0.513284,0.05309858,1.013795,1.136063,0.3766345,1.341697,-1.533579,-0.2133644,-1.360747,5
1.388202,0.4303842,0.5285382,0.6235315,-0.3331236,1.307648,1.269303,-0.08545264,-0.5623984,5
0.9059405,0.07964168,0.5650948,1.280528,0.1129347,0.9786918,-2.164205,1.626421,-0.9638071,5
0.377277,-0.6945689,0.6295303,1.519812,-0.8884939,0.8914829,-0.2508283,-0.4619429,-0.3054024,5
0.2326478,0.7421392,0.8382955,0.4409165,-0.4977241,0.9764697,-1.2339,0.1761678,-1.146491,5
1.8485,0.09211291,0.09921569,1.107874,-0.6671042,1.406393,1.257721,-1.517974,-0.7505618,5
0.4915551,0.0529416,0.5136654,0.8057773,0.8792326,1.301331,-1.940014,-0.2070878,-0.9124959,5
0.5892392,0.6717786,0.5945499,0.599082,0.07253314,0.976013,-58.74101,0.7482079,-1.110774,5
0.7645497,1.069099,0.9989169,1.299428,0.2604305,0.8556824,-1.029455,0.9139885,-19.81246,5
0.206071,-0.312846,0.6092739,0.8464581,-0.1515186,0.7219597,-0.6392184,-2.466332,-0.7093999,5
0.05960546,-0.03521606,0.7170494,1.691833,-0.9888755,1.153192,-0.5165905,-1.068759,-0.7065497,5
0.1495047,-0.05295406,0.2574685,0.5207184,0.7503648,0.9428234,-0.7430707,-0.07234195,-0.5764737,5
0.9012235,0.4169347,0.5678362,1.415382,0.2857615,0.7731159,-1.400388,-6.833626,-0.8040219,5
1.72168,-0.3843741,0.3258446,0.2586515,-1.061084,1.291172,0.001120262,0.7070494,-0.1959272,5
0.1570416,0.8816294,0.9107424,1.878388,0.1056501,1.058453,-1.036614,1.897499,-1.201891,5
0.2198406,1.257675,1.249279,1.387468,-0.2704277,0.7223516,-0.1432918,0.4186855,-3.116358,5
0.001027837,-0.1622898,0.1922418,1.288708,-0.7381141,0.8117973,-0.3966918,-0.8858117,-0.5812119,5
1.888778,-0.04331456,0.1621929,1.562323,-0.06299966,1.171843,3.635369,-50.51077,-0.9906795,5
1.018039,0.08832048,0.3557352,0.5787371,-0.4288729,0.9000809,0.4990962,-0.6014838,-0.4310509,5
0.4556347,0.07708223,0.4072797,0.4925906,-0.4112569,0.6304231,-2.512068,-0.2069319,-0.3257309,5
0.04965641,0.8274034,1.085785,0.2155322,-1.303275,1.275771,-0.6137285,0.1651904,-0.5955227,5
0.6129644,0.4780645,1.401796,1.784693,-0.8625978,1.365576,-0.9202288,-0.2461179,-1.270075,5
0.2938237,0.2372298,0.3070539,1.980312,0.7279284,0.7843245,-0.4777154,-0.03884511,-0.3708334,5
0.4343928,0.2444972,0.3828541,1.298967,0.04858456,0.4762317,-0.5438515,0.186189,-0.5473497,5
0.9391159,-0.27621,0.2547495,1.401335,0.04497565,1.237887,-2.896869,2.059886,-1.175808,5
0.2805254,0.1789279,0.9199192,0.3454217,-0.7039797,1.370021,-2.923073,-0.6224323,-0.9706072,5
1.877785,-0.1631019,0.1688977,0.4762164,-0.308333,0.7887258,0.0733794,1.100713,-0.5387384,5
0.4389607,-0.2237785,1.284703,1.797914,-0.6323413,1.233514,-0.8479759,-0.9360214,-1.036537,5
0.2430908,-0.4920772,0.8444308,1.465856,-0.3434454,0.9686763,-0.7937111,-2.283493,-0.9582195,5
0.2284591,-0.007252985,0.3204994,1.074709,0.3156498,0.8175821,-0.8084432,0.06324466,-0.7416156,5
0.2240978,0.6322461,0.6121966,1.036649,0.2119929,1.239871,-1.470923,0.7214221,-1.2429,5
1.229317,0.06382419,0.1741094,1.313896,0.3607121,0.5309781,-5.235702,-0.09637068,-0.3517837,5
0.3240974,0.3715713,0.3934093,0.6988811,-0.2226853,1.139857,-1.897865,-1.060562,-0.9931134,5
0.9933383,-0.497015,0.7547731,1.907549,-0.1170166,1.002834,-1.283717,1.713309,-1.138379,5
1.058395,0.330532,0.4320991,1.993444,0.1978343,1.037991,-1.987513,2.229639,-0.9602491,5
1.004283,0.3824008,0.5967723,1.190991,0.7797301,1.231754,-5.765584,-0.7075674,-0.8757296,5
0.3727304,0.9521177,1.027568,1.318372,-0.9613842,1.312449,-1.140868,-0.02923589,-1.085825,5
0.6063157,0.3771163,0.6013029,1.755102,-1.226774,1.402629,-0.9091729,-0.4530603,-0.5854682,5
0.561909,0.7167065,0.9860617,0.9234731,0.4853495,1.110461,-1.350723,-5.818057,-1.287121,5
1.65701,-0.4602086,0.9038936,1.409364,-1.229355,1.350925,-0.6261502,-0.1752512,-0.2359431,5
0.2213423,0.3208839,0.8877621,1.660629,0.1087641,0.7102137,-0.6090968,-0.1764036,-0.8824848,5
0.08879707,0.2472255,0.9324775,1.853207,0.844478,1.150378,-0.7836441,-0.1516848,-0.8039378,5
0.1375113,0.3893039,0.7870774,1.007025,0.1571936,0.4898044,-0.2594012,-0.3422328,-0.7479037,5
0.330393,0.0404931,0.2857746,0.959244,1.126412,1.258592,-0.9424284,-0.03442132,-0.6247585,5
0.7849816,-0.3381019,0.6961138,1.509012,0.2188912,1.338681,-1.931525,0.5587636,-1.362756,5
0.5014015,0.007410107,0.4766741,0.2520651,0.4806739,1.247578,0.6121757,-0.1186115,-1.046666,5
0.1725991,-0.08592466,0.1389371,1.728347,0.1786446,1.081344,-1.088866,2.958792,-1.173994,5
1.05807,0.1988173,0.454685,1.077372,0.1344123,1.160329,-50.78626,-3.103772,-1.020962,5
0.04841918,-0.1208426,0.8131735,0.7473271,0.2060777,0.8733758,-0.8048034,0.9601955,-0.9286605,5
0.03441373,-0.4685952,0.8272235,1.40561,-0.438349,0.625021,-0.3981624,-0.961234,-0.558922,5
1.95749,-0.1999127,0.4192376,1.273943,-1.032392,1.408853,0.4396465,-1.306298,-0.6208817,5
0.1142688,-0.01436109,1.357348,1.828998,-0.5834315,0.6687648,-0.2335138,-0.2258791,-0.366532,5
1.970032,-0.2787527,0.5066816,1.055368,-0.1456405,1.307528,0.5626764,1.361836,-1.267565,5
0.234666,-0.0895301,0.5537318,0.4104252,-0.8462518,0.829035,-0.1585518,-0.04773992,-0.1623395,5
0.6849307,-0.1017934,0.4879982,1.653423,-1.234396,1.393144,-0.6234851,-0.6662478,-0.5273643,5
0.2408615,-0.3491422,0.4618756,1.789041,0.4405018,0.7309285,-0.6015238,-0.00733396,-0.6099645,5
0.1345469,0.4046994,0.5104128,0.8805033,0.08781739,0.511525,-0.4833272,-0.9980816,-0.6425378,5
0.7389282,0.160459,0.948697,1.835572,-1.298994,1.273759,-0.408551,-0.02435829,-0.3413661,5
0.6540507,0.6230637,0.682044,0.9145709,-0.5216507,1.268967,-3.763211,-0.2122419,-0.9748967,5
1.038752,0.2451155,1.323925,1.938777,-0.01294082,1.375092,-1.3428,-0.5784847,-1.634783,5
1.56124,-0.2065498,0.5194635,1.544831,-0.3529631,0.6616998,8.809196,-0.5792995,-0.4960875,5
1.599573,-0.2829655,0.5053902,1.352349,-0.7062546,1.1169,1.521822,-1.448943,-0.7013036,5
0.4585424,0.4185077,0.6913701,0.3684221,0.3116496,1.13806,2.883794,1.077421,-1.095489,5
0.2322552,-0.1524169,0.1517106,1.086761,0.5492607,0.5181079,-0.2249389,0.05068969,-0.1582701,5
0.8195554,-0.32692,0.8054439,0.5984886,-0.8471228,1.267956,0.0592048,-0.9235006,-0.6103333,5
1.562766,-0.1301359,0.5458311,0.7847785,-0.3544257,1.349749,0.3760415,-7.102299,-1.044322,5
0.3343719,0.5028048,0.5645238,1.592106,0.3194747,1.284809,-1.459357,0.3160185,-1.240268,5
0.9853005,-0.6368378,0.5547048,1.63404,-0.3792172,0.8620027,-1.317988,88.90987,-0.9213661,5
1.361506,-0.8410538,0.83145,1.813254,-1.583845,1.397262,0.07829502,-0.05035066,-0.07241293,5
0.01782215,-0.8122827,1.333578,0.3365083,-1.085476,0.9942743,-0.1142762,-0.2044027,-0.1511644,5
0.8991571,-0.1857838,0.9789109,1.590465,-0.4107991,1.000127,-0.7892537,-0.5873851,-0.9412658,5
0.8959771,0.303064,0.8546405,1.757146,-1.4317,1.343118,-0.5424931,0.08866574,-0.2537905,5
1.785559,0.485477,0.4436473,1.5995,1.360415,1.173679,1.977581,0.02425973,-0.07632257,5
0.06629755,0.01303332,0.317848,0.3347946,0.2785683,1.346464,-1.363871,1.131472,-1.263084,5
0.1525457,-0.6279462,1.16503,0.882955,-0.997245,1.206814,-0.4929752,-0.86038,-0.6448237,5
0.6869217,0.02724058,0.03733861,0.6024317,-0.6166983,0.9108895,2.704298,-0.7517506,-0.4297778,5
1.455025,-0.4179881,0.3714991,1.060925,-1.37951,1.384887,0.5134755,-0.723041,-0.3220857,5
1.09463,0.1091694,0.9522765,1.341701,-0.2831945,1.140872,-2.104853,-0.5396295,-1.121403,5
0.4803506,0.988597,1.345392,1.782434,-0.5650825,0.9994668,-0.4565031,0.2609933,-2.102206,5
0.1991703,0.4513482,0.5347675,0.7781832,0.05969074,1.111081,-1.347357,-3.288294,-1.105395,5
1.880561,0.01628869,0.07158614,1.846358,-0.1186274,0.7241304,26.64955,-1.817787,-0.5839916,5
0.2447328,0.03502385,0.4875265,0.5307081,1.124349,1.132734,-0.7107797,0.006095665,-0.4105898,5
0.7306156,0.2305716,0.3453562,1.92787,-0.3150029,0.4804495,-0.4586776,-0.1069426,-0.3700046,5
1.406488,0.2466042,0.4675068,1.325743,-0.3308572,0.9135823,9.900859,-0.3886122,-0.6351815,5
1.737706,0.3688963,0.4258146,1.713923,-0.1574539,1.206595,84.40306,-0.6198565,-0.9359757,5
0.1360222,-0.5249773,0.6145858,0.8845621,0.1034026,0.9756894,-0.9983797,2.299411,-1.097403,5
1.209387,0.2181395,0.4308058,0.9123864,-0.4558273,0.9016217,1.595153,-0.3341541,-0.4374396,5
1.6314,-0.2255111,0.7426058,1.942847,-0.3139567,1.343209,-4.175634,-4.701952,-1.268913,5
0.6913486,-0.5138056,0.6632674,1.066223,0.3088891,1.332284,-2.608915,0.232834,-1.402325,5
1.552332,0.5615405,0.6209358,1.372025,-0.1094235,1.242297,9.931412,0.09420008,-1.027604,5
0.775771,0.204979,0.5250968,1.461131,0.1587635,1.250874,-2.13191,4.655066,-1.179612,5
0.9158057,-0.1125583,0.1501586,1.891714,-0.7676139,1.224772,-1.12739,-1.211681,-0.7449739,5
1.371396,-0.3089841,0.3472916,0.4200134,-0.2405656,1.109982,0.1484487,0.6856244,-1.109655,5
0.2533756,-0.003876629,0.2417846,0.9495306,1.183983,1.032844,-0.3219756,0.1944967,-0.1743478,5
0.5109258,0.9418954,1.134542,1.82576,0.6163105,1.023436,-0.7046621,-0.7813208,-1.143977,5
1.957425,-0.2965627,0.5548992,1.729237,0.3275465,1.367152,5.857203,0.1948625,-1.358339,5
0.480745,0.7243485,1.151295,1.721183,0.5109533,0.8814372,-0.4887074,-0.3729605,-1.027271,5
0.9765752,0.4019256,0.8598303,1.933613,-0.3545582,0.7262541,-0.2539113,0.02398925,-1.238064,5
0.3996013,-0.1068643,0.5225007,1.413901,0.5862988,1.322046,-1.361321,-0.02024005,-1.168231,5
0.5950579,0.6591752,0.643602,1.437587,-1.283145,1.382377,-1.264057,-0.08320553,-0.5273632,5
0.1345812,-0.5274526,0.9641099,1.478428,1.294042,1.33067,-0.6192978,0.001578696,-0.5608617,5
1.617775,-0.005334811,0.06893039,1.215518,0.5501146,0.5229186,0.4144723,0.06016887,-0.1414905,5
0.4975604,0.2315114,0.7117826,1.427067,-0.1672959,0.5731716,-0.3452872,-0.08713794,-0.8525024,5
0.6858352,0.4732539,0.4739011,1.879989,-0.4523509,1.160477,-1.521941,-0.7797878,-0.9561327,5
0.4689932,0.3938978,1.409324,1.679409,-0.9057389,1.257669,-0.7119208,-0.185081,-1.071368,5
0.8626859,-0.2662492,1.275362,1.935343,-1.256731,1.217408,-0.06605674,0.1991291,-0.1082467,5
1.845613,-0.4045921,0.8475249,1.831808,-0.9024535,1.053395,-7.848355,-0.05483225,-0.1758724,5
0.9939753,-0.9018091,0.9364741,1.712273,-1.247685,1.073747,0.1738593,0.1773334,0.1015709,5
1.682071,0.4771537,0.4499775,1.157086,0.05801784,0.998149,3.044695,0.4555234,-0.8244243,5
1.491812,-0.09218588,0.1047397,0.639041,0.2689678,1.363048,0.6429579,0.9319399,-1.116718,5
0.1267875,-0.635159,0.8359466,1.800663,-0.7600654,1.118921,-0.7075437,-1.662686,-0.9443148,5
1.451363,0.1928665,0.8091302,1.653842,-0.9907089,1.305303,-3.015545,-0.3126604,-0.5426524,5
1.116049,-0.1675596,0.3374843,0.889878,-0.5648981,0.8788545,0.8707745,-1.015128,-0.5107363,5
0.1621183,-1.126245,0.9605659,1.690501,0.8861009,1.308445,-1.125949,0.3760224,-1.177455,5
0.3856586,-0.006065074,0.7925639,1.43866,0.1557697,1.159719,-1.210333,1.062134,-1.187445,5
0.2613031,-0.05343276,0.4449768,0.8894596,-0.8981561,1.145217,-0.6102811,-0.7925407,-0.5887987,5
0.1987609,1.051402,1.196198,1.830878,-1.167724,1.394183,-0.7455275,-0.3966857,-0.8619087,5
0.5448751,0.5280438,0.658914,0.3418861,0.7255706,1.31615,1.135189,5.146512,-1.056669,5
0.256461,0.2734084,0.4553415,1.09872,-0.3939413,1.284609,-1.269952,-1.696713,-1.10279,5
0.4040357,-0.284023,0.8667964,1.906703,-0.004705729,1.09262,-1.036031,5.085502,-1.119052,5
0.3988816,1.323308,1.356898,1.726396,-0.6645706,1.211923,-0.9289366,0.3250095,-1.932747,5
1.919028,-0.4154285,0.5947452,1.73368,0.2581997,1.378333,7.561464,0.2693056,-1.455596,5
0.1148899,-0.04189581,0.6091308,1.830348,-0.2583551,0.4892618,-0.3394378,-0.7078439,-0.4523871,5
0.2311065,0.007143533,0.176355,0.9527193,0.2516288,1.40566,-1.504605,1.585818,-1.311813,5
1.600943,-0.4218912,0.5432341,1.509145,-0.08200064,1.139473,10.71462,0.9860946,-1.253111,5
0.6895678,0.08167765,0.2127032,1.382344,-1.05402,1.399051,-1.188258,-0.9249174,-0.6862744,5
0.08651522,0.6793935,0.7960894,1.078094,-0.1679782,0.4252752,-0.2683123,0.112217,-1.013101,5
1.220965,0.4757102,0.6849642,0.8852832,-0.2373356,1.132189,2.385285,0.02098857,-0.8501656,5
0.06735776,-0.002197056,1.302102,1.59306,0.7065495,1.272098,-1.019713,0.05095982,-1.12318,5
0.05794349,0.3970626,1.40612,0.8577792,-0.9173059,0.8442271,-0.1349176,0.02365831,-0.2728436,5
1.209341,-0.3665283,0.3712587,0.8854416,-0.8112764,0.9722602,0.554659,-1.280562,-0.4450044,5
0.5771756,0.1165464,0.6103747,1.243731,-0.4484925,1.353495,-1.686284,-1.602524,-1.152885,5
0.1903017,-0.4736061,0.4700994,1.639475,-0.04997421,0.602304,-0.6153418,54.94482,-0.7442222,5
0.300754,0.3310698,0.7813573,0.5217465,-0.003560134,1.241126,-2.118108,-0.9731209,-1.24999,5
0.5488486,0.8537139,0.8081644,1.66067,0.1062923,0.727908,-0.6644701,1.072639,-1.529499,5
0.7427452,0.1698305,0.3469644,1.860342,-0.298881,1.134982,-1.432073,-1.582717,-0.9729858,5
0.3223203,0.07437892,0.803919,0.9328386,0.9101317,1.282131,-1.074786,-0.268382,-0.8978335,5
0.4576969,0.6426626,0.8598144,1.110826,0.4721435,1.364805,-1.873281,-1.281458,-1.335285,5
1.640675,-0.05617577,0.2206354,0.6237056,-0.6869361,1.345192,0.2020507,-2.117534,-0.6409421,5
0.3732417,-0.4384481,1.354466,1.596465,-0.7086738,1.003034,-0.4579194,-0.3565003,-0.5857324,5
1.812155,-0.4705445,0.6415982,1.76716,-0.08353652,1.257774,27.43496,1.005303,-1.404518,5
1.131234,-0.162517,0.2807123,1.63113,0.2271271,1.028219,-2.402814,0.4566668,-0.9681569,5
0.3720629,-0.187927,0.2199161,0.7837101,-1.125641,0.9961078,-0.06116954,-0.09946775,-0.07613942,5
0.3657056,-0.437283,0.5561835,0.6741196,-0.7056827,1.105854,-0.9939731,-1.315279,-0.734185,5
0.4604041,-0.05811593,0.5761772,1.929234,-0.8817815,0.8645874,-0.1816313,-0.1952254,-0.2122127,5
1.858744,-0.3643174,0.7405733,1.380166,-0.3759756,1.346696,1.209015,4.620503,-1.325166,5
0.1246301,1.293429,1.264978,0.6498206,-0.7434926,1.094823,-0.7779535,0.3300503,-1.639543,5
1.339867,0.6598424,1.095089,1.742793,-0.08781037,1.18531,-2.047325,0.08040183,-1.844146,5
0.3656549,0.2538579,1.218218,1.580514,-0.7162731,1.218549,-0.8484974,-0.5931315,-1.048482,5
0.1710816,-0.0272151,0.6321528,0.5030609,-0.09296326,0.7332498,-0.725651,-1.37742,-0.7808668,5
1.250571,-0.3113171,1.059193,1.799019,-1.410809,1.373294,0.08094831,0.09367914,-0.1358595,5
0.1640556,0.5501459,0.8910626,1.962962,-0.9885942,0.8538311,-0.1040877,0.09032582,-0.1338709,5
0.2650815,-1.074846,0.9138616,1.530815,-0.8672779,1.201798,-0.7647441,-1.791218,-0.9636,5
1.641507,0.163287,0.4839477,0.9398293,-0.03523158,0.8475602,0.6020106,-0.1939817,-0.6807466,5
0.03443319,-0.7185766,1.28138,0.8284248,-0.7797765,1.289724,-0.9141053,-2.324425,-1.246532,5
0.1038076,-0.1018506,0.1097092,0.3380119,0.181519,0.9883846,-1.145289,0.9159036,-0.9225653,5
0.8689535,-0.2128002,0.5055264,1.554637,0.09121612,1.006452,-1.555264,0.8495016,-1.019406,5
1.401277,-0.1393406,0.4382498,0.7659506,-1.366758,1.276112,-0.3199429,-0.1188453,0.06930301,5
0.7864527,-0.2276095,0.6189768,0.8981106,-0.0368246,1.276943,-5.88082,2.36695,-1.275232,5
0.1900098,0.381678,0.8720469,0.573141,-1.141172,1.317609,-0.7926759,-0.303622,-0.6405051,5
0.882561,0.4576388,0.7722365,0.8123634,-0.4143883,1.086742,6.729785,-0.07100951,-0.7991044,5
0.5419805,0.408497,1.080251,1.002882,-1.38739,1.385217,-0.6485477,0.1634984,-0.403611,5
0.4670412,1.210326,1.044872,1.50039,1.138896,1.03214,-0.2800834,-0.123315,-0.3274746,5
1.131151,-0.2539721,0.2215677,1.697315,0.5512099,1.29483,-2.923818,0.09445039,-1.131991,5
0.02363046,-0.04754248,1.276367,1.003852,-0.5391178,0.7793087,-0.4744661,-1.033192,-0.6705873,5
1.077111,-0.0400876,0.6011811,1.747016,1.247696,1.286051,-0.9923027,-0.03618016,-0.485912,5
0.06806746,0.4967521,1.097964,1.697178,-0.9245822,1.273129,-0.7347919,-1.403705,-0.9718359,5
0.009337559,0.5256289,0.7007723,1.486679,1.088847,1.247237,-0.9746862,0.801238,-0.9932694,5
0.7839693,0.447738,0.7634544,1.795924,-0.6598572,0.9642251,-0.8795727,-0.1213908,-0.7427954,5
0.1666244,0.8021143,1.159596,1.919696,1.36115,1.20697,-0.279797,0.1133938,-0.2823237,5
0.05899439,1.526332,1.368717,1.900209,-0.3339905,1.074295,-0.8937607,-1.239597,-1.266185,5
0.8695374,0.9605283,1.369921,1.802722,0.1073388,1.329709,-1.247603,0.5566736,-2.193832,5
0.9762996,0.1086642,1.184083,1.46738,-0.5504804,1.067651,-0.2546425,-0.09273458,-0.8366531,5
1.022981,0.3284507,0.7972015,1.605843,0.175345,1.028182,-1.674239,1.260759,-1.111173,5
0.5355728,0.294558,0.8011035,1.880236,0.2103091,0.7712862,-0.6478022,-0.4740387,-0.8976953,5
1.337011,0.2510511,0.7330489,1.210398,0.2533454,1.128985,5.971131,3.056745,-1.093098,5
0.009317013,-0.1926699,1.006468,1.411368,-1.03187,1.255873,-0.6970862,-1.606242,-0.9979988,5
0.6614633,0.2009699,0.2914736,1.810512,0.6738089,0.7669963,-0.6774217,-0.08620452,-0.3870015,5
1.852176,0.28135,0.3634456,1.777365,0.1736558,0.649827,13.70504,0.746505,-0.6111347,5
1.600184,0.07428052,0.07075097,1.68514,1.091485,1.321921,-15.40071,-0.02981279,-0.7022872,5
0.3992845,-0.468895,0.4024659,1.899476,-0.9475824,1.184847,-0.6414791,-1.173146,-0.69882,5
0.2965832,-0.1977056,1.137311,1.881686,-0.6355712,0.6952837,-0.1802807,-0.03101932,-0.2207541,5
0.4125526,-0.3119291,0.7062351,0.5745303,-0.5085466,0.9071137,-0.9563496,-0.8224066,-0.7067376,5
0.1262949,-0.01939489,1.034552,1.181488,0.6292899,0.9484915,-0.6664499,-0.228462,-0.7422209,5
0.179783,-0.1837665,0.1701173,1.710715,0.3958764,0.3418149,-0.1005651,0.08736852,-0.06482164,5
0.7756321,0.5984524,1.240178,1.845928,-0.5093564,1.048223,-0.5294802,0.02164939,-1.616849,5
0.2142657,0.3593996,0.6146574,1.62902,-0.2820641,1.035286,-0.9194274,-1.371272,-0.9507823,5
0.132309,0.2937601,1.157153,1.291162,0.6492648,1.413944,-1.221948,-0.2108652,-1.308941,5
0.3679872,0.5429075,1.227775,1.70699,-0.3752344,0.9463169,-0.6610065,-0.1633385,-1.341074,5
0.4017591,-0.446896,1.3803,1.28653,-0.5782332,1.284512,-0.9297237,-1.106778,-1.159127,5
0.07839974,0.1627383,0.5081361,1.43158,0.2273826,0.7253853,-0.6654148,0.4798587,-0.7377369,5
0.03013387,0.8883878,1.159084,1.464087,-0.636639,0.9809952,-0.648272,-1.298727,-0.9030153,5
0.1852432,-0.04528001,0.5172244,1.7375,0.09207398,0.4229114,-0.3694814,0.055508,-0.4470527,5
0.07361139,0.06762724,0.4105922,1.680394,0.5260604,1.260911,-1.211756,1.165058,-1.341977,5
0.5521042,-0.7291871,0.6788585,1.578507,0.5407766,1.375942,-1.62779,0.09529103,-1.339713,5
0.2233368,0.1266398,0.5937014,0.6762319,-1.025725,1.015128,-0.327858,-0.148025,-0.2629434,5
0.04970789,0.3489697,1.057023,0.4021883,1.270397,1.123975,-0.229792,0.1300291,-0.2108902,5
0.1544713,0.2719116,1.059896,1.271767,0.7606719,1.038573,-0.6727908,-0.2549136,-0.7627707,5
0.5350881,0.01570358,0.2568068,1.823846,-0.2741717,0.2982115,-0.1110416,-0.05542694,-0.1206261,5
1.473324,0.05623718,0.2898414,1.859738,-1.030155,1.182788,-1.650773,-0.5231336,-0.4059118,5
0.1216119,0.110809,1.233226,0.5312229,0.05388578,1.270747,-1.196828,5.970277,-1.41715,5
0.9179986,0.9249583,0.9424348,1.911928,-0.3246822,1.160363,-1.671239,0.2717042,-1.490231,5
1.071313,0.5374108,0.8838876,1.959495,0.6261678,1.242889,-1.743601,-0.9834998,-1.115732,5
0.5755737,-0.5630962,0.6909661,1.277994,-0.3345381,1.002318,-1.082808,-5.354219,-0.9862116,5
0.02649001,-0.9198586,1.181429,1.459794,0.3182069,0.9360999,-1.021458,2.029727,-1.241149,5
0.9377167,1.112576,1.08974,1.41515,0.2300618,1.38038,-2.9752,1.435311,-1.976347,5
0.4197906,-0.4142754,1.221887,1.898355,-1.555507,1.328802,0.05913181,0.1421476,0.04162617,5
0.2239536,1.179516,1.161652,1.967286,-0.541443,1.163896,-0.9989464,-0.3299956,-1.34699,5
0.06214367,0.1664184,0.8261066,1.411577,0.1847871,1.135468,-1.106552,3.517486,-1.291696,5
0.629793,0.2059619,0.604562,1.443437,0.7919066,1.145337,-1.217102,-0.2659701,-0.8029915,5
0.2677377,0.5311026,0.6943008,0.9501888,0.08744869,1.272633,-1.566369,-2.861349,-1.290451,5
0.2394758,1.005877,1.031318,1.836056,0.02099216,0.8168088,-0.6691625,1.143811,-1.394147,5
0.2216471,1.061681,1.307332,1.422736,-1.251152,1.259053,-0.5780259,0.1711834,-0.784721,5
0.5833454,-0.1975224,0.4183754,1.065398,0.7241951,1.110456,-1.425203,-0.136229,-0.8329713,5
0.5555549,-0.4994352,0.7463349,0.32104,-0.7049689,1.352074,0.2091227,3.671445,-1.167876,5
0.9710044,-0.08801051,0.1213784,0.9693128,-0.9072672,1.079841,157.9896,-0.6753806,-0.4056298,5
0.3311165,0.2058724,0.6702784,1.517054,-0.5429496,0.7679742,-0.4833114,-0.3293341,-0.5399053,5
1.109833,-0.1848349,1.156384,1.559106,-0.9645277,1.31898,-0.6443767,-0.264201,-0.6300521,5
0.1488898,0.804333,1.055081,1.125858,-0.1122772,1.206647,-1.184941,-1.063546,-1.383467,5
0.3927403,0.312513,0.7246594,1.768338,-0.3434613,0.8616142,-0.7662736,-0.5824592,-0.8443917,5
0.5726438,0.2605033,0.9623638,1.909866,-0.2870553,1.143726,-1.115732,-0.9335009,-1.196891,5
0.2187686,-0.7170851,1.112764,0.7438989,-1.266545,1.378892,-0.4120997,-0.6501084,-0.5232623,5
0.437737,0.2044173,0.3156655,1.564108,-0.194146,1.079455,-1.21355,-1.909366,-0.9710465,5
0.3586194,0.5834695,0.6331866,0.458263,0.4534197,1.117551,-4.525052,122.1286,-1.028926,5
0.5508695,-0.1924785,0.6750721,0.5432053,-0.008852287,1.187137,40.17108,1.208951,-1.224643,5
0.002175372,0.9172409,0.9911275,1.453145,-0.2621893,1.108532,-1.278304,-7.301422,-1.74988,5
0.9489174,-0.5246624,0.5672438,0.6035267,-0.3355567,1.289505,1.084705,1.394042,-1.433214,5
0.08489018,0.364398,0.36474,0.5406116,-0.7691897,1.061477,-0.6880862,-0.770998,-0.6370668,5
0.1456674,-0.237161,1.35869,1.587282,-0.4114036,1.201247,-0.9455531,-2.255958,-1.197126,5
0.3717997,0.7879041,0.8145136,1.252324,-1.330935,1.398901,-0.9677321,-0.02508243,-0.5979954,5
1.038118,-0.006777049,0.2420908,1.616712,1.211494,1.327463,-1.621936,-0.007428892,-0.6145082,5
0.03819136,-1.093694,1.275456,1.251472,-0.4879029,1.405085,-1.337839,-5.298607,-1.793712,5
0.7231333,0.690637,1.030387,1.825189,0.07515245,1.400783,-1.812279,-0.01152495,-1.557789,5
0.1901055,0.4460181,0.8836033,1.090982,0.4507057,1.391015,-1.392643,-0.05397076,-1.363455,5
0.1820173,-0.03903193,1.389662,1.323288,-0.8171908,1.112148,-0.5396474,-0.5714434,-0.7234155,5
0.9359215,0.05305813,0.05049557,0.6722632,0.1395979,0.4269325,1.031955,0.2964556,-0.3316761,5
0.3819836,0.1472656,0.4250316,0.781867,-0.2697106,0.461129,-0.3684805,-0.08408293,-0.4085883,5
1.202111,0.1657949,0.3173079,1.20466,-1.230377,1.17347,-119.8724,-0.1330431,-0.09195422,5
0.2852235,0.2349275,1.162176,1.525001,-0.7427977,1.141146,-0.7148704,-0.5613662,-0.8851577,5
0.03862041,0.9411534,1.198246,1.5285,-0.2135988,0.9448078,-0.8360878,-2.414622,-1.114562,5
1.790663,0.07540032,0.3643707,1.891346,-0.3645778,0.4966142,-1.688031,-0.06868757,-0.1811761,5
0.5593646,0.01464092,0.9339508,0.7448562,-0.4445674,0.9192627,-0.4141325,-0.1662148,-0.6607256,5
1.436024,-0.103253,0.1411901,1.568789,-0.5434759,0.6320475,-1.722214,-0.387247,-0.2407818,5
0.2859449,0.4483366,1.031691,1.158364,0.03315787,0.8247811,-0.5959848,0.2726331,-1.217324,5
0.5570216,0.7479974,0.8165294,0.5769553,0.393489,0.9695365,-11.23625,0.9999077,-1.932611,5
1.175106,0.7436555,0.7498885,1.841826,-0.9553091,1.380341,-2.793297,-0.05285678,-0.7903809,5
0.7818266,0.4777957,1.031389,1.263485,-0.5383304,0.9761723,-0.4993214,0.0325358,-1.184406,5
0.1490555,-0.1522967,0.129769,1.971653,-0.4858467,0.8638614,-0.6436604,-1.569358,-0.798076,5
0.8282288,0.4794165,0.5615939,1.278145,-0.5803601,1.263525,-2.846549,-0.5371251,-0.9041268,5
0.06625757,1.115216,1.197758,0.6285894,1.011776,1.36004,-0.9360114,-0.4902635,-1.056987,5
0.1163764,0.2466861,1.05083,1.357606,-0.2128458,0.8822075,-0.7190615,-1.145322,-0.9134655,5
0.7097427,-0.7453969,1.010701,1.774686,-0.5479233,1.298457,-1.165955,-2.906852,-1.190485,5
0.4683663,-0.2673461,0.9404216,1.572608,-1.35386,1.296336,-0.18398,-0.1924313,-0.2456559,5
0.5350709,-0.7180349,0.9589561,1.556586,-1.26939,1.250183,-0.21116,-0.3479599,-0.2936371,5
0.9328434,0.01783761,0.1764583,1.255538,0.1162518,0.4625721,-1.27667,0.1778968,-0.4233451,5
1.023242,0.605287,0.9934587,1.770947,-0.1078403,0.9173055,-0.693536,0.03094409,-1.880391,5
1.899525,-0.441893,0.4807962,1.670178,-0.02667542,1.350388,6.427365,1.177727,-1.397119,5
1.798106,-0.4896607,0.4459699,0.9931397,-0.5983933,1.10508,0.5802608,2.360916,-1.002073,5
0.2851304,0.588713,1.190157,0.4840185,-0.975063,1.399581,-1.283341,-0.0361659,-1.01459,5
1.27582,0.4836291,0.7195832,1.68945,-0.1530887,0.8303003,-1.731843,0.06412436,-1.117574,5
0.1515477,0.6717284,0.8720791,0.8368754,-0.2607004,0.7083953,-0.5508296,0.02146126,-1.117945,5
0.1946466,-0.1916674,0.1912659,1.28842,-0.8641489,0.9620083,-0.3761022,-0.6728466,-0.4427161,5
0.08098157,-1.248938,1.170498,0.9945265,-0.3851196,1.397566,-1.349881,-6.975001,-1.73613,5
1.83168,-0.01475276,0.3259795,1.868261,-0.5226869,0.5891356,-3.235633,-0.1314514,-0.1572572,5
0.4229405,-0.05955287,0.2783348,1.836504,-0.548611,0.660637,-0.3004076,-0.4526621,-0.3263733,5
1.85501,0.2826174,0.5275052,1.716597,-0.2598563,0.7506979,4.844633,-0.09526905,-0.5734526,5
0.1758496,0.1929342,0.4697196,1.579987,0.6239826,1.348423,-1.19709,-0.009277106,-1.168947,5
1.511585,-0.7095231,0.6572378,0.5641659,-1.303039,1.256584,-0.08464534,0.3929066,-0.07925209,5
0.1187123,-0.9428522,0.861201,1.042746,-1.039559,1.282176,-0.6555345,-1.41042,-0.8520819,5
0.09038146,-0.4045367,0.3947184,1.040587,0.4478833,0.8663707,-0.8238577,0.4755804,-0.8732402,5
0.872075,-0.02082867,0.4703225,1.027877,-1.518791,1.287679,0.3800696,0.1073677,0.04076879,5
0.5425548,-0.02517347,0.05644436,1.708923,0.01140507,0.7413964,-0.8543307,9.263909,-0.6870709,5
0.4824134,0.6802389,0.9710335,1.964279,-0.5494732,1.291273,-1.257176,-0.6289015,-1.257384,5
1.404955,0.00199755,0.2572517,0.3478608,-0.02900008,0.84056,0.0920618,-5.470838,-0.5781224,5
0.156494,-0.1064811,0.5284045,1.226155,0.6729236,0.8963041,-0.62399,-0.106598,-0.6023092,5
0.01588152,-0.4378074,0.4359656,1.402414,0.1461245,0.4976958,-0.5902394,1.693561,-0.7272697,5
1.095796,-0.3738866,0.7357345,1.891723,-0.752086,1.389402,-1.48297,-1.704172,-1.037711,5
0.1881898,0.6898401,0.6401481,1.939576,-0.6524639,0.7122532,-0.349151,-0.07563304,-0.4195936,5
1.078299,0.3950334,1.038177,1.619604,0.3212745,1.272921,-1.967084,-2.305827,-1.364317,5
0.9809161,0.3112797,0.4163254,1.776085,0.6247959,0.6743094,-0.5578995,-0.1565452,-0.2867496,5
1.037831,0.2437933,0.3674229,0.5128391,0.5192533,1.386011,1.358405,-2.192087,-1.027246,5
0.2136385,0.6079381,0.8862008,1.236024,-0.1056506,1.126624,-1.146969,-1.081282,-1.242267,5
0.010529,-0.824057,0.7590893,1.313779,-0.1340174,1.360459,-1.601186,-20.48629,-2.121596,5
0.1243849,-0.2699898,0.5090975,0.7006006,1.110593,1.084401,-0.4735842,0.05277998,-0.3820628,5
0.9982379,0.05357787,1.255094,1.769459,-1.000649,1.218457,-0.3214432,0.0444487,-0.5198969,5
0.1511433,-0.1453369,1.13749,1.181119,-0.8139643,1.066771,-0.5072408,-0.7462776,-0.6592103,5
1.114768,0.1181391,0.1762519,1.373948,-1.194272,1.377183,-2.591489,-0.6372926,-0.4582628,5
1.696351,-0.3834803,1.107991,1.727415,-1.32879,1.222595,20.54428,0.6393325,0.9463395,5
0.2680017,0.8020771,0.8232718,0.5812829,-1.280427,1.34876,-1.331095,0.1929327,-0.5619838,5
0.07700282,-0.8288781,0.8647621,1.753398,-0.197519,1.019322,-1.038842,-7.070435,-1.348962,5
0.1179395,0.08302435,0.1239155,1.782762,0.4742984,0.8893477,-0.7854395,0.2858115,-0.8104216,5
0.9698123,0.0420463,0.6473401,0.9851664,-0.262659,1.367398,-49.17305,-2.01812,-1.185956,5
0.5012037,0.9079208,0.8205783,1.786823,0.8940454,1.136768,-0.9311634,-0.6572657,-0.8007286,5
1.257488,0.1975179,0.5084313,1.676536,-0.8504409,1.046976,-1.597303,-0.3027768,-0.4207672,5
0.9095902,-0.2548352,0.844426,1.168091,-0.693541,1.013188,-0.6960023,-0.3622349,-0.5564491,5
1.748274,0.2448981,0.5881806,1.484815,-0.4532267,0.9653229,2.522093,-0.2815185,-0.5503343,5
0.4919412,0.5360541,0.5291457,0.8378966,0.3791829,0.939781,-2.12563,-4.065804,-0.8754899,5
1.769744,-0.01663358,0.2866591,0.6349195,0.437301,1.09052,0.2928125,0.05544713,-0.8629371,5
0.3196871,0.5544634,1.321988,1.937045,0.5261878,1.263405,-1.044852,-0.5487178,-1.333929,5
0.2353536,-0.4977408,0.6803748,0.1322454,-0.525179,1.253947,0.3064123,1.423357,-1.355478,5
0.8021657,0.8101453,0.7861703,1.274028,-0.3548815,1.169731,-2.760147,0.2012419,-1.204193,5
0.06673665,0.5122944,0.735015,0.7946632,-0.4370149,1.012399,-0.8048695,-1.241364,-0.9261755,5
0.08882935,0.7341904,1.039255,0.6992455,1.370218,1.30582,-0.4813103,-0.000267877,-0.4392835,5
0.4142623,0.5049768,0.5136216,1.432676,1.076222,1.38956,-1.348703,-0.2979133,-0.864103,5
0.4878248,0.0412687,0.3398903,0.8879365,-0.6847541,0.7701665,-0.4896953,-0.2659056,-0.2859753,5
0.3990269,0.1953347,1.039581,1.979871,-0.1223391,1.29077,-1.245452,-2.651125,-1.348425,5
0.4766468,0.3456245,0.5524344,1.557375,0.6661165,1.106833,-1.161653,-0.3076368,-0.8710682,5
0.9351446,-0.4636639,0.6360613,1.389592,-0.8277193,1.238672,-1.35837,-1.386255,-0.7986658,5
0.06623532,0.5113961,0.6239263,1.901707,-0.700034,0.6742563,-0.163744,-0.191949,-0.2173206,5
0.1548323,-1.186587,1.033527,1.217902,-0.1894943,1.239936,-1.277957,-33.50622,-1.585667,5
0.9254494,-0.5240029,0.6277283,0.7703788,-0.7930942,1.250207,1.795289,-4.172867,-0.9161155,5
0.107513,-0.4891689,1.291177,1.828562,0.3828717,1.077427,-0.9506988,0.4343403,-1.100564,5
0.5904724,-0.6352847,0.9992217,1.820636,-0.5748666,1.355442,-1.127424,-2.387889,-1.184929,5
0.6075913,0.1460115,0.7434537,1.798123,-1.02309,1.107153,-0.4882135,-0.2448198,-0.4272566,5
0.3392088,0.4555399,0.4760448,0.1364367,0.3586784,1.186487,0.7149876,0.796246,-1.004794,5
1.233996,0.7735222,0.7574538,1.786718,0.6965773,0.8903664,-0.9999707,-1.709002,-0.7817296,5
1.190503,0.6573436,0.7505726,1.028897,0.2414395,1.279196,6.796147,0.9087751,-1.297098,5
0.589639,-1.108688,1.398383,1.991729,-1.175201,1.349798,-0.4713249,-0.7925599,-0.6123439,5
0.491296,-0.07196397,0.3385698,1.721968,-1.01729,1.05602,-0.3218756,-0.4380968,-0.3321746,5
0.006780135,-0.353655,0.5174934,0.8846185,0.1473535,1.404595,-1.687101,16.034,-2.150144,5
1.886361,-0.4412698,0.6438525,0.8266504,-0.5647528,1.298403,0.06473503,1.241548,-1.266082,5
1.409697,1.032907,0.8996405,1.677495,-0.2364179,1.377685,-9.123068,0.6654623,-1.5507,5
0.04580622,-0.7771527,1.129153,0.4603513,0.4002964,1.381078,-1.324003,1.179573,-1.501791,5
0.1462018,0.2862208,0.5130246,0.9210587,-0.3172747,0.4761977,-0.3207437,-0.1381906,-0.4386637,5
0.1307152,0.4914533,0.5009821,1.231482,-0.1243511,0.6435081,-0.6211536,-0.570622,-0.6937008,5
0.409379,-0.1151638,0.9450908,1.810604,0.796017,1.396946,-1.204198,-0.2610776,-1.166007,5
0.9807439,0.7870159,0.8650995,1.231726,0.000525466,1.258999,-5.37772,0.5266067,-1.438528,5
0.06549509,0.8239233,1.298862,0.3555713,-1.334299,1.151173,-0.295105,0.406379,-0.4554608,5
0.05414272,-0.05959526,0.5486744,1.045144,0.2814682,1.109867,-1.103519,2.127287,-1.261435,5
0.9798112,-0.07238625,0.08378536,1.280854,0.4118685,1.105149,-3.44883,0.2058614,-0.950616,5
0.09731278,-0.9296535,1.199937,0.7784089,-0.6081501,1.286676,-0.9994472,-2.810853,-1.287822,5
0.1422909,-0.05712126,0.08979829,0.9400391,1.134177,1.265745,-0.7593241,-0.0192041,-0.6409283,5
1.350039,-0.2074909,0.3580638,1.275405,-0.7126405,0.9946906,4.489619,-0.9382355,-0.5294971,5
1.813845,-0.09436121,0.3371727,1.821908,1.138602,1.367841,-131.9817,-0.08085225,-0.7479775,5
0.3688445,0.5649009,1.130775,1.237723,0.693314,1.247704,-0.9898818,-0.5909872,-1.144774,5
0.5010967,-0.3457908,0.5921343,1.264562,1.370487,1.277681,-0.5199712,0.09026896,-0.3467382,5
0.05843307,-0.5950356,1.400454,1.635363,0.3482323,1.016446,-0.9546428,0.9801803,-1.131826,5
1.177895,0.3921773,0.4549236,1.139167,0.5267942,1.223316,35.92647,-1.998041,-0.9685124,5
1.677761,0.1614286,0.2384519,1.054566,0.07188044,1.262129,1.887939,-2.465884,-0.9697752,5
1.130933,-0.07833106,0.2744364,0.881281,-0.3367386,1.043117,1.806595,-2.312753,-0.7960172,5
0.4477989,0.1357118,1.019387,1.277574,0.791101,1.395953,-1.278474,-0.3966757,-1.167912,5
0.5225132,-0.7911854,0.7409504,1.612288,-1.324823,1.411019,-0.5355515,-0.8893552,-0.5621295,5
0.07140691,0.1032159,0.7030082,1.971504,0.8135908,1.36088,-1.171704,0.5478063,-1.261113,5
0.3914502,-0.0542563,0.6838793,0.9404566,-0.4418072,0.8210753,-0.6480831,-0.5347768,-0.6639934,5
0.93143,0.05768788,0.1075716,1.681175,-0.3199114,0.4798526,-0.5670168,-0.3424155,-0.2697705,5
0.9122788,-0.2436752,0.4854873,1.805338,-0.200296,0.8038246,-0.978061,-3.124159,-0.7780801,5
0.3295635,0.09934872,0.08878379,0.500316,-0.6845907,1.235032,-2.19207,-1.179952,-0.7765876,5
1.648118,0.4918486,0.7749574,1.263112,-0.5685068,1.286176,2.689851,-0.1279963,-0.6555344,5
0.9994166,0.1581623,0.1589854,1.788461,-0.57086,1.313472,-2.092999,-1.444845,-0.9469928,5
1.618687,-0.7619956,0.9076679,1.643962,-1.315256,1.206872,8.005373,0.2635414,0.04992842,5
0.03953363,0.7992638,0.9479134,0.7977847,-0.5011505,0.6280762,-0.3205615,-0.1703709,-0.5806033,5
0.5739312,0.2824178,0.5003746,0.5024493,0.9973926,1.211326,5.118443,-0.3848881,-0.6140865,5
1.099936,-0.5627741,0.6780984,1.731212,-1.188645,1.115086,-0.07166244,-0.1561328,-0.1588066,5
0.5647219,-0.00130022,0.2579688,1.11085,-0.321351,1.299024,-1.829405,-2.549966,-1.101996,5
1.982617,-0.01559215,0.6789892,1.427203,-1.177535,1.381289,0.1674094,-0.3885552,-0.2577272,5
0.4391864,-0.3620607,0.6881257,0.8990028,-0.6388062,0.7567099,-0.2666003,-0.2323445,-0.3086537,5
0.2654119,0.4493612,0.4423752,0.1942333,-0.1610739,1.148555,3.775515,-0.07633504,-0.7945163,5
0.6463659,-0.6906151,0.6761253,1.343846,-0.7819579,1.382941,-1.399236,-2.636792,-1.086659,5
1.451783,-0.2743442,0.8618971,1.647477,-0.1127724,1.274497,-4.75252,2.029598,-1.370831,5
0.1287094,-0.09217255,0.789888,0.8715749,-0.6643928,1.244645,-0.8832197,-1.654535,-1.02361,5
0.5401891,-0.5878057,0.6858274,1.784696,-1.031108,0.9470288,-0.07942747,-0.1549912,-0.1292198,5
0.6366061,1.063557,0.9905097,1.260528,-0.3233602,1.236917,-1.972156,0.4501631,-1.661306,5
0.8096681,0.3326666,1.022485,1.93039,0.8867509,1.408825,-1.321965,-0.4707359,-1.09399,5
0.9448385,0.02216006,0.04256491,1.925947,-0.3131162,0.8836671,-1.157082,-1.325108,-0.6937599,5
1.455912,0.1426507,0.2363041,0.5013883,0.6568928,1.26008,0.6302048,-0.2373298,-0.8417193,5
0.06527345,-0.01569202,0.6076512,1.374984,0.24064,0.8601912,-0.830668,1.239474,-0.9536401,5
1.085053,-0.3535555,0.6337215,1.651582,0.6838332,1.331212,-2.299066,-0.1700811,-1.174796,5
0.07138437,0.3181174,0.602132,1.261092,0.150852,0.2560625,-0.1035509,-0.0822572,-0.3838216,5
0.1881802,-0.1394316,1.227025,0.5897821,-0.5097964,0.969402,-0.5580688,-0.324093,-0.885276,5
0.3619076,0.05898912,0.4904899,0.1873211,0.5620615,1.332766,0.7926958,-0.1944945,-1.074711,5
0.4087383,-0.1872895,1.326265,0.8856719,-1.008057,1.256461,-0.4424855,-0.1206326,-0.5965362,5
1.425202,-0.7054241,0.6139597,1.665781,-1.220905,1.316575,-2.137265,-1.099065,-0.5136921,5
0.1357756,-0.837126,1.213635,0.512721,-1.41044,1.299681,-0.07303817,-0.118752,-0.1266768,5
0.24609,0.3480926,0.5605067,0.8601094,-0.4381212,1.350865,-1.450736,-1.486035,-1.167142,5
0.1090155,1.056399,1.39816,1.919631,1.387518,1.21711,-0.244736,0.122884,-0.2992247,5
1.00231,1.018867,1.002148,1.316477,-0.4367732,1.315369,-4.343059,0.4344292,-1.608572,5
0.08492792,-0.4229796,0.5025937,0.07265986,-0.411239,1.1033,3.063253,6.581707,-1.048475,5
0.7782416,-0.1061138,0.6112185,1.030841,-0.09016902,1.028868,-2.327201,-23.93684,-1.027975,5
0.9872682,0.8394437,1.010353,1.360855,-0.4407377,1.395257,-3.697424,0.09569553,-1.42299,5
1.425328,-0.9515585,0.840939,1.688113,-1.118873,1.412453,-3.058447,-3.045376,-0.9319959,5
0.1080337,0.2093558,1.39486,1.826398,-0.08225132,1.339709,-1.20818,-8.901902,-1.469748,5
0.6275514,0.3249074,0.8456174,1.648363,-0.4476795,1.20337,-1.287946,-0.7937297,-1.121041,5
1.595106,0.08140182,0.6551642,1.52001,0.179987,1.405776,17.74616,2.512664,-1.301634,5
1.871915,-0.07781659,0.1409906,0.5790931,-0.545149,0.5919376,-0.06586304,-0.4572473,-0.01622734,5
0.3552558,-1.317023,1.227301,1.832494,-0.5906768,1.289321,-1.099977,-4.072391,-1.437661,5
0.3161254,-0.2774307,0.9276946,1.838725,-0.1294478,0.9019092,-0.7755567,-2.905386,-0.9169706,5
0.04690975,-0.3853411,0.6011397,1.360101,-0.7539358,1.195536,-0.8473081,-2.13851,-1.14425,5
1.781501,-0.3939513,0.6075858,0.7364379,-0.8830281,1.374083,-0.05533953,9.79267,-0.7232723,5
0.1910998,0.2547415,0.9676898,0.5524678,-0.5851002,1.184672,-1.035513,-0.6518406,-1.053558,5
0.2390395,0.01699593,1.060411,0.2202052,-0.8925815,1.330074,0.441295,-0.2153323,-0.3281537,5
1.605299,-0.6544617,0.6114566,1.460758,-0.7954575,1.214249,4.895217,-10.023,-0.9662699,5
0.666664,0.561858,0.6597431,1.338234,-1.545072,1.382253,-0.9295402,0.2067399,-0.1725917,5
0.264402,0.3196035,0.9133761,1.691609,0.5732023,0.9735945,-0.7520293,-0.3133466,-0.852195,5
0.9584125,0.9536965,0.8946197,1.393672,0.2617981,0.9250067,-1.621218,1.051012,-2.838842,5
0.2625564,0.1853314,0.158726,1.305846,-0.8515657,0.767355,-0.1716877,-0.08332815,-0.09025305,5
0.0510607,-0.1144536,0.2466481,0.8514041,-1.34708,1.14019,0.001337387,-0.00360159,-0.003952597,5
0.811026,1.443168,1.228907,1.303999,0.5615759,1.348482,-2.192583,3.26376,-2.756754,5
0.08238845,0.4677677,0.6238207,0.8475944,0.5737798,0.5155048,-0.09329127,0.04277142,-0.1464434,5
0.2024682,-0.223516,0.5234051,0.8987741,-0.3414134,0.9049625,-0.759954,-1.683886,-0.8108678,5
0.1168425,0.9348445,1.058909,1.627053,0.04080666,0.6879337,-0.5630681,2.365492,-1.162866,5
0.1003537,0.7287531,0.9403024,1.038163,1.129874,1.241781,-0.6930512,-0.1662354,-0.6647229,5
1.618514,0.4891611,0.425563,1.892465,-0.1425775,0.9285763,-7.284255,0.06725255,-0.7718383,5
0.7114227,-0.5936737,0.9410118,1.782424,-1.489621,1.3493,-0.008159602,-0.06242377,-0.1085849,5
0.6604075,0.2662892,1.176658,1.544575,-0.9792378,1.074018,-0.3098556,0.1593518,-0.5584686,5
0.1299516,-0.4408622,0.6797102,1.015454,-0.6589617,0.7272962,-0.2476789,-0.4706012,-0.3362712,5
0.4985988,-0.01272981,0.2491786,1.883121,-0.3185305,0.539925,-0.3856286,-0.5263474,-0.3742172,5
1.036636,0.2598146,0.3734457,0.1616085,-0.234112,1.371083,0.4590884,-0.0476382,-0.1534018,5
0.156812,-0.009785163,0.575934,0.6188171,-0.8891582,0.7522989,0.00185501,0.09157709,0.0001611131,5
0.9062189,-0.0813617,0.3080368,1.479265,-0.07423723,1.060013,-1.919823,-16.35964,-0.9774753,5
0.380257,-0.3026159,0.4992605,1.184907,0.09568665,1.2941,-1.46043,2.191163,-1.259224,5
0.66065,0.1827583,0.4545095,1.139465,-0.9281392,1.225658,-1.318864,-0.6087304,-0.6026611,5
0.02701742,0.01510208,0.6593592,0.4646478,-0.3632235,1.080259,-0.9384488,-2.912757,-1.165231,5
1.061981,0.1073455,0.3761222,0.8804648,1.245486,1.374212,3.035579,-0.06323124,-0.5935086,5
0.660662,0.1394531,1.092402,1.827625,0.2865406,1.088622,-0.9381611,-0.4140491,-1.194039,5
0.6164716,-0.3560136,1.027867,1.121657,-0.8248274,1.109216,-0.52493,-0.3509633,-0.5915737,5
0.7563513,-0.0879639,0.2855338,0.8978183,0.9972845,1.359233,-4.564424,-0.1047041,-0.8774432,5
0.7862759,-0.4864025,1.280827,1.694091,-1.348555,1.37774,-0.1979902,-0.03958468,-0.2707707,5
0.2084066,-0.1212822,0.3524661,1.214464,0.230945,0.8861527,-0.857939,0.4715672,-0.8488841,5
1.229559,-0.5482986,0.6613815,1.762205,-0.7435512,1.106844,-1.28173,-1.504342,-0.7617939,5
0.05008458,1.090452,1.408352,0.891736,0.6175619,0.7027282,-0.2395434,-0.1023954,-0.6952895,5
1.910347,-0.378243,0.3677807,1.893803,0.03654609,1.370397,113.7629,1.381603,-1.343437,5
0.3876299,0.0996381,0.562354,1.786508,0.1955751,0.9095008,-0.9331137,0.4126085,-0.906731,5
0.4620131,-0.6240211,0.5607308,1.2133,-1.225135,1.290949,-0.5135703,-0.7648275,-0.4752149,5
1.212013,-1.016966,0.9675044,1.347274,-1.6469,1.399501,0.9256879,0.2344852,0.08459407,5
0.3686957,-0.9034056,0.982765,0.7328187,-1.044107,1.150749,-0.4356966,-0.6831144,-0.4920569,5
0.2016532,0.09403834,0.6464142,0.3963552,0.3112241,1.380669,-2.086094,0.5895629,-1.31655,5
0.05506872,0.8613111,0.9725599,0.6351024,0.5585347,0.9593778,-0.7471232,-0.4569378,-0.9333816,5
0.4117769,0.1131726,0.5511521,0.8296272,0.8242826,1.222407,-1.458787,-0.2280026,-0.8674749,5
0.1445321,0.9503927,1.201007,1.015149,1.570636,1.380696,-0.2923247,0.1383715,-0.2748978,5
0.8562255,-0.2113862,0.7194574,0.702636,-0.4029883,1.255906,1.788978,-3.283885,-1.102181,5
1.903576,0.3884468,0.7420553,1.892839,-0.4136432,1.054019,94.33598,-0.1611515,-0.7910168,5
0.1431342,0.7103549,0.8679574,0.7734016,-0.3134897,0.9223214,-0.866025,-0.2568919,-1.105712,5
0.9438576,-0.210809,0.5030789,1.116055,1.389823,1.374839,-2.068431,0.023053,-0.4635068,5
0.1986665,0.6043774,1.035706,1.625419,-0.02414249,0.5982006,-0.3548884,0.2751972,-1.232044,5
0.782138,-0.04479305,0.4003467,1.535487,0.7504864,0.9343532,-0.9145433,-0.1099027,-0.5554127,5
0.5666304,0.4026,0.5778493,1.154903,-0.1376278,1.197695,-1.991466,-0.9695375,-1.120455,5
0.1194938,-1.18649,1.305197,1.785478,-0.8397855,1.191598,-0.7299954,-1.756638,-1.015283,5
0.5600703,0.3767538,0.6103711,0.1953386,-0.4034218,1.196644,0.585799,0.03972144,0.5470401,5
1.569358,0.3367651,1.010343,1.903267,-0.9245724,1.386966,-2.547558,-0.2435371,-0.7500151,5
0.5285605,0.2361644,0.8216061,1.549353,0.1823874,1.054345,-1.149527,0.1947177,-1.124865,5
1.1347,-0.2762725,0.5152192,1.326221,-0.2270269,1.268414,-5.118591,64.8212,-1.195183,5
1.263999,0.2792928,0.8602297,1.793346,-0.3468566,1.215626,-2.257605,-0.5911911,-1.130007,5
1.140995,-0.02652793,0.149997,1.329475,-0.06002901,0.8273633,-4.002105,-7.07581,-0.7242097,5
0.3019198,0.5052931,0.6789609,0.7677703,0.2473106,1.338033,-1.932806,0.8942334,-1.305167,5
0.2986052,-0.007433916,0.03988243,1.584455,0.1577934,0.6288275,-0.6287376,0.404485,-0.5840707,5
0.3901105,-0.1400514,0.763383,1.43033,0.7893956,1.285442,-1.125864,-0.2241043,-1.020627,5
1.167947,-0.4467482,0.3991641,1.091869,-0.7665995,1.390374,10.12194,-3.880107,-1.001549,5
0.2997312,0.1212394,1.241654,0.8824838,-0.5936401,1.029911,-0.5730033,-0.212103,-1.000365,5
0.5348459,0.8505202,1.055847,0.6941769,-0.3453906,1.284066,-3.414813,0.2148467,-1.644789,5
0.1129992,-0.02408664,0.3820758,0.5977575,0.079189,0.4915623,-0.474032,0.3249538,-0.5042559,5
0.6862186,-0.1583835,0.1400061,1.969959,0.3976656,0.3474862,-0.1280473,0.0579642,-0.06460262,5
0.7343733,0.3041216,0.4716099,0.8803542,-1.182241,1.165576,-2.340628,-0.03832658,-0.1516819,5
0.9914591,0.02972666,0.6335666,1.947749,1.3325,1.354036,-0.8839162,-0.0157697,-0.4953961,5
1.576577,-0.003445839,0.1053072,1.478958,-0.2807937,0.3703899,1.603668,-0.2339418,-0.1576854,5
1.447715,0.3739423,0.5249351,0.8261326,0.07439111,1.312248,1.829327,-0.06409306,-0.9973442,5
1.846567,0.7419952,0.986295,1.857656,0.1567334,1.154151,-74.66902,0.419713,-2.319855,5
0.129443,-0.2204263,1.247916,1.10222,-0.2828788,0.8197969,-0.5921175,-0.8058753,-0.7977914,5
0.09582342,-0.6123036,0.8249893,1.077155,-0.3548962,0.6050855,-0.403951,-1.001164,-0.5570535,5
0.4370969,-0.9484956,1.224485,1.399091,-0.768934,1.207779,-0.741318,-1.433247,-0.9296561,5
0.3223313,-0.1988473,0.3522838,1.942605,0.4315481,1.33615,-1.309879,0.6602843,-1.280371,5
0.005210418,-0.0773825,1.150197,0.3783557,0.4516748,1.404615,-1.517138,3.316145,-1.821706,5
1.213432,0.01250342,0.1786995,0.3490315,-0.535938,1.167117,0.1406066,-1.576101,-0.4609074,5
0.5562295,-0.08703557,0.6550331,1.879181,0.4105549,1.304162,-1.40274,0.1748553,-1.239859,5
1.24622,-0.1684541,0.5532801,1.131333,-0.2819059,1.08764,4.539495,-4.135093,-0.9824743,5
0.2894143,-0.2692499,0.5753717,0.1425441,-0.7233038,0.8844514,-0.3183323,-0.06973371,0.5535144,5
0.9836148,0.4547245,0.8799378,1.289733,-0.6373277,1.24709,-2.69443,-0.2512183,-0.9321122,5
0.472693,-0.06739005,0.3996724,0.8037446,3.166911e-05,0.6845227,-1.062925,2.335187,-0.6930958,5
1.585998,-0.009297308,0.05773785,1.273344,-0.1589538,0.1492396,-0.03751617,-0.01126358,-0.005751729,5
0.02432537,-0.2421957,1.165444,1.227414,-0.8303546,1.244504,-0.8450933,-2.074624,-1.171823,5
0.2168554,0.3548842,0.5244675,0.2201881,-0.1121318,0.6122901,-16.43173,0.06461748,-0.9451101,5
0.4750739,0.4656905,1.089753,1.773782,-0.2945108,1.222553,-1.1826,-0.7493945,-1.35573,5
1.917713,-0.09784558,0.2101737,0.7500499,0.8688115,1.197333,0.2906946,-0.05937127,-0.7443393,5
0.4822302,-0.3969891,0.758674,1.057912,0.009602252,1.29987,-1.651347,2.022738,-1.346919,5
0.166798,-0.4392698,0.376346,1.397434,-0.1649865,0.5853435,-0.5718608,-2.89088,-0.6929321,5
0.8838346,0.09154446,0.2129668,1.02547,-0.2543508,0.898408,-4.557112,-1.162703,-0.6908273,5
1.368096,0.064235,0.209745,1.071887,-0.06744274,1.026952,2.64601,-2.697829,-0.8263532,5
0.3758051,0.9930949,0.8403763,1.401377,0.3148589,1.379394,-1.775554,-6.697768,-1.467341,5
0.7871333,-0.1684802,0.3869095,1.877524,1.014089,1.013305,-0.5775664,0.02233089,-0.3767345,5
0.3617505,0.6463771,0.8562967,1.935829,0.3653765,0.9260777,-0.8321208,-0.6902104,-1.021379,5
1.7863,-0.543046,0.5456862,1.123365,-0.4855598,1.281686,1.02216,2.113201,-1.319645,5
0.2492541,-0.4713316,1.181942,1.449648,-0.4585328,0.9198666,-0.5867254,-0.8696999,-0.7471059,5
1.411962,0.5041605,1.059863,1.709735,-0.7540724,1.342806,-2.909893,-0.1263996,-0.9383557,5
0.04808465,0.02771162,0.6132171,1.014353,0.1916174,1.411298,-1.429441,6.573834,-1.667711,5
0.416072,0.4900102,0.4434309,1.430111,1.23011,1.386515,-1.206381,-0.1758027,-0.6906105,5
0.3929695,0.4178697,0.8026915,1.666394,-0.4429056,1.046683,-0.9609327,-0.6710605,-0.9890216,5
1.186215,-0.1339419,0.3657034,1.56225,0.9318091,1.117358,-1.981125,-0.08838619,-0.6258743,5
0.8669787,1.033973,1.265126,1.560802,0.1021433,1.392438,-1.866637,0.7647659,-2.107073,5
0.4789184,0.7741075,1.368508,0.6755483,-0.1383932,1.273826,-1.009953,-0.04114548,-3.597274,5
0.5979707,0.3673081,1.030829,1.242283,-0.05014779,1.305749,-1.632393,-0.7504033,-1.432572,5
1.5069,0.05116633,0.5099835,1.107445,-0.482161,1.149817,1.307071,-0.987672,-0.7437426,5
1.309361,0.4185293,0.3616264,1.704796,-0.8848404,1.358962,-4.524094,-0.5858296,-0.6735425,5
0.1581634,0.131733,0.6476155,0.4182456,-0.87995,1.031989,-0.5795249,-0.3282581,-0.4769855,5
1.235289,0.06451403,0.07785343,1.366062,0.3236252,0.6751063,-5.647791,0.03252628,-0.5228649,5
1.327741,0.3368128,0.314542,1.715346,0.1352154,0.6999435,-3.383796,0.6098505,-0.6325888,5
1.743265,-0.3104134,0.4361956,1.749325,1.142732,1.263094,-122.7648,-0.05817925,-0.6263097,5
0.2050933,-0.02393891,0.8975444,0.8306224,0.4602742,1.26672,-1.234923,-0.1053849,-1.221622,5
0.7052829,-0.1209465,0.783614,0.8042185,-0.6547843,1.333161,-3.944896,-1.190542,-0.9910237,5
1.294138,-0.333371,0.419374,1.484404,-1.520516,1.393015,-0.2112431,-0.2007617,-0.1609748,5
1.988844,0.1144872,0.6745588,1.041704,-0.7751551,1.413097,0.3766751,-0.7156601,-0.4466151,5
0.1421276,0.5366905,1.333966,0.3180011,-0.2830802,1.362701,-1.273697,-0.3219784,-1.697614,5
0.2584926,0.3996641,0.3735477,1.176442,1.045738,1.119259,-0.7914878,-0.08009412,-0.5068273,5
0.8492547,0.4559373,1.203557,1.304283,-1.06377,1.408879,-1.112284,-0.02198159,-0.8122265,5
0.4397413,0.2696027,1.030507,1.88829,-0.6700765,1.193236,-0.8944266,-0.7092362,-0.9953976,5
0.372344,0.5771422,0.7958903,0.9848742,0.01654155,1.253397,-1.698435,-0.538867,-1.315174,5
1.082195,-0.7128814,0.6821509,1.715636,0.1461394,1.215106,-2.473964,0.5009219,-1.442855,5
1.392195,-0.5658399,1.019385,1.898702,-0.5748395,1.34555,-1.935607,-3.396444,-1.297129,5
0.6414862,-0.4516165,0.5624002,1.106815,-1.356863,1.190773,0.06917772,-0.03190001,-0.05701392,5
1.730231,-0.3247026,0.6390259,1.442981,-0.5252597,1.375901,2.598515,-5.695008,-1.167393,5
0.8375548,0.009065293,0.3933889,1.778975,0.5062217,1.237763,-1.714295,0.0436551,-1.08509,5
0.006920347,0.02876183,0.320338,0.4152735,-0.5027731,0.8831607,-0.6973034,-1.898405,-0.949816,5
1.113675,-0.1916073,0.3650167,0.7247384,0.7515673,1.342956,1.237498,-0.09648361,-1.062372,5
0.1064908,0.0941489,0.999764,0.315302,-0.7267537,0.7313144,-0.07275459,0.2265348,-0.2723339,5
1.055153,-0.1541941,0.1564344,0.420717,-0.9631309,0.9252001,-0.04916997,-0.398998,-0.03120805,5
0.6594743,-0.5095523,0.597034,1.761577,-0.951186,1.185477,-0.6486952,-1.024522,-0.6383247,5
1.47397,-0.0795904,0.5331663,1.830419,-0.3358555,0.7785521,-1.470742,-0.6831449,-0.6417699,5
0.6010911,0.2134135,1.074205,0.8853564,-0.002648838,1.337658,-2.096207,-0.8734988,-1.450908,5
0.5908071,0.01548306,0.3742486,1.545935,1.016575,1.268948,-1.128149,-0.1073149,-0.7581297,5
0.0178487,0.1933321,1.219764,0.1579097,-0.4087939,1.079301,-0.8182749,-1.057828,-1.032616,5
0.2790985,-0.3480343,0.5676979,0.2514704,0.2441615,1.328338,6.913817,0.2832392,-1.371982,5
1.249037,-0.1030452,0.4438206,1.344217,1.192672,1.328145,-6.496756,-0.07009419,-0.6287365,5
0.495829,0.1667287,0.8363192,1.258311,-0.2343348,1.080912,-1.164536,-0.9807691,-1.107218,5
1.057987,-0.4510231,0.9206238,1.87863,-0.7734546,1.174848,-0.8458159,-0.8647428,-0.7908105,5
0.05626633,1.095458,1.181989,1.411805,-0.9514198,0.9365423,-0.2743061,-0.1541652,-0.4419148,5
0.02825906,-0.3269458,0.9434566,0.8758063,-0.5660526,1.154863,-0.940736,-2.699935,-1.260564,5
0.3531724,0.9741868,1.177027,1.243282,-0.7054926,1.403974,-1.366384,-0.2052275,-1.479292,5
0.2445509,-0.4613619,0.7347614,1.629942,0.8904007,1.056024,-0.6489456,-0.09554794,-0.61483,5
0.1208087,0.8698934,0.7432455,1.999764,-1.025496,0.8797638,-0.1313392,0.1126873,-0.1299197,5
0.217893,-0.2542856,1.402321,1.033321,-0.2354537,1.401887,-1.231344,-2.960009,-1.456251,5
0.6852535,0.9008394,1.03802,0.6517564,-0.3839063,1.391236,18.83702,0.3374452,-1.583969,5
0.6170436,0.3779983,0.6184471,1.118255,-1.416318,1.259929,-0.6767611,0.147501,-0.1187256,5
0.3300636,-0.1698523,0.6618894,0.545955,-0.5054287,1.397736,-1.973925,-2.175413,-1.185606,5
0.4559263,0.0447568,0.4173457,0.9594082,0.1648801,0.578253,-0.7005785,-0.09129505,-0.5801206,5
0.7481524,-0.09987046,0.3054083,0.7060264,1.213765,1.398395,9.389441,-0.04995718,-0.7097985,5
0.08816363,0.3028708,0.3844592,0.2534193,-1.073535,0.9413084,-0.3279846,0.05526911,-0.09083189,5
1.113062,-0.4794447,0.6332511,1.352347,-0.9898038,1.330462,-2.130931,-1.292815,-0.7463671,5
0.8191648,0.7431831,1.053969,1.220171,-0.07448933,1.217413,-2.10331,0.2178375,-1.675457,5
0.9902992,-0.2862008,0.5642456,1.919263,0.1692905,1.261016,-1.85767,0.8520581,-1.258674,5
0.1214869,0.6816977,1.200112,1.436724,0.4610735,1.257604,-1.126763,-0.2653448,-1.297549,5
1.775212,0.2834742,0.2965942,1.215481,0.3420225,1.182297,2.887962,0.07002836,-0.9056188,5
0.7970483,0.6064758,0.7021244,0.6080773,-0.1019289,1.233383,4.109434,0.2830588,-1.077997,5
1.034575,0.1430495,0.3489182,1.122542,-0.6057924,1.168861,-8.588173,-0.9373903,-0.7205351,5
0.2465678,0.4962463,1.185026,0.3683107,-0.8686272,1.402235,-1.496637,-0.1344451,-1.043397,5
0.8572119,-0.2164552,0.4018415,1.764642,-0.8817335,1.349962,-1.127162,-1.276393,-0.8124169,5
0.636956,-0.1012472,1.155979,1.123461,-0.2153231,1.286714,-1.366032,-1.519907,-1.396059,5
0.5518026,0.1710057,0.6948696,1.87709,-0.798569,0.702151,-0.1137665,0.1615655,-0.1265421,5
1.16948,-0.1253541,1.018708,1.330955,-0.4894322,1.218914,-2.252847,-0.6990206,-1.023132,5
1.710268,0.9258006,0.9056853,1.046556,-0.01933816,1.295698,1.016718,0.5899028,-10.65427,5
0.1736158,-0.4846306,0.6326137,1.211381,0.8329702,1.029973,-0.6734063,-0.088169,-0.6383371,5
0.6971317,-0.1119433,0.5799101,0.9703442,0.1531212,1.250306,-2.889657,1.002424,-1.223954,5
0.4051187,0.4479698,0.8021021,1.870524,0.2440395,1.351457,-1.467482,0.9331024,-1.367794,5
1.374722,0.1633022,0.4230636,1.774921,-0.7466532,1.364729,-3.423712,-1.076878,-0.856466,5
0.8357646,0.2322719,0.8362653,1.172059,-1.262885,1.3427,-1.035933,-0.08075334,-0.3612957,5
0.5770905,-1.063569,1.019538,1.160304,-0.9953648,1.146174,-0.6004904,-1.170884,-0.6889451,5
0.4976937,-0.3448875,0.8864138,1.141061,-0.7549853,1.392244,-1.160871,-1.449083,-1.050909,5
0.6046987,0.224192,1.088432,1.644155,-0.9485934,1.204463,-0.6853204,-0.236549,-0.751148,5
0.9578703,-0.06936949,0.3491395,1.743599,0.9379682,0.8146092,-0.2130112,0.1266879,-0.1021605,5
1.027623,-0.7819005,0.965434,1.339346,-0.8145547,1.23655,-1.55075,-2.360761,-1.02247,5
0.4056844,0.04759213,0.8385333,1.590367,-0.3710567,1.018589,-0.8798309,-1.019167,-0.9529513,5
0.4350438,0.2958785,0.760053,1.138181,-0.1074992,1.126855,-1.364521,-1.16786,-1.159727,5
0.2793935,0.3255344,0.5674838,1.365835,-0.8043901,1.115957,-0.7206021,-0.6587717,-0.6593464,5
1.124122,-0.01051293,0.6271065,1.038759,0.005972289,1.35402,9.358438,22.24717,-1.2608,5
1.344202,-0.356575,0.4111249,0.4754952,-1.489975,1.406379,-0.1858624,-0.6575681,0.05634268,5
0.2259739,0.6692852,0.9672081,1.719158,-0.4348366,0.7011194,-0.4631901,-0.03012304,-0.9554893,5
0.0151924,-0.3496485,1.010161,0.3854492,1.491545,1.395893,-0.5606149,0.3005674,-0.4737803,5
0.8603154,0.06060378,0.6689002,0.7711584,-0.3447448,1.323712,5.640404,-1.40619,-1.079519,5
0.3376415,-0.04505819,1.18437,0.6410489,-0.5211021,1.308569,-1.17034,-0.7836174,-1.238991,5
0.394465,-0.4956246,0.6293302,1.797196,-0.02989613,1.029318,-1.04811,5.821464,-1.100701,5
1.215227,-0.09557694,0.09470424,0.8832673,0.8769552,1.174105,1.689092,-0.04203945,-0.7252627,5
0.01675226,0.01303427,0.6385029,1.42953,-0.2260439,0.91439,-0.9435609,-4.731664,-1.253807,5
0.9434685,0.344314,0.6498794,1.339524,0.3426862,1.182284,-3.061277,-0.8396822,-1.10116,5
0.1634836,0.07946898,0.9478197,0.2546576,-0.6841345,1.397022,-1.769035,-0.873264,-1.09663,5
0.1627333,0.3752406,1.182764,1.383504,0.02987896,0.7384377,-0.5580038,0.5148688,-1.075839,5
0.4007921,1.181397,1.014331,1.307666,1.089247,1.066034,-0.4438549,-0.3195779,-0.4982431,5
0.1031552,0.1048003,1.172439,1.139566,0.2553425,0.9462861,-0.8220589,-0.02579409,-1.008413,5
0.948741,0.1529855,0.9105034,1.873274,-0.5857574,0.7581123,-0.1094505,0.1002778,-0.4954661,5
0.6781045,0.7427326,0.8814889,1.525962,-0.5345728,0.9136811,-0.8178768,0.1972573,-1.192267,5
0.1814007,0.2953293,0.5341181,0.9990965,0.03822704,0.6193895,-0.6203567,-1.835422,-0.7026881,5
0.5995635,0.05656028,0.3940446,1.892957,0.09579902,0.4487872,-0.4430447,-0.04268585,-0.4831283,5
1.773435,0.2353374,0.5714808,1.661789,0.1712943,1.283569,14.35418,-1.944281,-1.139012,5
0.05566381,0.7390633,0.8768478,0.210934,0.999944,1.396163,-1.249304,-0.5377032,-1.008187,5
0.769637,0.1830506,0.4369538,1.538498,0.8959534,1.340237,-1.789291,-0.2078442,-0.9392268,5
1.034485,-0.1205889,0.1605163,1.388625,0.05626492,0.2900993,-0.7311696,0.04482274,-0.3229924,5
1.171036,-0.0219435,0.9330809,1.502259,-1.218489,1.233785,-0.08613139,0.08208544,-0.1483985,5
0.6570369,-0.01735255,0.9366359,1.140482,-1.218432,1.32461,-0.560706,-0.1922414,-0.4444379,5
1.188915,0.105222,0.3459246,1.21468,-0.4749489,1.132952,-31.58554,-1.108519,-0.7760145,5
1.66206,-0.1255799,0.3397106,0.5803874,-0.09692777,1.185511,0.1924389,1.855282,-0.9734585,5
1.523915,-0.7791569,0.7225688,1.3297,-0.5913935,1.227701,4.169986,2.559217,-1.508575,5
0.09552003,-0.4009234,0.5879678,1.962025,-0.4106439,1.264838,-1.171573,-4.432212,-1.494372,5
0.739827,-0.1152802,0.3007375,0.4974476,0.5415876,1.250226,1.444326,0.03820484,-1.043355,5
1.998876,0.01484675,0.6594855,1.985647,-0.7247559,1.363297,79.19928,-1.045368,-0.8767488,5
0.6980298,0.8365441,1.036387,1.954072,-0.3162925,1.253512,-1.447165,-0.08689376,-1.495182,5
0.4562483,-0.1324823,0.166149,1.72847,-0.7103475,0.9824152,-0.6034823,-0.9623872,-0.5934493,5
0.3807234,-0.06935029,0.1426945,0.4083279,-0.5164486,0.6397361,-2.447621,-0.4275856,-0.2703934,5
0.8308402,0.5528936,0.6487027,0.5839006,0.3652179,1.048391,1.235447,0.9129736,-1.194695,5
1.745683,0.2482339,0.6422117,0.8724631,0.1225786,1.320282,0.9026766,-0.1223891,-1.082048,5
0.3169639,0.1895439,0.6688203,1.179624,0.2884042,0.6450641,-0.4907182,-0.2818432,-0.6516458,5
1.390675,-0.3458372,0.3693755,1.811489,-0.2935383,1.196184,-3.366996,-24.16328,-1.086892,5
0.8034976,-0.2891249,0.8763303,0.9399349,-0.6907905,1.249223,-2.291222,-1.038615,-0.9166406,5
0.3707907,0.2264979,0.4318559,0.3257558,0.7996654,1.179183,6.034781,-0.3910453,-0.762233,5
0.1873581,-0.002796924,1.255096,1.050762,0.2739523,1.187083,-1.060983,-0.04782306,-1.27612,5
0.08563396,-0.4379354,0.6858006,1.69731,1.499114,1.317671,-0.4446979,0.4156998,-0.3300724,5
0.5899585,-0.008933165,0.08421651,0.6698785,-0.0720593,1.152975,-6.826581,-8.247205,-0.9901754,5
0.5079308,-0.3289336,1.067568,0.9782522,-0.6991737,1.049396,-0.5332585,-0.3371071,-0.6609589,5
0.6294686,0.6871178,0.7264088,1.769168,-0.2583372,0.9821275,-1.248424,-0.05051003,-1.105616,5
1.40022,-0.4440056,0.5934632,1.927889,-1.085588,1.062963,-0.1782015,-0.2188676,-0.2130745,5
0.1518155,0.1031509,0.2308179,1.356233,0.3201999,0.379677,-0.2414794,-0.04403647,-0.2223664,5
1.160034,-0.08394369,0.208267,1.817814,-0.2673481,0.5784539,-0.8305842,-0.8137683,-0.4404997,5
0.6752274,0.1703353,1.299652,1.861517,-0.1014695,1.28516,-1.164401,-1.020038,-1.510167,5
1.536067,0.06765315,0.2586116,0.1605926,-0.3769236,1.182492,0.08182755,-0.6950435,0.08372016,5
0.04831071,0.2530086,0.2400878,0.09168486,0.6846166,0.8167197,-1.224681,-0.1604667,-0.4287423,5
0.04926703,-0.4642871,0.8725893,0.4607014,-0.9815272,0.9228739,-0.1286821,-0.2288955,-0.1843998,5
0.1601064,-0.5747338,1.388052,1.150396,0.4757349,1.408432,-1.237633,-0.03885267,-1.381501,5
0.9204009,-0.0168268,0.1664502,1.951519,0.960225,0.9012761,-0.510233,0.09942367,-0.2506248,5
0.5942052,0.1472213,0.7005179,1.752842,-0.1284922,1.013941,-1.116032,-1.483958,-1.032054,5
0.1604717,0.7681624,0.7422299,1.775164,-0.5019079,1.139829,-0.9357332,-1.08186,-1.014183,5
0.3467883,0.3492393,0.8343836,1.606347,-0.543443,1.172205,-1.000834,-0.9081837,-1.015397,5
0.01240153,-0.1150234,0.8161575,0.2305129,-0.8759711,0.7502983,-0.01167708,0.005241072,-0.01717598,5
0.01129051,-0.4361344,1.333009,1.51977,0.4178907,0.8180123,-0.8497859,1.083623,-0.9931971,5
0.1794543,-0.3726166,0.6419154,1.956367,-1.559775,1.35787,-0.0518424,-0.1095277,-0.08828197,5
0.9082002,0.2486584,0.2876318,0.09377906,0.1408225,1.41348,0.3606109,0.2555992,-0.6677159,5
0.05053227,-0.6674631,1.290155,0.6749303,-1.068321,1.006568,-0.1454018,-0.2467142,-0.1936576,5
0.6354775,0.822123,0.9316772,1.213892,0.09117975,0.8567795,-0.8724815,0.5015128,-2.229184,5
0.1580741,-0.1990132,0.6262422,1.990796,0.9042008,1.263542,-0.9306676,0.05057771,-0.9364757,5
1.139044,0.6406677,0.561393,1.028486,0.7265164,1.086741,6.373487,-35.7357,-0.8369618,5
1.056944,-0.05848733,0.2144766,0.4234749,-0.5047081,1.137719,0.2169029,-2.17133,-0.6252932,5
1.117019,0.5620465,0.6486189,1.432181,-0.3987671,1.409154,-5.703222,-0.4876569,-1.111702,5
1.856537,1.318086,1.118729,1.981139,0.531109,1.217508,-9.610824,1.433084,-28.07618,5
0.02652744,0.8855416,0.9856491,1.049643,1.473262,1.328566,-0.4410121,0.1574823,-0.3389426,5
0.4271968,-0.2971819,0.6238251,1.678751,-0.6611977,1.325834,-1.0388,-1.959265,-1.071015,5
0.1159692,0.01422643,0.3301712,1.816582,-0.7227178,0.921876,-0.4767621,-0.9647414,-0.6137899,5
0.356972,0.5680307,0.7942287,1.874123,0.4659554,0.5343104,-0.1920237,-0.04904375,-0.3874043,5
1.887197,0.4344072,0.5845833,0.7866569,0.1006303,1.052189,0.2771189,0.2971944,-1.241441,5
1.794518,-0.1518216,0.2170663,0.7107437,0.001166561,0.9236688,0.2774353,0.7166211,-0.825671,5
0.1612392,-0.09171098,0.693688,0.5029759,0.9980711,1.249813,-0.9273475,-0.1709859,-0.7669582,5
0.07422617,0.1608396,0.63103,1.450731,-1.186688,1.032724,-0.06252212,-0.07212958,-0.07532285,5
0.4315554,-0.08413209,0.3711022,0.8126947,0.7068309,0.9644302,-1.096598,-0.1210851,-0.6440228,5
0.8214255,1.282575,1.118594,1.219623,0.5619636,1.131414,-1.793961,2.463683,-3.604907,5
0.2861415,-0.1145713,1.050457,1.761536,-0.8434053,1.279675,-0.7518071,-1.147616,-0.899866,5
0.2380003,-0.1151729,0.5769856,1.602727,1.026103,1.237429,-0.7994921,-0.09764981,-0.7280133,5
0.6423743,-0.5982713,0.5827764,0.7800902,-0.09097134,1.399657,-5.644104,1.710537,-1.494152,5
0.6553133,1.128263,1.089022,1.758773,0.9621769,1.276302,-1.029362,-1.064464,-1.041746,5
1.260483,-0.563879,0.5417006,1.600111,-0.1312396,1.112883,-3.665132,1.497469,-1.247232,5
0.01570091,-0.003189391,1.35745,0.3091395,-0.4098746,0.8619766,-0.6131741,-1.23427,-0.8456198,5
1.572128,0.2099171,0.1924953,0.9256793,-0.1860141,0.8648549,1.422164,-0.4694596,-0.5151807,5
1.389205,0.363057,1.177458,1.935312,-0.6739289,1.198152,-0.7445229,-0.07290696,-0.9865609,5
0.2189516,0.7407274,1.224919,1.500604,-1.06883,1.369097,-0.785428,-0.4421091,-0.9069749,5
0.165409,1.069137,1.107451,1.067263,0.7504826,0.9485384,-0.5092039,-0.4042658,-0.8385742,5
0.007961115,-0.2759848,1.411562,1.394367,-0.1956415,0.719119,-0.7466161,-3.573095,-1.019196,5
0.8299345,-0.002181988,0.1679586,0.3303616,-0.36654,0.60697,0.06976872,-0.5615839,-0.2044015,5
0.6151504,0.5180187,0.966782,1.841596,-0.4410527,0.7767579,-0.3926019,0.06703564,-1.205818,5
0.2697815,0.09883921,0.580386,1.204448,-0.01585479,0.9257206,-0.9465692,-5.691654,-0.9322961,5
0.01199955,0.2459487,1.312304,1.813394,-0.8166187,0.8252883,-0.2541637,-0.5083568,-0.3718767,5
0.4940646,0.1996573,0.6458903,1.831128,0.1252946,0.5417963,-0.3894783,-0.3658849,-0.6799566,5
0.7215756,-0.3885238,0.6002718,1.138749,-1.056542,1.247307,-0.7659076,-0.723099,-0.5343129,5
0.008969312,-0.4481768,1.177304,1.927748,0.37489,1.095485,-1.312094,3.366607,-1.608722,5
0.8212531,1.225774,1.085516,1.815386,-0.4991804,1.402494,-2.088955,0.4299771,-1.741714,5
1.614447,-0.417733,0.4732627,1.460388,-0.7388843,0.9407991,1.946721,-1.254038,-0.5186281,5
0.9668279,-0.1601438,0.1623951,0.644595,-0.2708713,0.52828,0.4601279,-5.034617,-0.3948898,5
0.08867942,0.7211122,0.62193,0.322114,-0.9873419,1.260987,-1.11808,-0.2854038,-0.7337683,5
0.8167906,0.5627952,0.4825023,1.52533,1.151782,1.11516,-1.19962,-0.2019939,-0.3262991,5
0.07910515,0.1133764,1.058532,1.225735,0.5740327,1.01752,-0.7941233,-0.1858114,-0.8742904,5
0.04774012,-0.8369133,0.9788366,1.538409,-0.7449865,1.012306,-0.620215,-1.486258,-0.8688413,5
0.1595935,1.420579,1.35163,1.73875,-0.5388228,0.7302448,-0.3310637,0.439905,-2.057242,5
0.1349631,0.008014143,0.3795356,1.079735,-0.3001956,0.8152792,-0.6804744,-1.605278,-0.7670028,5
1.426021,-0.1333874,0.7436041,1.252925,-0.4709199,0.9640209,0.6482991,-0.5181538,-0.6028758,5
0.4241532,0.5240622,0.8497717,1.830491,0.09517798,1.126344,-1.214106,-2.689766,-1.238127,5
1.812388,0.1307044,0.5352544,1.956434,-0.8341853,0.9875732,-3.349097,-0.2097274,-0.3039352,5
1.010698,1.07372,0.930558,0.8343948,0.2389381,1.353143,4.397889,1.126617,-2.644811,5
1.699443,-0.4143787,0.5738676,1.133585,-0.9807915,1.288379,0.2930282,-1.731526,-0.6376152,5
0.45347,-0.4894648,0.630511,1.32116,-0.9719877,1.323483,-0.8101124,-1.316419,-0.8040829,5
1.171897,0.199314,0.3586864,1.754133,-0.3264375,0.5602489,-0.939548,-0.1437773,-0.3861122,5
1.091237,-0.4189968,0.5401803,1.794845,-1.259745,1.277646,-0.4146593,-0.4551396,-0.3375328,5
0.3979559,0.03038362,0.1258762,1.97519,1.081422,0.9313294,-0.2677887,0.1971438,-0.1396571,5
0.05998425,0.09455729,1.100828,0.3517781,-0.1841527,1.174099,-1.054644,-1.991089,-1.224992,5
0.6696198,0.08131567,0.1243624,0.9683307,0.4787747,0.8672853,-2.109183,-0.03805991,-0.6559677,5
0.1712882,-0.2811832,0.5899595,1.383108,-0.06657517,1.102494,-1.067118,-22.65146,-1.201741,5
0.7616165,-0.0766404,0.9685067,1.788972,-0.8923043,0.8310071,0.01550337,0.2625891,-0.008506192,5
1.362009,-0.1387982,0.4931391,1.377474,1.130115,1.307571,-39.20686,-0.1129472,-0.6700351,5
0.1296578,0.1595082,1.258351,1.664455,0.7457072,1.321933,-1.043741,-0.2458253,-1.134341,5
1.516223,0.2694024,0.4250031,1.759408,-0.1419739,1.382419,-8.358173,-1.63185,-1.145662,5
0.6293495,1.272257,1.114427,1.647562,0.0288229,1.39616,-1.914494,1.258247,-1.905388,5
0.1425295,0.6202542,0.6411937,1.40232,-0.1194382,1.386233,-1.324689,-3.534037,-1.339813,5
0.3808628,-0.3802871,1.00528,0.9946579,-0.3092963,1.209369,-1.165048,-2.737907,-1.217327,5
0.104151,0.075486,0.7375021,1.178491,-0.4924334,1.128187,-0.8852649,-1.997362,-1.065405,5
1.27028,-0.3932021,0.3797765,1.179623,-0.7420418,0.6465095,-0.4001857,0.03513331,-0.009139084,5
0.0161475,1.208858,1.192714,1.736204,0.4432438,0.8523861,-0.7379026,0.2387351,-0.8774233,5
0.09893006,-0.8247415,1.141229,1.620574,-0.9763204,1.044585,-0.3499441,-0.7130967,-0.4918256,5
0.4250801,0.439662,0.8400896,1.727484,0.07120791,0.956989,-0.9745245,-0.7043368,-1.110737,5
0.9502873,-0.3979554,0.4584116,0.617645,-0.4802142,1.246404,1.007023,5.710457,-1.096964,5
0.5557465,0.2716142,0.3555788,0.7793737,0.9642534,1.124061,-2.5201,-0.1793986,-0.5555061,5
0.419112,-0.5144098,0.5642222,1.045845,-0.750131,1.107172,-0.820304,-1.38959,-0.7516805,5
0.9950662,0.5562468,1.013837,1.990902,0.1669715,1.361913,-1.930649,0.4086198,-1.486901,5
0.04962605,0.9556314,1.224905,0.1760613,-0.7351384,1.106974,-0.7546418,0.1934293,-1.470931,5
0.6514207,0.3440057,0.394931,1.299369,0.4347514,1.351409,-2.437662,0.1474111,-1.183197,5
0.4813088,0.2110345,0.6400531,1.995968,-1.540941,1.318679,-0.1137213,0.05128695,-0.04791069,5
0.6603865,0.1984129,0.3947466,0.816356,-0.3899639,1.194869,-4.458184,-1.139895,-0.904358,5
0.4420264,-0.1470132,0.2729185,0.8516933,-0.1601823,0.2947551,-0.226334,-0.2925117,-0.2481777,5
0.5906078,0.1520536,0.8293499,1.708394,-1.323763,1.173754,-0.188246,0.09976014,-0.1348459,5
1.817855,-0.5637267,0.8381557,1.760952,-1.079377,1.025838,-5.568249,0.3989377,0.2379078,5
1.413129,0.08337757,0.8972053,0.9630048,-0.3936791,1.254075,0.3849313,-0.5216528,-0.698422,5
0.8405482,-0.4613877,0.6409493,1.487785,-0.567057,1.180592,-1.356384,-2.204238,-0.9686348,5
0.6380287,0.2954649,1.083693,1.340533,-0.0115629,1.133635,-1.116476,-0.376178,-1.365209,5
0.2720711,1.010383,1.33066,1.00166,-0.7119687,1.36002,-1.165835,-0.06856115,-1.612267,5
0.2813292,-0.3640343,0.7796318,1.149396,-0.2052134,0.9433758,-0.8356045,-2.772481,-0.9201417,5
0.6699787,0.08358441,1.028195,0.9416727,-0.4079718,1.001177,-0.5607648,-0.2150677,-0.9213338,5
1.36909,0.1254706,0.20911,1.810055,0.275149,0.3435282,-0.5631448,-0.1323438,-0.1905589,5
1.826309,-0.09374626,0.2920948,0.9087938,-0.5468382,0.8322652,0.06795841,-0.8938371,-0.3514882,5
1.552436,0.5665628,0.4792022,1.528164,0.3742294,0.6527692,21.17555,1.33796,-1.039452,5
0.7606755,0.6173895,0.5665605,0.845994,-0.1762476,0.8750335,-8.930146,0.3449842,-0.926485,5
0.6470193,-0.4242398,0.8271707,1.411931,-0.6068804,0.7710909,-0.2864924,-0.2019727,-0.3421932,5
1.661366,-0.1750599,0.3142762,1.37724,-0.2955107,0.8772349,1.947387,-4.202162,-0.7323518,5
0.1541041,0.4477997,0.4774365,1.610691,1.156019,1.284194,-0.7849873,-0.07775879,-0.6563939,5
0.936187,1.200063,1.193925,1.620397,0.4104038,1.326757,-1.923195,2.475662,-2.148194,5
0.2149786,-0.04915115,0.5380641,0.3137471,-0.8301971,1.002401,-0.7808786,-0.3949923,-0.4277312,5
1.669105,-0.1449523,0.6489206,1.094561,-0.8723496,1.297123,0.2015506,-0.8807612,-0.5511719,5
1.9182,0.1748174,0.572675,1.537326,-0.5572221,0.8182504,0.5703573,-0.09378453,-0.1362579,5
0.7565223,0.80174,0.7002764,1.084478,0.5714428,0.9564745,-1.877678,-40.05262,-1.028486,5
0.4122842,-0.1246464,0.3362127,1.250926,-0.191902,0.7772837,-0.7852099,-1.814647,-0.6967095,5
0.0002416704,-0.471823,1.173397,1.731804,-0.4248359,1.156848,-1.393878,-5.936357,-1.990592,5
0.419659,-0.8462725,1.005309,1.796519,-1.511452,1.303946,0.02351041,0.004909265,-0.01481815,5
0.01946203,-0.5095946,1.391224,0.5370355,1.032364,1.301237,-0.8791237,0.1381003,-0.9119158,5
0.2887344,0.3549872,0.3836522,1.828666,-0.02295067,0.7260553,-0.7733076,-1.478723,-0.7329223,5
0.08969697,-0.3702193,0.7568841,1.311579,0.1537283,0.7133941,-0.6735828,1.012151,-0.797346,5
0.2039828,0.3005051,0.5393876,0.3511708,0.3984758,1.124377,-2.138932,-0.3136077,-1.00982,5
0.8134834,-0.1744945,0.7211933,1.104421,0.2341187,1.34894,-3.115804,0.4054504,-1.354005,5
0.3686444,-0.1549285,0.134297,0.2124321,0.2022654,0.4873766,0.4617152,0.0299807,-0.4752697,5
0.6959839,0.7435232,0.8111867,0.9985378,0.1481046,1.050504,-2.473363,0.8511404,-1.382654,5
0.4913486,0.9965131,1.131713,1.264111,-1.199552,1.327607,-1.019012,0.3608216,-0.9492177,5
0.09470177,0.4051162,0.4751603,1.426199,0.8055376,1.098418,-0.7958841,-0.1409227,-0.755082,5
0.1084434,1.15293,1.287917,1.754594,1.111451,1.201182,-0.5748682,-0.2049435,-0.7017071,5
0.286494,0.3256096,0.2843206,1.567267,0.154603,0.5632085,-0.6394606,-0.1591105,-0.5579525,5
1.329808,0.313801,0.3082397,0.3875994,-0.5782546,1.39082,0.8204384,-0.4262143,-0.2328795,5
1.134873,0.4923251,0.5075293,0.4262199,0.696183,1.4135,0.6638111,1.500852,-1.094653,5
1.194105,0.06518591,0.1577073,1.929878,0.546873,1.27241,-2.534259,0.1254588,-1.056834,5
0.1800301,0.01863239,0.06479381,0.437615,0.9437782,1.191829,-1.16445,-0.06476705,-0.7136973,5
0.07949378,-0.4944175,1.351808,0.6224839,-0.9632202,1.395658,-0.7727188,-1.43795,-0.9988288,5
0.4770366,-0.2949629,0.654861,1.488211,-1.090301,0.961912,0.008229108,-0.00169465,-0.0459056,5
0.6546618,0.1528753,0.2512173,0.6588591,1.482468,1.316193,-68.78523,0.2379268,-0.2036571,5
0.0793157,-0.5593458,0.7718328,0.8491033,-0.2119813,1.178543,-1.132123,-7.199369,-1.371589,5
0.9821326,-0.02424854,0.2825841,0.8095162,0.4585473,0.7046745,1.492632,-0.1244248,-0.4985752,5
0.1114942,0.031771,0.1109317,0.8234031,0.9780841,1.160424,-0.7526524,-0.05087622,-0.654522,5
5.789354e-05,-0.4369289,0.7434736,1.115948,0.2126909,0.2606929,-0.3167649,0.4560003,-0.3463342,5
0.6773924,0.3517554,0.3885469,1.987405,-0.988441,0.880567,-0.3914225,0.06770207,-0.1220112,5
0.3145383,-0.4839171,0.7024272,1.357841,-0.1774765,0.8192325,-0.739477,-4.557042,-0.845556,5
0.6255189,-0.3864149,0.9449142,1.118922,-1.528244,1.307582,0.2799902,0.252846,0.07765841,5
0.09179723,1.084716,1.040668,0.7843268,0.3912135,1.038973,-0.9159793,-1.059158,-1.254682,5
0.8970318,-0.2656708,0.3700611,1.98002,0.2534651,1.206308,-1.679483,0.6114021,-1.157217,5
1.379543,0.1863261,0.5381201,1.046543,-0.6690115,1.054093,1.240506,-0.364852,-0.393347,5
1.053386,-0.7870463,0.7471066,1.714609,-0.440844,1.060257,-1.589664,13.15408,-1.192878,5
0.3880552,-0.14785,1.216629,1.449354,-0.8100771,1.334783,-0.8596152,-0.882422,-0.985684,5
1.705371,0.1900699,0.4182108,1.842315,0.5010539,1.162962,-11.97982,-0.186496,-0.9490176,5
1.297493,-0.1976516,0.2898156,0.6345513,-0.08428439,1.128182,0.5208108,1.446785,-1.009892,5
1.319461,-0.736944,1.067096,1.877628,-1.37471,1.336895,0.0705054,0.0151883,-0.1400331,5
0.2636054,0.5942773,0.7454984,0.4385046,0.8460201,1.385603,-2.662088,-0.9764728,-1.05705,5
0.7422328,-0.1462031,1.173051,1.880926,-0.3307476,1.227594,-1.097589,-1.248221,-1.28,5
0.0001170669,-0.4195545,1.413367,0.3436251,-0.5347855,1.202366,-1.323594,-4.800246,-1.893195,5
0.57953,0.07889442,0.6480733,1.861936,-0.2928859,0.7267907,-0.6243173,-0.5185913,-0.6981906,5
1.830188,0.3138462,0.295951,0.434609,-0.5618951,1.349627,0.7367201,-0.2762835,-0.05758481,5
1.831715,-0.7769415,0.6716661,1.9193,-0.6736382,1.04846,-10.54716,9.018462,-1.116322,5
0.5215015,-0.979383,0.9245738,1.8816,-0.4599726,1.176858,-1.118417,-5.213444,-1.284024,5
0.1984394,-0.001947302,0.2153007,0.6495738,-0.07416002,0.709465,-0.7772368,-2.644698,-0.6555295,5
0.1575851,0.2507991,0.4744596,1.98937,0.1257887,1.17718,-1.141249,5.175391,-1.233745,5
0.01334568,0.2100836,0.614906,0.05969907,1.260872,1.135678,-0.3787199,0.1294927,-0.2411159,5
0.5630386,1.133112,1.393634,1.520526,0.1942159,1.375129,-1.272315,1.54562,-2.108811,5
1.240997,-0.2567554,0.8770545,0.9690512,-0.8446227,1.382662,0.4293783,-0.9656046,-0.7499147,5
0.9118176,0.2957915,0.75377,1.136929,0.4891625,1.287819,-4.288225,-0.6857054,-1.16111,5
0.1905552,0.8570191,0.7567774,0.1327713,0.7351301,1.300798,1.541471,2.009645,-1.492027,5
0.02375144,-0.2220051,0.6668287,0.7929749,0.7839922,0.9635266,-0.701656,0.321284,-0.7210798,5
1.726148,-0.08962256,0.1959341,0.1708081,0.6317375,1.313798,0.006227496,0.03080424,-0.9726294,5
1.099191,-0.2795744,0.2658218,0.4290513,-0.6693919,0.9299393,0.1246405,9.961123,-0.4689534,5
1.227517,-0.3019067,0.4722129,1.298177,-0.1032383,0.783979,-7.14488,0.8081678,-0.8927892,5
0.1472945,-0.7171029,1.25066,0.9264472,-0.1002742,1.237833,-1.104593,39.38831,-1.313919,5
1.22133,0.01315614,0.3812478,1.629529,0.7741522,0.8576676,-1.219547,-0.07009492,-0.3891866,5
0.2846419,1.283026,1.276828,1.899479,-1.459877,1.403851,-0.6381346,0.2499097,-0.719838,5
0.169045,0.6719115,1.376775,1.053505,-1.332134,1.402233,-0.5552927,-0.1347592,-0.6716782,5
0.1914649,0.2642806,0.2360933,1.146306,-0.926182,0.8503945,-0.2116445,-0.1163183,-0.1327161,5
0.06355414,0.4615318,0.951288,0.7446175,1.36509,1.360909,-0.6162636,-0.00191919,-0.5384645,5
1.978671,-0.3166089,0.7531813,0.8904614,-1.252236,1.346871,-0.4607329,-0.01639383,0.545225,5
0.3457262,0.2367878,0.4710996,1.763384,0.4648887,0.8986555,-0.8580345,-0.168495,-0.7721435,5
1.759482,0.1157103,0.2687606,1.519601,-0.7884656,1.274453,3.966474,-0.9659373,-0.6308647,5
0.7456459,0.195538,1.260462,1.993511,0.1166231,1.298768,-1.224506,0.6280094,-1.500109,5
1.206327,0.3564183,0.7254169,1.768187,-1.005425,1.093195,-1.073425,0.02470967,-0.346202,5
1.904299,-0.2749307,0.3311492,1.493064,-0.9123409,1.08883,0.7398721,-0.8983833,-0.4399206,5
1.159339,0.05534276,0.4622639,1.685567,-0.1021047,0.6605976,-1.153955,-0.6379433,-0.6556326,5
1.429476,-0.2166544,0.9578615,1.539135,-0.9083509,1.099698,0.9345448,0.02331282,-0.0772973,5
0.7246845,0.2416836,0.4239837,1.738486,1.355356,1.38915,-1.084084,0.001841487,-0.5346267,5
0.8702519,0.05044294,0.8364879,1.78775,-0.4853918,1.000807,-0.8956182,-0.5495388,-0.8661376,5
0.2063651,0.2152015,1.11457,0.9060761,-0.07858997,1.353649,-1.334722,-3.02952,-1.444493,5
0.6990392,-0.1793571,0.1972333,1.758997,-1.195446,1.270218,-0.4993034,-0.6122379,-0.4180305,5
1.533654,0.1278043,0.2788435,0.7759198,-0.8479178,1.014241,0.3239297,-0.3714097,-0.07246794,5
1.955852,0.1988558,0.577072,1.994752,0.04357949,0.733218,-15.91324,-0.02050276,-0.800868,5
0.5531623,0.8269488,0.9703501,1.529864,0.6970554,1.238457,-1.254511,-1.112348,-1.15448,5
1.631429,0.4637833,0.9083017,1.96444,0.6907164,1.369395,-4.34998,-1.237484,-1.168166,5
0.5020485,0.04451806,1.090618,1.978827,-1.028984,1.370017,-0.7402174,-0.6657953,-0.7981655,5
0.2933082,0.9337345,0.821999,1.482754,1.133373,1.020249,-0.3169374,-0.0267647,-0.2647964,5
0.8460169,0.7853312,1.124373,1.521698,0.09482019,1.096849,-1.108519,0.3865455,-1.948771,5
0.562607,-0.2455958,0.3659248,1.879256,0.2130855,1.391158,-1.562734,1.424205,-1.323178,5
0.003801812,1.475014,1.291117,0.3829656,0.4368472,1.332626,-1.342299,2.124921,-1.602429,5
0.5347462,0.1170821,0.2337335,1.79896,-0.06903931,1.061929,-1.229627,-3.93376,-0.9776965,5
0.5141356,-0.2669685,0.3293412,1.516636,0.2874135,0.7007357,-0.7817151,0.01066491,-0.6553025,5
0.05677709,-1.224209,1.122873,1.920312,0.06661101,1.10564,-1.245787,12.306,-1.594677,5
0.7313353,-0.6868342,0.7752821,1.992178,-1.259848,1.285293,-0.3515891,-0.570248,-0.4033724,5
0.003613998,-1.010728,1.06785,1.252856,-0.4293311,0.558359,-0.3730522,-0.9155272,-0.5422031,5
1.769345,0.1809802,0.3010058,1.908909,-0.6087624,0.9212978,-7.069016,-0.4744066,-0.4420136,5
0.02735611,0.3687333,0.8010498,0.7436742,1.024636,1.336496,-0.9238907,0.03668822,-0.932011,5
0.07627179,-0.03089759,0.7127904,0.06254995,-0.9267375,1.188479,0.3772966,-0.3349625,-0.3284632,5
0.02249312,-0.1114411,0.3529769,1.231061,0.02533768,0.9223064,-1.020788,32.84804,-1.284205,5
0.008124834,0.2857739,0.4305127,1.069896,0.7234433,0.9195508,-0.7912188,0.6597864,-0.8361232,5
1.109511,0.05689636,0.9747439,1.234103,-1.196083,1.404757,-1.551634,-0.1649239,-0.3860026,5
0.05375412,-0.04482514,1.340106,0.2390943,-1.370546,1.208634,-0.06643235,0.1808893,-0.08643007,5
1.474857,0.1701056,0.227748,0.5476899,0.6319525,1.007708,0.6590535,-0.9566185,-0.6209966,5
0.7287691,0.09429124,0.227054,0.1322806,-0.2206377,1.26414,0.2210055,-1.110702,-0.5300471,5
0.04548794,0.9176765,0.8952586,0.5817617,-1.136488,1.265336,-0.5714196,-0.5138695,-0.6408879,5
1.970521,-0.0351765,0.3631673,1.199819,-0.2538588,1.003457,0.661223,-2.120733,-0.7650375,5
0.468137,0.5645463,1.084359,1.541595,0.308843,1.41241,-1.547653,-0.5682288,-1.517287,5
0.1206225,0.05992291,0.932622,1.212517,-0.6788191,0.7386247,-0.241453,-0.2644455,-0.337904,5
1.654856,0.2221088,0.4516426,1.949312,-1.064285,1.336424,-3.784749,-0.53779,-0.5123072,5
0.1512925,-0.3613996,1.121929,0.3552726,-0.4811515,1.259234,-1.102243,-1.460176,-1.193414,5
0.05132707,0.751673,0.8578745,1.446754,-0.8005248,1.344934,-0.955859,-1.994369,-1.216675,5
0.8416838,-0.149788,0.2882518,1.467473,-0.166968,0.598197,-0.8394849,-1.879914,-0.5485084,5
0.880694,-0.1496677,0.5652072,1.616642,-0.8307381,0.9035544,-0.3375011,-0.2474703,-0.3052045,5
0.650371,0.4354196,0.5859877,0.7477261,0.8077053,1.033565,-3.521164,-0.6319959,-0.6018846,5
0.4625253,0.8675764,1.257067,1.927178,0.8267968,1.281246,-0.8670194,-0.6248685,-1.149167,5
1.150573,-0.2127243,0.7051743,0.8536381,0.05824187,1.309816,1.475032,0.5637153,-1.363347,5
0.4497207,0.3806742,0.9129727,0.9469904,-1.285033,1.367881,-0.8354546,-0.08647434,-0.5137974,5
0.2585762,0.1742801,1.018075,1.544907,0.3991017,0.913579,-0.7253914,-0.3241161,-0.9201355,5
0.3766227,0.282336,1.013963,1.929486,-0.08049642,1.109029,-1.058539,-1.756771,-1.225209,5
0.01795621,0.3506756,0.763113,0.8514743,-0.6982534,0.887905,-0.4796043,-1.000017,-0.6585702,5
0.7225734,-0.001346328,0.5614386,0.2816232,0.006087217,1.227288,0.2275183,22.63595,-1.028286,5
1.32808,-0.02843945,0.07947485,1.91042,0.3797351,0.5845358,-1.180424,-0.03754993,-0.4173562,5
0.5202431,-0.1207025,0.5986116,1.949941,-0.1561956,0.963514,-0.9387445,-2.720224,-0.9287897,5
1.695919,-0.1240385,0.5077128,1.702234,-0.4708661,1.344178,-177.83,-2.392363,-1.074695,5
0.04391595,0.1334517,0.2800519,1.38357,-0.5484872,0.7947741,-0.5076822,-1.149216,-0.6718047,5
0.9015306,0.03208463,0.2252685,1.78212,-1.167948,1.231336,-0.5958137,-0.4501881,-0.357725,5
1.342324,0.5888584,0.5565156,1.600095,0.7105957,1.006802,-3.842249,-1.969551,-0.7189707,5
1.406908,0.4889659,0.6452819,1.485337,0.02590896,0.9127613,-12.2956,0.2867116,-1.038601,5
0.1170024,-0.3913416,1.330458,1.578252,-0.1561823,0.8105853,-0.6488776,-2.030956,-0.8371342,5
0.9720783,0.3197051,0.515783,1.022823,0.2467187,0.6814582,-5.871139,1.557307,-0.7348876,5
0.5390105,-0.2492107,0.5988798,0.8487191,-1.243485,1.398271,-0.7653567,-0.62182,-0.5155118,5
1.539057,-0.07544192,0.2437258,0.9630374,0.02641089,0.8256729,0.7308479,1.254318,-0.7379995,5
0.1086952,0.5360307,0.4534313,0.3747263,0.03190862,1.229465,-1.671546,-1.927473,-1.180142,5
0.8391107,0.2653974,0.3998646,1.197767,-0.4463245,0.6389789,-1.154782,-0.07279121,-0.3583876,5
1.152928,-0.2172308,0.2522,0.7485101,-0.5832742,1.097384,0.8062806,-2.754934,-0.7210004,5
0.9471939,-0.2062542,0.1902491,1.006595,0.0570765,1.03113,-13.12071,1.26827,-0.9672789,5
0.1006719,0.3017165,1.170929,1.163011,0.1254743,0.9493556,-0.8468962,0.672858,-1.075854,5
0.1520007,0.5412558,1.364838,0.6923818,0.05479661,1.19935,-1.026841,-0.1117859,-1.558615,5
0.1657424,0.7942922,1.037828,0.6420943,-0.3993872,1.333996,-1.407832,-0.5308565,-1.442914,5
0.7412981,0.3140583,0.5694042,1.818385,-1.092052,1.034982,-0.4866769,0.003835701,-0.233337,5
0.07514778,-0.09995066,1.017396,0.6481711,-0.6789486,0.5792269,0.003978862,0.1535233,0.03678153,5
1.472329,-0.09082717,0.4075681,0.569158,-0.4183291,1.307314,0.1964565,-4.379943,-0.8469434,5
0.1591228,0.2446385,0.5169175,1.194217,-0.5922629,0.5258753,-0.09001395,0.04277222,-0.1054507,5
0.1391572,1.030059,0.9867618,0.305268,-0.8471561,1.305089,-1.660325,0.2514691,-1.210438,5
0.01433859,0.3349224,0.3555308,0.3718193,-0.7484741,1.204672,-0.8416719,-1.893923,-1.071319,5
0.2657984,0.2213293,0.5225711,1.29298,-0.4185663,1.138671,-1.016914,-1.357078,-0.9572867,5
0.3892146,0.3265075,0.7041125,1.430246,-1.071532,0.9475433,-0.2346973,0.1185919,-0.1608347,5
1.283892,0.06453901,1.1756,1.779665,-0.7395468,1.194274,-0.5078743,-0.132862,-0.6955528,5
0.4021062,0.6989368,1.034274,1.548476,0.1621327,0.9085864,-0.6874351,5.87137,-1.339015,5
0.8714952,-0.407087,0.5116177,1.293959,0.3020195,1.358511,-2.980097,0.4058546,-1.35352,5
1.507765,0.3419157,0.4939498,1.107104,0.04450903,1.328006,3.491554,-0.5292683,-1.052206,5
1.689773,0.9678325,0.9369092,1.961442,0.3598075,1.277287,-6.179175,1.56811,-1.77537,5
1.782415,0.03923427,0.3075148,1.606766,-0.9940705,0.9915185,1.018374,-0.2010736,-0.1331605,5
1.608185,0.3885309,0.5712006,1.70275,0.1487358,0.6920553,-5.111102,0.3611698,-0.9840357,5
1.63625,0.2584515,0.2517405,0.8977375,0.1244192,0.894352,1.461487,0.03297556,-0.647121,5
0.2615686,0.6189123,1.111522,0.5829511,0.01823898,1.222392,-1.344134,0.1112523,-1.545793,5
0.7922577,-0.4005522,0.5220801,1.683661,-0.6174458,0.720877,-0.3095478,-0.435784,-0.3268273,5
1.67327,1.336727,1.17836,1.373416,0.3626209,1.35806,2.768617,0.96165,4.881605,5
1.858298,0.3961879,0.7494603,1.813776,-0.1560283,1.364553,40.46709,-0.493219,-1.182768,5
1.562357,-0.04832504,1.001118,1.834924,-0.477772,1.130639,-1.447099,-0.4459011,-0.9019778,5
0.3545875,-0.352714,0.6678113,1.853141,0.6872067,0.9541084,-0.7007238,-0.1432453,-0.6790643,5
1.333287,-0.3956691,0.3440973,1.632344,-1.322267,1.27537,-0.9528586,-0.4141809,-0.2515197,5
0.09834876,-0.1284094,0.8349199,1.523555,-0.5714279,1.265914,-1.008256,-2.665216,-1.276143,5
0.4437426,0.7635481,1.287409,1.956166,-0.3321377,1.138479,-0.9446407,-0.1872387,-1.575126,5
0.3372948,0.3328211,0.5030621,1.635585,1.099376,0.9817335,-0.353201,0.1120046,-0.1983385,5
0.006388139,-0.3431447,0.8846362,0.5731349,0.7979841,0.8310527,-0.5492547,0.4416848,-0.534385,5
0.137911,0.8650805,1.034054,1.627052,-1.079437,1.198511,-0.5280202,-0.4057936,-0.633863,5
0.0854995,0.2781126,0.4284535,0.5994458,0.5243616,0.6308591,-0.4154616,-0.115512,-0.3849212,5
0.7338279,-0.1541158,0.1785103,1.352608,-0.6374459,1.132966,-1.276555,-1.347272,-0.752159,5
0.9132158,0.3432838,0.4532111,1.623651,-0.9697317,1.047883,-1.080175,-0.141342,-0.3392866,5
0.8287743,-0.2279373,0.3781439,0.6140832,-1.450643,1.234411,-0.5765897,0.0816144,0.06538608,5
0.9258725,0.2117954,0.3577161,1.131272,0.08631506,0.5880802,-2.473301,0.1584939,-0.5771888,5
0.6400552,0.6373837,1.008214,1.978176,0.7083485,0.962899,-0.5416494,-0.3344996,-0.7362892,5
1.428599,-0.05003078,0.8376974,1.556559,-1.469606,1.351215,1.05142,0.163694,0.023121,5
1.581989,-0.3495853,0.7010227,0.8942664,-1.264495,1.204849,-0.5687947,0.2967939,0.3584271,5
0.9289411,-0.5163846,0.9538692,1.630677,-1.061055,0.9953198,0.1253805,0.2008701,0.062632,5
1.117311,0.4677601,0.5763222,1.054001,0.5884119,1.202504,17.84511,-4.352494,-0.9689965,5
0.9148704,0.1516021,0.2982268,0.2156572,-0.3612632,0.9105802,0.242783,-0.2767396,0.02667006,5
0.8765213,-0.3060091,0.4139888,0.9654596,-0.4425614,0.9143743,-4.391176,-2.441796,-0.7416414,5
0.476896,-0.3558065,1.177192,0.372908,-1.181461,1.403365,-1.323426,0.2697916,1.197667,5
0.1819816,-1.136912,1.123387,1.742965,0.01296206,1.392564,-1.448779,10.38252,-1.748803,5
0.1923613,-0.05372504,0.2522433,1.534599,0.349733,1.34365,-1.314785,1.403714,-1.344587,5
1.163464,0.3177442,0.710453,0.5255725,-0.3906589,1.185108,0.4719312,-0.1068497,0.2539107,5
1.357394,0.04644448,0.4504785,1.857584,0.4505545,1.213354,-3.130651,0.04489383,-1.066307,5
0.2520795,1.389824,1.193947,1.048793,0.6803619,1.115214,-0.8711067,-1.598459,-1.432809,5
1.633016,0.5526183,0.4792714,1.058526,0.0364024,1.3211,3.581608,0.3566877,-0.9706552,5
0.05536011,0.02446459,1.020558,1.109508,0.8951096,0.8292614,-0.2632597,0.05276148,-0.2318964,5
0.7901943,0.05327869,0.7491188,1.692679,-0.6957703,1.06428,-0.8507812,-0.5404934,-0.7168743,5
1.019281,-0.1501214,0.3314813,0.5958499,0.1984563,1.104186,0.8021977,0.4109179,-1.023917,5
0.08468296,-0.815688,1.101651,1.782265,-1.393289,1.348492,-0.2911012,-0.5824235,-0.4151399,5
0.2008532,-0.9624899,1.101683,1.079391,-0.3906056,1.350313,-1.235117,-5.964871,-1.475256,5
0.03508429,0.5155651,0.6544924,0.7856525,0.7532615,1.33202,-1.106003,0.08874951,-1.146681,5
0.02963937,-1.497532,1.352707,0.7298297,-0.3730398,1.345331,-1.346743,-6.911916,-1.806918,5
1.342134,-0.163317,0.3689347,1.17195,0.3996668,0.9496126,3.492774,-0.05778739,-0.8596239,5
0.2239451,0.2484816,0.8070773,1.140911,-0.3068141,1.203133,-1.122782,-1.56681,-1.147104,5
0.3125654,0.4135292,0.9380164,0.8512747,-0.7438104,1.214953,-1.054009,-0.4324744,-0.9714102,5
0.9230258,0.311629,0.3193508,1.059138,-0.004759964,1.207347,-9.282771,-1.192767,-0.9955038,5
0.252007,0.03326813,0.4852957,1.837263,-0.2253068,0.6261153,-0.5018074,-0.9034304,-0.5723602,5
0.1133738,-0.6555679,1.366198,1.993164,-0.5751869,1.251063,-0.9873359,-2.781643,-1.312075,5
0.2962139,0.4251364,0.6432567,1.335086,-0.2576228,1.136764,-1.192139,-1.241011,-1.09299,5
1.403833,-0.7309978,0.7276181,1.27033,-1.081712,1.068111,0.4304771,-0.5615129,-0.2924014,5
0.5414987,0.5166751,0.5929505,0.2181267,-0.2671412,1.356674,1.308817,0.1986943,-0.5598805,5
0.03672653,0.1298915,1.054428,0.5299087,0.4438301,1.072085,-0.9083269,-0.08016017,-1.013548,5
0.464882,-0.3322909,1.140301,0.9943091,-1.387817,1.201819,0.1731475,0.3370349,0.1232193,5
0.13517,-0.2281662,1.372831,0.8346031,-1.358624,1.288429,-0.182885,-0.1465229,-0.2442341,5
0.01795595,-0.1709181,0.2302962,1.649477,-0.3525095,0.6466047,-0.550285,-1.608077,-0.7621472,5
1.604401,0.6505634,1.130517,1.657436,0.2166522,1.348078,-15.19213,0.4184021,-1.852076,5
0.07553365,-0.2401781,0.4279054,1.201191,-1.092991,1.331133,-0.6418259,-1.33962,-0.8466733,5
1.833455,-0.1892664,0.5450887,1.111523,-0.9008443,1.197058,0.02659392,-0.8176018,-0.4251565,5
0.5412662,0.7111598,0.8613911,0.8383869,-0.2373232,1.051653,-1.957402,0.1739619,-1.340124,5
0.1143071,0.2236963,0.621505,0.9615103,-0.5562797,1.099394,-0.8217715,-1.401275,-0.9191909,5
0.2539014,1.556548,1.380399,1.360739,0.8515657,0.9135966,-0.3886684,-0.3482968,-1.067003,5
1.289284,0.03440099,0.1165929,0.7319248,0.369258,0.5469684,0.4471155,-0.05547613,-0.3460666,5
0.7464311,-0.0004054177,0.08748636,1.827327,0.4001904,1.301701,-1.723496,0.4799187,-1.166611,5
0.07926676,1.140563,1.214993,1.616554,1.405837,1.318813,-0.480478,0.0164004,-0.4618815,5
1.025414,0.2475394,0.3318902,1.033067,0.633849,1.170462,-136.0721,-0.3405237,-0.8581659,5
0.2514599,1.077507,1.055654,1.189243,0.2091088,1.166604,-1.181938,15.64166,-1.525864,5
1.584709,0.5549444,0.5788065,1.517124,0.9204643,1.229947,16.96797,-1.569992,-0.7562397,5
0.7163353,0.2346358,0.5327058,1.241186,0.6710455,0.9501828,-1.289043,-0.290004,-0.6394212,5
1.42408,-0.1907233,0.1714004,1.151506,-0.3329166,1.259227,3.392182,-8.512527,-1.022639,5
1.122262,0.3848935,0.52221,1.406036,-0.2198573,1.367324,-5.87734,-0.9818687,-1.127638,5
0.2430439,0.6977244,0.8315513,1.394521,-0.1742521,1.137866,-1.18412,-0.8558679,-1.233405,5
0.7281341,-1.12766,0.9916218,1.366533,-1.126887,1.374735,-1.026691,-1.95613,-0.9130825,5
0.4092552,0.06803185,0.3981867,1.461278,-0.3055733,0.5868251,-0.4777414,-0.4638393,-0.4659204,5
1.214787,-0.2319342,0.9620561,1.918575,-0.1905876,1.213785,-1.605389,-6.106127,-1.293404,5
0.9295813,-0.1090608,0.5366325,1.370066,-1.058412,1.281544,-1.040106,-0.6478899,-0.5516688,5
0.04677069,-0.6955567,1.213327,1.830028,-0.0721841,0.7881921,-0.8003499,-10.98364,-1.047244,5
1.245251,-0.1979603,1.254269,1.533225,-1.236789,1.369375,0.4715079,0.1733466,-0.004581148,5
0.3827924,-0.5774835,1.227765,1.955982,-1.350549,1.320637,-0.2159981,-0.3206449,-0.3002643,5
0.04880807,0.09424951,0.7563075,0.7540847,0.5896704,0.6308746,-0.2953189,-0.05376266,-0.309563,5
0.3819611,0.02114189,0.1864481,0.2636069,0.8061203,0.8795378,0.7801543,-0.005921809,-0.3731954,5
0.9489203,0.3790484,0.5990303,1.652688,0.2675724,1.309986,-2.617803,1.210283,-1.220359,5
0.2934859,0.3709109,0.564397,1.800892,0.407823,0.6739787,-0.5444823,-0.2657235,-0.5891815,5
1.373866,-0.0948348,0.735462,1.139395,0.0981162,1.320041,2.84638,0.8144014,-1.316438,5
0.7977744,0.9557642,0.996453,1.561475,0.154173,0.9987059,-1.18534,0.9427168,-1.990332,5
0.2791182,-0.3000605,0.6555409,1.96605,0.8400317,1.332584,-1.052814,-0.1400449,-1.026853,5
1.164384,-0.09021079,0.8165787,1.705287,-1.484484,1.31515,0.1113022,0.1598083,-0.02814052,5
0.1863385,-0.3953317,0.356512,1.705365,-0.0874953,0.6419715,-0.6590885,-7.979635,-0.7768964,5
1.608446,-0.009769696,0.5523613,1.920038,0.2786388,1.020436,-3.677598,0.01146531,-0.9745216,5
0.2776567,0.2699613,1.106919,1.479075,-0.4478336,1.360134,-1.182821,-1.42192,-1.3005,5
0.8319803,0.4131197,1.371453,1.370311,-0.3274112,1.179763,-0.3508758,-0.1800199,-2.061143,5
0.1382114,1.029906,1.110897,0.509092,-1.05839,1.131296,-0.7044698,0.3830064,-0.9853688,5
0.2860996,1.03978,0.9664439,1.048158,0.7712873,0.7129062,-0.1645334,-0.03160132,-0.3443389,5
0.1606349,0.1375021,0.3283052,0.9893826,0.6056748,1.318094,-1.240325,0.01220716,-1.135806,5
0.306148,-0.1439271,0.2217511,1.847091,0.2471574,0.5358365,-0.4929522,0.05368474,-0.4825011,5
0.8307955,-0.6842429,0.9982827,1.365435,-0.8991044,1.360043,-1.134752,-1.418622,-0.9536349,5
1.812749,-0.5153911,0.7071143,1.861922,-1.250702,1.374715,-5.220412,-0.6661834,-0.4792881,5
0.1898624,-0.7823254,1.128294,1.05336,-0.4391457,1.115961,-0.8822379,-2.550917,-1.106968,5
0.2699729,-0.03866779,0.07759591,0.3604006,0.1366828,1.334515,-3.97237,2.92683,-1.195783,5
1.46754,0.04289924,0.3395943,0.5595583,-0.8346794,1.322002,0.1813287,-1.041799,-0.3498889,5
1.35811,-0.8368833,0.8921273,1.206775,-1.243458,1.392403,1.260233,-1.623274,-0.6542825,5
0.4456968,0.5554787,0.5445268,1.264737,0.5966887,1.068694,-1.374673,-0.6575313,-0.8816378,5
0.8336803,0.3235769,0.2782731,1.62957,0.1273844,0.5680559,-1.202335,1.516105,-0.5460541,5
1.568356,0.3231362,0.4299305,1.864864,-0.1523642,1.287136,-7.155125,-1.122232,-1.057576,5
0.3607601,0.03821231,0.4965098,0.4381949,-0.4330078,1.198351,-3.806395,-1.371001,-0.9403634,5
0.7608814,-0.9026031,1.035018,0.9457207,-1.448872,1.404001,-0.07344981,-0.1636571,-0.2255491,5
0.05239553,0.09935142,0.3060826,1.691529,0.5159496,0.5701327,-0.339096,0.08881713,-0.3259435,5
0.1976909,-0.6895083,0.9333742,0.9712982,-0.1777588,1.029016,-0.9441889,-13.13819,-1.112301,5
0.338347,-0.249986,0.4728966,1.728441,-0.2571826,0.8873661,-0.7956545,-2.408972,-0.861807,5
1.649771,0.08516384,0.5149749,1.982973,0.1682559,0.9290453,-3.478457,0.4542604,-0.892667,5
1.092059,0.0293334,0.7512148,1.204145,0.2960594,1.29088,-7.65429,0.04770306,-1.251658,5
0.8346574,-0.3756129,0.3297255,1.099856,-1.302246,1.12329,-0.07127281,-0.0551661,-0.03807674,5
0.8183736,0.3768362,0.6704938,1.571563,-0.1594092,0.9248856,-1.351219,-0.3085775,-0.9702462,5
0.5700195,-0.01631851,0.3212573,1.997754,1.211327,1.24225,-0.7158565,0.03083689,-0.5049107,5
0.1663008,-0.04677977,0.2550243,0.5235308,-0.9500421,1.413119,-0.9705038,-1.315821,-0.8564278,5
0.09356447,-0.05284868,0.7394826,0.5747485,0.4291915,0.961778,-0.8507473,-0.1254638,-0.8864408,5
0.07957457,0.08790283,0.2602423,0.144611,0.6765383,0.7067726,-0.6595357,-0.01630233,-0.281752,5
0.1415176,-0.5161349,0.7721108,1.828664,1.189384,1.382246,-0.8763576,0.1446837,-0.848609,5
0.2912888,1.535108,1.302333,0.8874428,1.1644,1.193023,-0.5504367,-0.6069141,-0.8346261,5
0.7980464,0.3152345,1.115392,1.648249,0.3025253,1.280485,-1.381968,-0.6921751,-1.395268,5
0.2225509,1.151248,1.154078,1.466648,0.4238556,0.7290888,-0.4342934,-0.6186325,-1.379392,5
0.4103824,1.033691,1.101311,1.487026,-1.454575,1.250357,-0.5601108,0.5928226,-0.5026371,5
0.1941854,-0.8981051,1.27982,0.6114312,-1.089752,1.226476,-0.3680485,-0.5272386,-0.4657226,5
0.2060379,-0.4603619,0.7350531,1.362821,1.144591,1.143344,-0.5114472,0.01894255,-0.4392959,5
0.2911634,1.112129,1.086257,1.855848,1.322588,1.297481,-0.5237593,-0.1460662,-0.5317158,5
1.16232,0.8233985,0.8318028,1.820216,0.1540974,0.978368,-1.790214,0.9291512,-1.564869,5
0.7163038,0.04652387,1.230315,1.477674,-1.4602,1.387801,-0.2079922,0.1919375,-0.23532,5
0.9117724,-0.1620609,0.4658842,0.357371,-0.1854393,1.202074,0.157297,1.929696,-1.031238,5
0.1675535,0.008391779,0.3679681,0.8594486,-0.2139006,1.126284,-1.064716,-2.986565,-1.048289,5
0.6216805,-0.3961135,0.5213805,0.75708,0.2711104,1.054195,-3.766028,0.09367893,-1.127648,5
0.02559561,0.03286045,0.8167754,0.3260698,-0.9808373,1.304067,-0.6980556,-1.330038,-0.8878897,5
1.92314,-0.3318022,0.3290959,0.7577522,-0.8091387,0.8233505,-0.04128735,4.952242,-0.1380466,5
1.904283,0.4300453,0.5477567,1.228007,-0.6939215,1.4072,2.171431,-0.3961951,-0.5551929,5
0.7420807,-0.1536444,0.5310979,0.6140571,0.2734909,1.158015,2.803949,0.1188228,-1.129914,5
1.703383,-0.1890766,0.6523234,1.826713,-0.03594348,1.355036,-11.20017,3.022075,-1.333681,5
1.497019,-0.4400972,0.7172202,1.922544,-0.9999574,1.221469,-1.028286,-0.720072,-0.5708027,5
0.2161503,0.7154808,0.7454818,0.7305542,0.8068539,0.9294385,-0.59396,-0.353,-0.5572818,5
0.6664272,0.1277208,0.8229383,1.893445,-0.7967203,1.214048,-0.9045171,-0.683546,-0.8241326,5
0.2529028,0.2009945,0.5536749,1.549227,0.7117934,0.7878317,-0.441541,-0.08159811,-0.4034701,5
1.060998,-0.1441699,0.1551185,1.738225,-0.723171,0.6851484,-0.1789132,-0.1676111,-0.1178266,5
0.1521351,-0.5496291,0.4964072,0.583955,-0.875461,0.9781135,-0.4228884,-0.7509819,-0.4637576,5
1.372465,0.7224811,0.6192347,1.956175,-0.2441247,0.8826324,-2.810408,0.3890092,-1.046173,5
0.02296314,0.002300341,0.2720285,1.890817,1.088935,1.224357,-0.9304617,0.7605585,-0.9361925,5
0.09368067,-0.2072345,0.1898182,0.7080866,-0.2125289,1.105232,-1.076083,-5.039802,-1.17535,5
1.462673,-1.027265,1.098911,1.846124,-1.386191,1.404937,-0.4579436,-0.4611116,-0.3871344,5
0.625164,-0.5582404,0.6355275,0.4830959,-0.2725511,1.228945,2.064589,1.180764,-1.475301,5
0.5817082,0.207241,0.3742243,1.789313,0.205681,0.5533228,-0.6226842,-0.2326175,-0.5394925,5
0.1788231,-0.190789,1.385087,1.271436,-1.241109,1.387022,-0.474767,-0.6471985,-0.6181537,5
0.5076906,0.3125502,0.3450262,1.925282,-0.1086649,1.295564,-1.524138,-3.008713,-1.197722,5
0.4866635,-0.4017056,0.7899354,1.132015,-0.2792127,1.081197,-1.134934,-3.78918,-1.076057,5
0.9859045,0.3352716,1.011271,1.104946,0.3396632,1.397062,-6.691825,-3.337466,-1.410195,5
0.151327,-0.4712332,1.009946,1.782613,-1.01205,1.393723,-0.7816683,-1.658682,-1.027123,5
0.02867624,-0.1076325,0.7160163,0.6526731,-1.339487,1.137727,-0.00602133,-0.004019019,-0.01253151,5
0.4700612,1.227647,1.310251,1.49273,-0.1172438,0.9603323,-0.5295315,0.4030174,-3.70485,5
0.3975097,-0.3835345,0.5399048,1.153492,1.345616,1.390156,-0.8307921,0.004630114,-0.5925375,5
0.854798,-0.8426351,0.7500715,1.910709,-1.023401,1.387658,-1.082853,-1.893549,-0.9239391,5
0.1773215,1.103147,1.195202,1.475733,0.03608468,1.066343,-0.9834506,1.005049,-1.51294,5
1.38637,-0.7679867,1.201309,1.948976,-1.004938,1.349014,-0.7933885,-0.7208415,-0.7758872,5
0.2970739,-0.03130838,1.0339,1.621826,-0.3431785,0.8208852,-0.5919891,-0.5845971,-0.8151362,5
0.6523883,-0.5469058,0.7893873,1.721337,-1.284939,1.126857,0.05142439,0.01821668,-0.02727137,5
1.943121,0.3257727,0.369738,0.9367602,0.1797813,1.141902,1.398492,0.1780898,-0.8316385,5
0.4168227,0.1068509,0.3320584,1.558287,-0.6031048,1.41391,-1.257332,-1.769877,-1.089359,5
0.07004417,0.4722075,0.7036625,1.799391,-0.9305097,0.9002595,-0.2157089,-0.3002455,-0.2775742,5
0.7059523,0.6062406,1.01597,0.8162141,0.09576682,1.29294,-5.218715,0.3096119,-1.545448,5
0.8153546,0.1071672,0.5042947,0.5591527,0.6828151,1.3318,1.762928,-0.2982582,-1.022272,5
1.296711,0.5423542,0.5616243,1.791851,0.4841406,0.6647322,-0.8528956,-1.61715,-0.6212393,5
0.6154282,1.362023,1.286736,1.732688,0.4064917,1.183977,-1.120015,7.296965,-2.207808,5
1.23824,-0.002660698,0.1186232,1.635651,0.1549895,1.255385,-3.872965,2.5623,-1.119079,5
0.1615837,-0.547784,0.9096124,1.393001,0.4465049,1.134014,-1.016994,0.2356702,-1.110159,5
0.05773046,1.219025,1.086551,1.713418,0.5527599,0.6861173,-0.3439717,-0.2623093,-0.6610249,5
1.641941,-0.16564,0.4303884,0.8225334,-0.9889594,1.36606,0.08650801,-1.318957,-0.5082493,5
1.293289,0.09958369,0.1672006,0.3509213,0.9829407,0.9930577,0.2769993,-0.01864113,-0.2854533,5
0.6492775,0.04165222,0.5037709,1.553543,0.470174,0.9331601,-1.066658,-0.1710222,-0.7996776,5
0.05051509,-0.1148411,0.1126249,0.3042992,0.9816932,1.199381,-0.8254883,-0.06148492,-0.707273,5
1.364897,-0.7613904,0.6606813,1.641702,-1.550538,1.401061,-0.5576699,-0.3036009,-0.1731082,5
0.1024784,0.1540161,1.102663,1.503965,-0.8554844,0.8395262,-0.1891545,-0.2028741,-0.2753952,5
0.28627,0.006092427,0.8555667,0.9981606,-0.3979991,0.546119,-0.1488069,0.05544596,-0.4435683,5
0.5280274,-0.01250411,0.09529252,0.7741817,1.21892,1.208679,-1.342111,0.0906321,-0.4190413,5
0.03442011,0.1120617,0.4517836,0.7664134,-0.7188804,0.7669284,-0.2657632,-0.4914673,-0.353095,5
0.7045517,0.6239006,0.7353891,1.090862,-0.6753356,1.244569,-2.563918,-0.1712545,-0.9005449,5
1.373235,0.1017125,0.3893573,0.8123876,-0.1540947,1.044033,0.9151675,-1.109903,-0.7736238,5
0.103855,0.083795,0.07148871,0.2445386,-0.4759034,1.362587,-1.675587,-1.974284,-1.07851,5
0.06374919,0.1734351,0.3346514,0.6045454,-0.4506017,0.8083246,-0.5846359,-1.057963,-0.6572342,5
0.1534978,-0.4402925,0.5928117,0.5046713,0.3210442,1.388095,-1.542121,0.5663506,-1.3513,5
1.733646,0.06664683,0.1161506,1.738756,0.7315355,0.8475307,-159.4863,-0.01964548,-0.4142028,5
0.4983442,0.3341563,0.6387555,0.8497689,1.418582,1.266285,-0.6423073,0.1304388,-0.1747275,5
0.7765769,-0.2755145,0.4149516,1.924166,0.1216377,1.246305,-1.592975,1.589422,-1.208543,5
0.08304868,0.275838,1.053665,1.5899,0.04947362,0.631541,-0.5437028,1.062617,-0.7617522,5
1.637106,0.1075253,0.4760477,1.80929,0.1557689,1.144162,-8.483547,3.123728,-1.044466,5
0.9094478,0.006922489,0.4131748,0.7504222,0.04324849,0.7648742,1.775271,2.060925,-0.7295178,5
0.0284062,0.4143409,0.437341,1.568359,-1.02421,1.256904,-0.6604004,-1.413818,-0.897802,5
0.525889,-0.4077494,0.6009664,1.202922,-0.8917979,0.8726239,-0.125231,-0.1909931,-0.1821939,5
0.7498227,0.6297302,1.09413,1.427405,0.03744187,0.8627876,-0.4369292,-0.09780239,-3.913482,5
0.3625287,0.7202949,1.082116,0.7236883,-0.3172563,1.14335,-1.205787,0.02576511,-1.562137,5
0.06481111,0.9167744,0.7919596,1.988872,-0.5098578,1.345665,-1.164316,-2.98794,-1.438371,5
0.2092031,-0.5500335,1.381038,1.521347,-0.9457759,1.28277,-0.6352138,-1.108703,-0.8317148,5
1.044138,0.1672784,0.9574089,1.671337,0.2041204,1.263492,-1.894442,0.02985349,-1.326981,5
0.6865608,-0.6613752,1.011096,1.817459,-1.105188,1.324615,-0.5517143,-0.7993091,-0.630582,5
0.3827971,-0.2909576,0.3068304,1.405111,-0.7261374,0.6236932,0.001697147,-0.0152458,-0.0163476,5
0.5196747,0.3273811,0.6378749,0.6138186,-0.1239795,0.6503153,-0.9543639,-0.03268414,-1.238393,5
1.189585,-0.0392505,0.399531,1.596469,0.6275665,0.9992497,-2.166172,-0.1542487,-0.7438173,5
0.01937877,-0.5510496,0.9985442,1.469116,0.2751811,0.9227635,-1.032822,2.622775,-1.261852,5
0.8132273,1.477236,1.311732,1.152869,0.7081557,1.238894,-1.855171,2.461859,-10.30693,5
1.458598,0.05353461,0.5704945,1.618222,-0.5226687,1.362443,-7.402119,-1.437523,-1.03199,5
0.6167223,-0.2252129,0.6243811,1.613812,-1.267072,1.281362,-0.3156163,-0.3912194,-0.3421594,5
0.7960867,0.5589101,1.150097,1.12155,0.04840764,1.413683,-2.676436,0.04553387,-1.637185,5
0.9778018,0.6362686,0.8328591,1.367653,0.2843681,0.9262423,-1.49801,1.112906,-1.360304,5
0.5440663,0.0331402,0.3440877,1.866788,-1.010172,1.071138,-0.3873395,-0.4399048,-0.3545914,5
0.128891,-0.7221155,0.8593774,0.8844481,-0.4902837,1.011851,-0.7908402,-2.208051,-0.9986619,5
1.592125,0.05164818,0.3244115,1.710521,0.0008808429,0.5551501,-4.600675,-0.9605183,-0.5331941,5
0.3288339,-0.5482959,0.4799008,1.067362,-0.08699802,0.9059759,-1.06599,5.406654,-1.00304,5
0.5046377,0.1267674,1.350301,1.993578,-0.3567571,1.117534,-0.8443343,-0.6015862,-1.286072,5
0.03092202,-0.2025434,0.3021818,1.626207,0.4664928,0.4313137,-0.2202823,0.2241534,-0.190653,5
0.8838417,0.3696492,0.4115381,0.7071553,0.8447047,0.9484511,1.584117,-0.6055042,-0.413997,5
0.2333802,-0.1410024,0.5742723,1.732201,1.260435,1.378563,-0.7688481,-0.03405405,-0.6777238,5
1.960283,0.2103931,0.6121765,1.29336,0.5339597,1.335887,1.727169,-0.8407033,-1.102232,5
0.7573228,0.09590252,0.5932224,1.800586,0.9784982,1.169221,-0.961282,-0.1507345,-0.6485242,5
0.6883158,0.06066813,1.146758,1.392321,-0.9681003,1.031685,-0.1188406,0.1967506,-0.2908094,5
0.06061716,0.110415,1.232378,0.6692193,0.7849298,1.372822,-1.085897,-0.255027,-1.164795,5
0.3002031,-0.426282,1.331644,1.615256,-1.462266,1.407199,-0.2098151,-0.2579854,-0.2878229,5
0.6796293,0.7448758,0.6547214,0.3846813,-0.2052534,1.398947,2.697182,0.5628098,-0.9440154,5
0.03568911,1.274692,1.404244,1.808963,0.1384959,0.3060628,-0.1221668,-0.04425742,-2.137864,5
1.789172,-0.2607513,0.2349585,0.2178319,-0.6316976,0.9649891,-0.006532852,0.4325143,-0.3405896,5
0.1715056,-0.138617,0.3514841,1.372818,1.453151,1.261159,-0.3390052,0.2442083,-0.2126559,5
0.09245904,-0.8437155,1.262722,1.450162,0.0315879,1.18867,-1.178274,11.05047,-1.463569,5
0.1903054,0.8406733,1.010235,0.9925155,-0.610177,0.9198071,-0.669452,0.03643121,-1.099368,5
1.016501,0.4552521,0.4704629,0.6109689,0.3536375,1.115255,1.845927,1.115172,-0.9287397,5
0.02390433,0.5277233,0.9731878,1.044478,-0.7651327,1.177472,-0.794005,-1.786077,-1.069483,5
1.429045,0.2660267,0.2562842,1.650379,-0.6992719,1.154847,-6.251641,-0.675268,-0.5998965,5
0.8714839,-0.02766917,0.355916,1.393964,-0.4970002,0.9937089,-1.386379,-1.065122,-0.7143295,5
1.366636,0.2118527,0.3900525,0.455215,0.04421094,1.187204,0.5987621,-0.2801976,-0.776636,5
1.152646,0.6264017,0.5863028,1.279321,0.3371673,0.9597133,-7.861904,1.868974,-1.019783,5
0.2667785,-0.06980796,0.9630125,1.131517,-0.3199137,0.7642747,-0.534949,-0.4540862,-0.7736131,5
0.5197462,-0.3525682,0.3417187,1.447138,0.2682333,0.8735002,-1.068327,0.1886491,-0.8450838,5
0.0312541,0.5908228,0.6711195,1.166264,-1.505496,1.403899,-0.2594027,-0.4182191,-0.330065,5
0.1918909,-0.04806859,0.3909538,0.6422913,-0.5508574,0.4965171,-0.03584478,0.008775453,-0.04838257,5
0.613225,-0.09654783,0.3341225,1.180603,-0.3752697,0.7855561,-0.8645925,-0.9636649,-0.5992919,5
1.08237,-0.2588586,0.399341,0.2424039,-0.5034263,1.028311,-0.09358582,0.5897509,-0.5975701,5
1.625997,-0.05780412,0.4755692,1.785469,0.148962,0.901336,-5.695454,0.3051591,-0.8875444,5
1.245809,0.4128146,0.6865196,1.471974,0.4410364,1.269246,-6.512057,-2.21642,-1.140514,5
0.2843805,-0.1223139,0.1197242,0.9951442,0.4901994,0.9113901,-0.9347406,-0.02686143,-0.7424455,5
0.5837396,0.05452734,0.7671684,1.055048,-0.7596338,1.37194,-1.510676,-1.005294,-0.9862725,5
0.6660332,-0.02977128,0.1370619,0.6803661,1.165582,1.21382,-21.26663,0.04894343,-0.4834218,5
1.061037,0.7829907,0.8895727,1.976181,-0.5974212,1.11212,-1.525488,0.13286,-1.133863,5
0.05788902,1.18444,1.25669,1.256024,-0.2705966,1.18048,-1.017023,-1.543876,-1.299663,5
0.336367,0.310796,0.6735009,0.9249133,-0.6518906,0.9927977,-0.8543871,-0.4005603,-0.7076948,5
0.2992775,0.2422816,0.6770228,1.885169,0.4593472,1.376002,-1.34503,0.1780982,-1.294723,5
1.478546,0.4814585,0.4196507,1.932148,-0.09834117,0.788138,-3.687983,0.1994423,-0.7336691,5
1.27171,-0.4840992,0.8665757,1.447816,-0.8195844,1.282769,-2.520438,-1.317826,-0.8894815,5
0.06897706,0.5188601,1.160679,1.801224,-1.461842,1.369222,-0.2524878,-0.3605002,-0.3344666,5
0.2593639,0.8347536,0.7767349,0.7108229,-0.9378673,1.030477,-0.9238214,0.2905076,-0.6830905,5
1.481636,-0.05044189,0.1618387,0.6296915,0.2726487,1.037069,0.4248425,0.4786953,-0.847161,5
0.8099298,0.2295315,0.2622396,0.8361206,-0.84772,1.136205,-21.02736,-0.5229235,-0.4343694,5
0.5584986,0.9152634,0.8282765,0.5285602,1.105427,1.404978,10.49796,-6.318874,-0.9800147,5
0.3128901,-0.1126402,0.4468471,0.9989311,0.5097774,1.365516,-1.506646,0.1464783,-1.237821,5
0.2734919,-0.9021451,0.7744242,1.792585,-0.8066462,0.8963934,-0.3717636,-0.7847868,-0.4971459,5
0.5591635,1.062064,1.001003,1.158895,0.9087327,1.114213,-0.8627688,-1.101135,-0.8969291,5
0.151269,1.054421,0.9683183,1.153276,0.07419935,0.7917914,-0.6458887,2.624589,-1.365824,5
0.9679123,0.5367016,0.642552,0.3856268,-0.2038505,1.331921,0.9054358,0.2880869,-0.6185927,5
0.07376663,-0.0193536,0.7866157,1.768086,0.3620487,0.8910425,-0.8115841,0.5448814,-0.9205969,5
0.09484845,0.02952728,0.8519708,1.186659,0.2087415,1.303405,-1.231593,2.743786,-1.376935,5
0.04297743,-1.341737,1.388564,1.261675,-0.7911327,1.040195,-0.607185,-1.450739,-0.8697291,5
0.6794856,0.228582,0.3503973,1.264318,0.6750921,1.20967,-2.022836,-0.1957062,-0.9290509,5
1.945054,-0.2078367,0.3377402,1.530859,1.132873,1.31512,1.770368,-0.06341527,-0.6944176,5
1.473872,-0.1744384,0.1565311,0.9682212,-0.7280572,1.258482,1.049272,-2.065405,-0.7355032,5
0.8165944,-0.4438523,0.7044609,1.299146,-0.5587398,1.099446,-1.287002,-1.816609,-0.9133828,5
0.4917146,0.07189535,0.9903286,0.3753872,-1.001375,1.370067,-0.08516263,-0.1716183,-0.006152991,5
0.8165885,-0.2119284,0.2401083,1.926115,-1.327574,1.138459,0.00219835,-0.0325165,-0.02835945,5
1.256593,-0.07603233,0.2692761,1.05913,0.04574347,0.5374145,1.383,0.2613208,-0.5418407,5
0.05305431,0.7749414,1.161968,1.033804,1.462438,1.316226,-0.4091933,0.1241368,-0.3415236,5
0.06852608,-0.07549085,0.9531667,1.338337,0.8227588,1.017961,-0.6227228,-0.1090682,-0.6309395,5
0.3362976,-0.2823734,0.2986754,1.077336,0.09627987,0.9793219,-1.133614,1.426966,-0.9553759,5
0.09087122,-1.2629,1.261312,1.311646,-0.03277975,1.253926,-1.304812,24.06387,-1.660848,5
0.5845627,-0.4872391,0.7639577,0.5796785,-1.363727,1.158794,-29.58247,0.4134075,0.2092907,5
1.275697,0.5330436,0.8835447,0.8666063,-0.2800353,1.326106,1.788918,0.02554021,-0.9803436,5
0.4389358,0.5876806,0.8972117,0.9443286,0.2505885,1.09076,-1.361223,7.066803,-1.256854,5
0.3209663,0.3174511,0.7749813,1.125954,-1.124618,1.339686,-0.7666761,-0.4834502,-0.6442514,5
0.6226252,0.3819145,0.6030396,1.572158,0.7269388,0.7645713,-0.3546856,-0.09741394,-0.3050627,5
0.527071,0.4986448,1.016318,1.82366,-0.6829044,1.340843,-1.211049,-0.688092,-1.185257,5
0.2071158,-0.5146087,1.343811,1.872863,-0.288699,1.287013,-1.093819,-4.020109,-1.348815,5
0.5952847,0.5593305,1.091628,0.9589404,0.006136869,0.9976008,-0.7292433,-0.03746364,-2.019198,5
1.433021,0.07750081,0.7184277,1.238849,-0.04901325,1.151762,3.287362,-1.322989,-1.092293,5
0.4714079,0.01090252,0.7403973,1.802147,0.2929155,1.099149,-1.12799,0.1424261,-1.094293,5
1.208234,-0.09923957,0.4223863,1.96783,-0.1102819,0.8346666,-1.362784,-4.491867,-0.80402,5
1.030324,0.4489364,0.4482239,0.8483922,-0.05039939,1.228511,6.611587,-0.1569203,-0.9375324,5
1.023984,0.3501507,0.6073564,1.706332,-0.1216825,0.8811231,-1.565496,-0.2599118,-0.9028169,5
0.1246547,0.8531484,0.7892247,0.3255584,-0.3548909,1.260239,-1.829847,-0.109386,-1.28933,5
0.7565838,0.2543543,0.4058783,1.259043,0.1185274,0.492631,-0.7346092,1.011482,-0.5728726,5
0.4111683,0.504661,0.7287142,1.551245,0.5257646,1.315109,-1.469827,-0.3780054,-1.225313,5
0.2105486,0.3859737,0.4299479,1.57229,-0.4071731,1.298563,-1.17288,-2.076768,-1.161424,5
0.379466,-0.5582947,0.5082798,0.9104894,0.9312136,1.26342,-1.329638,-0.08754263,-0.89975,5
0.3940156,-0.04661396,0.4903696,0.5788698,-0.5937107,0.9876528,-1.281341,-0.7703371,-0.6476022,5
0.1219165,0.7363408,0.9530521,1.781969,0.8012266,0.8617383,-0.3948375,-0.1315396,-0.490683,5
0.1511355,-0.6990722,0.9853385,1.439961,0.4029943,1.333439,-1.287657,1.105332,-1.439843,5
1.438102,0.2259479,0.2977132,0.7031588,0.3685045,1.035303,1.115829,0.9382577,-0.7661098,5
0.1154792,0.1525983,0.5570851,0.2041114,1.403751,1.269317,-0.6654984,0.1419082,-0.2295333,5
1.918838,-0.2692699,0.4041246,1.766137,-1.037084,1.398829,4.413146,-1.28819,-0.6978235,5
0.3565637,0.8326036,0.7262219,1.390468,0.638909,0.5568212,-0.09440789,0.005647836,-0.1909392,5
1.154682,-0.9252917,1.046331,1.317998,-1.406821,1.211699,1.470365,0.6154425,0.3849049,5
0.746518,0.1436408,0.5291716,1.365572,0.448957,1.107363,-1.750036,-0.1456243,-0.9824488,5
1.387728,-0.18379,0.3474476,0.9127872,-0.5510777,1.328267,1.024359,-3.449268,-0.9514157,5
1.14332,-0.1075416,0.3198305,0.9448839,1.074382,1.226765,2.07009,-0.05508328,-0.6097616,5
0.5452933,0.7577677,0.8676425,1.55834,-0.9049391,0.9586525,-0.6392004,0.3071285,-0.7032903,5
0.004615765,0.4486187,0.8133416,1.0388,0.9601909,1.03689,-0.7766141,0.7004001,-0.774748,5
0.2096875,-0.1965888,1.118145,1.837764,-0.06692242,1.15473,-1.014226,-9.852264,-1.186508,5
0.2232687,-0.1916216,1.213033,1.373847,-1.083812,1.094037,-0.2387811,-0.229803,-0.315103,5
0.2645985,-0.05167553,1.211478,0.8934767,-0.6495032,1.138762,-0.7457409,-0.5644565,-0.9577683,5
0.101682,-0.7270771,0.9243467,1.35193,-1.314837,1.343665,-0.3807529,-0.7600553,-0.5266595,5
0.9961171,-0.1915357,0.5057238,1.850533,-0.7500771,0.6547784,0.1018193,0.1166068,0.02245668,5
0.1408221,-0.2490344,0.3066952,1.935835,0.2976916,0.8199332,-0.8205112,0.9205091,-0.9046582,5
0.5408661,0.3046995,0.3181332,1.257777,-0.8075253,0.7465294,-0.4933676,0.04684661,-0.1336051,5
1.912287,0.174734,0.3400258,0.6180428,-0.2038925,0.7528235,0.2983168,-0.0857934,-0.07310253,5
1.658262,0.2844878,0.6732469,1.75947,-0.3345388,0.7342022,-2.249723,-0.04042273,-0.5917046,5
0.6726575,-0.4959479,0.8336598,1.55314,-0.3718956,1.242073,-1.306612,-3.895108,-1.191659,5
0.8745627,0.4613529,0.6482828,1.327823,0.4345012,1.017436,-2.248257,-1.74638,-0.942432,5
0.6385852,0.5630124,1.111832,1.65055,0.7934621,1.256069,-0.9611134,-0.5499995,-1.031208,5
0.9813659,-0.08794764,0.1884062,1.401636,1.304959,1.181704,-0.898176,0.1722081,-0.2607075,5
0.2864974,0.3788522,1.129797,0.3219933,-0.4098913,1.099886,-0.2857567,-0.121318,-1.399289,5
1.837853,-0.4434361,0.4484743,0.7778896,-0.8252068,0.7093428,-0.181821,-0.5363141,1.36364,5
0.5923742,0.1779296,0.2862422,0.1858329,-0.6917266,1.103711,0.3479198,-0.4749435,-0.01498255,5
0.423636,1.129598,1.210731,1.536579,1.105691,1.027709,-0.2152056,0.03380775,-0.296272,5
0.1770081,-0.3183383,1.123632,0.7585444,-1.458473,1.396438,-0.202897,-0.2343017,-0.2755481,5
1.937372,0.2700039,0.3280612,1.546135,-0.3784785,1.277951,4.392258,-0.9610495,-0.8338894,5
0.2217189,1.123992,1.35227,1.484267,-0.8896016,1.394968,-1.054525,-0.3356112,-1.352409,5
1.434305,-0.6886555,0.7988475,1.111241,-0.8582523,1.250625,0.7990384,16.88149,-1.051123,5
1.31912,-0.1901042,0.2590756,0.4247835,-1.087945,1.375956,-0.01611502,-2.035072,-0.3334049,5
0.786614,0.02540249,0.838811,1.42477,-1.082593,1.060004,-0.2275392,0.06271075,-0.2094777,5
0.9492086,-0.190478,0.3229971,0.5380503,0.3771716,1.38549,1.020443,0.323342,-1.241451,5
1.888452,-0.3103766,0.5799937,1.859603,0.6380661,1.38841,48.4497,-0.1311597,-1.260319,5
0.05498935,0.8277858,1.354104,0.391381,0.4921387,1.105443,-0.791765,-0.6817286,-1.299147,5
0.319063,0.9342607,1.181956,1.272339,-0.3976057,0.998403,-0.7295715,0.1482873,-1.690044,5
0.3624516,-0.3241617,1.259138,0.9085183,-0.78097,1.109056,-0.4999257,-0.2730462,-0.6688333,5
1.458261,-0.08330421,0.3300034,1.29186,0.2567167,1.218672,6.049272,0.6468791,-1.100319,5
0.5138626,0.6316219,1.073872,1.910882,-0.3676967,1.347822,-1.384418,-0.7473931,-1.439354,5
0.5025294,-1.2147,1.094052,1.466569,-1.258626,1.388746,-0.610864,-1.173167,-0.710197,5
0.0588147,0.6927701,0.845736,0.167716,-0.02580052,1.375973,-1.849876,-0.5594004,-1.439003,5
0.2256506,-0.4650595,0.8413385,1.092067,-0.6416897,0.5893201,-0.01300161,0.0548223,0.06355583,5
0.5085352,-0.6113572,0.5790247,1.223803,-0.9848579,1.148661,-0.6239704,-0.9696015,-0.5680079,5
0.6673402,0.3112625,0.7368318,1.95906,-0.5796648,1.163025,-1.125296,-0.7537351,-0.9550583,5
0.09670862,1.044994,0.9994573,0.6396287,1.252441,1.256058,-0.5600623,-0.1761323,-0.550593,5
0.6699876,-0.2013241,0.292981,1.57756,-0.9591498,1.141122,-0.6074925,-0.7550061,-0.5045155,5
0.594487,-0.4049598,0.6538632,0.6803238,-0.9477723,0.8468514,1.0837,0.2639281,0.1246238,5
1.438509,0.0726494,0.1660515,0.08049323,-0.6614392,1.354309,0.0830013,-0.7547319,0.5742769,5
0.08878371,0.1198513,0.5574229,0.5163198,0.6160938,0.604026,-0.1964272,-0.006491426,-0.2023247,5
0.4664024,0.160458,0.6468148,1.614055,0.9241291,1.372773,-1.247577,-0.2358447,-1.000481,5
0.2103231,0.3677798,0.804709,0.5599658,-1.109318,0.9508683,-0.2308109,0.2943619,-0.1514892,5
0.4624599,0.8973834,0.9178744,0.7022417,0.3580014,1.046397,-1.75422,1.835449,-1.668733,5
0.2079823,0.3984411,1.23167,1.875822,-0.101154,0.7266299,-0.5369495,-0.2251337,-1.114412,5
1.025828,0.2428343,0.5952125,1.86832,-1.445477,1.281963,-0.4581157,0.07732422,-0.1070145,5
0.06488268,-1.068669,0.9386035,1.581894,1.435367,1.327901,-0.6521903,0.583978,-0.5543009,5
0.1098847,-0.07550606,1.052677,0.4641615,-0.2445506,1.07479,-0.9404567,-1.447266,-1.113892,5
0.1075895,0.3628926,0.3978135,1.407182,-0.8371913,0.8455124,-0.2666727,-0.32675,-0.289156,5
0.3797221,-0.5888545,1.176106,1.342569,-1.185037,1.101351,-0.04226503,0.01279094,-0.05383485,5
0.7308857,0.1827477,0.1660143,1.710614,-1.095041,1.215016,-0.8267361,-0.487993,-0.4168795,5
1.588825,-0.2465802,0.3140172,1.888068,-0.5233511,0.9167621,-2.537166,-1.424783,-0.6365128,5
0.004018163,0.8390687,1.054599,0.6184272,-0.05304303,0.1573661,-0.08757848,0.07785245,-1.046879,5
0.03928486,0.9086797,0.8430199,1.266571,0.1438335,0.3413981,-0.1513524,-0.3503923,-0.8340392,5
0.4544472,-0.0438793,0.6729785,0.553053,-0.1946969,0.9851027,-2.510383,-1.38262,-0.9566473,5
1.842685,-0.2365065,0.7710323,1.660532,-0.5707706,1.335384,3.668117,-1.967971,-1.069918,5
0.1935041,-0.09143914,0.176251,1.329759,-1.310819,1.307247,-0.3253062,-0.5573674,-0.3921314,5
1.900652,0.8535411,1.058148,1.931715,0.01533508,1.127925,-22.63631,0.2876447,-17.59535,5
0.04298214,-0.3915688,0.5938197,1.162659,-0.8645208,1.167952,-0.6934433,-1.602416,-0.9452046,5
0.06632838,-0.0004275738,0.1452738,1.248987,-0.4596353,0.7504343,-0.5219471,-1.230012,-0.6694951,5
0.4181903,0.4258287,0.6259027,0.4392938,-0.1947163,0.934935,-13.81215,-0.03659792,-0.867933,5
0.5690495,-0.1668784,0.582766,0.9608027,0.2517935,1.078702,-1.724293,0.1738319,-1.074578,5
0.3217626,0.8863695,1.255696,1.532047,-0.8120309,1.107682,-0.71665,0.05350338,-1.223072,5
0.9148656,0.09532883,0.3149816,1.60672,0.2396944,0.6507754,-1.098627,-0.0685128,-0.586884,5
1.108601,-0.169016,0.1538369,0.7417452,-0.8443426,1.405671,1.184918,-2.009798,-0.7867846,5
1.129015,-0.02745785,0.1366937,1.110496,0.02736363,1.026537,42.67921,6.272492,-0.8953961,5
0.9372552,-0.0005989862,0.291683,1.763893,-0.3802487,0.3222038,0.04498675,0.1139132,0.02862891,5
0.2469785,0.03458797,0.3632557,0.8135032,1.272671,1.276691,-0.7177248,0.04885158,-0.479225,5
0.3986486,-0.02286925,0.6783609,0.4173328,-1.322611,1.217662,1.138495,0.09078033,-0.00521827,5
0.1404449,-0.3835168,1.330747,1.436711,-0.1449775,1.202118,-1.044158,-6.045613,-1.276188,5
0.2769292,0.3750474,1.169055,1.769698,1.399331,1.248743,-0.2306289,0.1327803,-0.2307702,5
0.079413,0.1047091,0.7164678,1.962212,-0.3296638,1.26876,-1.179121,-4.661235,-1.478202,5
0.6281638,-0.05667403,0.6051306,0.3990511,-0.8547044,1.124391,-0.002497407,-0.414899,-0.2352094,5
0.02135106,-1.129879,1.084618,0.9253061,0.4207946,1.060185,-1.162396,1.930439,-1.392562,5
0.2533801,0.01290353,0.07411698,1.249451,0.3472592,0.7135887,-0.6815886,0.005943525,-0.5995637,5
0.07290493,0.1365141,0.8142539,0.7762617,0.4091158,0.7538378,-0.59334,-0.1922298,-0.6802106,5
0.6649181,0.3288025,0.9009081,1.689481,-0.1752588,0.7971374,-0.5720532,-0.1391265,-1.12417,5
1.893255,-0.5357619,0.4628849,1.575941,-0.7786824,1.117912,2.288639,-5.101829,-0.7732768,5
1.002553,-0.3818203,0.6256382,1.665562,0.419202,1.360183,-2.319478,0.105718,-1.338134,5
0.2338331,-0.4030081,1.082566,0.5002229,-0.5398456,1.148058,-0.9045773,-1.022807,-1.021482,5
0.5050974,0.2505265,0.7915125,1.316732,-0.0610889,1.200282,-1.453514,-1.79261,-1.231845,5
0.9285758,0.6673669,0.9203463,1.142837,0.2505695,1.12176,-3.03493,0.8407288,-1.48763,5
0.524729,0.01431134,0.428313,1.371765,-1.148928,1.171424,-0.3888456,-0.3477178,-0.3165602,5
1.812946,-0.3004894,0.6192074,1.788866,-0.2141473,1.391583,54.50069,7.060389,-1.34289,5
1.86445,0.102022,0.1196517,0.9682735,-0.3510763,1.209915,0.9660765,-1.533655,-0.736317,5
0.4157859,0.4311259,0.6995001,1.636273,-0.5654562,1.370238,-1.341491,-1.205652,-1.157416,5
1.15707,-0.236522,0.3299283,1.880107,0.03837498,1.360492,-2.603181,3.019269,-1.287459,5
0.3520775,0.04882308,0.5922269,0.841377,-0.3482696,1.000981,-1.088057,-1.094845,-0.8860076,5
0.3822486,-0.02616836,1.170143,1.161708,-0.8715108,0.9612102,-0.2614817,0.04990661,-0.4114472,5
1.495402,-0.01691538,0.226707,0.1982794,0.1758392,0.9491415,0.0306138,0.3804092,-0.7215925,5
0.1467614,-0.5709367,0.8945778,0.3926978,-0.5494517,1.367109,-1.233908,-2.571462,-1.189174,5
1.292523,0.9270334,1.135685,1.262023,0.1034253,1.245773,17.03151,0.3809908,-11.40736,5
0.2306291,0.4590173,1.370647,1.866313,1.41979,1.406282,-0.503547,-0.03588489,-0.5323413,5
1.715382,0.4210652,0.9391251,1.005163,-0.5935624,1.397183,0.7145535,-0.1318889,0.04570182,5
0.6989446,0.4177346,1.32072,1.230694,0.1820463,1.353038,-1.273647,0.9347321,-1.660065,5
0.6800355,0.2625793,0.6556731,1.981724,0.05624783,0.6418535,-0.5730733,0.2569461,-0.8112706,5
0.3261652,-0.30213,0.3805878,0.7551875,-0.0144054,1.275296,-1.691944,4.587815,-1.221021,5
0.1596939,0.1403086,0.3798285,1.056575,-0.766963,1.364906,-0.992052,-1.735971,-1.054148,5
1.261883,0.182591,0.4058414,0.9042914,0.6418526,1.387573,2.717893,-0.1890028,-1.060708,5
1.234007,0.4828494,0.7354192,1.378275,-0.4746257,1.032441,-5.623889,-0.05297893,-0.7877045,5
1.020517,-0.6416982,0.8151584,1.858965,-0.3097721,1.364806,-1.89605,16.8792,-1.403335,5
0.4058475,0.2670164,1.038076,1.237218,-0.5908911,1.337064,-1.220356,-0.8984813,-1.211666,5
0.4037688,0.04023593,0.616625,1.48137,-0.8400953,1.003357,-0.4707362,-0.457548,-0.4662103,5
1.845456,0.04308877,0.6326956,1.719263,-0.7711374,1.024502,2.254702,-0.2838468,-0.3582875,5
0.8820966,-0.08898916,0.3236557,1.262322,-0.5599731,0.6301733,-0.3682069,-0.227912,-0.2275638,5
0.3749852,-0.8312574,1.118252,0.775288,-1.36653,1.270568,0.01583243,0.008462896,-0.06602664,5
1.824892,-0.01966389,0.6180364,1.929644,-0.718592,0.7943319,0.4323263,0.02656621,-0.06244808,5
0.326762,-0.2263697,0.3860926,0.2639012,0.3629614,1.291478,3.272307,0.2276192,-1.206866,5
1.984395,0.2909941,0.8513893,1.966818,-0.2687,0.9732701,25.14074,-0.1612687,-0.9290467,5
0.04025711,1.013391,0.9972649,1.086804,0.3882774,0.9856284,-0.8681709,-0.2374097,-1.018838,5
0.7655882,-0.02752617,0.485775,1.760124,-1.424381,1.252564,-0.08420187,-0.03407244,-0.07988244,5
1.849475,0.4915483,0.5597646,1.458542,-0.8644954,1.269217,3.667762,-0.1264158,-0.3412817,5
1.273174,-0.02147143,0.321724,0.8836595,-0.2838445,1.00765,1.102051,-1.833405,-0.7586254,5
0.7717477,0.8784311,0.8480415,1.085083,0.4225795,1.069354,-2.292177,2.568287,-1.464081,5
1.171158,0.2386051,0.5109794,1.138627,-0.1598515,1.244484,32.66262,-1.078671,-1.023245,5
0.2817623,0.1426788,0.5141924,1.751135,-0.234597,0.3886071,-0.2453733,-0.1289101,-0.3939524,5
0.4349169,-0.02714963,0.5282217,1.019389,-0.2921763,0.5228124,-0.3461064,-0.2101515,-0.4370911,5
1.391218,-0.5254949,1.159992,1.655611,-1.012652,1.354759,-0.6433903,-0.3698031,-0.5921843,5
0.7503235,0.2983832,0.5092881,0.489123,-0.4242886,1.380548,1.990414,-0.7582549,-0.8340044,5
0.4648017,-0.3738133,1.018674,1.877457,-0.5293183,1.171779,-0.862251,-1.357895,-0.9769966,5
1.082711,-0.08076672,0.2871188,1.342085,0.2697821,0.907024,-3.145474,0.1921182,-0.8295744,5
0.2600509,-0.7710402,0.8041695,1.541271,-0.8804491,0.811556,-0.09365316,-0.1784832,-0.1329376,5
0.2917217,1.466507,1.266879,0.9384093,0.7987859,1.299262,-1.129039,-2.279637,-1.56523,5
0.4381994,-0.04434722,0.2702425,0.8333315,1.548808,1.338398,-0.5108219,0.2692939,-0.1901457,5
0.4890417,0.02585139,1.334346,1.761024,-1.064212,1.131228,-0.3284018,0.01069723,-0.4698125,5
0.5193363,0.5413256,1.115956,1.202175,0.7715363,1.323085,-1.163224,-0.6444759,-1.13139,5
0.6428713,-0.5151273,0.7658806,1.090075,-0.7361712,1.234121,-1.203531,-1.560784,-0.9087981,5
0.9144366,-0.1312877,1.287619,1.744493,-0.395872,1.365775,-1.252925,-1.052788,-1.415256,5
0.05796922,0.1613016,0.886025,1.432414,0.1650809,0.6324479,-0.5414624,0.1357848,-0.6552306,5
0.1266625,0.7744378,1.272173,1.906827,-0.1577436,1.022294,-0.8937489,-1.171291,-1.207277,5
0.3521958,-0.1932331,0.1930133,1.137235,0.7780316,1.121541,-1.054232,-0.08351164,-0.7924837,5
1.537224,-0.2243633,0.3526667,1.088271,0.1459892,0.8060795,0.9677302,0.1139373,-0.8669024,5
1.020478,0.267893,0.2993179,1.866512,-1.311774,1.128677,-0.5677765,0.067981,-0.03312905,5
1.467577,-0.8988896,0.8879189,1.086002,-1.445492,1.287629,-0.3555514,0.5023453,0.08034979,5
0.1310861,0.3528512,0.5566794,0.5597015,-0.4844993,0.6370299,-0.4377956,-0.1132584,-0.4831661,5
0.7382013,0.3542439,0.7799413,0.8625741,-0.8289227,1.327168,-4.388082,-0.3859068,-0.7388482,5
0.166618,0.1825118,1.309411,1.846559,-0.3289818,1.27564,-1.051,-2.205318,-1.281999,5
0.4686888,0.5191617,0.566665,0.8021763,-1.010265,1.359424,-2.110456,-0.3635166,-0.676902,5
0.982303,0.04597945,0.3363945,0.5462931,-0.7019486,1.113939,0.4188637,-0.8112099,-0.4300755,5
0.7142108,0.4010488,0.6107243,1.8393,-1.398712,1.348978,-0.6801872,-0.09299144,-0.3138392,5
0.5398376,-0.1405648,0.3361252,1.066998,-1.278194,1.099727,0.04442211,-0.008592009,-0.02814088,5
0.2902301,-0.6151873,1.220503,1.993622,-0.1694273,1.281072,-1.136894,-9.178945,-1.351409,5
0.4332672,-0.2872413,0.9054537,1.922893,-0.4244669,1.306932,-1.098977,-2.266634,-1.179116,5
0.01257202,-1.075383,1.053933,1.145383,-0.05135201,0.6877682,-0.7978944,-15.89244,-1.070965,5
0.0358872,0.8573229,0.8914934,0.4019285,1.551688,1.346705,-0.3809491,0.1710005,-0.2487678,5
0.9471297,0.9860038,0.8669558,0.9384201,0.2222916,1.301239,112.2981,1.228147,-1.809252,5
0.3441657,0.803001,1.398246,1.076457,-0.6759588,1.311276,-0.9896334,-0.08144868,-1.622267,5
0.5216841,0.07263732,1.210278,1.787929,-0.8191209,1.080914,-0.5322873,-0.2217052,-0.7390354,5
0.7980142,0.04937926,0.1316674,1.394024,-0.6571539,1.158662,-1.47914,-1.133871,-0.7408703,5
0.6959915,0.03575019,0.1815225,1.707813,-0.3653005,0.4505447,-0.2882998,-0.2237884,-0.2091737,5
0.6053346,-1.111684,1.179016,1.500047,-0.838383,1.354436,-1.029902,-2.499645,-1.176974,5
1.051758,0.03777965,0.5229431,0.9325426,-0.4745215,0.6331563,-0.2996152,-0.01487113,0.06661787,5
0.1779293,-0.3582952,0.873623,0.8616828,-0.09688488,0.9701744,-0.8756594,-11.63996,-0.9898894,5
0.4860057,0.07713821,1.270482,1.48078,-0.5390232,1.089114,-0.7035259,-0.3733585,-1.09753,5
0.1742004,-0.1320602,1.203221,1.958906,-0.2193491,0.6796878,-0.4915119,-0.6275417,-0.6943591,5
1.150453,0.004173011,0.5390409,0.7645788,-0.5665475,0.9339604,0.2198053,-0.4351702,-0.3439755,5
0.5454468,-0.3013671,0.4006186,1.993187,-0.7545888,0.9422029,-0.4804263,-0.8072911,-0.5152525,5
0.4551622,0.003113135,0.6937758,1.535358,0.2235158,1.051234,-1.122997,0.3308154,-1.06018,5
0.2726017,-0.04725713,0.7155309,1.904528,-0.2632307,0.8378627,-0.6783287,-1.324912,-0.7854575,5
0.2060236,0.5403171,0.6270334,0.6873475,0.3912066,1.254141,-1.581144,-0.3800904,-1.196522,5
1.79244,0.4520096,0.6509628,1.332952,0.6632475,1.225625,1.907372,-7.756065,-0.9741316,5
0.03353353,-0.7683121,1.32922,1.702162,0.06540035,1.382528,-1.525604,24.24568,-1.938108,5
0.1052701,-0.9509494,1.101692,1.788301,-0.6935142,1.35438,-1.080885,-3.105237,-1.438157,5
1.904057,0.2967771,0.3926369,1.463421,-0.04966681,0.805692,2.581199,-0.03744391,-0.6460166,5
0.6684244,-0.1714666,0.6863618,1.882149,-0.5098026,1.018984,-0.8273409,-1.043693,-0.8051877,5
0.3191671,-0.177194,0.8429272,0.7902587,-0.3967766,1.134765,-1.089745,-1.446096,-1.049519,5
0.0237225,0.7736949,1.212258,1.332455,1.374687,1.369755,-0.6240909,0.1103758,-0.5714393,5
0.7488179,0.1440842,0.4993551,1.459343,-1.116158,0.9766486,-0.2276533,0.08006244,-0.06703005,5
0.7755002,-0.5300912,1.127495,1.024855,-1.268048,1.142526,0.976143,0.5885573,0.6230516,5
0.05021308,1.273886,1.247102,1.036177,-0.03214606,0.890469,-0.8050631,-0.1464157,-1.287001,5
0.08413555,0.04348629,0.09645381,1.941121,-0.03542745,0.7610452,-0.7745653,-13.38428,-0.9300601,5
1.963469,-0.3002584,0.8221175,0.8672847,-1.117407,1.350392,-0.4577301,-0.149006,1.04673,5
0.07072236,0.5413005,0.9540178,0.0800247,0.6807734,1.367774,-5.456358,-1.985019,-1.207345,5
0.6592134,0.340764,0.7497569,1.33509,-0.8227435,0.9288684,-0.6002368,0.02327264,-0.4604061,5
0.1797166,-1.341944,1.40477,1.050183,-1.097335,1.407923,-0.7241215,-1.582638,-0.9796067,5
0.1504877,0.1868884,0.9081944,0.4817862,0.5395853,1.128937,-1.037707,-0.3649838,-1.040743,5
0.1358796,-0.1463075,0.5412727,0.8979247,0.8645737,1.358716,-1.089879,-0.135727,-1.033946,5
1.772833,0.05329723,0.3130143,0.9564652,-0.7339937,1.278597,0.5476369,-1.109342,-0.561008,5
0.3024985,0.4983369,0.8716435,1.240808,-0.04674068,1.061182,-1.114368,-0.7529302,-1.204121,5
0.3734353,0.3782756,0.4488438,1.843923,0.264419,0.5752442,-0.5511302,-0.3717274,-0.5743125,5
0.2776116,0.1536991,0.8564315,0.7921956,-0.3212022,0.5961242,-0.175347,0.003518427,-0.8476822,5
0.06871219,-0.7573369,1.045566,1.118286,-0.5247427,0.8386843,-0.5589197,-1.385395,-0.7709647,5
0.6507362,-0.03786649,0.5089454,1.759232,0.6213289,1.117198,-1.18159,-0.154291,-0.9152884,5
0.669271,0.1308324,0.5162008,1.219298,-0.9839403,0.8934076,-0.2649745,0.05806284,-0.1057782,5
1.329655,-0.7130759,0.6569523,0.8379714,-0.6663319,1.37259,1.07899,2.152813,-1.524238,5
0.7038783,0.8563234,0.8457342,1.601029,-1.171624,1.395397,-1.541163,0.07037522,-0.7686193,5
1.015038,0.1265951,0.1725589,1.446623,-0.5047511,0.7870777,-1.546053,-0.534397,-0.431672,5
0.06129261,-0.08757277,1.042168,0.776558,-0.6524377,1.17324,-0.8101709,-1.714355,-1.036729,5
0.7236899,0.6437882,0.9982619,0.7534654,-0.01188676,1.206039,-13.55177,0.1969685,-1.706995,5
1.85521,0.0114347,0.2105034,0.9413244,0.7374967,0.7578403,0.2174733,-0.004992075,-0.2543791,5
0.3178175,-0.1855316,0.3454994,1.314343,0.3736808,1.054059,-1.072027,0.1660086,-0.965183,5
0.08242992,0.4592297,0.7292788,0.6545636,-1.045648,1.127155,-0.452384,-0.4160343,-0.4747637,5
1.038335,0.45182,0.4434801,1.593013,0.5145619,0.6778043,-0.9952142,-0.7770463,-0.4726727,5
0.03504654,0.6990106,1.008159,0.2317201,0.1718047,0.8111669,-0.6391668,-1.51442,-1.156519,5
0.6911378,0.1427801,0.8089991,1.731116,-1.201618,1.060762,-0.1667853,0.1575246,-0.1169326,5
0.03988968,0.01030461,0.1618919,0.6943681,-0.0667679,0.2623527,-0.2377837,-0.8758256,-0.2916003,5
1.256715,-0.2883973,0.6332248,1.790345,0.3994864,1.259494,-2.618864,0.003839022,-1.238779,5
0.3366515,0.3828873,0.7227901,1.901047,-0.3183034,0.7863324,-0.6785149,-0.480958,-0.8062322,5
0.01310152,0.02396557,0.8655965,1.711144,-0.741993,1.054474,-0.7243274,-1.798282,-1.023159,5
0.5881918,-0.267231,0.4070758,0.6143998,0.1609935,0.9749981,-14.20564,0.2974997,-1.000982,5
1.220161,-0.2567065,0.3290668,0.3494022,-0.5799517,1.037906,-0.0007850133,1.707695,-0.594838,5
1.883939,0.7791293,0.7964947,1.863663,0.3095491,0.8977516,32.44501,0.6755222,-5.372853,5
1.67357,0.8472342,0.8833138,1.622728,0.1436052,1.224951,25.72021,0.7772033,-1.775631,5
0.3252797,1.019097,1.014945,1.216774,-0.3394196,0.9188231,-0.7413063,0.331055,-1.674411,5
0.2498861,-0.1431875,0.7398238,1.398894,-0.8782421,0.7561104,0.002903138,0.06380509,-0.003779775,5
0.003328052,0.1961892,0.6693838,0.5506662,-0.2855709,0.6829391,-0.6513965,-2.245243,-0.896485,5
1.122368,-0.2540996,0.397878,1.504704,0.07775996,1.213645,-3.309494,1.365902,-1.180598,5
1.390898,-0.08618424,0.3168706,1.549204,-0.9219543,1.074503,-2.220174,-0.5518904,-0.3950608,5
0.5571721,-0.2051424,0.7322129,1.3052,0.9486272,1.276677,-1.104244,-0.2164304,-0.8569742,5
1.149193,-0.5625196,0.8937436,1.876195,-0.7795463,1.351915,-1.370209,-1.737803,-1.036668,5
0.8155826,-0.1010339,1.098913,1.496263,-0.8288131,0.8390149,0.3018982,0.390439,0.6889948,5
0.3003552,-0.6198149,0.6506623,1.366739,1.146405,1.356604,-0.9301698,-0.0763405,-0.794318,5
0.0611112,-0.08976725,0.5553723,0.8598878,-0.2792046,0.9061469,-0.7959069,-2.619722,-0.9774894,5
0.6875632,-0.01128719,1.009218,0.9350346,-0.726419,1.00055,-0.1070034,0.005683603,-0.3034403,5
1.55632,0.02908348,0.4011389,1.436472,-0.0929796,0.6616787,3.612796,-0.7412992,-0.606485,5
0.7166123,-0.02287684,0.5908768,1.566866,0.7912588,1.045542,-0.9358056,-0.1846935,-0.6728519,5
1.847258,-0.5363879,0.4864002,1.417754,-1.107593,1.344933,1.24279,-2.063203,-0.6537688,5
0.3141789,0.1812639,1.385481,0.8308532,-0.1828673,1.226698,-0.9380817,-0.5183385,-1.532904,5
1.61056,-0.4136025,1.254104,1.847144,-1.395601,1.369951,1.980569,0.46558,0.4791988,5
0.02434012,0.03259332,0.1663534,1.912429,-1.095315,1.367019,-0.7655391,-1.753206,-1.073339,5
1.609427,-0.04230468,0.3090591,0.7874048,0.2942024,0.9298044,0.4197669,0.08911863,-0.8045918,5
0.2667319,-0.08337109,1.30567,1.604489,0.8065083,1.357284,-1.03349,-0.351913,-1.134593,5
0.08736032,0.4632318,1.218737,0.4602199,-0.6601565,1.081986,-0.735206,-0.3632506,-1.043336,5
0.04082932,-0.3813676,1.069417,1.637813,-0.9956813,0.8706328,-0.04785889,-0.08262701,-0.06751539,5
0.190924,0.6727733,0.9628808,1.962481,-1.186197,1.180749,-0.3738533,-0.2417488,-0.4236983,5
1.318938,-0.2963961,0.5228605,1.64888,-0.1325337,1.383182,-4.370713,6.227586,-1.329179,5
0.0194023,0.1901322,0.5363358,0.9465407,0.2053763,0.6622707,-0.6660073,1.170823,-0.784153,5
0.5597184,-0.5923544,0.9919333,0.5105033,-1.478646,1.379724,-2.724166,0.3806836,0.1776181,5
0.54025,0.3185457,0.6515687,0.8136322,0.08512594,1.15912,-2.633162,-0.8915012,-1.125096,5
0.08898091,1.140451,1.384768,0.3766359,-0.4593264,1.086128,-0.6910494,0.260166,-2.125993,5
1.785766,0.08669919,0.3048092,0.9568302,-0.4564852,1.228692,0.7676664,-1.303684,-0.7118025,5
0.2862541,-1.329805,1.187011,1.380606,-1.21294,1.169845,-0.2523704,-0.5021933,-0.354648,5
0.7901918,-0.07079003,0.3399096,1.790609,0.01504424,1.267859,-1.715454,10.6382,-1.190632,5
0.668709,0.2290966,1.10407,1.751317,-0.004823801,1.174683,-1.154223,-1.068777,-1.362606,5
1.72143,0.2012004,0.1819483,1.836967,0.8763663,1.021339,-12.16502,-0.1166199,-0.4890649,5
1.444434,-0.4431772,0.5825936,1.105078,-0.7180876,1.008118,0.4721139,-2.390957,-0.6502558,5
0.09975258,-0.6747873,1.33835,1.63278,-0.6248634,0.967249,-0.5984355,-1.347771,-0.8183077,5
1.27385,0.5746546,1.076037,1.118639,-0.09920901,1.338573,3.501885,0.03738388,-1.664961,5
0.5338798,-0.5084852,0.9060564,1.486314,-0.3015982,1.17595,-1.140852,-4.177725,-1.16687,5
1.786372,0.3177633,0.4580748,0.8807784,-0.7416193,1.169599,0.8274663,-0.2503629,-0.09807431,5
1.02913,-0.1818354,0.7911042,1.751361,-0.08952653,1.231466,-1.797847,19.32331,-1.264262,5
0.1731075,0.09115232,0.4472256,1.422173,0.2037924,0.3814366,-0.2863667,-0.1279255,-0.358288,5
0.3287147,-0.4256364,0.3843369,0.5287244,0.7275111,1.264618,-2.322112,-0.05573252,-1.052617,5
0.8842302,0.8505726,0.7819328,0.5440955,0.330453,1.383311,1.556701,1.050419,-1.7969,5
0.07226262,0.455339,0.9534079,0.7986115,-0.1486133,0.3286368,0.01034641,0.07078651,-2.539817,5
0.5558038,-0.2912305,0.6098671,1.167222,0.2085654,1.254525,-1.711014,0.6242429,-1.257738,5
0.5897873,-0.8191113,0.7564037,1.498773,-0.1505082,1.090852,-1.342232,3.067402,-1.276893,5
0.9346874,-0.1895842,0.47284,1.357539,1.412991,1.391316,-1.204997,0.04515651,-0.4717503,5
0.9347531,0.07459507,0.620426,0.9321526,-0.6859956,0.8839588,40.35034,-0.1326723,-0.2602734,5
0.07433913,0.3962108,1.20105,0.2979158,-0.4907567,1.140544,-0.9102478,-0.4983016,-1.236555,5
0.6609727,0.7746473,1.166522,1.863235,0.3349434,0.9249946,-0.6024545,-1.765125,-1.555151,5
0.1929617,0.2831789,1.275066,1.553735,0.05817619,0.9653121,-0.829591,2.22432,-1.181568,5
0.4645778,-0.1528182,0.9575395,1.127552,-0.8030047,1.208964,-0.7996784,-0.6840487,-0.806754,5
0.1595963,-0.3165149,0.3990741,1.78539,1.149901,1.100088,-0.4779863,0.1875222,-0.3951904,5
0.717217,-0.3834884,0.4582779,1.889829,-0.5007806,1.242441,-1.248167,-2.602761,-1.050697,5
0.2353796,0.5466102,1.411559,1.828204,0.6804491,0.9995284,-0.4737905,-0.3189718,-0.8822701,5
0.7610862,0.2774492,0.2787567,0.9203454,1.038229,1.400403,-6.343192,-0.2396995,-0.8348734,5
0.1305397,-0.3912323,0.5038854,0.3405573,-0.8665637,0.9556414,-0.3637836,-0.5492003,-0.382027,5
1.884215,-0.3081328,0.4904359,1.876713,-1.120559,1.347547,64.45439,-0.8969298,-0.5647624,5
0.4020632,0.01802842,0.3641986,0.4797675,1.510014,1.326356,-1.432171,0.2296161,-0.192386,5
0.4408949,-0.3445545,0.3209613,0.6947944,-0.3890618,0.5802075,-0.6881233,-1.101376,-0.4217493,5
1.608044,-0.7248429,0.8975767,1.84857,-1.001262,1.050167,-0.06587866,-0.1029119,-0.2153789,5
0.5435669,-0.01107208,0.06351697,1.153421,0.3199577,0.5336527,-0.6803448,-0.0308723,-0.4043082,5
1.563967,-0.08363612,0.2430214,1.568,1.277082,1.251312,-135.0137,0.08390031,-0.4069773,5
0.1233129,0.8234315,0.9875438,1.519779,0.9552444,1.06809,-0.5741322,-0.1949508,-0.6294612,5
1.688682,-0.2575093,0.3557445,0.3812439,-1.205657,1.337149,-0.1543073,-10.52701,0.07250641,5
0.5980444,1.182245,1.107143,1.947127,0.9234576,1.11606,-0.7003254,-0.7187784,-0.9038009,5
0.2770648,0.9488331,0.9748309,1.252307,0.3404397,0.840332,-0.6361122,-1.709194,-1.268372,5
0.3931222,-0.1776653,0.161206,0.2430765,-0.1653925,0.9559373,0.9966973,3.553788,-0.8173606,5
1.091425,0.6766723,0.9186372,1.0541,-0.6112235,1.394331,26.49405,-0.008197793,-0.9571982,5
1.616288,-0.3476716,0.3255449,0.8266921,-0.1411328,1.016865,0.6383902,0.8119076,-1.074576,5
0.416036,-0.3291254,0.4080047,1.560464,0.01769648,1.233504,-1.338844,5.431108,-1.225244,5
0.1488476,0.874436,1.163861,0.7534352,0.02513706,0.8526548,-0.5195286,0.6534235,-1.658438,5
1.824824,-0.0446943,0.905348,1.991291,-0.770689,1.353433,-4.38621,-0.728635,-0.8682639,5
1.512823,-0.1220696,0.4179065,0.8864298,-0.1740776,0.7632221,0.2162583,4.072374,-0.6970907,5
0.9307892,0.2402673,0.9625019,1.750443,0.2877007,1.202144,-1.4871,-0.4615177,-1.26399,5
1.582223,-0.1501134,0.4452907,1.756868,0.7136852,1.002755,-4.29489,-0.1607008,-0.6892204,5
1.159847,0.1693078,0.3499815,1.920512,0.4657488,0.8777131,-1.632766,-0.2004386,-0.6968599,5
1.675078,-0.3277978,0.5095869,0.8867444,-1.103141,1.127033,-0.242421,-0.328185,-0.09318426,5
0.2069787,-0.09427537,0.1053673,0.3294648,-1.194576,1.208128,-0.5713302,-0.4108113,-0.2914098,5
1.099844,0.1462526,0.5513915,1.770144,-0.1684843,1.403698,-2.714511,-2.54682,-1.265919,5
0.6502107,-0.3458855,0.3121674,0.5840168,-1.039253,1.134986,2.228246,-0.7800099,-0.3876873,5
0.00697643,0.4506785,1.114173,0.9698212,-1.083714,0.9425296,-0.05719806,-0.09006451,-0.08376239,5
1.163867,0.3799769,0.3313121,1.942934,-0.2271606,1.291903,-3.067376,-1.215304,-1.068241,5
0.03906237,-0.2308782,1.205376,1.280443,1.163446,1.217036,-0.6253627,0.1366978,-0.5952009,5
0.5330492,0.1738917,0.6556944,0.6428159,0.2237669,1.131958,-4.26017,0.3269096,-1.08669,5
0.3118303,-0.5762851,0.5504664,0.7520972,-0.416063,1.064968,-1.179116,-3.969578,-1.001878,5
0.7123448,-0.1379059,0.5853666,1.98834,-0.6012971,0.6347632,-0.1594657,-0.08392011,-0.1907341,5
0.160242,0.7752554,0.9535919,0.4632542,-0.8338514,1.256643,-1.203568,-0.1258374,-1.051537,5
1.349898,0.3246025,0.6598992,1.965509,-0.3917812,0.8045862,-1.145151,-0.1074287,-0.7121913,5
1.441826,0.5384538,0.616528,1.068887,-0.6003448,1.324905,3.535766,-0.1408013,-0.6198349,5
0.9168783,0.418696,0.4671293,1.352344,0.7683742,0.8981504,-1.491362,-0.4174843,-0.4595145,5
1.999702,-0.2252673,0.3278467,1.447952,0.64069,1.181792,1.668351,-0.0718154,-0.9716634,5
0.5667811,0.06663022,0.1641385,1.308397,1.397917,1.187945,-0.4294375,0.2806947,-0.1333913,5
0.1675188,0.6252016,0.8262932,0.3578928,0.3148178,0.7641556,-0.6447097,-5.3288,-1.146567,5
0.431773,-0.5516418,0.6651222,1.620244,-0.7097143,0.8872454,-0.4323354,-0.8047997,-0.5202288,5
0.1067684,-0.1452337,0.4185476,0.7895278,0.09438178,1.234248,-1.223425,5.865718,-1.293443,5
0.6030514,0.3517173,0.4166118,1.991053,0.5471289,0.7335657,-0.6909973,-0.2548015,-0.4947808,5
0.8433992,-0.07199016,1.21221,1.038826,-1.088698,1.307357,0.1610161,0.07862061,-0.149583,5
0.2034598,0.5126323,0.6305655,1.873904,-0.6671181,0.8103835,-0.4299182,-0.3324112,-0.480017,5
0.7853109,-0.5475557,0.9560485,1.669859,-0.7229749,1.344007,-1.137715,-1.650404,-1.061043,5
0.224198,-1.166349,1.122523,1.71764,-1.390291,1.372149,-0.3302581,-0.6491977,-0.45005,5
0.07917296,-0.07994927,0.6218609,1.428871,-0.4700169,0.783632,-0.5356877,-1.229479,-0.7027979,5
0.4595454,-0.5738459,1.173418,1.271584,-1.24677,1.058702,0.1809101,0.3351992,0.253623,5
0.8027774,0.9625432,0.9547694,1.189487,0.3939233,1.185186,-2.340247,2.282682,-1.651248,5
0.2516192,0.4510779,0.3973296,1.800128,0.6604835,0.7658924,-0.5379335,-0.1510798,-0.4352152,5
0.04886757,-0.1966491,0.329271,0.9604512,0.9549732,1.178696,-0.8575127,0.3370392,-0.8556351,5
0.0157933,1.350026,1.379175,0.1736631,0.948078,1.277091,-0.7796199,-0.5428243,-1.102452,5
1.349167,-0.435035,0.5721346,0.9091327,-0.004451565,1.379496,1.466775,0.7012305,-1.507373,5
0.3848608,0.4130345,0.3686223,0.204203,1.250935,1.200704,0.4975571,-0.5820755,-0.2772553,5
1.102441,0.7712331,0.8719831,1.429778,-0.5386192,1.325755,-4.516314,0.05311986,-1.136801,5
1.105019,-0.3894894,0.3367506,1.87571,0.06206406,0.6129526,-1.183804,0.3278636,-0.7315282,5
1.666754,0.0001684129,0.5527738,1.615106,-0.770039,0.9976249,5.744934,-0.359118,-0.3826587,5
0.709206,0.2424515,1.268741,1.732086,-0.154512,1.293362,-1.202303,-0.7279057,-1.520618,5
0.04417341,0.5323972,1.277913,1.061913,0.7954173,0.9805303,-0.5865458,-0.1805517,-0.6698424,5
1.165229,-0.2510828,0.3506363,0.7749326,-1.044369,1.01093,-0.1279122,-0.2529218,-0.1298252,5
1.376393,0.2361855,0.5832883,0.8198416,0.8524289,1.374381,1.283715,-0.8147062,-0.9382214,5
0.8945668,0.4399871,0.9182566,1.294271,-0.5155851,1.340723,-2.541824,-0.4582291,-1.157753,5
0.4666781,-0.1683374,0.3922174,0.8069023,0.7006153,1.295385,-1.992812,-0.09577622,-1.05885,5
0.2011708,0.9413767,1.260616,0.7282583,-1.439633,1.353092,-0.6195065,0.4003518,-0.678031,5
0.231314,0.2799816,0.8186641,1.399059,0.2277965,0.6591446,-0.500781,-0.3314289,-0.767988,5
0.06733827,0.1818271,1.163886,1.38224,1.238099,1.065411,-0.2374731,0.1749897,-0.1695297,5
1.476109,-0.243956,0.5469366,0.900322,-1.110449,1.18248,-0.2431784,-0.3297262,-0.1532589,5
0.03106311,-1.129505,1.139878,1.630478,-0.582841,1.179313,-1.042764,-3.288603,-1.444268,5
0.5683224,0.4210383,1.09333,1.922952,-0.3752894,1.085133,-0.936204,-0.4250438,-1.247233,5
1.61893,0.4957314,0.6796352,1.419469,-0.03876165,1.243399,7.91852,0.03343437,-1.094605,5
0.3474537,0.05483546,0.2020054,1.688647,-0.2396202,0.3311899,-0.1962249,-0.2095283,-0.1987809,5
0.2967103,-0.01353291,0.6726175,1.283496,-0.7115381,0.7207986,-0.1796544,-0.1054614,-0.2158937,5
0.5754328,0.09752752,1.412409,1.73044,-1.355726,1.359435,-0.3440447,0.08726559,-0.4435561,5
0.1135898,-0.8248913,1.214618,1.014142,-0.8345854,0.9408061,-0.3287545,-0.6191084,-0.445139,5
0.5795074,0.4850894,1.321213,1.75955,-0.1827222,1.29572,-1.169776,-0.4691234,-1.616933,5
0.3124121,-0.3310357,0.8303308,1.622917,-0.02670974,0.8999532,-0.8209208,5.155045,-0.931649,5
0.229386,0.409255,1.141075,1.704683,-1.006488,1.245921,-0.6102568,-0.5622804,-0.7339372,5
0.5897992,0.4130951,0.4582336,1.460164,-0.4061476,1.12691,-1.558727,-0.8144459,-0.9347238,5
0.04622018,0.2477695,0.7617269,1.791823,0.04927852,1.208736,-1.248147,27.64034,-1.526453,5
0.037176,-0.2145005,1.170975,0.6174029,-0.2735473,0.636897,-0.4464582,-0.8489635,-0.6093554,5
0.6070459,-1.034607,1.01015,1.978226,-0.3780992,1.287404,-1.312121,-16.37105,-1.454359,5
0.5319864,-0.4795802,1.050488,1.820437,-1.482815,1.369748,-0.09236543,-0.1255833,-0.1682653,5
0.4920636,-0.7310046,1.210784,1.595587,-1.016523,1.245424,-0.4880242,-0.6882416,-0.6041127,5
0.6081309,0.9524841,1.05113,1.267277,0.213274,1.189506,-1.524739,1.515087,-1.684784,5
1.913615,0.3350412,0.3126188,1.264808,-0.3228496,1.399278,2.940738,-0.8564357,-0.8687208,5
1.645454,-0.243772,0.5980197,0.7141961,-0.2316817,1.294936,0.1465071,1.272915,-1.234271,5
0.07657446,0.9043059,1.265807,0.9661325,0.1625889,1.146752,-1.065266,0.1885843,-1.373226,5
1.177721,0.6024835,0.5272052,0.6698418,0.5536416,1.282681,1.633714,1.793293,-1.080217,5
0.597768,0.6326565,0.5851911,1.773352,-1.13681,1.095755,-0.7667383,0.1206338,-0.3379386,5
1.140664,0.6143276,0.7669901,1.95537,0.7675087,1.00975,-0.984374,-0.6447651,-0.685363,5
0.02900991,0.6716669,0.7895454,1.631275,-0.4919307,1.320306,-1.19981,-3.896348,-1.5662,5
0.5816478,-0.3004071,0.632842,1.205029,-0.9491633,1.041919,-0.3558977,-0.3829315,-0.3616223,5
0.726998,-0.3833472,0.5941906,0.5864049,-0.3690704,1.376405,2.612165,6.97648,-1.298419,5
0.07756627,0.3353126,0.3952872,1.342851,0.365399,0.350414,-0.1156175,-0.01155312,-0.1451966,5
0.01618307,-0.001999774,0.3253342,0.172434,-1.104744,1.409659,-0.721018,-1.390839,-0.8878299,5
0.295223,0.01970105,0.6579111,0.7427999,0.3466393,1.407279,-1.764366,0.4817019,-1.349649,5
1.266567,-0.169607,0.4632127,1.188449,-1.174582,1.057694,-1.566562,0.01625494,-0.02559336,5
1.558012,-0.03561739,0.2571583,1.772577,-0.3924468,0.3571777,0.3603287,0.07758981,0.03352249,5
0.8796658,0.5113972,1.149324,1.217393,-0.4859587,1.191399,-1.166981,-0.08412558,-1.375804,5
0.09117934,0.7706254,0.9988154,1.784829,0.04355197,0.9323581,-0.8522471,31.2345,-1.047148,5
0.9805374,-0.1287432,0.2892165,0.6011531,-0.1251853,1.01243,0.7842842,4.607968,-0.8772932,5
0.1904858,-0.4114305,1.413236,1.712678,-0.9841725,1.089021,-0.3443627,-0.5040487,-0.460854,5
0.5828725,0.8439641,0.8023074,1.114249,0.1453344,1.17079,-2.238304,1.212147,-1.356605,5
0.2516407,-0.03526805,0.4115915,0.9658554,0.05537641,1.205383,-1.287865,6.235339,-1.151671,5
0.7195492,-0.3214109,0.2770057,0.8031944,-0.4427326,0.9860172,-5.623178,-3.615529,-0.7858534,5
0.9597143,0.07414762,0.5502265,1.129121,-1.261186,1.158264,-0.4625511,0.02279309,-0.06517639,5
0.1273886,-0.03425798,0.5623568,1.688588,0.3051068,1.085586,-1.03453,1.195755,-1.138454,5
0.05047496,-0.4291084,0.4523453,0.8429318,0.7943552,1.208618,-1.052602,0.535698,-1.100961,5
0.1590686,-0.1943154,1.314651,0.581756,-1.450194,1.284899,-0.03478809,0.1726458,-0.05184066,5
0.7199834,-0.01623908,0.1850956,1.012371,-0.9766728,1.166459,-1.197798,-0.6543802,-0.461928,5
1.329852,0.02637782,0.1858931,1.534467,1.436574,1.260963,-1.991066,0.2502733,-0.1953483,5
0.3744967,0.909506,0.8274892,0.9739764,0.4115926,0.7394832,-0.6517163,-4.021754,-1.325882,5
0.2058754,-0.4272671,0.8749145,1.474936,0.229518,1.354594,-1.300292,1.759901,-1.411261,5
0.9818481,0.7355788,0.8598342,1.936699,0.07035539,0.8641954,-0.9633445,0.524852,-1.562501,5
0.45223,0.0505411,0.7328662,1.785264,0.8989606,1.126088,-0.7774638,-0.1793342,-0.6962072,5
0.3210602,-0.5055625,0.452691,1.444122,0.1886813,0.785315,-0.8652669,0.604913,-0.8654977,5
0.2205235,-0.2037603,0.7543517,0.4485437,-0.5362694,0.740806,-0.3334421,-0.1860387,-0.4151828,5
0.3194972,0.08019892,0.6259357,1.022592,-0.5701967,0.9668002,-0.74831,-0.6905156,-0.7024017,5
0.1244693,0.6654878,0.6083838,0.5162637,-0.0584681,0.9336369,-1.137413,-0.1277394,-1.033574,5
0.08589812,1.267426,1.073849,1.428242,-0.776399,1.080323,-0.6751612,-0.4620723,-0.9039523,5
