rhoL,uL,TL,rhoR,uR,TR,s1,s2,s3,type
1.025865,0.8882908,1.106924,0.592064,0.3333201,1.023999,-0.4094401,-0.2190284,-0.476956,4
1.780465,-0.1281049,0.3582507,0.04004708,-0.03555768,0.355236,-0.3504806,0.4657213,-0.4113189,4
0.7504146,0.6235333,1.012458,1.335448,0.02096403,0.2802885,0.3293954,-0.9389498,-0.4566317,4
1.239193,-0.6496018,1.253796,0.6149164,-0.08428817,0.6724686,-1.595714,-0.2627825,-1.054124,4
1.36889,-0.3385007,1.224558,0.7373278,-0.3319916,0.6815599,-2.043618,-0.253408,-1.166893,4
1.278917,0.2657668,0.4323909,0.2698057,0.01891782,0.3955568,-0.2689691,-0.294654,-0.3126058,4
1.995598,-1.392458,1.3195,0.1446585,-1.594286,1.358727,-0.4013177,-0.09859715,-0.5640594,4
0.7181914,0.1337042,1.076504,0.9051522,0.1979554,0.446409,1.999667,3.135935,-1.022811,4
1.021372,0.8349702,0.7483881,1.092214,0.2469812,0.4759853,-2.033893,0.1670684,0.06996687,4
0.9429674,0.300952,1.374277,0.9018357,-0.5042421,1.302063,-5.234568,-0.1778975,-1.919422,4
1.350952,-0.0396115,0.9817699,0.6099121,0.3032647,0.6042453,-1.231819,1.0496,-1.028901,4
1.551535,-0.4066198,0.8119636,0.3795028,0.09697625,0.08460582,-0.8095254,-0.0004599208,-0.6778396,4
1.886103,1.293362,1.312949,0.4070973,0.7275388,1.046941,-0.3010053,-0.529204,-0.4071888,4
1.206218,-0.02321863,1.294707,1.448504,-0.5073739,0.6662821,6.172187,0.1158056,-1.123873,4
1.816969,0.3737891,1.293698,1.636256,-0.007603585,0.8185011,-5.735009,-1.241254,-1.137267,4
0.7886549,0.4147742,1.103524,0.517813,-0.3143788,0.380908,-2.593985,-0.7743935,-0.8215338,4
0.2156975,0.2970638,0.8527586,0.5765398,-0.1703645,0.4269638,0.2655124,-0.1813996,-0.01524414,4
0.854656,1.110811,1.080343,0.5309234,0.4636901,1.234324,0.3815134,0.4800751,0.6390848,4
1.115122,-0.225005,1.288363,0.7887774,-0.4885532,0.8074823,-3.36116,0.7469966,-1.287778,4
1.45872,0.4604959,1.403456,0.6764865,0.4907962,0.5216801,-1.694251,-4.451174,-1.228453,4
0.4217666,-0.08126497,1.315432,0.1878399,-0.8292544,0.8750957,-2.098874,0.6369184,-1.452179,4
0.6035269,0.4729771,1.272081,0.2634051,-0.3469178,0.3268723,-1.851781,-1.176811,-0.9942132,4
0.6885026,0.8556271,1.148169,0.07265576,-0.7160413,1.247604,-0.6440852,-0.4291229,-0.8565182,4
1.395697,-0.5057784,1.136564,0.01201054,0.1013309,1.299161,-1.20933,1.837278,-1.4289,4
1.236894,0.3438673,1.018347,0.8014187,-0.3911349,1.199056,-0.08807762,-0.1230541,-2.261264,4
1.603794,0.2326702,0.5529488,0.06578627,-1.209503,1.171087,-0.3907483,0.1124835,-1.281149,4
0.3752336,0.333155,1.18347,1.135663,-0.1261551,0.106861,0.5772704,-1.165122,-0.5698854,4
1.334681,1.02522,1.143071,0.6264598,0.5560984,0.6103527,-0.5189715,-0.7380337,-0.4777351,4
1.550843,0.5059399,0.724962,1.208758,-0.04025171,0.5778495,-0.6573288,-0.1546625,-0.3728915,4
1.590981,1.141605,1.321379,1.328829,-0.229125,1.106328,-0.5550079,0.08436539,-0.2639327,4
1.193798,0.3575944,1.037841,0.2966847,0.04801462,0.256764,-0.9427262,-1.868239,-0.888037,4
1.401821,0.05542716,1.290433,1.030099,-0.9072538,0.9897578,-3.665907,0.5396039,-1.698518,4
1.523225,0.8935761,0.8146731,0.8047581,0.1514721,1.053042,0.3358725,0.4654242,0.6860066,4
0.4213839,0.3317015,1.315624,0.2195563,-0.1887721,0.6308774,-1.930684,-1.499657,-1.168497,4
1.764409,-0.4252137,1.341217,1.495276,-0.04230528,0.7389012,-5.127165,-0.1365062,-1.253424,4
0.2533394,-0.8872594,1.376172,0.0277335,-0.3931929,0.489877,-1.133603,-0.1886512,-1.040175,4
0.9236961,0.4755874,1.352938,0.2017148,0.1015425,0.3756526,-1.198932,-2.61145,-1.19325,4
1.399575,-0.544052,1.333674,1.293424,-0.1188233,0.3167597,-13.28877,0.1186771,-1.090751,4
1.533403,0.8485434,1.182128,1.363844,0.7566971,0.7911258,-3.23087,-3.236415,-0.9156747,4
1.504958,-0.6083839,1.272298,0.378128,0.07048725,0.3269247,-1.265656,-0.007745072,-1.08489,4
1.053046,0.2350865,1.207806,0.4504719,-0.6282132,1.125687,-1.247435,-0.1564161,-1.527244,4
0.5857719,0.631198,1.280739,1.01482,-0.03045416,0.3956219,0.6514141,-1.248529,-0.6843373,4
0.3819679,-0.05258486,1.358956,0.08679038,-0.6882256,0.6997981,-1.625311,-2.145696,-1.381445,4
0.9518952,0.7592235,1.247,0.01396122,0.2257752,1.213641,-0.938016,-2.468111,-1.302536,4
0.5497938,-0.785035,1.27259,0.1900864,0.4347495,0.7445992,-1.198555,-0.1990834,-1.030761,4
1.571865,0.5896525,1.349242,1.734395,-0.3179124,0.3071907,11.32888,-0.8830508,-0.7845784,4
1.05415,-1.040819,1.362252,0.2190501,-0.2894242,1.091963,-0.9119064,-0.2994545,-0.9144467,4
1.843102,-0.8273468,1.256379,0.7484023,-0.1234203,0.4415677,-1.390044,-0.1816541,-0.9073779,4
1.343682,-1.369102,1.22959,1.199413,-0.4583625,0.5365483,-2.427234,0.02788844,-0.164649,4
0.6259798,-1.244183,1.332991,0.2044674,-0.03518776,0.7352834,-0.7791064,-0.07818633,-0.5975342,4
0.5685793,-1.328758,1.326656,0.3454451,-0.6443983,0.8482761,-0.7971515,-0.1625898,-0.4024715,4
0.8860858,-0.3266327,1.138,0.2013723,-0.5438731,1.318666,-0.8673666,-0.7734257,-1.395857,4
1.762463,0.397155,0.9598457,0.9432781,-0.3290764,0.6699491,-1.279162,-0.3822812,-0.8564763,4
0.9717321,-0.9537551,1.310623,0.2667769,-0.2973783,0.6075819,-1.157024,-0.2418304,-0.8893812,4
1.784648,0.451464,0.9002973,0.3869861,0.4449058,0.556257,-0.7094595,-1.704706,-0.803971,4
1.434183,-0.09830844,1.040327,0.01168738,-0.3388807,0.6190811,-1.186732,12.15393,-1.49621,4
1.028704,-0.1443427,0.8288792,0.1009335,-1.221412,1.272285,-0.5463484,-7.277187,-1.607007,4
1.758025,1.175839,1.02104,0.5685606,-0.6416091,0.8476402,-0.4156748,0.3725711,-0.2961885,4
1.490017,1.540278,1.384741,0.1770575,-0.3696836,0.325803,-0.2337111,-0.1831466,-0.1728715,4
1.203654,0.8427988,1.06144,0.4044655,0.8322276,1.159793,-0.4317191,-0.6181908,-0.5405071,4
1.857355,-1.244257,1.281348,1.936789,0.00202456,0.09723179,11.15044,0.07243251,-0.4874513,4
0.3764969,-0.5641768,1.120284,0.5237725,0.1589907,0.2701716,1.602756,-0.0319686,-0.9189709,4
0.3720579,0.47432,0.8725964,0.01390935,0.6252604,1.3338,-0.6394041,-1.662118,-0.8773931,4
1.447951,-0.1057969,1.255573,0.3533137,-0.3381357,0.8173324,-1.363063,9.105493,-1.298748,4
1.275813,-0.5251783,0.697894,0.04915196,-0.7826985,0.9139625,-0.4460585,-0.2143145,-0.5804093,4
0.4245381,-0.3385976,1.247259,0.2593277,-0.6202946,0.5384173,-3.411049,6.616401,-1.128447,4
1.490309,0.07399661,1.02347,0.4939802,-0.6782683,1.040907,-0.9444792,0.1059992,-1.451513,4
1.728389,0.08623885,1.081007,0.1992596,0.8585853,0.8046803,-1.120049,71.84587,-1.348419,4
1.568285,-1.015055,1.187687,0.4651309,0.02885145,0.1255435,-0.8906061,-0.04305183,-0.6475615,4
1.638204,-0.06521969,1.022477,1.58184,-0.5107597,0.5783451,-29.38399,0.3778993,-0.9846869,4
1.551799,1.062702,1.055375,0.5828633,-0.3710969,0.6221969,-0.5670472,-0.03378324,-0.3247226,4
1.114583,0.6648917,1.346822,0.2283992,-0.65857,0.5566455,-1.306234,-0.9483029,-1.057887,4
1.461353,0.9914751,1.278865,0.7878568,0.2456149,0.5392097,-0.8627404,-0.8581636,-0.6364231,4
1.480901,-0.1088681,0.8659964,1.116396,0.2962414,0.367322,-2.43598,0.4079883,-0.9024549,4
1.93842,-0.2802967,0.5816823,0.07363615,0.2370341,0.7501765,-0.5009872,0.1862719,-0.5716184,4
0.7218285,0.5886551,1.037358,0.4985248,0.2231945,0.6423087,-1.238875,-0.9677982,-0.7552254,4
1.435025,-0.2700672,1.140371,1.413991,0.4335265,0.4229189,-56.07385,0.2490062,-1.201257,4
1.948997,-0.5941527,0.8246526,1.07532,-0.5496336,0.6528746,-0.8098542,-0.6679072,-0.628225,4
1.585133,0.9479262,1.10729,0.8855777,0.1700558,1.045201,-0.3231266,-0.07279533,-0.401322,4
1.064437,0.4017432,0.3439877,0.0601312,-0.128088,0.8013077,-0.01504802,0.09261441,-0.07565365,4
1.206823,-0.3472242,0.9853531,0.4329145,0.2289995,0.3292856,-1.160314,0.1317319,-0.9122208,4
1.245976,0.6340496,1.059302,0.2048867,-0.4128973,0.4890492,-0.7993325,-0.8107326,-0.7452491,4
1.452289,0.5662711,0.9702312,0.4232093,0.7971364,0.7273966,-0.7882152,-2.13129,-0.8983658,4
1.570693,0.5628015,1.346483,0.5583557,-1.265018,1.103793,-1.635211,0.372821,-1.721064,4
1.784636,0.7492515,1.383193,0.5088657,-1.09209,1.181305,-1.344138,-0.02564001,-1.506558,4
1.519543,0.1486665,0.5744834,0.02349158,0.2460965,1.299149,-0.5269036,-2.194356,-0.7126992,4
0.4536237,0.9370222,1.255859,0.3352977,0.1022708,0.3060972,-1.622252,-0.9255884,-0.622795,4
1.244428,-0.3126949,1.169472,0.3928563,-1.05215,1.269899,-0.9676365,15.64646,-1.795311,4
1.360341,-0.816747,1.281506,1.78563,-0.2333184,0.4251319,3.125474,-0.4522072,-0.8540136,4
1.904139,0.8486415,1.381472,0.6676644,-0.1948937,1.327099,-0.9509728,-0.5046215,-1.13811,4
1.969855,-0.6491868,1.347671,0.5050701,-0.463688,0.5739206,-1.493775,-0.3067443,-1.161206,4
0.4688833,1.310898,1.396696,0.3078464,0.1308011,0.5759899,-0.6969218,-0.4596618,-0.4255947,4
1.204061,0.1598429,0.7685177,1.231871,-0.303078,0.2754358,36.96441,-0.1915642,-0.5540517,4
1.254437,-0.4717307,0.9609433,0.6098579,-0.6470228,0.7554668,-1.183436,-1.789845,-0.9780682,4
1.092497,0.1508557,1.234643,1.381462,-0.5291331,0.7182464,4.079774,0.06499207,-1.039163,4
0.3921824,-0.5826674,1.373792,1.545288,-0.2863316,0.2978669,0.8369159,0.8579289,-0.9057119,4
0.1267866,0.2189739,1.36446,0.5351577,-0.08867483,0.3948101,0.2250362,-1.188952,-0.6740703,4
0.4953713,0.0525635,0.5145885,0.03786678,-1.321749,1.274511,-0.117057,0.4042047,-3.483725,4
1.789422,0.6977741,1.30373,1.133456,0.2998708,1.102204,-1.129183,-0.8474408,-1.0288,4
1.870592,-0.1880217,1.086971,0.135393,-0.1464235,1.142378,-0.9624825,0.79192,-1.119332,4
1.759769,0.364477,1.282873,0.2964722,0.6740068,1.007745,-1.129772,-4.278387,-1.333436,4
1.3138,-0.5528364,0.7668,0.05071084,0.08121137,0.3594107,-0.6103268,0.2642796,-0.6380687,4
0.3160313,1.085588,1.166345,1.497537,0.5476928,0.502029,-0.0644384,0.3165731,0.3041757,4
1.629589,1.062369,1.136181,0.2175714,0.6907266,0.6941725,-0.3922637,-0.7682709,-0.5084613,4
1.001414,0.1744082,0.4148545,0.3617732,-0.05342009,0.3068102,-0.3921911,-0.317568,-0.3717745,4
0.6138054,1.033451,1.33264,0.1059546,-1.404554,1.324461,-0.9716144,0.1828722,-1.388452,4
1.103363,0.2703003,1.205145,1.275466,0.3603987,0.5524677,3.714497,3.566348,-1.19121,4
1.369597,-1.383177,1.400225,1.145527,-0.2188146,0.2537101,-4.554411,0.03985114,-0.4809777,4
0.8997244,0.6566972,1.277491,1.031425,0.0124746,1.063655,0.2059598,-0.3277291,-0.4146419,4
1.639576,0.2931629,0.5102264,0.03797676,0.3782703,1.267623,-0.3470947,-0.7987062,-0.4737205,4
1.432183,0.3136149,0.8233212,0.8845562,-0.228054,0.4787366,-1.41139,-0.4518967,-0.685835,4
1.978118,-0.2891918,0.7716103,0.2384488,-0.4483601,1.359258,-0.3938633,-0.3911528,-1.056496,4
1.845317,-0.001984931,1.161145,1.14547,-0.9868729,1.25173,-1.194667,0.3068749,-3.647961,4
1.168243,-0.04450458,0.3523267,0.05700174,-0.8279925,0.880083,-0.1268105,-7.422779,-1.210438,4
1.561975,-1.144176,1.34562,0.1398885,-0.02002168,0.9288786,-0.804587,-0.1187965,-0.7723096,4
1.76147,-0.3386565,1.375883,0.06629732,0.25194,1.077842,-1.385376,3.051405,-1.637543,4
0.593961,-0.8512185,1.158104,0.4046536,-0.3236546,0.5683202,-2.276704,-0.3848055,-0.73028,4
1.267468,-0.8993534,1.055918,1.160523,-0.4322884,0.5590296,-5.063313,-0.5103561,-0.5211169,4
0.6529163,0.2895222,1.065179,1.786518,-0.08289382,0.3570242,0.2998232,-0.9173138,-0.5568645,4
1.736948,0.6780236,1.309307,0.06618229,0.6378474,1.306047,-1.024675,-2.841607,-1.384279,4
0.9141053,0.8260965,0.982192,0.04218902,0.1724509,1.176505,-0.4304103,-0.8298485,-0.597416,4
1.211701,0.2057216,1.252216,0.1764023,0.1781791,0.8318209,-1.128485,-4.415229,-1.258387,4
1.152096,0.02306419,0.7224449,1.090712,-0.4820529,0.7100044,-3.134277,0.06367573,-119.6149,4
1.575466,0.1591612,1.040656,1.14351,0.1858266,0.5138097,-2.234837,-14.57219,-1.004403,4
1.835435,-0.1552259,0.9806951,1.376799,-0.1584208,0.2993206,-3.269942,4.106442,-0.8685721,4
1.044238,0.3634222,1.003143,0.1608119,0.1341954,1.342308,-0.7393235,-0.8815632,-1.003345,4
1.703573,0.3530339,0.8131998,0.2021081,-0.3345759,1.337093,-0.5514251,-0.3079631,-1.052482,4
1.616359,-0.4026032,1.148379,0.2776523,-0.0365057,0.3275599,-1.110371,0.2258451,-1.04372,4
0.5603757,0.5386674,1.212296,0.5611869,-0.4992297,0.5632188,729.3816,-0.2467248,-0.7374234,4
1.399568,0.0112011,1.075942,0.910954,-0.5594902,0.9760805,-1.497012,0.1027122,-1.461008,4
1.291386,-0.3549068,1.223064,0.6101609,0.02430164,0.633794,-1.639059,0.1287856,-1.171301,4
0.4526292,-0.5844725,1.310976,0.5827562,0.5585718,0.475971,3.273965,0.04991024,-1.361362,4
1.990597,1.170105,1.224935,0.1043358,1.437286,1.270191,-0.419064,-0.8903607,-0.5995265,4
1.820535,0.7266445,1.022047,0.6869949,-0.1998318,0.3883337,-0.8518576,-0.5955265,-0.5789236,4
0.4046206,0.778322,1.210428,0.0753165,-1.28388,1.193583,-0.9991949,0.1450758,-1.456728,4
1.892786,1.114805,0.9512141,0.09669296,1.031239,0.9826803,-0.01115178,-0.0226236,-0.01662034,4
1.796943,0.641529,0.889933,1.135297,-0.1110894,0.5926297,-0.8623951,-0.2954917,-0.499947,4
1.925035,0.3156286,1.198583,0.9025164,-0.4768039,0.4776085,-2.030764,-0.7781537,-1.028229,4
1.728032,1.160686,0.9851465,0.533761,0.1614018,0.5590068,0.04652217,0.06078286,0.006465316,4
1.668298,0.06719077,1.386267,0.4602792,-0.85154,0.8736773,-1.734472,-0.4176703,-1.490277,4
1.046543,1.055487,1.386122,0.2395041,-1.036357,1.310942,-0.9917342,-0.01549499,-1.244024,4
0.1271834,-0.4356423,1.273002,0.1264868,-0.2238553,0.5854663,-167.1947,-0.3105754,-1.106049,4
0.9481,-0.6633811,1.392171,0.5686328,-0.2563193,0.7842153,-2.287453,-0.4380324,-1.19481,4
1.351319,-1.543451,1.357801,1.983501,0.02484225,0.373869,0.2947187,0.2117395,-0.1687236,4
1.502878,-0.1169045,0.5005508,0.9559923,-0.02870676,0.3118956,-0.8634624,0.02288164,-0.4942941,4
0.5995511,1.508022,1.410326,0.4431743,1.073201,1.022339,-0.2874735,-0.3542516,-0.2498705,4
1.853498,0.6939652,0.8690189,0.06897569,-0.514245,1.143492,-0.4272605,-0.6772331,-0.6144752,4
1.670691,-1.555554,1.327796,0.1875188,-1.059086,1.354525,-0.1803049,0.2026288,-0.2115422,4
1.231799,0.123865,0.7365522,0.4430733,0.08030993,0.4529405,-0.7886384,-1.946616,-0.7171974,4
1.767792,-0.6304877,0.8194054,0.4709071,-1.150959,1.33972,-0.3664401,-0.1473057,-1.439849,4
1.793943,0.5792168,0.9679759,0.3364518,0.3308049,0.2946696,-0.716513,-1.517898,-0.781299,4
1.463914,0.139581,0.9382504,1.753496,-0.6605893,0.6330554,3.932509,0.4323704,-1.184221,4
0.3136035,-0.1622001,1.372388,1.193916,-0.01606501,0.03919676,0.3031669,6.990467,-0.961783,4
1.594674,0.7584613,0.8011407,0.380606,0.1561184,1.159329,-0.1754699,0.06744596,-0.2348525,4
0.9759521,-0.1093197,0.8057192,1.404875,-0.1182735,0.3170327,1.354851,-1.226268,-0.6793736,4
0.9476096,1.289273,1.315794,0.04664723,-0.04421443,0.9032823,-0.3766813,-0.6882575,-0.5095012,4
1.429532,-1.030933,1.033466,1.160845,-0.153931,0.1633468,-2.883524,0.04614055,-0.3449757,4
1.976763,0.5954366,1.050157,0.8204442,0.5996799,0.5071968,-1.041233,-2.279214,-0.8732334,4
1.548715,0.7681477,1.288553,1.49083,-0.3266081,0.699178,-17.32848,-0.427769,-0.6907846,4
0.9558866,-1.457789,1.288219,0.0239374,0.3301778,1.364943,-0.398486,0.3050525,-0.2981934,4
1.808651,-0.456457,0.7527571,0.1019344,-1.024088,1.086604,-0.4883513,-0.4241281,-0.8673586,4
1.604524,0.2086311,1.106483,1.264031,0.1420072,0.6547874,-2.686451,-3.590612,-1.070824,4
1.127101,0.3511724,1.268838,0.4693726,-0.9202365,1.269488,-1.178088,0.1076371,-1.88876,4
1.810904,1.238567,1.311668,0.4786187,-0.0750024,0.0878497,-0.4972778,-0.600714,-0.4372159,4
1.651193,1.506787,1.357819,0.3275923,0.329854,1.081879,-0.08390155,-0.09279197,-0.1368099,4
1.609192,0.1010569,1.287624,0.1758354,0.2716316,1.364349,-1.112752,-7.67254,-1.327067,4
1.356542,-0.2716235,1.010348,0.5808467,-0.5148624,0.4517715,-1.753032,-2.319265,-0.9476712,4
0.9811623,0.3546323,0.6188879,0.6045802,0.2852303,0.5530233,-0.4922097,-0.5360821,-0.4969201,4
1.78026,0.7381845,1.103692,1.072486,0.02979542,0.1458909,-1.210777,-0.9498907,-0.6220725,4
1.531775,-0.8726935,1.001177,0.5488349,-0.5692922,0.520972,-0.993734,-0.3492218,-0.5296037,4
1.896422,1.518318,1.316755,1.114559,0.05295935,0.9520777,0.09525356,0.2673452,0.01349643,4
1.135842,0.1174302,1.009163,0.4531615,0.0848667,0.4177541,-1.206491,-4.452443,-0.9514857,4
0.7610896,-0.2818954,1.254429,0.373966,0.3361445,0.7377445,-1.671208,0.2037516,-1.284594,4
0.1380368,-0.1521929,1.123186,0.1961158,-0.01977583,0.4939912,1.450657,1.189594,-1.019915,4
0.8858619,-0.1635785,1.113621,1.520274,-0.523021,0.7287513,0.5355324,0.3590388,-1.570127,4
1.866622,0.7242873,1.409344,0.685996,-0.2458755,1.085937,-1.242482,-0.8224509,-1.192255,4
0.8864222,0.3403378,1.306904,0.2267263,0.4130469,0.3858972,-1.338319,-4.874653,-1.27357,4
0.6218895,-0.278589,1.320326,0.3239044,-0.2017253,0.7741614,-1.98103,0.3696107,-1.297606,4
1.868957,0.8561949,0.7273239,0.1996948,-1.159043,1.335752,-0.1460451,0.5692753,-1.18791,4
1.610229,0.7858657,1.231788,1.35349,0.5566233,0.5450489,-3.300192,-2.538642,-0.8694256,4
0.2902451,-0.0005798541,1.081266,1.467936,-0.07181469,0.2940168,0.1725175,-0.8194244,-0.6380475,4
0.4128433,-0.2006417,1.115339,1.581978,-0.156851,0.1937773,0.5142482,-0.4809789,-0.7167099,4
1.668423,-0.4091707,0.6643391,1.294066,-0.4427908,0.4456835,-1.658652,-2.779761,-0.5906318,4
1.701612,1.443038,1.379038,0.9455933,0.2574283,0.4665258,-0.253961,-0.3021105,-0.249108,4
1.73695,0.02347506,0.8261501,0.2330168,-0.2409421,0.3925031,-0.8061469,-3.634879,-0.8016681,4
1.031671,0.9882866,1.360513,1.983794,-0.05131496,0.4639259,0.2666747,-0.756292,-0.3347776,4
0.6222835,1.318818,1.355858,0.90235,0.6702079,0.727567,0.005928105,-0.9439974,-0.3661449,4
1.565066,0.5057593,1.301255,0.8043073,-0.4059126,0.7548168,-1.852367,-0.7381895,-1.109116,4
0.5247421,0.9285355,0.8561728,0.4279823,0.1124011,0.2913113,-0.06031173,-0.09550574,-0.09779814,4
1.105794,0.0610622,0.8363986,1.838825,0.09281603,0.1601932,0.7101887,2.943543,-0.712263,4
1.923686,-0.03094152,0.5158134,0.7665704,0.160461,0.2456336,-0.6348559,0.6659772,-0.5189153,4
1.99932,-0.4478113,1.203499,0.9369552,0.3791584,0.5719149,-1.592026,0.01692501,-1.153325,4
1.829044,-0.6483706,0.7124683,0.3252945,0.1974328,0.3240029,-0.4103845,-0.0223688,-0.3559553,4
1.26131,0.5502967,0.5894142,0.0523754,0.2988456,0.4753907,-0.2080832,-0.4312207,-0.2924863,4
1.990597,0.7485271,1.339381,0.8529923,-0.4428298,0.5782372,-1.622163,-0.7640282,-0.9412736,4
0.7776756,-0.3383214,1.338234,1.982304,-0.2421544,0.3840559,0.9286951,-0.04304281,-0.9798272,4
1.031942,0.1605832,0.9589322,0.717651,0.1002356,0.7056803,-1.521136,-2.058049,-0.9819259,4
1.08215,0.8332061,1.292601,0.8760901,-0.1094131,0.1535488,-3.551523,-1.021052,-0.6921435,4
1.959075,0.004390012,1.004834,0.2362359,-0.2571382,0.4385383,-0.9631212,-8.854536,-0.9735943,4
1.756834,0.5395827,1.216878,0.7875001,-0.4399361,1.166763,-1.043965,-0.282726,-1.300772,4
1.914789,0.7573038,1.085751,0.3486598,-1.239527,1.285884,-0.7438367,0.272113,-1.563151,4
0.8313978,0.4667196,1.093647,0.8638356,0.01394025,0.08164217,15.07265,-1.551396,-0.7506525,4
1.156941,0.1518569,1.212174,1.693325,-0.3150771,0.6279511,1.873498,-0.3425704,-0.9265448,4
0.9110393,0.6384935,1.324763,0.1071031,-0.8177907,0.9483169,-1.072333,-0.9601672,-1.149253,4
0.1137676,-1.096087,1.323237,1.696289,0.01853227,0.1410565,0.01202253,-0.03209116,-0.6060344,4
0.3037305,-0.3653079,0.5113022,0.0587265,-0.428931,0.7297961,-0.2322134,-0.1236986,-0.4756785,4
0.7288824,0.06163776,1.24915,0.9325072,-0.6682104,0.9283355,2.069587,0.2586466,-1.703242,4
1.66852,-0.6545575,1.2253,1.724185,0.2867634,0.3690824,21.94116,-0.07348738,-1.033846,4
1.280745,-0.1632864,0.244106,0.2700141,-0.07964675,0.1309469,-0.2139647,-0.0577543,-0.182419,4
1.294858,1.157957,1.254405,1.08416,0.2284301,0.5376999,-0.9710954,-0.4655266,-0.3922776,4
1.363597,0.5912375,1.096462,1.291143,-0.2034724,0.84047,-5.510781,-0.2653697,-0.6665668,4
0.3794265,0.1553496,1.100142,0.6571469,-0.2247616,0.7234029,0.545325,-0.2051671,-0.7306431,4
0.4911677,0.7632365,1.106387,0.06470031,-0.3007124,0.7636347,-0.6697909,-0.8560572,-0.7516201,4
1.479571,-0.3562479,0.985997,0.7683979,-0.3865903,0.8761342,-1.026464,-0.8545913,-1.047031,4
1.944412,-0.03903791,0.9582575,0.8612637,-0.1211534,0.8796913,-0.9747914,-2.964142,-1.091641,4
0.6435607,0.06604233,0.3906893,1.973877,-0.01974824,0.1261702,0.08725418,-0.4517357,-0.2349,4
1.719603,0.4758146,0.4851179,0.1871937,-0.1176013,0.4780495,-0.1393287,-0.1337904,-0.1792668,4
1.137329,-0.2032603,1.375804,1.289967,-0.1557986,0.8720967,4.98639,1.043115,-1.340356,4
1.934273,0.3960773,0.7823042,0.3125644,-0.1603523,1.341074,-0.4354186,-0.1522168,-0.9991524,4
0.3016975,0.6267952,1.186558,0.8518498,-0.0047186,0.204675,0.1767185,-1.416479,-0.4724504,4
1.765192,-0.1064342,1.167813,1.85717,0.05032497,0.4985793,13.21773,1.463961,-1.101598,4
0.6461592,-0.6220103,0.8465543,0.7071694,-0.4788906,0.5160484,3.351791,-2.571398,-0.601417,4
1.713372,0.1032359,1.272081,0.423041,-1.252983,1.390253,-1.093229,0.6073922,-2.116276,4
1.991539,1.220333,1.220327,0.1952605,-0.1038924,0.9897113,-0.3074266,-0.4238709,-0.3932279,4
0.691507,0.3662905,0.9691232,0.4420298,-0.5332853,1.057823,-0.4579217,-0.01390967,-1.762798,4
1.339776,1.0045,0.8506029,0.278976,-0.7546132,1.139058,-0.1780503,0.5010487,-0.6082681,4
1.397964,-1.181927,1.364888,0.3621118,0.5469783,0.7897133,-0.8852449,-0.1086307,-0.7628889,4
1.324478,1.035769,1.199768,0.7617507,-0.6445302,0.8637145,-1.294688,0.1440302,-0.6043037,4
0.1868182,0.5504513,1.205114,0.04973821,0.901741,1.018665,-0.9979974,-2.989722,-1.179161,4
0.6733843,1.11855,0.9590756,0.7514491,0.5249604,0.6762312,-1.813949,0.4645907,0.2368,4
1.694277,0.03140088,1.106487,1.178521,-0.5681067,0.8809307,-2.2826,0.1233597,-1.321655,4
1.431878,1.556278,1.361886,0.01596122,-0.04930416,1.204629,-0.0923545,-0.1681135,-0.133111,4
0.2461489,-0.9204546,1.338197,0.1008823,-0.5817074,0.8695858,-1.400813,-0.5741921,-0.9754584,4
1.552011,0.03715558,1.380351,0.7863557,0.5595543,0.8310499,-1.894864,1.915604,-1.475228,4
0.258694,0.03867855,0.552986,0.04216796,-0.2701921,0.8273299,-0.3949028,-0.07776759,-0.8400529,4
1.956222,0.2697022,1.055642,0.07096649,-0.2580464,0.3180867,-0.9977825,-3.935195,-1.231696,4
1.594584,-1.525595,1.317664,0.962561,0.03234837,0.1301474,-0.6242606,0.280065,-0.1873273,4
0.4096411,-0.2354577,0.4447728,0.02445969,-0.0523012,0.4524936,-0.3543132,-0.06895857,-0.3901809,4
1.804694,0.216045,1.252594,0.00251664,0.1382769,0.6865177,-1.54331,-12.03564,-2.109883,4
0.2072661,0.7296725,0.7785689,0.01352688,0.05073085,1.307601,-0.2306651,-0.2786528,-0.3370837,4
1.397691,-0.2670669,1.319851,1.539237,-0.4068769,0.6395231,11.34949,0.4641021,-1.168028,4
1.180861,1.04808,1.309959,0.11136,0.1922977,0.6724017,-0.6352215,-1.243372,-0.8128583,4
1.127767,0.06939384,1.264078,0.6967596,0.05072176,0.8764266,-1.904198,-7.302109,-1.306308,4
1.484054,1.006907,1.302084,1.283253,0.04432999,0.5453258,-2.617581,-0.6991562,-0.587038,4
0.7138854,-0.6700767,1.061304,0.4558917,-1.482953,1.260422,-1.29422,2.409493,10.33649,4
0.8648806,0.248168,1.124659,0.5808737,0.2508301,0.7117315,-1.821075,-4.769117,-1.113942,4
0.1862763,-0.465174,0.8030063,0.04432269,-0.5285958,0.8423147,-0.5357168,-0.419388,-0.7911597,4
1.803396,-0.1750992,0.7975413,0.1198041,0.4590788,0.7986425,-0.7724956,1.311391,-0.916114,4
0.776217,0.4460808,1.197582,0.2087018,0.2034341,0.5663847,-1.045931,-2.037991,-1.0263,4
0.4367806,0.5414742,1.364654,1.298069,0.1224188,0.64833,-0.06833901,-3.169414,-0.4946868,4
0.9324058,-0.5301334,1.128503,0.02117174,0.5880306,0.5376731,-1.207544,1.672138,-1.393142,4
1.900746,0.7539535,1.023795,0.620566,-0.09957135,1.000848,-0.5764518,-0.2864897,-0.6960839,4
1.711649,-0.3825524,0.8152478,0.2117549,-0.5615755,1.166723,-0.5086623,-0.4252005,-0.9707131,4
1.834786,-1.012024,1.119297,0.8829416,-0.06979127,0.4107856,-0.9673011,-0.05884921,-0.5307617,4
1.884638,-0.9277292,1.190329,0.02496142,0.9018418,1.297166,-1.027894,0.8409499,-1.099152,4
1.908518,0.1879056,1.184121,0.8987798,-0.2870622,1.062179,-1.245995,-0.5754425,-1.341139,4
1.82837,-0.5556093,0.8877797,0.876851,0.2170557,0.4961344,-0.953369,-0.1587643,-0.7037993,4
1.430566,-0.2943802,1.379441,0.3010703,-0.2338798,0.3748369,-1.492947,1.142419,-1.297636,4
0.1991083,-0.07009889,1.30542,0.06089584,-0.3139304,0.7310228,-1.542304,-11.16274,-1.311946,4
1.112848,1.589457,1.362127,0.6121313,0.7120296,0.818033,0.1764629,0.08581156,0.01597381,4
0.1019638,0.2399507,1.220171,0.004821746,0.7743294,1.400529,-1.155484,-6.676607,-1.499305,4
1.464327,1.497545,1.364447,1.970264,0.3150084,0.6591365,-0.7431854,0.0894518,0.04277466,4
0.3350648,0.1908485,0.4679306,0.002515426,-0.006335713,0.03512303,-0.4568248,-1.634916,-0.6256255,4
1.467946,0.3979392,1.36584,1.220087,0.3808292,0.6015677,-4.407179,-9.782951,-1.254701,4
1.970114,0.4820441,0.9755698,1.835634,-0.2990931,0.6976899,-6.032321,-0.2006958,-0.6602478,4
1.764454,0.5633656,0.4906546,0.3701656,0.3181866,0.4363481,0.005584058,0.002412989,-0.00610558,4
1.514171,0.9851831,1.343921,0.6041804,-1.015209,1.027281,-1.41773,0.1912261,-1.124398,4
1.311761,0.8636856,0.8721117,1.480078,0.151789,0.3606658,-0.0005001141,-0.2033079,-0.1632149,4
1.056633,1.027539,1.016011,0.1726702,1.179015,1.379102,-0.1881862,-0.3231455,-0.2280339,4
1.476691,0.2624644,0.5710072,0.5089694,0.1463482,0.2204184,-0.5115681,-0.9377769,-0.4599633,4
1.589572,-0.02723513,1.234002,0.213938,-1.056403,1.114509,-1.241966,0.01727909,-1.522579,4
1.742249,0.4556022,0.9729975,0.06829858,0.7628676,0.7126501,-0.8481127,-2.698006,-1.138404,4
1.383051,-0.5026169,0.537425,0.3297749,-0.3758816,0.4399255,-0.2736676,-0.1076492,-0.266705,4
0.837644,-0.5109816,0.7135363,0.1652734,0.0678584,0.3715378,-0.5461904,-0.09486636,-0.5010762,4
0.9090765,0.5574608,1.366624,1.197901,0.3044789,0.3815024,2.035034,-6.321888,-1.06549,4
1.131696,0.5867511,0.6236892,0.3224367,0.5683196,0.5921869,-0.194797,-0.3663211,-0.257393,4
1.993716,0.502402,1.371903,0.5340228,0.1859302,0.7480357,-1.179653,-2.044785,-1.161705,4
1.100826,-0.2382949,1.169944,1.814425,0.3987564,0.3491598,1.305022,0.2973443,-1.246474,4
0.806191,0.316759,0.6695303,0.5016233,0.1776203,0.6052594,-0.5742265,-0.4736676,-0.5815042,4
0.937599,-0.2890756,1.267378,0.3063673,-0.5611818,1.253575,-1.134869,-1.362338,-1.515122,4
0.4282789,-0.3016347,0.8175281,0.3452904,0.05034158,0.2961229,-2.728314,0.03423499,-0.7306798,4
0.8880011,-1.126276,1.406162,0.5638416,-1.446353,1.324028,-1.349926,-3.716147,-1.55621,4
1.540424,1.106682,1.257361,0.2087763,-0.917412,0.851255,-0.6981708,-0.2547938,-0.6626138,4
0.2498968,0.9594016,1.384138,0.007393586,0.283819,1.409776,-0.8675359,-2.007131,-1.195335,4
1.471294,0.6294636,0.9983479,1.742423,0.3318312,0.5588329,1.068316,-1.497376,-0.6707816,4
0.7412953,0.7564654,0.7512133,0.1903569,-0.6457119,0.8368874,-0.3400268,0.2909756,-0.633628,4
0.9174644,-0.4639052,1.189495,0.4507948,0.2262081,0.2918635,-1.731259,0.1101961,-1.068459,4
1.235171,-0.3313047,1.302408,1.567056,-0.8832333,0.9605469,2.127875,0.8092128,-2.648791,4
0.4955031,-0.5313478,1.282137,0.4623318,-0.3688359,0.4453839,-18.21011,-0.9165795,-1.027641,4
1.120815,1.351683,1.389932,0.4033961,0.08869907,1.124272,-0.3863096,-0.1776108,-0.4148378,4
1.333095,0.4670303,1.096967,1.604576,-0.2302214,0.4584026,3.450732,-0.6065643,-0.6628324,4
0.8771983,-0.5144557,1.122934,0.2269438,-0.8143492,0.8246917,-1.185335,-1.117912,-1.129247,4
1.454165,-0.8072039,1.094921,0.1983011,-1.410784,1.284649,-0.6448196,-0.6494902,-1.12298,4
0.4485735,-0.004262163,1.050033,1.568306,-0.07815024,0.2018999,0.3221122,-1.493901,-0.6798875,4
1.049356,-0.2650252,0.7670758,0.2482081,-0.09008848,0.8125688,-0.6368428,-0.2675711,-0.8080692,4
1.89853,0.3768115,1.211599,0.8775231,-0.3764965,0.5220162,-1.800225,-0.9616237,-1.029319,4
1.525881,0.2350052,1.226252,0.6284498,-0.1341,0.4201885,-1.577465,-2.122338,-1.095553,4
0.6692123,0.3064914,0.9543725,1.73332,-0.0449753,0.4057844,0.1723373,-0.7690665,-0.4546665,4
1.195031,0.6459792,1.327462,0.6987265,-0.7973208,0.7017348,-2.892759,-0.07195144,-1.020558,4
0.2520227,-0.1247161,1.085733,0.8778798,0.2705034,0.3147492,0.1636268,0.2274104,-1.178421,4
1.045661,0.5645047,0.828288,0.6465114,-0.1151081,0.9883406,0.05153984,0.07653423,-0.37834,4
1.663797,0.3463389,0.5630433,0.8036597,-0.4117162,0.3938724,-0.8025045,0.06786128,-0.4881292,4
1.374838,-0.5566314,0.8363591,1.084959,-0.09002592,0.4035892,-2.170134,-0.2036976,-0.5814086,4
0.573818,0.3096729,1.238238,0.3933187,-0.4553907,1.227835,-1.128792,-0.1890098,-1.610715,4
1.399546,0.3207912,1.086253,0.6381623,-0.6887311,1.111934,-0.9355108,0.01054025,-1.595638,4
0.7556767,0.2572291,0.8085474,0.03917527,-0.9707286,1.254933,-0.6544619,-0.4414844,-1.096548,4
1.597403,-1.232862,1.284056,0.2968995,0.219549,0.6784378,-0.6539164,-0.01645496,-0.5578749,4
1.500593,0.9604604,1.267981,0.6805389,-0.2478999,0.290323,-1.216121,-0.694791,-0.6237387,4
1.916935,0.04682279,1.163255,0.5706836,0.1128972,1.303614,-0.9948698,-8.510836,-1.34634,4
0.5606302,1.59339,1.353705,0.2322734,0.3161217,0.2704682,-0.01335802,-0.01789777,-0.01292998,4
0.5904576,0.7564231,1.308944,0.1982322,-1.387727,1.411268,-0.9698331,0.499034,-2.269057,4
1.567701,-0.6494063,1.084509,0.2794017,-0.4048431,0.8433115,-0.8986025,-0.3393612,-0.9183779,4
0.5862096,-0.7528341,1.305138,0.4818763,0.4031462,0.420805,-4.68701,-0.08142778,-1.090658,4
1.878091,-0.5284031,1.060498,0.05921956,-0.942539,1.344309,-0.865744,-0.2662443,-1.041443,4
1.865636,-1.095707,1.388019,0.1257798,1.176397,1.089625,-1.059562,0.396345,-1.088866,4
1.693175,0.4490919,1.286034,0.1499409,-0.7245036,1.402381,-1.037406,-1.149462,-1.324245,4
0.8934529,0.5860059,1.140066,0.9067574,0.03830788,0.045655,38.25677,-1.423948,-0.7268885,4
0.8325192,0.1723895,0.8512368,1.646693,0.262475,0.2271963,0.5524313,1.029438,-0.817447,4
1.374797,0.3297837,1.285985,0.6480291,-0.9990645,1.049845,-1.806909,0.2686636,-1.648321,4
0.4846344,0.2168181,1.296032,0.4969098,-0.6685886,0.8752072,39.66394,0.1390756,-1.268959,4
1.298158,-0.02508757,0.6428852,0.0481334,-0.4157317,0.5522031,-0.6091376,18.61795,-0.7233164,4
0.403412,1.077908,1.233557,0.05716913,-0.9512251,1.310492,-0.6548064,-0.06907016,-0.898313,4
1.714987,0.943644,1.265956,0.7956964,-0.07104324,0.4862466,-0.9846422,-0.756928,-0.6636686,4
1.852794,-1.071281,1.097021,0.2660952,-1.151199,1.251867,-0.3994645,-0.1521057,-0.5932022,4
0.5710224,-0.5053589,1.142666,0.0926851,-0.4873278,1.300856,-0.8788452,-0.5104756,-1.209992,4
1.881996,-0.60833,0.7208847,0.3429656,-1.37033,1.27582,-0.3424356,-0.3212491,-1.543668,4
0.9585123,1.07114,1.12147,0.5611567,-0.1721231,0.3663512,-0.8401517,-0.2810509,-0.3129244,4
0.7975914,-0.3579251,0.5557777,0.001045885,-0.2400158,0.7291756,-0.6158657,0.8228839,-0.7013326,4
0.6003098,-0.8910022,1.269137,0.9091977,-0.4041217,0.5766433,1.192941,-1.633547,-0.7982518,4
1.440894,1.472143,1.274891,0.5988098,-0.178661,1.005416,-0.1532856,0.260305,-0.09732154,4
0.4401131,0.2236171,0.4543666,0.1241473,-0.1431873,0.2662435,-0.4278193,-0.3203787,-0.3708416,4
1.887413,-0.6987513,0.9770491,0.4394869,-0.1228837,0.7507933,-0.7112436,-0.2255966,-0.6980122,4
1.537705,1.118052,1.1636,1.163052,-0.3146664,0.4514227,-1.896154,-0.1293035,-0.2540862,4
0.1739139,-0.2243831,1.272684,0.3803619,-0.01195562,0.4064447,0.574294,1.204663,-1.065494,4
0.4512465,0.732482,1.331045,0.2685641,-0.4545749,0.9792109,-1.68191,-0.345698,-1.048301,4
1.693593,-0.7218683,1.295408,0.6639392,0.1928177,0.2219494,-1.506151,-0.05698327,-1.040535,4
1.599732,-0.4904431,1.059815,1.219457,-0.003987074,0.3136042,-2.997182,-0.02693777,-0.8805933,4
1.384653,0.6517054,1.250376,1.156335,0.3470344,0.4136406,-3.654818,-2.348945,-0.9200407,4
0.7681599,0.01251975,0.7807339,0.3316002,-0.5544096,0.5644552,-1.181116,0.3102251,-0.9220075,4
0.7695901,0.7229991,1.387456,0.8993509,-0.2638157,1.138775,0.7975381,-0.2103365,-0.3487737,4
1.070376,-0.478074,1.288624,0.8750693,-1.363278,1.340099,-2.837607,1.070724,16.73038,4
1.129799,-0.9571047,1.395629,1.652193,-0.5302842,0.6960761,1.254963,-3.290223,-0.933756,4
0.8247941,1.089502,1.215519,0.2450908,0.04443875,0.9302825,-0.4528157,-0.3558213,-0.4817652,4
0.9876754,0.120201,1.317514,1.880648,-0.3873114,0.6395612,1.297265,-0.09696432,-0.9038616,4
0.9943931,-0.1014541,1.314874,0.4718789,0.1866734,0.8770784,-1.653183,1.175588,-1.371265,4
1.337303,-1.338381,1.358813,1.073145,-0.6513941,0.5784086,-3.360271,-0.5085182,-0.4634804,4
1.482183,-0.5538521,1.397332,0.3116251,0.3004012,1.105764,-1.281051,-0.1528786,-1.333901,4
0.4936001,-0.5320273,1.401839,1.376593,0.2911053,0.274133,0.4788022,0.1323777,-1.264569,4
1.347952,-0.1285724,1.004956,1.076845,0.1875144,0.4356794,-3.173591,0.5602336,-1.000189,4
1.202289,0.05871125,0.7608536,0.906368,0.009873224,0.3752413,-1.929513,-3.041867,-0.721582,4
0.6132418,0.5527097,0.9055672,0.5783943,-0.107815,0.8470725,-0.1175959,-0.06433747,-0.1923476,4
1.853294,0.250063,1.293912,0.2106642,-0.2053147,1.203498,-1.104588,-2.1742,-1.287672,4
1.987,-1.280074,1.156723,0.5658982,-0.02053257,0.6002058,-0.3712248,0.1295203,-0.2444796,4
0.8268436,-0.9631181,1.220431,0.5010515,-0.3172453,0.5875982,-1.797504,-0.3009558,-0.7096882,4
1.949457,0.2097132,1.108209,0.6542445,-0.05456743,0.3009321,-1.247685,-2.368867,-0.9871647,4
1.269886,1.349457,1.299878,0.2787792,0.3560562,0.4116146,-0.2604338,-0.4393752,-0.3103381,4
1.290742,-1.31665,1.22958,1.177337,-0.7102787,0.6054919,-3.548436,-0.3896545,-0.2751522,4
1.597134,0.1999364,1.163601,0.6765218,-0.08629623,1.044496,-1.161214,-1.024326,-1.267423,4
1.285991,0.4732371,1.145057,0.03044029,-0.03360962,0.7190114,-1.010325,-3.220758,-1.337376,4
1.47032,0.8882369,1.338097,1.28876,0.2659326,0.5170532,-3.584606,-1.321127,-0.7973477,4
1.753988,0.2298853,1.194328,0.3681118,-0.1962007,1.11528,-1.091831,-1.401447,-1.275579,4
0.5311672,-0.1744863,1.225039,0.5340888,-0.5457667,0.4818981,272.5545,0.5782931,-1.034577,4
1.022152,0.7180271,1.120744,0.3186027,0.0447886,1.249199,-0.6452024,-0.3899506,-0.878182,4
1.836394,0.5864662,1.00697,0.29051,0.4521671,1.109795,-0.6215008,-1.101539,-0.7927278,4
0.7874575,0.6061924,1.1951,0.4510483,0.8750342,0.7808594,-1.575441,-8.027304,-1.186131,4
1.290315,0.8533683,1.131391,0.304304,0.8676208,0.790183,-0.6799506,-1.451184,-0.8041821,4
1.535948,-0.07757161,0.2303876,0.9642116,0.002505412,0.01271872,-0.4643164,0.06790569,-0.2005441,4
1.893951,-0.3183301,1.118999,0.540949,-0.3406521,1.026272,-1.051663,-0.4539553,-1.216865,4
1.40734,-1.39221,1.28363,0.7414602,-0.5069354,0.6796685,-0.7348472,0.02297981,-0.2589047,4
1.242064,-0.3752075,0.9220324,1.104747,0.06698909,0.1701259,-5.633404,0.08913944,-0.7848916,4
1.036613,-0.4975238,1.379877,0.2661964,-0.06862164,1.186312,-1.281685,-0.3013338,-1.376218,4
1.75215,-0.05603734,0.6278479,0.9735687,-0.6576965,0.6889656,-0.694345,0.3856153,-2.277405,4
1.974384,0.2058006,1.048454,0.5471543,0.2563272,1.011078,-0.9376274,-2.15289,-1.090766,4
1.33596,-0.7749236,1.117202,0.2001221,-0.4474407,1.063229,-0.7668425,-0.3321153,-0.8768886,4
1.932031,0.4846333,1.189169,1.031286,0.836259,0.7927073,-1.522981,-19.36468,-1.228217,4
1.17405,1.065932,1.341801,0.5881724,-0.457605,1.300776,-0.7132284,0.04728382,-0.8945352,4
1.216556,-0.3313884,1.148999,0.09581553,-0.4292012,0.7674839,-1.056377,0.2534457,-1.121617,4
1.492144,-0.03699743,0.9517623,0.7514749,0.07282175,0.7672082,-1.118286,1.06564,-1.032079,4
0.3828313,0.8586866,1.267803,0.4279638,0.3363733,0.9089351,0.5912923,-0.6359675,-0.6221875,4
1.988993,-0.9705236,1.27332,1.09716,-0.445849,0.854831,-1.315855,-0.4325682,-0.791138,4
1.685215,1.380098,1.404978,1.663063,0.1421093,0.3974268,-9.386749,-0.4354922,-0.3123178,4
1.602728,0.0592002,1.237173,0.1870624,-0.9207568,1.107609,-1.215282,-1.11583,-1.44504,4
1.336589,0.455766,1.098751,0.1912541,-0.2630042,0.3001283,-0.9365087,-1.588878,-0.9322762,4
1.725074,-0.2963727,0.9074857,1.173748,-0.2106803,0.491462,-2.069785,-0.2911176,-0.8341358,4
1.252623,0.4155945,1.386176,1.479119,-0.5323339,1.15591,2.111681,-0.09552799,-1.127644,4
1.941711,1.229365,1.354743,0.8681015,-0.5325623,1.30785,-0.6205363,0.1784941,-0.7591589,4
1.793649,0.2326342,1.396962,0.006357142,-0.2810743,0.7814263,-1.617132,-12.29078,-2.173413,4
1.44385,0.4825882,0.6184155,1.162301,-0.1238479,0.237188,-1.448713,-0.2289572,-0.2517576,4
1.114292,-0.7575155,0.7014215,0.571601,-0.06896485,0.2562714,-0.407496,0.06901205,-0.1657065,4
1.327142,0.6509289,1.411349,0.1090664,0.1880575,1.290382,-1.064004,-2.47146,-1.348541,4
0.8004777,0.7117704,0.9213313,0.1250905,0.5237957,0.7603763,-0.4580697,-0.9108108,-0.5925402,4
1.887758,-1.327969,1.396,0.7474132,-0.5539068,0.8361098,-0.9850191,-0.1802909,-0.5743033,4
1.951735,0.8888461,0.9719709,0.3247361,0.03984984,1.388493,-0.2904622,-0.08215084,-0.4220676,4
0.733449,1.384804,1.327721,0.6822657,-0.1978071,0.4504951,-3.918523,-0.1155361,-0.1254815,4
1.381344,0.03041233,1.217164,1.906221,-0.02656875,0.5292466,1.723557,-5.157593,-1.071042,4
1.014281,1.058814,1.38004,0.7771243,-0.5783877,0.7303514,-3.485563,-0.1206536,-0.5900066,4
0.9800693,1.050433,1.246808,0.4615572,0.5234972,0.7156135,-0.6065267,-0.8168435,-0.5760628,4
1.871866,-0.1208668,1.121207,0.9936008,0.4032832,0.5160013,-1.740066,0.7465384,-1.155518,4
0.9724668,1.229852,1.271494,0.229572,-0.2526307,1.130146,-0.4375568,-0.1453203,-0.4787765,4
0.4958284,0.1778041,1.003021,1.324706,0.2616439,0.4270142,0.08548455,0.5210104,-1.085988,4
1.958261,-0.4673017,1.413998,0.3311715,0.09698861,0.451501,-1.345019,0.3411892,-1.297303,4
1.671774,0.4809126,1.112334,0.9601402,-0.0150486,0.8088397,-1.249632,-0.8049127,-0.9544853,4
1.884536,0.5583777,1.264569,1.241879,-0.4945646,0.5814564,-2.971991,-0.5046946,-0.9222201,4
0.2513477,0.3366123,1.017501,1.981506,-0.21577,0.2523789,0.3759244,0.02307605,0.4232424,4
1.704388,1.11373,1.071863,0.3966405,0.4178674,0.8550209,-0.1531379,-0.2344505,-0.2202569,4
0.6306756,0.5563923,0.8634209,0.8284416,-0.0841563,0.3156499,1.074259,-0.5015851,-0.3747077,4
1.734792,0.5754816,1.249791,1.601075,-0.161083,0.4096764,-9.763448,-1.046315,-0.8248037,4
0.5627148,-1.164319,1.115759,1.30821,-0.008859434,0.1399655,0.2239616,0.1332639,-0.2912839,4
1.407843,-0.4475777,1.186908,0.9698214,-0.2347615,0.2764795,-3.384957,0.07622999,-0.9848485,4
0.2781353,-0.5326496,1.347183,1.278231,0.1143694,0.1957568,0.1430138,0.1677599,-1.047791,4
1.115377,0.9543307,1.383675,0.5402953,1.233026,1.091804,-1.223531,-3.324833,-1.240833,4
1.452601,-1.170474,1.015986,0.4829714,0.1725431,0.4250072,-0.2636016,0.1676113,-0.1545064,4
1.872393,0.4614797,0.6837163,1.24717,-0.1536658,0.2359807,-1.182294,-0.351718,-0.3653871,4
0.1157238,0.3785709,0.8713675,0.5671856,-0.05335323,0.05631304,0.1594424,-0.9049953,-0.2329037,4
1.180771,-0.7046427,1.232245,1.635635,-0.3165267,0.5251163,2.63927,-1.251714,-0.8895382,4
1.798206,0.9760345,1.080833,0.265674,0.01561771,1.271949,-0.358292,-0.3238651,-0.4798875,4
1.456766,-0.4586726,0.6496548,0.5483866,-0.6326874,0.5593444,-0.581042,-0.8268816,-0.611552,4
1.101533,-0.3636511,0.7564659,0.509222,-0.591395,0.8025176,-0.6139761,-1.31244,-0.9819651,4
1.992905,0.9292084,1.269459,0.2054558,0.6714312,1.058977,-0.6984638,-1.488931,-0.9232884,4
0.1112909,-0.5618896,1.309636,0.6835306,0.05271253,0.3038607,0.05486452,-0.04145878,-1.028973,4
0.6858027,0.09918331,0.9662153,0.2973296,0.2368902,0.685151,-1.098665,66.55739,-1.003216,4
1.41876,0.5022826,1.052057,1.133906,-0.5438215,0.5034268,-4.931882,-0.09052707,-0.6915222,4
0.9028307,1.435066,1.322342,0.8080683,-0.1753221,0.7135962,-0.9264422,0.1153207,-0.02007534,4
0.7612339,-0.9086179,1.322212,0.2690211,-0.7712216,1.312958,-0.8325601,-0.5286229,-1.058759,4
1.554307,0.6159882,1.281038,1.302896,-0.611905,0.6583428,-6.708213,-0.1636278,-0.8407838,4
1.483372,0.4135701,0.5326026,0.531804,0.1273101,0.5857989,-0.2212185,-0.1209556,-0.2842957,4
0.4031783,0.7453317,0.8199573,0.04423738,0.07925584,0.9416956,-0.2699082,-0.3625208,-0.3638629,4
0.2258766,0.6554425,1.315825,0.5827437,-0.3074619,0.5363027,0.6105946,-0.3209353,-0.08152436,4
0.9027326,1.289606,1.316036,1.196139,-0.08800218,0.5111256,0.3513654,-0.2106236,-0.09201077,4
0.8735133,0.9618246,0.9986316,0.4374827,-0.1276845,0.6260282,-0.4776548,-0.1185528,-0.3115848,4
1.714267,0.2644068,1.180288,0.9612896,-0.4294239,1.140931,-1.144015,-0.2394675,-1.459089,4
1.20515,1.03818,1.341042,0.202415,-0.8502665,0.7912127,-0.9316105,-0.4297817,-0.818818,4
1.18579,1.156321,1.394495,0.5788712,-0.3164651,0.7915285,-1.10533,-0.3821872,-0.6585317,4
1.419297,-0.2829576,1.327345,1.45857,-0.08803335,0.7915077,25.18241,0.01237009,-1.279876,4
0.7709289,1.245806,1.187375,0.9820782,-0.05803176,0.477289,0.06216284,-0.06974435,-0.0002328672,4
1.746502,-1.121975,1.33234,0.9328777,0.1117918,0.1289323,-1.484766,-0.04708203,-0.7359075,4
0.880293,0.8861327,0.9572254,0.1765352,-0.07996841,0.6924984,-0.3373844,-0.3348144,-0.3727083,4
1.064491,0.2515242,1.165406,0.4012925,0.1387604,1.090038,-1.080892,-1.503984,-1.234376,4
1.573079,-0.5897746,1.094892,0.4893598,-0.1049056,0.3181058,-1.177092,-0.09434726,-0.8876554,4
0.774563,0.4156129,1.315599,0.7808459,0.3175564,0.7530504,64.23461,-5.959693,-1.225686,4
1.563754,0.4930279,0.8867092,1.429543,0.09740618,0.4811364,-3.442399,-0.7683934,-0.6024962,4
0.5099441,1.369705,1.224126,0.2407448,-0.2991986,0.9245982,-0.3164426,0.2400864,-0.1710502,4
0.5413447,0.595738,1.18892,1.468734,0.2139624,0.3329527,0.1017305,-49.4066,-0.7090031,4
0.603811,-0.02549345,0.1788328,0.015786,-0.6123719,0.9540021,-0.04191488,0.9872821,-3.876268,4
1.028711,1.390757,1.223441,0.5271965,-0.4464895,0.4725652,-0.8275028,0.1493987,-0.09826464,4
1.763758,0.0500756,1.200862,1.718291,-0.5275127,0.786254,-35.09825,0.07834686,-1.196319,4
1.886997,-0.5594139,0.775707,0.582224,-0.7253651,0.7869426,-0.5267308,-0.5238344,-0.7131574,4
1.645388,1.498718,1.286282,1.087458,0.2460478,0.2957898,0.0722479,-0.02457959,-0.02923857,4
1.252622,0.4335202,0.8969837,0.721954,0.3855672,0.3477166,-1.228383,-2.250232,-0.7234232,4
1.685136,0.3384836,0.3031036,1.729169,0.1913676,0.1881061,-0.3009421,-0.008670145,-0.01949055,4
1.710354,1.499631,1.4134,1.712437,0.6742903,1.331235,-338.2745,0.9245297,1.577579,4
0.3528199,0.9328531,1.169552,0.4430966,-0.06982701,0.1010907,1.622245,-0.6982156,-0.388195,4
0.6304336,0.903105,1.063114,0.3422755,0.03171898,0.5876158,-0.6318311,-0.4003004,-0.4525485,4
1.313151,-0.1955597,0.482614,0.237648,-0.2433226,0.2799161,-0.5000363,-0.1556781,-0.4579658,4
0.3074057,0.3998736,1.27378,0.2205975,-0.3554981,0.3365196,-4.053226,-0.9805159,-0.9469226,4
1.910283,0.6653011,0.6305534,0.05953496,-0.9840111,0.9670523,-0.158231,-0.0157388,-0.3321021,4
0.6932863,0.2365093,1.351486,0.0901156,-0.01711463,1.285622,-1.155888,-2.607646,-1.348485,4
1.626969,0.506558,0.55979,0.1357506,-0.2309892,0.5484344,-0.2156727,-0.2434705,-0.279526,4
1.578572,0.1738405,1.073936,0.2628413,-0.4086362,0.7025349,-1.05963,-1.489214,-1.076003,4
0.7763761,0.685845,1.283948,0.03843793,1.580598,1.341653,-1.054659,-3.205736,-1.466811,4
0.8582619,0.331229,1.105214,0.02288176,-1.279294,1.103598,-0.9666859,-2.250428,-1.253435,4
1.733129,-0.4008101,0.827842,1.636559,0.215743,0.3479464,-8.299558,-0.08133048,-0.7487653,4
1.114088,-0.9064733,1.127395,0.2675476,-0.3128757,1.069095,-0.5960483,-0.2455237,-0.6966076,4
1.555814,-0.8933127,1.368638,0.09737173,0.3423015,0.7913641,-1.107449,0.3007325,-1.162906,4
1.538711,0.01574847,1.315961,1.141227,-0.2916056,0.909632,-3.058229,-0.7346248,-1.3414,4
0.5828209,0.6526397,0.6487564,0.9494052,0.02710741,0.2679305,-0.1152563,-0.08315861,0.01076706,4
1.58427,0.6430953,1.103112,0.0521125,-1.202856,1.373369,-0.759471,-1.162191,-1.077697,4
1.610749,0.05639605,1.20253,0.6926492,-1.277581,1.100692,-1.536825,1.002934,-2.168941,4
0.558764,0.5139377,0.6304418,0.2951184,0.1173902,0.4352689,-0.3280947,-0.2547054,-0.2967468,4
0.5981587,0.2165538,0.7429361,1.827252,0.2763862,0.288593,0.1040302,0.3809125,-0.94504,4
1.893137,0.4143505,1.199119,0.6653149,-0.315862,0.7648445,-1.298909,-0.9493219,-1.103003,4
1.592444,0.4389094,1.293566,0.144398,0.1642683,1.21767,-1.050762,-2.698069,-1.301731,4
0.2276829,-0.9906079,1.032815,0.3459124,-0.2666368,0.3407729,1.027024,-0.2727694,-0.3483871,4
1.805849,-1.078543,1.186661,1.243736,-0.02959005,0.2431823,-1.704723,-0.01379474,-0.5474569,4
1.828722,0.4356821,1.367996,1.016576,0.3837793,0.3742643,-2.031155,-4.413769,-1.169071,4
1.360514,0.1606546,1.303358,0.4272206,0.1030659,0.1935328,-1.419327,-5.584853,-1.176679,4
1.550691,-0.2736783,1.197706,1.946034,-0.2080659,0.5576691,3.337705,1.387803,-1.051682,4
0.6273584,-0.02546798,0.9742991,1.06299,-0.08987498,0.5424286,0.605646,-0.7027126,-0.8598208,4
1.673005,-0.2144308,0.7587888,0.3645921,-0.6229806,0.5908038,-0.819148,-1.61405,-0.8704832,4
1.916144,1.083359,1.219672,0.3497958,-0.7202836,1.246661,-0.6227476,-0.07183636,-0.8057503,4
0.1076533,-0.007662646,1.118547,0.7404075,-0.1344826,0.1142439,0.3691682,-0.463245,-0.5100608,4
1.084574,-0.1156351,1.290349,0.8670934,-0.02295293,0.1666382,-4.832173,4.752619,-1.141741,4
1.963324,-0.5684668,0.6233636,0.1141914,-0.3166732,0.3161241,-0.3588636,-0.0412304,-0.317673,4
1.966228,-0.1803141,1.119104,0.1891146,-0.4845771,0.4479139,-1.101676,1.44157,-1.086315,4
1.599123,-0.8562724,1.359406,0.303907,0.005659903,1.202338,-1.025292,-0.3436497,-1.090105,4
1.043872,0.8307099,1.003281,0.0131132,-0.2108563,0.8256639,-0.516911,-1.132938,-0.7270845,4
1.961912,-1.150679,1.376101,1.265123,-0.06398406,0.4290479,-1.920871,-0.1119763,-0.7449964,4
0.1672628,-0.556334,1.265394,0.0152474,-0.06228712,0.7779469,-1.085579,-0.01948588,-1.132246,4
1.149157,0.1521605,1.028413,0.6999786,-0.4978239,1.111139,-0.6443516,-0.1042294,-1.774169,4
1.574146,1.162491,1.328188,0.4739494,0.4725914,0.6898202,-0.535183,-0.8610682,-0.5963943,4
0.4818099,0.372623,0.8790578,1.020115,-0.2100983,0.5238231,0.2977145,-0.1337379,0.1727793,4
1.320002,0.2579927,0.8964467,0.09274483,-1.054855,1.210222,-0.7616524,-0.3421243,-1.243172,4
0.3671344,-1.001132,1.303765,0.3812418,-0.6031921,0.6394665,18.64152,-1.560698,-0.7828432,4
1.980576,1.152489,1.263103,0.981777,0.1630081,1.21322,-0.3163815,-0.02151499,-0.4000286,4
1.460979,0.1264091,1.038948,0.8850937,-0.277315,0.765448,-1.624405,-0.5253461,-1.079676,4
0.5061609,0.2125601,1.222107,0.2333593,-0.1721905,0.6788951,-1.622006,-1.586865,-1.161456,4
1.547913,0.7217739,1.258767,1.654795,0.3262574,0.303583,8.759038,-2.455661,-0.8460475,4
1.790463,-0.3944894,0.7314239,1.374959,-0.6310213,0.6657771,-1.266825,2.118099,-1.200291,4
0.5251833,0.6703916,0.8759722,1.031501,-0.00730424,0.4688641,-0.06905925,-0.2436118,0.06713164,4
1.258089,0.3149295,0.6811898,1.926925,-0.160225,0.4981336,0.2204034,-0.1006277,0.07034681,4
1.437187,0.3384871,1.151606,0.204514,-0.4766973,0.5594923,-1.065773,-1.387138,-1.034196,4
0.4243466,0.8309084,1.305283,0.8883651,0.361536,0.657207,-0.07661711,-7.064155,-0.6631497,4
0.6277179,0.0970329,0.9518033,0.3314827,0.7021994,0.6089806,-1.52653,1.321965,-1.172834,4
1.724898,-0.7500917,1.223562,1.873478,-0.4778334,0.543294,11.88081,-2.077383,-0.8741308,4
1.184302,0.7285123,0.8655005,0.09023146,-0.9633625,0.8506562,-0.46765,-0.1720918,-0.6198786,4
1.874691,1.310287,1.382833,1.867352,0.6751119,0.9642212,3.903715,-0.2508602,-0.3246863,4
1.640507,0.9010371,0.8219363,0.1826447,0.1513768,0.4876589,-0.08956885,-0.1556051,-0.1274607,4
0.5257066,-0.6501977,1.057808,0.7120388,-0.114442,0.4533437,1.680925,-0.3304464,-0.7451006,4
1.61455,-1.196113,1.099892,0.2342275,-0.6337383,1.001932,-0.2756884,0.05503772,-0.2969148,4
0.6825358,0.4446139,1.182353,1.311064,-0.1952142,0.2586419,1.058257,-0.8604302,-0.5921065,4
1.925535,-0.2515166,1.219871,0.1822857,-0.5880124,1.195228,-1.132986,0.2420004,-1.333703,4
1.209071,0.9918415,1.15949,1.790407,0.03013168,0.5006318,0.1176609,-0.4045263,-0.2334218,4
1.066167,1.086779,1.252376,0.4641272,0.07310241,1.389443,-0.3359861,0.03796755,-0.5139592,4
0.5310218,-0.03086857,0.869652,0.01910673,0.2086208,1.157803,-0.8342916,11.95856,-1.043612,4
1.447677,-0.8877057,1.098604,0.6366551,-1.570904,1.40816,-0.7100623,-2.276398,-2.8032,4
0.5074039,-0.3402568,1.125503,0.6744732,-0.3309176,0.5179029,3.096406,1.572178,-0.9549072,4
1.37209,1.117068,1.411091,0.7165061,0.5549522,1.020806,-0.7309322,-0.7713938,-0.7107096,4
0.8965587,0.689477,1.305914,1.109605,0.1475757,0.3523702,2.094856,-1.827238,-0.8426175,4
1.690694,1.11048,1.401989,0.6438299,1.033731,1.312755,-0.647433,-1.045403,-0.7840217,4
0.4916472,-1.094279,1.342408,0.201283,-1.01563,0.9885437,-1.13439,-0.8493706,-0.8852246,4
0.164984,-0.3415923,1.115709,0.4606762,0.2556184,0.3288349,0.2579581,0.06822924,-1.121012,4
1.683069,0.03331384,0.1274314,1.460625,0.01394254,0.08797073,-0.3845333,-0.1864749,-0.1211594,4
1.084143,0.3818285,0.7123364,0.09573386,0.04414825,1.334518,-0.4274174,-0.384478,-0.6547241,4
0.7643005,-0.342238,1.000941,0.7805382,-0.3612249,0.3685542,51.52885,5.842262,-0.8178812,4
1.229604,0.7895382,1.367104,0.1357162,-0.3485707,1.265765,-0.9085604,-1.230859,-1.107572,4
1.250496,0.3596304,1.37077,0.989555,0.8372686,0.8381515,-4.037526,2.602475,-1.652595,4
0.5742443,-0.2030049,0.9477206,1.457224,0.03544293,0.2305655,0.3038552,0.5131852,-0.7861347,4
1.368165,0.3685922,1.404438,1.990132,-0.6639829,0.8199199,2.896003,0.1469079,-0.9346816,4
1.366145,0.5511019,0.488286,0.2662517,-0.1536213,0.3753362,-0.08488638,0.02728315,-0.07118171,4
1.268771,0.9404262,1.105338,0.2157736,-1.62834,1.396592,-0.6377611,0.6573058,-1.908007,4
0.8436766,0.2718974,0.9664656,0.4029777,-0.104683,0.2270246,-1.359096,-1.396244,-0.8020392,4
1.589701,0.4841385,1.369563,0.1939199,-0.6721403,1.365341,-1.145295,-1.120758,-1.412375,4
0.3820237,0.01869608,1.058952,0.2891883,-0.3031511,0.7709574,-2.554923,-0.3062038,-1.107931,4
0.4987769,0.02614993,1.283948,1.409823,-0.4895978,0.6757921,0.2824862,0.2723987,-0.9916594,4
0.8833925,1.173059,1.363094,0.5319139,0.08044294,0.4957095,-0.8979252,-0.6443316,-0.5384539,4
0.9886078,-1.295855,1.331821,0.8422914,0.2319824,0.4339907,-2.615193,-0.001714197,-0.5295189,4
0.6871997,0.9840202,1.215927,1.777073,0.2445346,0.2399425,0.09956905,-2.174094,-0.3904971,4
1.218376,1.305084,1.296083,0.6008089,-0.02680371,0.4700609,-0.4598654,-0.292292,-0.3002695,4
0.1182899,1.099577,1.243023,0.1528421,0.2637095,0.8795783,-0.7043093,-0.01206927,0.04978181,4
1.059498,0.2155913,0.9754641,0.5379771,-0.03854872,0.901587,-0.9532746,-0.6712648,-1.054264,4
0.4963348,-0.1363062,1.16761,0.04144106,0.05034165,0.7853037,-1.108405,3.758376,-1.252769,4
1.801977,0.09993742,1.382738,0.4658597,0.3318909,0.8336741,-1.367572,-43.2336,-1.359778,4
1.998324,0.1304048,1.042245,1.594673,-0.5211249,0.9800558,-1.719558,-0.02015695,-1.599919,4
0.5414239,0.6164725,0.7841488,0.136201,-0.01310591,0.586978,-0.390777,-0.3736472,-0.4165202,4
1.845371,-0.0991101,1.194354,1.762388,-0.6091039,0.6713259,-26.78576,0.5245965,-1.155104,4
1.015867,-1.134411,1.247567,0.102141,0.3198074,0.3271542,-0.7570448,0.1523652,-0.682126,4
1.847718,0.1006181,1.224535,0.5669163,0.6635802,0.7172301,-1.346777,6.190897,-1.299954,4
1.730135,0.4853291,0.5762333,1.229622,-0.2881177,0.3376099,-1.122098,0.03684234,-0.2258013,4
1.746952,-1.052856,0.9321033,0.01061491,0.6315538,0.6205284,-0.5486338,0.7811734,-0.4620692,4
1.406594,0.5722329,1.103376,1.262069,0.01576331,0.1866369,-5.312812,-1.257525,-0.7155219,4
1.380785,-1.043389,1.098234,0.2176551,-0.3288546,0.6577687,-0.5927843,-0.06239727,-0.4963707,4
1.355841,-0.232043,1.185813,0.5393851,0.7100346,0.624708,-1.578312,0.4974517,-1.272132,4
1.583099,0.493139,0.8837198,0.06512821,-0.6233312,0.6585824,-0.6456394,-1.212983,-0.8098575,4
1.618538,-0.04549504,1.050001,1.212352,-0.2338387,0.8641622,-1.925153,-0.2548881,-1.162726,4
1.709564,1.249153,1.272503,0.9747658,0.5536892,1.094615,-0.1260009,-0.04906277,-0.226208,4
1.985881,1.461471,1.366907,0.2748628,-0.9653382,0.9700598,-0.4729342,0.03714073,-0.400828,4
0.5244347,-0.2922126,1.263604,0.2456254,-0.5126268,0.5634739,-2.214139,-0.831305,-1.182667,4
1.372641,0.5465424,1.064165,0.434307,-0.9228655,1.147972,-0.8137728,0.1696904,-1.588874,4
1.735985,-0.4137987,0.5542464,1.841444,-0.05776142,0.140726,5.638898,-0.06884469,-0.330465,4
1.23657,1.427925,1.406518,1.576099,0.06789278,0.4110491,0.06458964,-0.3150905,-0.1711595,4
1.503203,0.6497997,1.189329,1.892298,-0.215616,0.6714924,1.772368,-0.4324157,-0.5687637,4
0.2786102,-0.3186845,1.353176,0.3368273,0.1345366,0.6003536,3.380203,0.1948497,-1.293864,4
1.937819,-0.4909832,1.349882,1.352323,-0.364518,0.7421606,-3.287854,-0.7069825,-1.221552,4
1.803224,0.9119745,1.406519,1.786134,-0.007130185,0.5377385,-53.26091,-1.002595,-0.7578649,4
0.6127709,0.5155235,1.371919,0.7638381,-0.2302242,0.2622972,4.453951,-1.194029,-0.8462266,4
0.7553173,-0.7421994,0.9746972,0.9212641,-0.1491487,0.1271665,3.702347,-0.1202103,-0.5449262,4
1.759183,0.7183112,1.28509,1.392903,-0.06776406,0.8010022,-2.37409,-0.7135874,-0.866858,4
1.035375,-0.9265589,1.306811,0.628067,-1.013224,1.035249,-1.519684,-1.993948,-1.116947,4
1.057012,-0.05324569,1.177798,1.326019,0.3121613,0.5946034,2.140545,0.4415485,-1.282646,4
0.9085937,0.3243773,1.35128,0.560051,-0.4154279,0.8685961,-2.388014,-0.6793657,-1.272454,4
1.470964,-0.4656562,1.111678,1.240315,-0.257031,0.5572799,-5.135854,-0.5238896,-0.9508428,4
0.2379678,1.47813,1.385255,0.06392562,-0.4568108,0.717437,-0.4754902,-0.06664335,-0.2849619,4
1.145842,0.5585722,1.23441,1.291715,0.1310025,0.3109678,4.407077,-2.016885,-0.8726186,4
1.216001,1.217169,1.216892,0.6143789,-0.1312239,0.211841,-0.6310837,-0.3167056,-0.2798447,4
1.366968,-0.1034866,1.346787,0.08551022,-0.3978187,0.9731334,-1.264898,8.444971,-1.437595,4
0.5919111,-0.04523377,0.943993,0.01922028,-0.06693474,1.343559,-0.8816887,10.34684,-1.108249,4
1.44769,-0.3616398,1.262502,1.261526,-0.0923408,0.4984095,-6.859465,0.2813006,-1.128984,4
0.5816013,-0.2603925,1.373555,0.1755132,-0.9085715,0.8544426,-1.813222,17.5379,-1.465644,4
1.231102,0.8706329,1.040713,0.8052769,0.1151583,1.094104,-0.01289506,0.1147161,-0.1607433,4
1.397647,-0.1856907,1.162875,1.542579,0.2078902,0.305586,7.383177,0.624309,-1.099146,4
1.944654,0.2622536,0.6508492,1.745069,0.0395753,0.1869259,-3.313636,-0.9718349,-0.4892177,4
1.003407,-0.4372678,1.412283,1.045992,-0.3697506,0.7614385,24.33279,-3.491277,-1.267992,4
1.12208,-0.1169526,1.146147,0.9466686,-0.3586913,0.6178823,-5.861337,-0.2195814,-1.075569,4
0.7211272,0.315621,0.5223594,0.02798512,0.2849693,0.7156751,-0.3572291,-0.8677464,-0.4908441,4
0.5737961,-1.098162,1.251977,1.887447,0.06734263,0.2771642,0.1101669,-0.05852749,-0.5730498,4
0.4194978,-0.3398061,0.9507616,0.7938619,-0.1971655,0.2013636,1.271438,0.7226179,-0.689565,4
1.091811,-0.1251274,1.089468,0.2293397,-0.4736655,1.275661,-0.9059836,-1.419373,-1.403326,4
1.754573,-1.04397,1.410431,0.6585202,0.08009458,0.4022201,-1.318945,-0.1350353,-0.932556,4
1.317116,0.328932,0.6007286,0.1059243,0.5783553,0.6384041,-0.4509014,-1.256257,-0.6133864,4
1.674312,0.3412535,1.37718,0.5823537,-1.158595,1.235905,-1.521229,0.265514,-1.900186,4
1.699652,0.6922293,0.8153897,0.06052653,0.6392669,0.6561393,-0.3923003,-0.8714736,-0.5500561,4
1.989249,0.9846082,1.255706,0.1017363,0.06120729,0.2952214,-0.661536,-1.408153,-0.8723333,4
0.7068405,-0.6570458,1.366004,0.2836391,-0.3679757,1.020388,-1.422354,-0.5514747,-1.244722,4
0.3008005,0.2147366,1.189759,1.366589,0.3285604,0.3927456,0.02979239,0.4005289,-1.423186,4
0.9371802,0.545004,0.7763026,0.3527072,-0.02638413,0.5564885,-0.5231594,-0.39165,-0.4911857,4
0.5069553,1.037683,0.8800467,0.1067649,0.4790977,1.364925,0.08506304,0.3234403,0.3118444,4
1.435773,0.5160639,0.7851676,0.8647746,-0.1698595,0.9620844,0.07666135,0.07221569,-0.5408608,4
0.6574563,-0.1989485,0.8727746,1.445714,-0.2519966,0.2329755,1.121202,0.2866644,-0.6171172,4
1.987738,-0.7063457,0.9200195,0.1007277,-0.6836002,1.277226,-0.5514389,-0.2422511,-0.7202328,4
1.973978,0.8046102,1.243994,1.621596,0.05128103,0.9608601,-1.408579,-0.4208434,-0.7080568,4
0.7339746,0.4898951,0.4696871,0.1902085,-0.04764405,0.7145633,-0.04742276,0.1623685,-0.1527022,4
1.561387,0.873421,0.9789417,0.2717038,-0.04836613,1.313795,-0.3352198,-0.1163708,-0.4914565,4
1.416949,1.185306,1.053001,1.319688,0.5255324,0.8010057,2.722657,0.3662277,0.1833219,4
1.788304,-0.120867,1.067124,0.8971145,-0.7645266,0.832618,-1.673081,0.9332331,-1.334514,4
0.9645981,0.5547262,1.297568,0.9940951,0.1811817,0.5545477,17.66085,-2.070465,-0.9996992,4
1.157374,0.8960006,1.319414,0.296129,-0.8772833,1.401719,-0.9136052,-0.04053641,-1.394605,4
1.56758,0.09831548,0.8559963,0.9168332,0.05710559,0.7199731,-1.019558,-1.610963,-0.9240968,4
0.1554437,0.3343268,0.9920361,0.6950439,-0.1604047,0.2978727,0.2792548,-0.3216011,-0.0949174,4
0.7947298,0.4614147,0.6936824,1.518908,0.1881764,0.3885654,-0.07816292,-1.155691,-0.2846434,4
1.489502,0.7392527,0.9265903,1.970697,0.1183058,0.5175573,0.04287042,-0.3440205,-0.2709275,4
1.131958,0.3508,0.395745,0.5711497,-0.2246102,0.2373087,-0.4535066,0.03263143,-0.1822998,4
0.4585493,0.7377663,1.257176,1.055772,0.3844345,0.6782649,-0.1305426,2.755463,-0.7081749,4
0.421937,0.1199875,0.7668269,1.73061,-0.2935064,0.3196064,0.2152326,0.2087674,0.05665844,4
1.18994,0.6318751,1.350961,1.380245,-0.5064403,0.8357006,4.988524,-0.1796819,-0.7601605,4
1.800654,-1.400802,1.389318,1.054329,0.3570065,0.4298836,-1.1131,0.05269085,-0.5135123,4
0.1448149,-0.3959392,0.9684414,0.03058561,-0.5312748,0.8314377,-0.8989808,-0.5431502,-1.004682,4
1.990513,-0.9879401,1.306298,0.5052796,-0.8431632,0.7853464,-1.184084,-0.5838397,-0.9010094,4
1.573008,0.1895492,1.158877,1.056459,0.2609261,0.2302157,-2.579439,-42.3523,-1.048534,4
0.958846,0.7403353,0.7507701,1.009092,0.2712299,0.3586655,0.4894546,-0.2367145,-0.1802165,4
0.999066,0.912079,1.184276,0.3420621,-0.4038608,1.166364,-0.6970878,-0.1198768,-0.8801182,4
1.045042,-0.1357324,0.320312,0.3097969,0.04242705,0.1735808,-0.3273693,-0.01927601,-0.2928043,4
0.9329541,-0.2344783,1.412468,1.421472,-0.7990879,0.7312959,2.572505,1.041486,-1.43784,4
1.173353,0.1559943,1.084739,1.275952,0.3159452,0.6190587,5.394563,1.492601,-1.162229,4
1.790826,0.09877393,1.247507,1.067305,-0.2900952,0.8509622,-2.028811,-0.8884175,-1.268989,4
1.139628,0.08747219,0.9082689,0.07164954,0.3109451,0.5892711,-0.8984865,-10.15151,-1.099222,4
0.872073,-0.07953641,0.8300942,1.697024,-0.004056871,0.3674582,0.3809053,1.170003,-0.7373578,4
0.8021953,0.5806189,0.8885123,0.5845417,0.326741,0.2918942,-1.496213,-1.301105,-0.5654922,4
0.4587716,0.5037256,1.281248,0.5211909,0.5694956,0.8075647,3.173814,3.674246,-1.379964,4
1.504872,0.4109362,0.5043679,1.200643,-0.02578148,0.06745092,-0.8810376,-0.2841376,-0.1991288,4
1.815708,0.8305522,0.9356506,0.07009532,-0.07243867,1.245954,-0.3637691,-0.6442853,-0.5155714,4
1.71727,1.163317,1.386054,0.02979071,0.1882875,1.089281,-0.6866601,-1.5119,-0.9671002,4
1.493895,1.141549,1.218111,0.3192865,-0.2546035,0.4248025,-0.4993471,-0.4791975,-0.4289782,4
1.412372,0.2185427,1.384728,0.3230639,0.01969977,1.322521,-1.257365,-2.267013,-1.469714,4
1.479104,-1.288224,1.181676,0.3853664,-1.223557,1.055343,-0.3808782,-0.1331651,-0.3675886,4
1.906742,0.787165,1.241037,1.238705,-0.3776438,0.798836,-1.771251,-0.3455023,-0.8011121,4
1.632709,-0.1352937,1.20556,1.736053,0.08466524,0.5462604,10.73585,0.9123578,-1.158909,4
0.9854856,-0.6465093,1.196572,0.9029584,-0.1053569,0.6666144,-7.405824,-0.373346,-0.9534954,4
0.6520196,-0.5600306,0.7231982,0.04837738,-0.2346639,0.7369872,-0.4632318,-0.1394527,-0.5007919,4
1.46715,-0.5562232,1.194386,1.007322,0.1643686,0.1643757,-2.75396,0.04083405,-1.005794,4
1.64546,0.5458611,0.9654903,1.098835,0.06360094,0.2513225,-1.386504,-1.023865,-0.6351572,4
1.273393,1.20361,1.34851,1.796408,0.7039805,0.7411977,0.2931354,-2.39558,-0.5955265,4
0.3395578,-0.05133381,1.234001,0.3967367,0.01827506,0.4716259,4.379829,4.736275,-1.121038,4
0.8156148,0.5771587,0.6493801,0.6340935,0.3069194,0.4737213,-0.2658265,-0.2127772,-0.2321752,4
1.183466,1.144684,1.090529,0.7062255,-0.3992465,0.4711717,-1.06614,0.05526005,-0.1830691,4
0.8274033,0.4724999,0.9724624,0.01665664,-1.158674,1.108847,-0.7624949,-1.617617,-1.043997,4
0.2386584,0.0722783,1.341877,0.9605584,-0.06815511,0.2924258,0.2708425,-2.055447,-0.8232164,4
1.991466,0.2077672,1.189721,1.792099,-0.4932184,0.4673952,-12.64466,-0.2795686,-0.9268181,4
1.779956,0.4252169,0.4466047,1.232895,0.246201,0.2622314,-0.2149754,-0.2254629,-0.1492756,4
1.858771,0.5931867,0.7151861,1.638556,-0.2027857,0.2771829,-3.11685,-0.1579811,-0.2237709,4
1.483218,1.292867,1.207646,0.220162,1.019754,1.265667,-0.1462725,-0.2675801,-0.2049203,4
1.866041,1.289612,1.317909,0.6595145,0.5929699,1.289943,-0.2129758,-0.1538582,-0.274872,4
1.324704,0.6019405,0.992577,1.061588,-0.598878,0.611323,-3.882727,0.1042381,-0.6237794,4
0.7255415,1.077327,1.241844,0.1941747,0.8145099,1.394107,-0.3873326,-0.5035524,-0.4828018,4
1.563602,0.4929143,0.984002,1.040859,0.1355879,0.7840642,-1.007477,-0.6488617,-0.7921154,4
1.043695,0.9906911,0.9216605,1.892148,0.09862824,0.3805607,-0.2873051,-0.007970881,0.1188452,4
1.186393,-1.225847,1.05653,0.7851999,-0.6142053,0.5246297,-0.6046446,-0.005059191,-0.09222512,4
1.910139,-0.2523443,1.146999,0.03743271,1.0878,0.9208962,-1.340989,4.872042,-1.663129,4
1.895626,1.003296,1.211052,0.7450839,0.5803352,0.8280599,-0.5480063,-0.8157563,-0.5950572,4
0.8899093,-0.2198622,0.8396941,0.006164474,0.5644377,0.8459491,-1.010442,3.467805,-1.258449,4
0.8247455,0.1497769,1.311046,0.1403511,0.2077419,1.310409,-1.155901,-4.064399,-1.358345,4
0.9884,0.6285796,1.128488,0.09443478,1.38087,1.389229,-0.8362819,-2.41626,-1.183191,4
1.225672,0.9398271,1.206684,1.515447,0.6053247,0.8015618,0.360871,-1.73633,-0.6767274,4
0.4202254,-0.8379208,1.318732,0.1390664,-0.4385295,0.9343649,-1.196705,-0.4607348,-1.038726,4
1.856237,0.4105312,0.5863426,1.129722,0.3481363,0.4287967,-0.4799861,-0.6741633,-0.4000209,4
1.059679,0.5554034,1.385482,0.6898044,-0.4057117,0.6327235,-2.9054,-0.824322,-1.058386,4
1.47845,1.061011,0.8978445,0.9345372,0.4055661,0.6666107,0.3349236,0.2293482,0.1093489,4
1.62414,-1.066129,1.035446,0.7265791,-0.1447624,0.3627509,-0.687178,0.04974557,-0.3229749,4
1.453069,0.4151824,0.4477666,0.5220162,0.3988145,0.3757245,-0.1739572,-0.3282212,-0.2092473,4
0.6675525,-1.188695,1.373833,0.04918487,-0.7061622,0.7731238,-0.8614089,-0.1608225,-0.7812596,4
0.7192221,0.8074152,1.407861,1.556527,-0.1463732,0.2919488,0.627324,-1.028355,-0.4861199,4
1.968108,0.4379072,1.317839,0.8814832,-0.2367191,0.6330884,-1.676189,-1.301075,-1.131424,4
1.496984,0.655099,1.373135,1.479055,-0.03237472,0.6795365,-48.47389,-1.117018,-0.9478928,4
1.564288,0.7337354,1.031165,0.6208628,0.006202694,0.05751943,-0.7351487,-0.8248132,-0.5557634,4
1.767662,-0.2483542,1.269199,1.183201,-0.7120095,1.125881,-1.88943,0.9115836,-1.675208,4
1.309874,-0.9674809,1.20052,0.3731755,-0.05200261,0.7296494,-0.8516469,-0.1808353,-0.7272111,4
1.252363,-1.206952,1.186126,0.1325005,-0.005653358,0.4018833,-0.5247489,0.07044003,-0.4285912,4
1.946007,0.02013666,0.3572199,1.313017,0.005590502,0.1350345,-0.7550075,-2.432314,-0.3315614,4
1.127888,-0.3251373,1.068521,1.480644,-0.322005,0.5649248,2.74326,1.709181,-0.9469209,4
1.180381,1.368508,1.321076,1.660793,0.220748,0.645292,-0.5195043,-0.04644621,-0.01101316,4
1.080971,0.3366219,1.209976,1.208576,-0.3776847,0.706423,6.681458,-0.3386887,-0.9181699,4
1.949472,0.872467,1.257394,0.4086184,-0.5689508,1.218264,-0.8414662,-0.3749802,-1.032674,4
1.855874,1.08399,1.166047,1.601116,0.4255089,0.8054721,-0.2013236,-0.2056039,-0.301497,4
1.318886,0.6900347,1.409067,0.6110319,0.07323852,1.399971,-1.01912,-0.6384096,-1.264529,4
0.4214429,-0.009290632,1.243522,0.002482202,0.1853669,0.3894167,-1.494249,198.6747,-1.94486,4
1.486648,0.4251901,1.391878,0.8463146,-0.1958466,1.176348,-1.552559,-0.7340853,-1.398589,4
1.495099,-0.2015111,1.382475,1.37901,-0.9743842,1.283455,-6.019811,0.4505416,-4.394001,4
1.373868,0.5406424,0.9935548,0.9202144,0.3414158,0.624063,-1.187841,-1.292104,-0.7760941,4
0.4162488,-0.3214428,0.7257701,0.06388003,0.4263082,0.5675176,-0.6444073,0.003461959,-0.6828931,4
0.9672965,-0.06948574,1.012705,0.584308,0.6245481,0.534148,-2.032519,0.6513898,-1.19318,4
1.676114,1.050578,1.173334,0.4385719,0.2978081,0.4709538,-0.4478522,-0.7251384,-0.4991668,4
1.921258,-0.6676823,1.269046,0.1010882,-0.8020653,1.136397,-1.052067,-0.2833333,-1.155842,4
1.335545,-0.45011,1.380275,0.04087781,-1.425101,1.406591,-1.222108,-0.09480935,-1.433107,4
1.790473,1.126929,1.099767,0.3258923,0.458686,0.4552498,-0.2484206,-0.4412209,-0.3040113,4
0.95585,-0.6397982,1.33093,0.368168,-1.637491,1.404971,-1.323974,-102.6216,-2.424952,4
1.971968,0.8145127,1.285034,0.8821651,0.2739169,1.107676,-0.8528505,-0.7349701,-0.9024772,4
1.637524,-0.03653012,1.376003,0.3214491,-0.7820799,1.287043,-1.35532,-0.6402021,-1.659056,4
0.5136638,-1.004795,1.400105,0.4070477,-0.2254538,0.6683797,-3.738784,-0.3576193,-0.898621,4
0.3701205,-0.7322268,1.01706,0.1749665,0.1528546,0.2160906,-1.150006,-0.08098464,-0.6926148,4
1.457589,0.9123631,1.117528,0.2815165,0.3934508,0.5567045,-0.5258877,-0.9686951,-0.6264316,4
1.051697,-0.6444865,1.06321,1.330728,-0.7232806,0.6975708,1.62311,1.975109,-1.229195,4
1.096016,-0.5612473,0.9370917,0.1304275,-0.2703765,0.6899076,-0.7634853,-0.2063864,-0.7783981,4
1.735908,-1.150743,1.252304,0.8593506,-1.143619,1.176659,-0.6564518,-0.5407229,-0.6988952,4
0.8839879,0.482629,1.078531,0.4759121,-0.6766122,0.8930908,-1.407256,0.02077861,-1.165921,4
1.146558,-0.3871379,1.363028,0.7541708,-0.6409343,1.176838,-1.927031,7.060777,-1.579033,4
1.292011,-0.3747707,0.7877371,0.05515442,0.3199032,0.7212051,-0.7255456,0.5017689,-0.822256,4
1.178001,-0.04675012,0.7818413,0.1286673,-1.178178,1.050421,-0.6030666,2.136614,-1.488126,4
0.679211,-0.9631931,1.134843,0.5801598,-0.2755799,0.2608699,-5.967117,-0.2009941,-0.5561097,4
1.977968,0.7513305,1.309671,1.1408,0.2228016,0.8858232,-1.226939,-1.040759,-0.9582264,4
1.623042,1.511118,1.298015,0.6904034,0.02292118,0.3959619,-0.02885818,-0.003207486,-0.03447767,4
1.864953,-1.043288,1.077909,0.07458507,0.2186338,0.4434354,-0.6188368,0.328149,-0.5773964,4
1.771012,0.24752,1.210824,0.9901946,-0.09142891,0.8770401,-1.589094,-1.180913,-1.205361,4
1.606654,0.2926982,1.201204,0.4429449,0.1515335,0.7732391,-1.129807,-2.305092,-1.125678,4
1.271839,-0.3537498,1.403344,1.437233,0.07160956,0.5961193,6.129404,0.2510684,-1.305053,4
1.087887,-1.083023,1.355344,1.562684,-0.6640365,0.6469,1.278278,-5.568367,-0.8012548,4
1.150312,-0.5866878,1.254557,0.01281644,0.3317705,0.9595182,-1.349786,2.011645,-1.58104,4
0.7615774,0.8230419,1.285752,0.3117094,-1.004883,1.076409,-1.351058,0.1985249,-1.310802,4
0.5958042,-0.03825587,1.29947,0.5996058,-0.5331103,0.9724467,110.4239,0.1503254,-1.451997,4
0.8742844,-0.3705827,0.8194913,0.9061512,-0.04328747,0.1457436,16.20014,0.05851851,-0.649848,4
1.35171,-1.37694,1.233646,0.1000794,0.2237631,0.7345458,-0.3709979,0.176344,-0.2749579,4
0.5450221,-0.137909,0.620766,0.5383529,-0.201083,0.3091703,-43.77986,0.3916138,-0.5581591,4
0.9425537,0.7549869,0.8246852,1.964566,0.3758681,0.4132507,-0.05831213,5.172808,-0.2421838,4
1.708493,-1.100921,0.9877948,0.3885984,-0.9977961,0.8628097,-0.2857153,-0.04785254,-0.2617744,4
1.980169,-0.1207479,0.7483088,0.2127265,-0.9618509,1.003605,-0.5849543,-7.302351,-1.242596,4
1.560784,-0.3593167,1.078413,0.9668986,-1.201993,1.306645,-1.072518,0.7226916,13.88016,4
1.544756,0.9028087,0.829626,0.4031761,0.2705631,1.153728,-0.02626218,0.208352,0.04391175,4
1.645053,-0.3487978,0.3706222,0.2050193,-0.3944559,0.5721613,-0.1138947,-0.01915101,-0.2310159,4
1.212242,1.183521,1.022629,0.3752151,-0.07326074,1.126191,-0.04943447,0.2992052,-0.07393189,4
1.729501,-0.5999152,0.952975,0.4177806,-0.04972662,0.3261299,-0.865067,-0.1106816,-0.7234824,4
0.7862038,-1.111021,1.056522,0.5256185,0.001134129,0.198602,-0.9564538,0.1059177,-0.3031433,4
0.658805,-0.5453286,1.054722,1.775042,0.03591661,0.3424411,0.2333091,-0.1506056,-0.81728,4
1.814484,-0.4337926,0.9228179,0.3218862,0.001795728,0.0608335,-0.8580563,0.02697042,-0.7833231,4
0.5888733,-0.503969,0.4765273,1.561347,-0.0007835192,0.06245555,0.06618399,0.06104288,-0.1139449,4
1.047313,-0.0211782,0.7254817,0.2838184,0.1663632,0.1514934,-0.8164876,3.085535,-0.7153435,4
1.733694,-0.3578606,1.132193,0.2600174,0.0217139,1.099987,-1.012284,-0.08527378,-1.148657,4
1.33588,1.078957,1.130827,0.0299428,1.01796,0.9610322,-0.4035514,-0.8597826,-0.5771035,4
0.5881201,0.2473078,1.38586,1.063875,-0.6467379,0.7595426,1.713978,0.2978941,-0.9023307,4
0.8082464,-0.2470203,1.19727,1.051118,-0.6225371,0.6579312,3.49001,0.9126869,-1.187973,4
0.9450925,0.3103272,0.4891433,0.2238628,0.2456461,0.3667139,-0.3122064,-0.6095652,-0.3680981,4
1.725528,-0.9447094,0.9448656,0.6357513,-0.6413093,0.7869935,-0.3727036,-0.1043633,-0.3337858,4
1.909444,0.3646736,1.315829,1.090934,-0.1101586,1.034901,-1.588217,-0.9489621,-1.297915,4
1.838555,-0.4130569,1.24823,1.892998,0.2130866,0.2096245,30.6333,0.247327,-1.118159,4
1.818495,-0.0030846,1.393138,1.576316,-0.9047825,0.9025412,-9.963675,0.7147801,-1.555477,4
1.837123,0.4918567,0.7587335,1.063259,-0.1538511,0.1989025,-1.092914,-0.4798469,-0.4309484,4
0.7368785,0.1463784,0.4269491,0.1107944,-0.5052337,0.6884047,-0.2322804,0.09867369,-1.003288,4
1.462977,-0.3262947,1.28659,1.645261,-0.02293403,0.1871869,7.434667,0.9068438,-1.092962,4
1.901873,-0.6766513,0.6911044,0.1619668,-1.41602,1.408615,-0.2173977,-0.03779773,-0.8299671,4
1.751498,1.327945,1.372642,0.7149923,-0.6152577,0.7879968,-1.004959,-0.007866723,-0.5010421,4
1.990013,-0.7989183,0.8907633,0.4676382,-0.6851695,0.9715254,-0.3672968,-0.1524484,-0.5040643,4
0.4518329,-0.8090655,0.7211625,0.1237178,0.3323444,0.3037775,-0.2664189,0.1056693,-0.1589632,4
1.844383,-1.05159,1.06182,0.3507079,-1.500793,1.344583,-0.4009588,-0.2657718,-0.7294953,4
1.73382,0.835844,1.159288,0.2538953,0.9769426,1.126312,-0.6561009,-1.457115,-0.8758433,4
0.3774769,-0.2104932,1.300713,0.6835383,-0.5637156,0.6258819,1.518279,0.6892747,-1.151468,4
1.329714,-0.9410134,1.040006,0.2178787,0.01461016,0.4890148,-0.6039534,-0.04648214,-0.5223967,4
1.042316,-0.918874,0.8768241,0.5159085,-0.4422281,0.3750121,-0.8651938,-0.1221497,-0.2406577,4
1.057262,0.1488897,1.278425,0.2162769,-0.2810093,0.6834803,-1.301189,-2.627469,-1.240426,4
1.303452,0.6269106,0.7625352,0.0722723,-0.7141587,0.7647371,-0.3855236,-0.3825606,-0.5150835,4
0.2129054,-0.6585371,0.9826809,1.216767,-0.1336322,0.1733173,0.3292822,2.207709,-0.5513849,4
1.70178,-1.076122,0.9697097,0.8598407,0.2656624,0.2935244,-0.4735516,0.12433,-0.2204956,4
1.801996,-0.673784,0.5787486,0.09123309,-1.165653,1.300142,-0.05825159,0.1291358,-0.3236821,4
1.457708,0.4667763,0.7505147,1.692173,0.09341055,0.3415726,1.182374,-0.6656338,-0.4356745,4
1.151389,0.8328521,1.382615,0.294778,0.01038471,0.6101331,-0.9734295,-1.340266,-0.9478636,4
1.814591,0.1149401,1.132724,0.3492689,-0.02890599,0.88814,-1.065374,-3.107833,-1.151404,4
0.4281337,1.139009,1.36332,0.5246502,0.07704001,0.3513821,1.079944,-0.7709934,-0.4649662,4
1.939371,0.3796804,1.286052,0.8316769,-0.05398798,1.263656,-1.112658,-0.7811068,-1.37492,4
1.058244,0.7156463,1.251741,1.047106,0.3157885,0.8923278,-21.75189,-0.9847778,-0.8637646,4
1.418776,-0.3634403,1.098889,0.2309645,0.1198671,0.2481302,-1.069833,0.5002206,-1.041225,4
0.679568,0.6032275,1.014631,0.07796793,-0.1173246,0.2759035,-0.7051707,-1.334398,-0.7963032,4
1.116439,-0.4262578,0.8403991,0.06152133,-0.03233851,1.398116,-0.6373853,-0.2480332,-0.797154,4
1.076743,-0.5841072,0.8217097,0.2842994,-0.126429,0.2889384,-0.7352825,-0.1139321,-0.5653829,4
1.923229,0.8539327,1.130646,0.352148,-0.2593573,0.9285216,-0.617876,-0.5321237,-0.6841031,4
0.8052763,-0.8618352,1.141971,0.083637,-0.08816408,0.2608213,-0.8063673,-0.09306766,-0.7466588,4
0.9457884,-0.5554035,0.8460976,0.07129952,0.03571323,0.5264355,-0.6293545,-0.07455726,-0.6429379,4
1.538135,0.2059359,0.9098946,0.3485962,0.4278446,0.7410907,-0.806316,-3.290246,-0.903687,4
0.7506098,1.433262,1.268474,0.05470781,-0.646857,0.5686344,-0.1925166,-0.08585243,-0.146533,4
1.475653,-0.1355519,1.311909,0.2835701,1.101362,0.9331551,-1.459751,2.493622,-1.612381,4
1.462799,-0.1197764,1.359663,0.2313591,0.8598426,0.9509757,-1.396563,3.307362,-1.560128,4
1.579532,0.4261482,1.138185,0.2398574,-0.6030855,1.223379,-0.9501543,-0.6555299,-1.269797,4
1.256585,1.110107,1.07468,0.08231182,0.02064356,1.399197,-0.2130103,-0.2745245,-0.3017113,4
1.699659,-0.3452796,1.235869,1.19782,0.5876021,0.5923994,-3.043302,0.169135,-1.339952,4
1.638381,0.6383989,1.291267,0.9338452,0.3896739,0.500738,-1.5655,-2.154851,-0.9847048,4
1.890109,0.7042944,1.218032,1.417481,-0.4264743,1.149745,-0.9922269,-0.04799608,-0.9594712,4
1.444638,1.036197,1.308202,0.9282404,0.06486532,0.6307925,-1.0819,-0.6533852,-0.6172624,4
1.387359,1.495197,1.292576,0.1072125,0.515116,0.4470104,-0.05224857,-0.09693506,-0.07072032,4
1.535271,-0.6277248,1.40554,0.9281206,0.3684879,0.3909796,-2.563808,0.02794411,-1.250337,4
1.837022,0.2279043,1.118312,0.5265572,0.8016573,0.6956222,-1.246398,435.2943,-1.274031,4
0.8110209,-0.6756076,1.305375,1.160286,-0.2325107,0.2116127,3.113478,-0.2528103,-0.9169217,4
1.483472,1.27909,1.385938,0.4292059,0.4676204,0.8514633,-0.4387727,-0.6807135,-0.5249466,4
0.9059861,-0.1951441,0.9325457,0.06778131,0.8798083,0.7771195,-1.002414,2.188454,-1.201118,4
0.6791833,-0.7304204,0.7812991,0.6000073,-0.1166242,0.273101,-3.124009,-0.04948757,-0.3132976,4
1.824853,1.101432,1.247681,0.4352814,-0.3423586,0.4424887,-0.6584464,-0.5094005,-0.5054836,4
1.08912,1.37037,1.173737,1.115758,0.8588924,0.7642538,-1.046269,0.04915875,-0.0001582191,4
1.099229,-0.4524406,0.7913458,1.398412,-0.1883215,0.3582328,2.168004,-0.583061,-0.5788859,4
0.1724423,-0.6202965,1.179411,0.1787997,-0.3526,0.5332175,26.56884,-1.090289,-0.9080982,4
0.5691373,0.1926228,0.9710314,0.04945231,0.09670288,0.09457617,-0.9304346,-4.350893,-1.078108,4
0.9628549,0.08432774,1.142996,0.1469026,0.9668694,1.073038,-1.121502,11.70974,-1.368891,4
0.9522523,0.7699718,0.6810343,0.19968,0.5382547,0.7428504,0.0005634696,0.009625674,0.003510158,4
0.7914918,0.479473,1.382188,0.09793223,0.6733047,1.29305,-1.133534,-3.385356,-1.409639,4
1.989438,-0.7447325,0.9724532,0.3277307,-0.3544908,0.6938241,-0.6898087,-0.2145576,-0.6599446,4
0.2784048,0.3726547,0.938886,0.02089858,-0.1575477,0.8036281,-0.7456979,-1.641071,-0.9177722,4
1.787474,0.991797,1.380109,0.5092246,-0.2317117,0.8936783,-0.9109828,-0.7139331,-0.8482499,4
1.69355,-0.4421538,1.260172,1.325776,-0.548984,0.8100693,-4.269585,-25.34713,-1.216538,4
1.552521,0.2660844,0.2617744,0.55885,0.04354974,0.08792038,-0.05842202,-0.08194985,-0.06253418,4
0.9169851,0.2428491,1.391268,0.6607909,-0.9165017,1.328529,-2.000462,0.1533809,-2.465832,4
0.388738,-0.01150604,0.8687699,0.4572628,0.2698285,0.416405,2.57222,0.4441484,-0.9505225,4
1.635833,0.444082,1.316894,0.693697,-0.4621201,0.7655368,-1.703743,-0.822891,-1.187927,4
1.131919,0.0912112,1.190038,0.714295,-0.1202654,0.5604221,-2.291265,-2.329506,-1.112183,4
1.788688,-1.065392,1.228779,1.255435,-0.140938,0.6373041,-1.638992,-0.1737558,-0.5953108,4
1.212001,1.356123,1.21282,0.6281918,-0.2169191,0.5381131,-0.4194077,0.03297018,-0.1214416,4
0.9422637,1.112122,1.372469,0.4881667,-0.5230137,0.5134981,-1.751072,-0.3406975,-0.6109838,4
1.574919,0.9280829,0.9611582,0.5625919,0.7415518,1.011232,-0.1783487,-0.2244095,-0.2213601,4
0.966666,0.1014186,0.751811,0.2091653,-0.502713,0.9420945,-0.5753481,-0.03483723,-1.155674,4
0.8594674,-0.4479286,1.175531,1.15742,0.07476793,0.341422,1.958405,0.07507043,-1.008528,4
1.506892,-0.01200785,1.069842,0.05899647,-0.4784821,0.9111488,-1.019965,-90.72594,-1.22111,4
0.5123138,0.6019531,0.9623734,0.3972344,0.2540889,0.6993294,-1.074199,-0.6562553,-0.6450208,4
0.1549674,-0.267751,1.216378,1.299529,-0.02842158,0.1890774,0.1005523,11.29094,-0.7853389,4
0.1297213,0.9962884,1.136531,0.1889563,0.08569188,0.2926823,0.2327593,-0.589287,-0.3079129,4
0.7338116,-0.3750096,1.023848,0.02551541,-0.07759903,0.5437936,-1.003593,1.25819,-1.142134,4
1.835407,0.2777224,1.298113,0.1488137,0.9580704,0.8895637,-1.295084,-8.301806,-1.615432,4
1.51113,-0.5936208,1.141787,0.559396,-0.2095366,0.4278739,-1.374969,-0.173117,-0.937509,4
1.865335,-0.1566766,1.041044,0.6447613,0.742124,0.6792092,-1.264377,0.5504112,-1.175828,4
1.166141,0.3951614,0.9630734,1.111953,-0.1303334,0.7613182,-5.61441,-0.3249536,-0.7290812,4
0.9654253,0.6218104,0.5735733,0.4958485,0.3720373,0.4776699,0.01310846,-0.0008652955,-0.03223954,4
1.906952,1.013968,0.9436038,0.7098682,0.3411797,1.272527,0.05568759,0.3592165,0.2480782,4
1.23752,-0.8143379,1.120055,0.1650299,0.1950831,0.3314197,-0.8298334,-0.0445903,-0.7796267,4
1.301787,-0.2005211,1.261944,0.1921753,0.6163583,0.9050409,-1.232938,1.702275,-1.361557,4
1.811498,0.04724846,1.009319,0.4095499,-0.8163186,0.7370794,-1.18348,0.1598993,-1.192347,4
0.7616081,-0.1424177,0.8851546,1.188974,0.03307497,0.05374014,1.056474,1.03376,-0.743506,4
0.7842547,0.4881958,1.284269,1.572657,-0.02953834,0.3245261,0.5583459,-1.632551,-0.755422,4
1.378025,-0.09430129,1.110276,1.372272,-0.9276432,1.042701,-93.82173,0.4119378,26.28677,4
0.2892276,0.6360866,1.184406,0.8735239,0.004550222,0.4533894,0.02838399,-0.9943719,-0.2482341,4
1.169713,0.9092471,1.113216,0.8190603,0.1253552,0.4028954,-0.9875363,-0.6368589,-0.4881182,4
0.9243764,0.9030123,1.109272,0.2472698,1.087234,1.107804,-0.5350791,-1.125497,-0.7157092,4
1.002784,-0.4401571,1.154515,0.2420341,0.4537939,0.7719212,-1.119435,-0.02019975,-1.106829,4
0.8495553,-0.02158944,1.367834,0.1703684,-1.547801,1.313619,-1.372384,1.694168,-2.075325,4
1.767322,-0.3616368,0.4090357,0.4065308,-0.5297954,0.5026937,-0.1980918,-0.174192,-0.3541603,4
1.526672,-0.452212,0.9138255,1.010049,-0.5442402,0.7511751,-1.285069,-2.270098,-0.9368941,4
1.75401,0.1502576,1.219823,0.4964586,-0.8349531,0.8864745,-1.466891,-0.1522658,-1.391016,4
1.075068,-0.532762,1.280539,0.3581911,-0.6094729,0.9322011,-1.4062,-0.829839,-1.255889,4
1.945898,1.141449,1.329354,1.585678,-0.5021699,0.4632711,-4.778782,-0.1555164,-0.3755019,4
0.6691869,-0.3063611,0.4890134,0.1602338,-0.3679495,0.3925626,-0.4174403,-0.3220969,-0.4353642,4
1.470749,-0.7380219,1.247742,0.3547454,-0.9029801,1.391174,-0.7913556,-0.6449585,-1.266525,4
1.12771,1.024433,0.9289857,0.00665361,0.4896153,0.7472286,-0.1302511,-0.2618412,-0.1906013,4
0.9318817,-0.492088,1.127262,0.3841875,-0.5655807,0.5457208,-1.741034,-0.9595921,-0.9985936,4
1.191461,0.586682,0.8388236,0.08773669,-0.08487526,0.4235538,-0.499061,-0.9813648,-0.6227306,4
1.822088,-0.3249257,1.187037,0.3681553,0.2359918,0.2198617,-1.243761,0.8339005,-1.155547,4
1.531665,0.1211492,1.399782,0.3145442,-1.34558,1.208329,-1.511334,0.5200267,-1.862017,4
0.8490223,0.346421,0.3571369,0.258078,-0.1789975,0.1862945,-0.2344919,-0.0191789,-0.1321994,4
0.3064162,0.2964778,0.9347433,0.9858158,0.2280367,0.3114037,0.06122304,0.8664157,-0.801965,4
1.365093,-0.8166142,1.315366,0.5244735,0.3321012,0.4761291,-1.385252,-0.1289809,-1.029028,4
1.823277,0.3680814,1.042046,0.2561728,-0.3204566,1.407728,-0.7955199,-0.6361727,-1.215311,4
0.918602,-0.09573247,1.244952,0.004462813,0.1352569,0.597926,-1.520071,20.91312,-1.960337,4
0.1888901,-0.3571189,0.9826887,0.002963471,-1.045637,1.359353,-0.8814086,0.4446211,-1.074813,4
0.9254415,-0.4378657,1.148965,0.5136118,-0.4504549,0.657156,-2.06054,-1.000222,-1.058272,4
0.7649847,0.4693385,1.16913,0.3148912,0.3038317,0.7470255,-1.107887,-1.740572,-1.012149,4
1.559621,1.010763,1.337881,1.65472,0.02474718,0.5452579,5.404492,-0.7298532,-0.5705429,4
0.542125,0.9590297,1.17337,0.3320508,0.2633928,0.6443268,-0.7251922,-0.6108403,-0.5396467,4
0.6151431,-0.8056428,1.406545,0.1786728,0.3256454,0.3309325,-1.412687,-0.07394792,-1.129596,4
1.708914,0.399124,1.006385,0.08787014,-0.06054688,0.8494198,-0.8277978,-2.249023,-1.055425,4
0.9442358,0.9332651,0.838891,1.042996,0.4568563,0.5712675,-1.191793,0.2230629,0.06454333,4
0.2316605,0.4885429,0.9723094,0.03194499,-0.4281363,1.284995,-0.6860465,-0.4353388,-1.069305,4
1.177717,-0.6729736,0.9931732,0.1905274,-0.7961186,1.387858,-0.4801588,-0.3155323,-0.9707757,4
1.942123,0.2422487,1.01624,0.08950881,1.229476,1.321599,-0.9911863,-5.853566,-1.341554,4
1.297417,1.251389,1.1574,0.1296548,0.7286382,1.258187,-0.1301955,-0.2257648,-0.1822677,4
1.982032,-0.1116413,0.9056634,0.6757687,0.2146378,0.2370656,-1.085078,1.050006,-0.8667675,4
1.212937,0.4141139,1.308087,0.5525123,0.5149611,1.095689,-1.284433,-2.930042,-1.309438,4
0.9048938,0.07661699,0.8917353,0.6159844,0.3244441,0.4386397,-1.819275,1.712964,-0.926679,4
1.056476,-0.1651985,1.158938,0.5452724,0.2084856,0.3492696,-1.786901,1.000525,-1.113546,4
1.871984,-0.2281209,0.5219644,0.2097344,-0.3553934,0.5556162,-0.4361148,-0.2523008,-0.5610986,4
1.582028,0.8943625,1.227582,0.4686767,0.197998,0.5666314,-0.7081702,-1.028212,-0.717942,4
0.8584819,0.8877942,1.105382,0.3654392,-0.7254394,0.7191604,-1.220367,0.07806252,-0.6980079,4
0.8652979,0.394608,1.313955,0.7901403,-0.02446424,0.4915365,-8.714664,-1.821228,-1.053646,4
0.5873438,0.582839,1.036107,0.3138221,-0.1541198,0.1773534,-1.420879,-0.8815222,-0.6624721,4
1.792943,-0.7273303,1.21047,0.1388736,-0.5206633,0.8548747,-0.9782429,-0.2431912,-1.001967,4
0.6322696,-0.004371063,0.8263726,0.2535833,0.1176866,0.5226691,-0.9644263,2.789224,-0.8462614,4
1.365603,0.9985006,1.072664,0.2783956,1.322023,1.132058,-0.4082539,-0.8922028,-0.5899087,4
0.6250347,-0.3516146,1.03603,0.6248796,0.2529314,0.4168459,-2475.69,0.02187106,-1.004165,4
1.656835,0.4308257,0.6317345,0.2763329,0.284093,0.5222966,-0.3628701,-0.7051836,-0.4555492,4
1.609173,-0.08250607,0.5999837,1.448302,-0.2767516,0.3548053,-5.33506,0.286817,-0.5905334,4
1.132916,1.545522,1.351909,0.206273,-0.5601968,1.157789,-0.2443376,0.1653639,-0.2195184,4
1.89354,1.586101,1.365964,0.8103882,-0.1770093,0.6245778,-0.2138677,0.0853468,-0.06438877,4
1.186941,0.6954901,0.7235395,0.4472733,0.08608253,0.3243816,-0.2192806,-0.2542165,-0.2178158,4
1.36826,-0.2275953,0.9146248,1.891768,0.06914702,0.2466191,1.42356,0.3237238,-0.8140954,4
0.7543775,-0.2627582,1.183042,1.435362,-0.4481566,0.5462718,1.197738,0.6725646,-1.016352,4
0.6370728,1.290379,1.162498,0.03666125,0.5690338,1.28765,-0.1048083,-0.1817876,-0.1488634,4
1.584582,-0.4424252,1.239631,1.778883,-0.7214785,0.8487846,5.208904,1.392536,-1.463437,4
0.3179965,-0.07808404,0.811518,1.669397,-0.009460053,0.1790227,0.08687667,6.239784,-0.5585392,4
1.32744,0.364174,1.059816,0.4044324,-0.1485227,0.4423934,-1.081583,-1.294578,-0.8990264,4
1.878534,-0.1017448,0.523168,1.118007,-0.2925605,0.4401428,-0.7715457,0.5347883,-0.6408487,4
0.5297847,-0.6091547,0.9369445,0.7912736,0.09628998,0.215511,0.9178561,-0.07152477,-0.6635727,4
1.50176,0.4225566,1.055216,0.7256917,-0.8908477,1.08268,-0.8995246,0.2320575,-1.834604,4
1.220064,1.173835,1.211147,0.09792923,-0.4236344,0.9189621,-0.382982,-0.4820312,-0.4668564,4
0.9393466,-1.149628,1.111031,0.2822669,0.3168924,0.5361848,-0.4958656,0.0473357,-0.3692963,4
1.261025,0.9249104,0.9178007,1.578221,0.1316593,0.3505903,-0.1179069,-0.1906226,-0.1314662,4
0.8664697,-0.1289834,0.7804115,0.2806346,-0.7047232,1.127902,-0.4001381,0.1050858,-2.132229,4
1.126906,0.7403455,1.373242,0.9327719,0.06568915,0.5947317,-3.411715,-1.290154,-0.9331637,4
1.152669,0.23557,0.8864987,0.3080159,-0.4473898,1.407357,-0.2872594,-0.05468003,-1.948539,4
1.467861,0.2198549,0.4566931,0.08100536,-0.8435012,1.210041,-0.2133791,0.1408837,-1.549592,4
1.151015,-0.3190063,1.199184,1.936894,0.04050846,0.4115506,0.9297222,0.2792941,-1.055351,4
1.917547,-0.693652,1.241152,0.03232026,0.2455017,0.8863884,-1.218335,1.232226,-1.379514,4
0.08524483,0.02825272,1.369552,0.2264088,-0.7366686,0.7533126,0.3941631,0.4970627,-4.585803,4
1.75393,0.4395725,0.6215115,0.1161523,-1.439152,1.353494,-0.264334,0.4062948,-2.133081,4
1.712454,0.6271819,1.356868,0.01069962,-0.1190102,0.7888494,-1.269191,-4.155455,-1.755026,4
0.9635745,-0.8900774,1.217338,0.4406971,-0.2821329,0.3413303,-1.588789,-0.211906,-0.7791321,4
1.631843,1.148727,1.098301,1.472934,0.2970809,0.2806433,-1.210431,-0.3132388,-0.1979862,4
0.3453014,0.7992022,1.356098,1.827213,0.4162449,0.3747326,0.04857054,0.848281,-0.8889046,4
1.473582,-0.1280195,0.5012361,0.6798469,-0.3357586,0.3819604,-0.717614,2.155831,-0.5771284,4
0.2580799,0.9416947,1.354956,0.5093166,-0.2643837,0.3049314,0.9890109,-0.5785718,-0.2470717,4
0.6666793,-1.276238,1.364373,0.5025863,-0.1194012,0.3588079,-2.489769,-0.0181694,-0.5710703,4
1.580091,0.285522,1.142534,1.441604,0.1312234,0.1553732,-8.377486,-3.957361,-0.9456919,4
0.7004391,-0.0698113,0.7717022,1.512644,-0.1130368,0.2849913,0.5110051,-0.4388499,-0.5937298,4
1.22269,0.3080269,0.5203762,0.3672713,-0.2070186,0.9029499,0.005038056,0.07976119,-1.523273,4
1.427302,1.234318,1.37903,1.554309,0.5362734,0.5063295,3.424856,-1.157397,-0.5384781,4
1.981593,-0.05958784,0.9742675,0.008118575,0.7477756,0.8815463,-1.22818,21.35394,-1.604611,4
1.187525,-0.5130028,1.019515,0.3097518,-1.449326,1.355188,-0.7582868,-2.992187,-2.185085,4
1.905075,0.2763308,1.019737,0.8301539,-0.3080187,0.3224312,-1.551855,-0.9786099,-0.8584147,4
1.289059,-0.4770495,1.245678,0.7053654,-1.512275,1.291718,-1.635128,2.643483,-3.775734,4
1.849787,-0.5814092,1.125258,0.5679616,-0.7221834,0.9203544,-1.068609,-0.8887241,-1.09727,4
0.4898751,0.9140345,1.234256,0.04158899,-0.9800124,1.238518,-0.7202497,-0.5474726,-0.9312729,4
0.9233084,0.4567799,0.7024359,0.1895143,-0.9513871,0.9111754,-0.405487,0.3506899,-1.483735,4
1.572639,-0.9601131,0.8217996,0.06605485,-0.840648,0.8904506,-0.1669597,0.1055998,-0.1717109,4
0.8962945,0.3341907,1.183353,1.352417,0.2098881,0.2221141,1.316963,-41.65847,-0.9559924,4
1.704448,1.53991,1.340584,1.130415,0.683293,0.9415203,0.3818158,0.2053682,0.05854949,4
0.6452484,0.9123303,0.907147,0.4424147,-0.01531914,0.6605096,-0.2001165,0.03706082,-0.1525772,4
1.328874,0.3565368,1.273683,0.2279361,-0.9203669,0.9350495,-1.305768,-0.6485115,-1.364822,4
1.990314,1.576249,1.407713,0.7569022,-0.3762847,0.3566394,-0.5783586,-0.02680561,-0.1403139,4
1.609001,-0.4100487,1.40612,0.4319163,0.2268824,0.9785566,-1.414701,0.08445111,-1.394698,4
1.996716,0.3237574,0.8060873,1.486127,0.09277938,0.3495018,-1.608662,-1.183825,-0.6491218,4
0.525401,1.144183,1.020782,0.3667804,0.372977,1.206236,1.02439,0.7290971,1.919323,4
0.239682,0.322693,0.7764177,0.3310951,0.1604687,0.5019208,0.27575,-1.444953,-0.615815,4
1.431728,0.4069745,1.215558,0.4188412,-1.184344,1.275227,-1.062544,0.3051872,-1.984085,4
1.751559,-0.9164615,0.9826764,0.4013354,0.3599631,0.4359009,-0.5748015,-0.01481202,-0.4683325,4
1.020486,-0.1744127,0.8659804,1.62331,0.02700442,0.1418664,0.9287698,0.7102614,-0.7326175,4
1.113332,-0.1223915,0.6524419,0.07898536,0.1009974,0.3515699,-0.6450953,1.586888,-0.7345239,4
1.872694,-0.4099775,1.010498,1.871502,-0.3373602,0.3331766,-1710.953,-2.132131,-0.7972391,4
0.6130955,-0.07637603,1.213209,1.723812,-0.3665323,0.3455948,1.192734,0.2154238,-0.7474421,4
0.8751382,-0.4422154,0.5174078,0.3470143,-0.7199703,0.6093878,-0.3288797,-0.7196742,-0.727367,4
0.6764193,1.369039,1.305282,0.3103709,-0.5492728,0.9960437,-0.6531846,0.2447104,-0.3872088,4
1.587074,-0.8878085,1.330596,0.2675482,-0.2526138,0.3294531,-1.143744,-0.1569158,-0.966762,4
1.417928,0.5652145,0.6474493,1.910355,0.1323979,0.5301697,-0.5704351,0.1374928,0.6694548,4
1.750453,-0.09055737,1.40344,0.5802099,-0.1099392,0.6096268,-1.672021,8.171318,-1.361943,4
1.673538,-0.2376415,1.257706,0.5746258,-1.081464,1.132798,-1.354997,3.030603,-1.722011,4
0.8358887,0.7305964,1.010465,1.255078,0.2972304,0.4817655,0.1861416,-1.281246,-0.5183087,4
1.188153,-0.1890516,0.6961946,0.07995477,-0.138151,0.3334791,-0.6582613,0.7039789,-0.712224,4
1.997555,-1.091532,1.334769,0.2217502,-0.471127,0.565053,-0.9296872,-0.1618765,-0.806266,4
1.644781,1.397766,1.244958,1.644868,0.8255177,0.9017611,-2268.799,0.2775743,0.0624568,4
1.176619,0.6262759,0.890375,1.77619,0.07858568,0.1190792,0.487728,-0.8837657,-0.4049629,4
1.182025,1.439317,1.323328,0.4041464,-1.016723,0.9034734,-0.9485551,0.4829508,-0.4926497,4
1.921598,-0.7324528,1.232806,1.550866,-0.2691257,0.3803133,-5.11599,-0.3325462,-0.8858094,4
1.906006,-0.930671,1.191561,1.450948,-0.5257485,0.5358201,-3.663432,-0.798601,-0.6937505,4
1.755545,0.1991806,1.380916,0.169792,0.1007317,1.099429,-1.238912,-5.563201,-1.455704,4
0.2054347,-0.01864947,1.317239,0.5963456,0.1001072,0.1401239,0.3646394,2.181836,-1.03261,4
0.5584225,0.1838146,1.219087,0.4397315,-0.8238319,1.164843,-2.133566,0.1593506,-2.549082,4
0.743712,-0.7226199,1.294245,0.2923474,-0.2166924,0.330846,-1.634343,-0.152262,-1.012061,4
1.766466,1.290699,1.352302,1.25264,-0.4285563,0.4806117,-2.219662,-0.1396028,-0.3142235,4
1.752746,0.01017398,0.8478618,0.4411885,-0.1680277,1.138522,-0.5893728,-0.158143,-1.146417,4
1.159238,0.4016276,0.785688,0.4054106,0.3772974,0.4803396,-0.6564346,-1.362994,-0.6529277,4
0.965887,0.00959053,0.7289905,1.332144,-0.1902609,0.2901555,1.760929,-0.2768038,-0.5721886,4
0.2942459,-0.5460415,1.357645,0.1287894,-0.4298285,0.5276719,-2.093966,-0.3360508,-1.182281,4
1.800036,-0.4507133,1.346706,1.643235,-0.06449608,0.353803,-11.18448,0.3242588,-1.153593,4
0.6908956,0.0693929,1.190548,0.3885389,-0.7040591,0.9660641,-1.848984,0.174971,-1.46636,4
0.2528769,0.5183327,1.221899,0.6483876,0.202273,0.1986422,0.3247487,2974.175,-0.8011881,4
1.466798,0.3794449,0.6212211,1.002355,-0.01054092,0.6128685,-0.2967575,-0.09158051,-0.3935429,4
1.383844,-0.2662919,0.5356976,0.2384524,-0.5787842,0.9652552,-0.2515101,-0.09916923,-0.9782048,4
1.269371,-0.5126817,1.277445,0.6867755,0.007368912,0.1261997,-2.073957,0.1761396,-1.093636,4
1.91407,0.5350229,0.5626833,0.2010422,-1.020006,0.8999127,-0.2485141,0.3767152,-1.120138,4
1.460533,0.1209659,0.6704367,0.8349759,-0.5496563,0.6325327,-0.8539035,0.1962901,-1.165319,4
0.5887567,0.3263925,1.115278,0.6866665,-0.3211432,0.8810679,1.991083,-0.1901876,-0.8563796,4
1.833925,-1.392689,1.388802,0.2834105,-0.006543461,0.440853,-0.6636603,0.06230164,-0.5255109,4
0.8621033,-0.004112111,0.8461081,1.683996,-0.3912884,0.3879395,1.087632,0.3474462,-0.654168,4
1.224539,-0.2051446,1.339369,0.622375,-1.048656,1.103123,-1.994254,1.512893,-1.803766,4
0.7121574,-0.5710112,0.6883151,0.95442,-0.09408895,0.1186776,1.43329,-0.06195001,-0.3425525,4
1.154192,0.008041977,1.331347,0.06424443,-0.8159823,0.7489051,-1.275213,-13.17555,-1.408288,4
1.790094,-0.7676253,1.066558,0.1406989,-0.01555564,0.8813965,-0.7413428,-0.1604172,-0.7602986,4
1.382835,0.03453341,0.7222286,0.03455664,0.3324205,1.339506,-0.6875592,-14.12032,-0.8894303,4
1.866538,1.121855,1.299048,0.447535,-0.2298477,0.5484058,-0.6359044,-0.6135951,-0.5623738,4
1.896166,-0.2149679,1.314798,1.033712,0.002515377,0.8448544,-1.876605,0.4897013,-1.336248,4
1.439487,-0.1130515,1.116464,0.7061101,-0.4645254,1.211016,-0.7822007,0.2023109,-1.569004,4
1.778545,-0.2575048,0.7853988,1.64523,0.1778163,0.3728321,-5.907714,-0.0170535,-0.7724415,4
1.704572,0.5877422,1.184171,0.1562384,1.006607,1.024767,-0.9540003,-2.839834,-1.25463,4
0.9193026,-0.7059343,0.8662049,0.3215634,-0.4800802,0.7618976,-0.509383,-0.2486039,-0.5325226,4
1.449763,-0.003646246,1.348707,1.092244,-0.4005564,0.6524269,-4.546099,-0.821788,-1.234722,4
1.753874,0.1470113,1.326099,1.943082,-0.9083998,1.008132,7.391401,0.4661751,-2.094877,4
1.628058,-0.0398156,0.649151,0.3649403,-0.3935746,0.3786566,-0.7786366,-0.3816005,-0.6851877,4
1.331864,0.708123,0.8659957,0.5996091,0.6322289,0.8561715,-0.3416929,-0.4215926,-0.4044984,4
1.70258,1.269348,1.280282,0.1239774,-1.251495,1.326903,-0.4610517,-0.1335348,-0.6301188,4
0.9799589,0.4267013,0.8120011,1.014837,-0.0787512,0.7004811,1.68894,-0.1533205,-0.3297488,4
1.401519,-1.059101,1.17485,0.06086446,0.1598507,0.5340947,-0.7292998,0.2687226,-0.7049173,4
0.952692,-1.128289,1.125903,0.3116604,0.1777549,0.3853357,-0.6007427,0.03814658,-0.422654,4
1.056871,0.09667294,0.8787745,0.2293219,-0.6202655,0.811188,-0.8840755,-0.1452363,-1.10652,4
0.5471237,-0.03310849,1.040646,0.06448149,1.019806,0.9275392,-1.098484,4.738354,-1.345654,4
1.001471,-0.1406493,1.00667,0.2691291,0.1454475,0.6350222,-1.046581,0.8241962,-1.016619,4
1.665182,0.02396366,1.397123,1.759136,-0.06522577,0.2420368,18.05327,-7.439849,-1.176231,4
0.6801324,0.2138798,1.300897,0.9499201,-0.1613903,0.6379777,1.809623,-1.009033,-1.027214,4
1.57347,0.1398188,1.291829,1.170132,-0.6141292,0.9975511,-3.130745,-0.01462922,-1.453761,4
1.707075,-0.5699338,0.921523,0.6413214,0.08169396,0.5135084,-0.8893475,-0.1692374,-0.7226183,4
1.064485,0.1465365,0.516796,1.06024,-0.1684478,0.4892144,-15.22213,-0.07318238,-0.5712016,4
1.535687,0.1955215,0.9526812,0.7393723,-0.03826059,0.8244364,-0.9944281,-0.8282789,-1.008818,4
1.933225,-0.4227275,1.075636,0.7824296,0.1974909,0.5398601,-1.260852,-0.03172283,-1.001115,4
1.57033,-0.5161556,1.045393,0.4779318,0.08824924,0.2315688,-1.098558,-0.01484536,-0.8799054,4
1.157626,0.2565893,0.8493975,0.3146193,-0.1993296,0.1750708,-0.9402924,-1.107881,-0.7115257,4
0.6060672,0.1288945,1.299089,0.747709,-0.3860564,0.6384404,4.536871,-0.37592,-1.045792,4
1.23376,1.089788,1.081528,1.765405,0.1617084,0.3033192,-0.05721858,-0.3182902,-0.1624809,4
0.8597801,1.491698,1.322142,0.02948222,0.9313294,1.094822,-0.1078476,-0.2142026,-0.1588482,4
1.245105,1.407935,1.396273,0.5027969,1.180045,1.067249,-0.4080889,-0.7067134,-0.4553946,4
0.6730267,0.5991997,1.262584,1.447369,-0.3013186,0.5960315,0.6584164,-0.3073844,-0.2188333,4
1.448124,-0.498247,1.08701,0.6877088,-0.3033772,0.5992019,-1.524305,-0.3891929,-0.9527744,4
0.7785167,0.1236712,0.9323481,0.3726357,-0.625921,1.200838,-0.3150584,-0.110025,-2.997358,4
1.339653,1.017179,1.036722,0.6755025,0.7906414,0.9416308,-0.1917024,-0.2586767,-0.2490337,4
1.285964,1.288517,1.349589,0.483365,0.6888497,0.9720896,-0.3510719,-0.5356192,-0.4347084,4
1.922275,0.995654,0.9732141,0.2178562,1.058868,1.347077,-0.1777873,-0.3136995,-0.2222638,4
1.354782,1.565596,1.355004,0.8576814,-0.2545966,0.3978773,-0.6558842,0.06316763,-0.03467419,4
1.837484,0.5410949,1.201461,0.7846295,0.7453395,1.05254,-1.043668,-2.467529,-1.131087,4
0.5992459,0.7480897,1.077577,1.348149,0.1371854,0.2707591,0.0791223,-1.390911,-0.4293221,4
0.4507533,-0.1229895,0.9327683,0.3887038,-0.7166738,0.8688825,-2.720856,0.3878664,-2.753395,4
1.443279,-0.7116325,1.3866,1.651447,0.02150523,0.1860402,6.160657,0.02855476,-1.070332,4
1.317968,0.3466732,1.408561,0.3651169,-0.2388067,0.8474121,-1.4405,-1.792202,-1.331895,4
1.283371,0.7030001,0.9617072,1.148452,0.07630002,0.9129896,0.4705199,0.01049998,-0.02657929,4
1.179631,0.9716678,1.394221,1.530395,0.2782908,0.6356938,0.7460759,-1.246885,-0.719001,4
0.9291089,0.9846364,0.9343383,0.00065163,0.8949962,0.8155141,-0.2315837,-0.4776876,-0.3414591,4
0.1973212,0.4056074,1.221938,0.07242823,-0.8842863,1.383005,-0.8579181,0.06657178,-2.018449,4
0.6616467,0.6333154,1.271081,0.8686662,0.2486188,0.6834033,0.8917811,-1.879839,-0.9111852,4
1.642703,1.425027,1.281548,0.5156913,1.394195,1.252953,-0.1229434,-0.2317085,-0.1701365,4
0.5474052,0.8428548,1.345618,0.4002816,-0.7196999,0.9062858,-3.097788,0.01486164,-0.8925164,4
1.364253,0.5540245,0.70096,0.04129959,0.03317188,0.27267,-0.3761574,-0.8299092,-0.5130781,4
1.896972,-0.9091718,1.197773,0.6581013,-1.389607,1.386325,-0.7532446,-1.019365,-1.34808,4
1.359656,0.7714717,1.260909,1.851,0.5498974,0.8322916,0.3418155,-17.61438,-1.000252,4
1.314149,-0.6089044,1.345949,0.4484132,0.110263,0.1344193,-1.541497,0.06367928,-1.150112,4
1.973219,-0.4616423,1.120536,0.7197875,-0.5896323,0.7799506,-1.341627,-0.9751839,-1.098309,4
1.015819,0.5228309,1.012603,0.2714194,-1.17564,1.177471,-0.7016901,0.3980245,-1.954243,4
0.8797414,-0.1446911,1.03037,0.1057182,0.5385318,1.088714,-0.922827,0.8889871,-1.074696,4
0.06008445,0.4557575,1.213271,1.330416,0.17411,0.2130513,-0.05507893,0.2755778,-0.06566053,4
0.8821995,-0.5644801,0.7687405,0.214763,-0.6067544,0.7031351,-0.5215209,-0.3779879,-0.6191525,4
1.874211,0.9880164,1.050546,0.4263382,0.05077811,0.7800446,-0.3253807,-0.3504852,-0.3750409,4
1.39352,-1.033178,1.187719,0.224484,0.3790365,0.5922559,-0.7222915,-0.06571328,-0.6503293,4
1.801918,-0.4335271,1.12517,0.9055638,0.0675091,0.5665898,-1.524235,-0.06382221,-1.036961,4
1.514032,-0.4580515,0.7654001,0.9247077,-0.1184846,0.3559859,-1.270325,-0.1879478,-0.580956,4
0.7990866,0.4645447,0.7703901,0.06509358,-0.9006596,1.301615,-0.4942941,-0.06144425,-1.169588,4
1.339923,-0.3907448,1.051988,0.4070804,-0.4605036,0.721792,-1.171377,-0.5363453,-1.037729,4
1.987227,-0.1631504,1.260297,0.9410442,-1.392056,1.329835,-1.416209,1.260534,-3.1564,4
1.701681,-0.8099456,1.261473,0.4493413,-0.6975328,0.766691,-1.244919,-0.5902378,-0.9980838,4
1.088365,1.07841,1.280231,0.2141185,0.7115805,1.318976,-0.480769,-0.7787734,-0.6262599,4
1.053305,0.8539649,1.163321,0.6922958,0.8882807,0.8995954,-1.107,-2.082799,-0.882499,4
1.693699,-0.5807,1.339123,1.046075,0.01794192,0.7876253,-2.068569,-0.2677149,-1.207694,4
0.6295325,1.52656,1.299518,0.8041402,0.5460957,0.4698813,-0.02564302,-0.02105662,-0.008691784,4
0.6812617,-0.0360017,0.9479476,0.5224559,-0.2184357,0.791481,-1.781771,-0.193884,-1.059945,4
1.736957,0.1247683,1.232824,0.6057156,0.2186724,0.7800972,-1.323055,-9.406129,-1.232417,4
1.762657,1.442325,1.399526,0.5489291,1.405517,1.241058,-0.3397959,-0.6442852,-0.4352063,4
0.1269945,0.08536346,1.151086,1.255302,-0.1179993,0.2289328,0.1964237,-0.2551686,-0.3318652,4
0.7325343,-0.8818448,1.066744,0.2523887,-0.06733407,0.6122523,-0.7814851,-0.1504862,-0.6130653,4
1.314024,0.8150467,1.196804,0.4519676,0.5707171,0.5825731,-0.8586265,-1.557573,-0.8311074,4
0.06290655,1.336242,1.236298,0.06587566,0.7474204,0.8231561,-1.450723,0.02551255,-0.08701823,4
0.2617637,-0.9015436,1.254317,0.001931727,0.8589066,1.204127,-1.23643,1.309548,-1.360583,4
1.445842,0.09910934,0.7847908,0.8092423,-0.5910877,0.5895146,-1.478614,0.2802902,-0.9781515,4
1.940036,1.398683,1.34938,1.275944,0.1705741,0.763278,-0.2191985,-0.1115412,-0.2301041,4
1.972192,0.7289052,0.9119124,0.1089615,0.5073265,1.176545,-0.4349796,-0.8900124,-0.6012956,4
1.390985,-0.0172167,1.40942,0.7571929,-0.4154423,0.9887322,-2.140862,-0.8039817,-1.480674,4
1.712707,0.3521467,1.189352,1.774953,-0.5083339,0.8128766,20.47162,-0.08946363,-0.9939329,4
1.98979,-1.543319,1.359049,0.08066182,0.2828173,0.5560606,-0.4892988,0.4911358,-0.3695497,4
1.360403,0.6701795,1.40881,0.1919876,0.7023025,1.161541,-1.067284,-2.670686,-1.324103,4
1.51569,0.1841501,1.329997,0.1934502,0.02990493,0.2258108,-1.274432,-6.419738,-1.37454,4
1.552965,-1.40121,1.313039,1.902156,0.0328765,0.3928687,1.070416,0.1089589,-0.306689,4
0.8962345,0.01351518,0.5452761,1.140547,-0.3372136,0.4639607,0.479543,0.09009692,5.086713,4
1.856341,-0.2442851,0.3506896,0.6123895,-0.282783,0.333718,-0.2526249,-0.2233129,-0.3075027,4
1.305069,1.219279,1.152375,1.02914,0.5949808,0.631422,-0.2264065,-0.2432239,-0.192871,4
0.3915006,-0.04440451,1.32137,0.5094482,-0.270668,0.2954276,4.435132,-1.346701,-1.019946,4
1.739322,0.8839906,1.407657,1.06729,-0.6943531,1.33337,-1.137913,0.05809713,-1.303944,4
1.465983,0.6033143,0.6859218,0.8856238,0.1461654,0.5510423,-0.2302908,-0.1181371,-0.24191,4
0.690994,-0.1332225,1.411788,0.9076421,-0.1675507,0.5431725,3.186394,-3.789419,-1.208922,4
1.408131,-0.4616077,1.181192,0.3742261,-1.044003,0.93895,-1.267499,-2.550616,-1.342507,4
1.972438,-0.8830351,1.361332,1.718458,-0.01288448,0.2808982,-6.402885,-0.1081231,-0.9528917,4
1.805734,-0.4495169,1.268719,1.787232,0.3740827,0.4117467,-84.12667,0.09718591,-1.220907,4
1.565108,0.3826535,1.383078,0.03559707,-1.111,1.066342,-1.273799,-4.220395,-1.615597,4
0.627426,0.1808407,1.210927,0.02263986,0.7316176,1.235569,-1.213862,-9.53188,-1.57021,4
0.9042659,0.786997,1.406562,0.7574912,0.219455,0.9693563,-2.426023,-0.9920046,-0.9930571,4
0.8363941,-0.004438783,1.280706,0.4460431,-0.3028431,1.186614,-1.354859,-0.4343206,-1.512438,4
0.4305705,-1.181782,1.256106,0.07077722,-0.2485632,0.6017522,-0.7105989,-0.04635066,-0.5753668,4
0.8820362,0.735257,1.34936,0.4538094,0.2032828,0.9367035,-1.214337,-1.113673,-1.030995,4
1.743667,0.6232312,0.7493188,0.1597423,0.4220648,0.5178635,-0.347517,-0.7289652,-0.4638597,4
1.98629,-0.235725,0.6081391,0.6978065,-0.09937201,0.4059395,-0.6628031,-0.1326429,-0.5772432,4
1.322175,-1.248726,1.183969,0.2013265,0.2083418,0.3066163,-0.4833669,0.1129143,-0.3678744,4
0.4489371,0.8100758,1.103092,0.901401,0.185585,0.6406165,-0.2427164,-0.4892568,0.01432864,4
0.5393794,1.065794,1.245411,0.1646842,0.5189262,1.29615,-0.4031056,-0.3643606,-0.488868,4
1.181329,-0.1591452,0.9426212,0.3981415,0.3278508,0.3652044,-1.1124,0.6262676,-0.9258544,4
1.767225,-0.384829,1.008316,1.318275,-0.1113091,0.5958749,-2.385159,-0.2656493,-0.9188349,4
1.405762,0.1971755,1.351152,0.6836312,-0.07690397,1.378061,-1.163214,-0.7727316,-1.576202,4
1.485227,-0.9110446,1.319437,0.3664696,-1.014563,1.085898,-1.038263,-0.7744723,-1.097792,4
1.962611,-0.7274012,1.243569,1.578323,-0.5025631,0.4906789,-6.214497,-1.294742,-0.9099811,4
1.514969,0.9122933,1.378273,1.855796,0.4934122,0.8922238,0.5926294,-1.588738,-0.8522216,4
0.781041,0.06931505,0.7412278,0.6806763,-0.009995031,0.1296185,-4.044836,-2.829497,-0.6340699,4
1.683498,-0.249879,0.9470864,0.5943294,-1.365734,1.163858,-0.8977893,2.041607,-3.278741,4
0.4723675,1.303088,1.311908,0.5438385,0.2256029,0.9458559,-1.607943,0.1910783,0.1911535,4
0.4811225,0.334966,1.157168,0.9770305,0.5024786,0.5431719,0.4131581,0.7596122,-1.515435,4
1.381463,-0.1320126,0.8120519,0.6309864,-1.036018,0.8951758,-0.9259716,1.035776,-2.733536,4
1.246725,0.4075966,0.8404606,0.585763,-0.5068707,0.6987212,-0.959932,-0.03768459,-0.8751726,4
0.7358804,0.01092258,1.08174,1.140925,0.338638,0.4379236,1.002336,0.5592607,-1.178811,4
0.8937804,1.096638,1.199833,0.9259872,0.5409836,0.5648668,5.310629,-0.8739511,-0.4550702,4
1.595111,-0.2818497,1.397886,1.606989,-1.317853,1.152835,109.2625,1.202931,-5.811765,4
1.418869,-0.6884238,0.7534609,0.2774765,-0.1297703,0.6135829,-0.3757716,-0.08065965,-0.3671601,4
1.419474,1.200302,1.335411,0.7470821,0.2337722,1.212249,-0.3671837,-0.1002701,-0.4386401,4
1.95553,-0.2530982,1.258253,1.19911,-0.5335624,1.135741,-1.535854,1.674564,-1.515719,4
0.2228814,0.6422729,1.002369,0.1132749,0.5931659,0.6073706,-0.9098377,-1.661824,-0.7513649,4
1.53014,0.4411121,1.073558,0.7066528,-0.3399009,0.826582,-1.186758,-0.4622279,-1.011966,4
1.046146,0.7044451,1.39362,0.1437317,-0.5548422,0.9399125,-1.067105,-1.170557,-1.127968,4
1.606397,0.9823351,0.9143504,0.8530123,0.6282876,0.6063701,-0.1425704,-0.2197896,-0.1570121,4
0.1610519,0.3633427,1.361933,0.2990881,-0.7324947,0.7356292,1.816715,0.4274541,-0.710155,4
0.9998372,0.68125,1.364647,0.743934,0.1942289,0.4928887,-2.527932,-1.792486,-0.9948658,4
1.679574,1.434418,1.266589,1.280657,-0.1590426,0.3238298,-0.7509024,-0.01766908,-0.04557904,4
1.532131,0.9759201,1.125572,0.5013465,-0.3683865,0.6147614,-0.7354823,-0.2962624,-0.5187197,4
1.975774,0.373727,1.339443,0.05336738,0.1482845,0.5931958,-1.299851,-5.607819,-1.686335,4
1.322582,0.03114071,0.7676114,0.5489387,-0.2086251,0.3274605,-1.117386,-1.209147,-0.7258888,4
0.8079799,0.985316,1.319181,0.6020877,0.7901739,0.9754525,-1.277204,-1.431026,-0.8560542,4
0.953968,0.01201558,1.409182,1.543194,0.4401225,0.6688398,0.9253185,0.5124598,-1.629122,4
0.24237,0.5299671,0.9282774,0.2281635,0.0196603,0.6464081,-3.833581,-0.4421473,-0.5776815,4
0.3358543,0.29491,1.35713,0.5057216,-0.3783774,0.6085597,2.221991,-0.4357584,-0.901095,4
0.7884474,1.034506,1.065673,0.7892043,0.2194337,0.2966644,123.2348,-0.4197526,-0.2740234,4
1.73501,-0.6748598,0.8246894,0.301375,-0.5992146,1.11632,-0.3259244,-0.1423692,-0.5786964,4
1.448992,0.01876556,0.4433714,0.05496729,0.02089298,0.5449793,-0.4183257,-7.084823,-0.5261046,4
0.8845193,0.8975413,1.313954,1.081097,0.6517144,0.8711345,0.826193,-4.771858,-0.9733324,4
1.779778,-0.523883,1.284685,1.790665,-1.099258,1.103591,85.43308,1.209247,-4.261882,4
1.536576,0.4238531,1.001416,0.05247909,0.4490999,1.063557,-0.8528588,-2.679383,-1.142964,4
1.088057,-0.4723432,0.569509,0.09089043,-0.9948865,1.296617,-0.2098632,-0.01730879,-0.8440887,4
0.271251,-0.341834,1.394881,0.5303473,0.420447,0.3960009,0.9598433,0.2553825,-1.447278,4
1.008304,0.002908019,0.9757164,0.2537932,-0.6931378,1.309384,-0.5730341,0.2262218,-1.728654,4
1.239705,-0.1224568,0.9703705,1.253232,-0.5454876,0.8204709,31.93861,0.2760684,-1.633537,4
1.618277,1.002176,1.275448,1.078021,-0.1584347,0.7147529,-1.323794,-0.4246847,-0.5976364,4
1.633413,-0.8566048,0.7556453,0.1072003,-0.3683254,0.9908744,-0.1294149,0.08496561,-0.1612763,4
1.853027,0.1940802,0.6332201,0.6013747,-0.06939266,0.2718378,-0.6680519,-0.8429981,-0.5502849,4
1.747254,0.3280391,1.128613,0.4233373,-0.606706,1.004535,-1.093009,-0.5013663,-1.275745,4
0.9162933,-1.469495,1.376974,0.03339462,-0.2101483,1.400013,-0.4935827,0.1042886,-0.4218372,4
1.723239,0.462754,1.33089,0.6587338,-0.001052869,0.07640683,-1.43221,-2.090337,-1.063689,4
1.706459,0.07970852,0.8301861,1.231387,-0.4604888,0.4090428,-3.218201,0.1011658,-0.7541488,4
1.064092,0.432885,1.2295,1.089759,0.4384905,0.710372,20.35922,32.6324,-1.204558,4
1.541476,0.3399363,1.259275,0.2306852,-0.8175269,1.278406,-1.140124,-0.6933483,-1.487133,4
1.409732,0.7002796,1.021878,0.9214016,-0.2946863,0.7522776,-1.1684,-0.1852653,-0.6326172,4
1.426029,-1.251372,1.339428,1.011802,-0.3330272,0.503588,-2.488282,-0.1460006,-0.5438576,4
1.459232,0.5473843,1.197817,0.6052631,-0.5885453,1.26673,-0.8815034,-0.1115962,-1.489549,4
1.331607,-1.262157,1.226459,0.3930394,0.1976369,0.6783422,-0.5170912,0.03177043,-0.4022919,4
1.969552,-0.9581533,0.9087494,1.125239,-0.3912959,0.3360123,-1.206129,-0.08848631,-0.2332107,4
1.461,0.3135354,0.960184,0.7762095,-0.01781044,0.6360845,-1.167762,-0.9663721,-0.876858,4
0.9209158,0.3687451,1.160381,0.4518452,-0.00495009,0.9453191,-1.200773,-0.9681475,-1.132214,4
0.5901007,-0.805537,1.011867,0.09430289,-0.1720497,0.519724,-0.713082,-0.1284342,-0.6328679,4
1.926528,-0.02795297,0.6934282,1.213304,0.10222,0.31465,-1.25595,1.156721,-0.6850317,4
0.9786524,0.723074,0.916054,1.36741,0.1093657,0.3675169,0.2292301,-0.5495509,-0.3346357,4
1.273442,-0.493836,0.9134045,0.5416701,-1.202666,1.310166,-0.6090799,8.659712,-14.75035,4
1.082293,-0.1734825,1.105716,0.1794701,-0.1395343,0.6382592,-1.094762,1.248897,-1.096555,4
1.636547,-1.196804,1.054554,0.5317864,-0.7222772,0.626115,-0.415712,-4.948869e-05,-0.1789093,4
0.8241683,-0.9790498,1.401847,0.4090485,-0.9662154,1.248934,-1.131574,-0.9690708,-1.140218,4
1.871168,-0.489374,0.7987968,0.07767114,-1.022375,1.023251,-0.5909381,-0.3616051,-0.8091656,4
0.8274571,-0.1887596,0.946792,0.3886473,-0.6157359,0.7549052,-1.306216,1.671874,-1.132249,4
1.974879,-0.9929844,1.025723,0.612955,-0.9628741,1.098943,-0.3691514,-0.1483103,-0.4778176,4
0.3149016,0.8513799,0.91733,0.2631849,0.2369173,0.9563709,1.114917,0.3336153,0.8216464,4
0.6534168,0.5481187,1.24764,0.2322734,0.9488339,1.114304,-1.067866,-3.481458,-1.225891,4
0.9193256,0.8401067,1.410076,1.029475,-0.465628,0.7987682,6.398598,-0.259162,-0.6305557,4
0.5671206,1.018236,1.108046,1.304474,0.3496955,0.4388735,-0.1113146,-1.464727,-0.2165564,4
1.24446,0.5514205,1.345685,0.5557435,-0.6469178,1.288953,-1.220827,-0.1950921,-1.563235,4
1.586678,0.03651835,0.6567008,0.1211464,0.2877742,0.4801948,-0.6481373,-21.99721,-0.784692,4
1.162946,-0.4334503,0.925107,0.145162,0.5331741,0.5583873,-0.8790557,0.3476446,-0.9255691,4
1.329441,0.5909691,1.015602,0.5572082,-0.2023915,0.8395647,-0.8446121,-0.4092314,-0.824942,4
1.495465,0.4135326,1.409892,1.169472,0.5763058,0.540448,-4.227358,26.80559,-1.332489,4
0.3499684,-0.3371818,1.326392,0.1344755,-0.6583844,1.1712,-1.378807,-2.443555,-1.527392,4
1.622426,-1.402071,1.411225,0.1668912,-0.6662626,1.216646,-0.6050825,-0.06358341,-0.5918376,4
1.142415,-0.4556539,1.22126,0.2749736,0.2268422,1.069478,-1.115795,-0.2076173,-1.199484,4
1.311025,0.3267953,1.328976,1.436621,-0.03374501,0.1173636,8.992832,-2.527677,-1.013513,4
0.6585767,-0.2554532,1.249824,0.6501319,-0.002181192,0.3150182,-68.0557,1.020862,-1.107976,4
0.765617,0.4832951,0.6218657,0.1499079,-0.4631502,0.536469,-0.4421896,-0.0618512,-0.4932081,4
0.4681481,0.8412646,1.222956,0.2343263,0.01070295,0.5026123,-1.042581,-0.8626306,-0.7103073,4
1.683631,1.002626,1.116111,0.4675385,0.5804209,1.287338,-0.2906688,-0.251165,-0.3453762,4
1.105222,-0.300574,1.07972,0.6008433,-0.0004817939,0.4287114,-1.72135,0.2792293,-1.005417,4
0.2240978,0.9408011,0.8933111,0.3390896,0.3667981,0.6533499,-0.661775,0.5626241,0.6697656,4
0.3511701,-1.461687,1.309126,1.665236,-0.01522212,0.101923,0.07349222,0.2812585,-0.1914586,4
0.5992427,0.5181234,1.0106,0.09836324,-0.7032372,0.9429006,-0.8423947,-0.3829484,-1.035713,4
1.917637,-0.4242821,0.8826923,0.7156414,-0.04001346,0.503612,-0.9582962,-0.1575415,-0.7752684,4
1.169203,0.5892652,1.399876,0.1905145,0.3083502,0.5738618,-1.156464,-2.846829,-1.295324,4
1.507064,0.1170441,0.9718766,0.02007708,0.6491748,0.719083,-1.095659,-11.45581,-1.444743,4
0.047191,0.3559171,1.342309,0.05267221,0.3997104,0.7247947,4.765347,6.443113,-1.336069,4
1.4799,-0.04052403,1.275582,0.4244438,-0.009449519,1.179025,-1.234399,4.645467,-1.407317,4
0.4994383,-0.2770237,0.7725818,0.09097958,-1.605991,1.382957,-0.5343624,16.06714,-4.837135,4
1.183792,0.4353771,1.095156,1.892027,0.1391203,0.6167668,0.2836373,-1.665254,-0.7847787,4
1.498728,0.823266,1.246291,1.149045,-0.331696,0.6023714,-2.912526,-0.4577352,-0.6691749,4
1.984599,0.04960881,0.9490772,0.9469164,-0.9509268,0.8475289,-1.323674,0.7084184,-1.656199,4
1.451669,-0.04442314,1.017497,0.6533771,-0.7514659,1.201363,-0.6756291,0.1493332,-2.128086,4
1.873628,1.073955,1.017369,0.4298706,-0.4156169,0.7203006,-0.3489118,0.0008877584,-0.276899,4
0.5800375,0.8850638,1.204813,0.133278,-0.3836982,1.409322,-0.6667605,-0.2167944,-1.007725,4
1.472038,1.071225,0.9895692,0.02790224,-0.6393105,0.7975891,-0.1699983,-0.2572915,-0.2280813,4
1.478702,-1.200245,1.122071,0.4579496,-1.303719,1.257619,-0.2886599,-0.07706664,-0.3934504,4
1.432918,0.0833258,1.410869,0.6919605,0.2032636,0.3382584,-2.00712,48.97121,-1.313096,4
0.5790277,0.5723825,1.220681,0.2522066,-0.6071846,0.8963977,-1.438446,-0.3008436,-1.135906,4
0.8893851,-0.2057257,0.3439208,0.3942972,-0.289446,0.3601651,-0.2624664,-0.3709386,-0.3888428,4
1.036337,-1.012452,1.379174,1.354143,-0.1456916,0.1796978,3.265895,-0.1061746,-0.8108526,4
1.545672,-0.2901345,1.189191,0.2658547,-0.1886198,1.186781,-1.082662,-0.07547402,-1.282255,4
1.828707,1.427128,1.337169,1.730826,0.09717925,0.3206318,-0.8561982,-0.225604,-0.1645528,4
1.763117,0.2710487,1.15804,1.518651,0.01465492,0.4504966,-4.950018,-2.108016,-0.9882034,4
1.361676,-0.3354427,1.02091,0.04255558,-0.5595166,0.5487474,-0.9794498,1.037417,-1.092024,4
1.866849,1.257127,1.364776,1.654869,0.6374161,1.057719,0.04692042,-0.146937,-0.3081207,4
1.301676,0.9522036,1.024239,1.50418,-0.03179296,0.6882573,-0.2872494,0.01199429,0.01312582,4
1.025249,0.4888154,1.009056,0.1201749,1.010242,0.9838592,-0.8201621,-2.595366,-1.093361,4
1.062159,0.2153233,1.236213,1.378743,-0.5041676,0.5650724,4.419301,-0.06322775,-0.8864501,4
0.7620216,-0.3271898,0.875047,1.508491,-0.1737162,0.3940094,0.6492815,6.902749,-0.7165096,4
1.764278,0.9311111,1.14125,1.2925,0.1005287,1.244343,0.4004475,0.2132054,0.2969652,4
1.611806,0.9799443,1.046902,1.716826,0.2560928,0.3844471,1.528768,-0.4622513,-0.3085726,4
0.7828064,0.8982192,0.9388623,0.1714219,0.172398,0.5824533,-0.2617812,-0.3877795,-0.3202224,4
1.891278,-0.323155,1.133922,0.9872823,-0.5712374,0.9212845,-1.502871,-7.758945,-1.261642,4
1.135081,0.2482418,0.8107607,0.01654325,0.7030051,1.381118,-0.7886972,-3.373514,-1.072275,4
1.505563,-0.2534252,1.386436,0.1628956,-0.1898081,1.162927,-1.278755,0.9339166,-1.415027,4
0.07038162,0.2168624,0.8413202,0.003870184,-0.7670373,1.073167,-0.7020132,-0.792613,-0.9677135,4
1.757403,-0.000749682,1.309596,0.09300314,0.9095007,1.0787,-1.371674,30.35467,-1.706726,4
0.5191592,0.2472099,1.285527,0.8001504,0.03200604,0.6960282,0.7713102,-2.089484,-1.075758,4
1.079377,-0.6721361,1.32799,1.001583,-0.2478791,0.7909586,-10.2665,-0.630253,-1.088607,4
0.3539821,-0.3124374,1.357743,1.061801,-0.1103518,0.4892844,0.4187312,-2.65582,-1.081053,4
1.229156,-1.172114,1.250109,0.4367641,-0.3534189,0.7933807,-0.7577131,-0.1248022,-0.5387352,4
1.127437,0.2623883,1.124205,0.9299836,-0.08468697,0.2625723,-4.482802,-1.757829,-0.9041644,4
1.293898,0.2230472,1.061829,0.5437778,-1.093646,1.021968,-1.152488,0.544988,-1.948774,4
1.851949,0.5147157,1.022889,0.4696404,-1.195033,1.183508,-0.7356551,0.3911674,-1.925393,4
1.022526,-0.5684676,1.304159,0.1500073,0.2781354,1.340298,-1.096338,-0.2608091,-1.234408,4
1.024317,-1.158858,1.384201,0.2963657,0.2825384,0.8331079,-0.921048,-0.1635496,-0.7997111,4
1.715029,0.9636084,1.194999,0.4077455,-0.4529428,1.175463,-0.669578,-0.2118931,-0.8232591,4
0.09642121,-1.023533,1.34816,0.1262948,-0.2599894,0.3979009,3.291543,-0.3796966,-0.7581259,4
1.06535,-0.1177818,1.197655,0.3671993,-0.1420745,0.3508968,-1.515663,4.7079,-1.128553,4
0.5046953,-0.3040524,0.6450583,0.02812412,0.3795635,0.4170432,-0.6343243,0.5602036,-0.7110285,4
1.213021,-0.06346586,0.4887225,1.774417,0.1508145,0.1972239,0.5715509,0.1235901,-0.5321767,4
1.282696,0.6348805,0.6345987,1.698795,0.4286086,0.4146274,0.08280787,-0.9653481,-0.2103215,4
1.87272,0.1056931,1.030613,0.1115691,-0.13834,0.8416897,-0.9535409,-5.745644,-1.144626,4
1.793969,0.6513617,1.317743,0.1966843,0.1749943,1.268897,-0.9349369,-1.829872,-1.169694,4
1.144772,1.181034,1.378422,0.8812194,1.098529,1.008268,-1.561796,-2.257742,-0.8774593,4
0.6170009,0.1315879,1.113245,0.6228803,-0.8252189,0.9795344,48.06287,0.307159,-3.697032,4
1.729602,0.03634756,0.9049099,0.08763348,-0.3927391,0.4873471,-0.8719873,-8.410294,-1.000252,4
0.8032162,-0.4981147,1.309319,0.596184,-0.4646865,0.5824797,-4.599663,-1.47697,-1.123958,4
0.8182538,-0.07584934,0.6866589,0.3463791,-0.1468416,0.2926264,-0.9934224,5.337616,-0.655986,4
1.286541,0.2836515,1.235366,1.032271,-0.6997265,0.906611,-4.402654,0.0933433,-1.314484,4
1.910363,-1.40459,1.370199,0.3818638,-0.4142583,0.6733072,-0.6756854,0.02324165,-0.4688625,4
0.8986617,0.501881,1.28057,0.964057,-0.02808323,0.9773641,3.67882,-0.599496,-0.9372544,4
1.917324,0.02479937,1.369117,1.006198,-0.2180135,1.068842,-1.750749,-1.47704,-1.473882,4
0.3672929,-0.1933261,1.214204,1.05767,0.1936993,0.2543926,0.3113576,0.4328595,-1.093653,4
1.209957,0.8978257,1.098057,0.110692,-0.6143855,0.6507394,-0.5783521,-0.6495367,-0.6282774,4
1.182014,0.4130243,1.315265,0.6563052,-0.9386708,1.171938,-1.715618,0.1794368,-1.78414,4
1.133537,0.9400516,1.046588,0.1980142,0.6976646,0.8596873,-0.3772478,-0.7242305,-0.4975898,4
1.464551,-1.23626,1.083939,0.2553749,-0.05633806,0.6446835,-0.2823708,0.1625456,-0.1861198,4
1.532566,0.621835,1.203971,1.213452,-0.1920848,0.3888341,-3.5556,-0.9070752,-0.7697516,4
1.35383,-0.8084085,1.1156,0.5930838,-0.5361804,0.5316638,-1.508955,-0.5408861,-0.7445498,4
1.989812,-0.08836412,1.328058,1.164735,0.1957091,0.8305913,-2.003605,1.16899,-1.378327,4
1.181087,-1.224404,1.378616,0.8440651,0.3782257,0.5079112,-1.924661,-0.07284413,-0.7214164,4
0.2923992,0.8668088,0.7891639,0.1929826,-0.1352414,0.5021355,-0.2488986,0.1078397,-0.0637901,4
1.517732,-0.04676382,0.7056556,0.01512274,0.6705582,0.7968217,-0.8384052,11.39404,-1.084243,4
1.711652,0.1182259,0.5935071,0.1398899,-0.3078503,1.048557,-0.4622625,-0.3630415,-0.8289584,4
1.504122,-1.120234,1.122082,0.002071962,-0.9657916,0.9850387,-0.8471796,0.9636628,-0.8151521,4
1.629924,0.7300335,1.068895,0.09014993,-0.5914012,0.830873,-0.6612151,-1.082034,-0.8273097,4
1.633546,-1.02889,1.328349,0.02985476,1.419293,1.386431,-1.168503,0.9648252,-1.25512,4
1.793286,1.09483,1.397188,0.4960257,-0.7661865,0.7220424,-1.196126,-0.3363052,-0.8159885,4
1.449518,-0.09073373,1.215631,0.7965868,-1.248604,1.276048,-1.441068,0.8204532,-3.446488,4
1.088842,-0.06180293,0.7313541,1.352693,0.2827607,0.3254226,1.809577,0.2398672,-0.8427386,4
1.860775,0.1790248,0.8002424,0.2565916,-0.869133,0.8641895,-0.7399956,0.04635787,-1.158647,4
1.593281,0.8608817,1.122709,0.2950391,-0.1584235,0.7738258,-0.5955603,-0.6690602,-0.6450854,4
1.761087,0.05234617,1.111029,0.7589219,-0.5481688,0.7011502,-1.65463,-0.2885733,-1.159093,4
0.4712294,0.5022098,1.312001,1.266222,-0.4902915,0.5843397,1.033962,0.1097318,0.03611373,4
1.622596,0.2774972,1.134761,1.945032,-0.3464097,0.7746422,2.849733,-0.2193281,-0.9062154,4
0.5427407,0.5622035,1.293656,0.1802678,0.503714,1.227168,-1.00499,-1.476566,-1.158692,4
1.068265,0.1441335,1.091491,1.897716,-0.00621798,0.5250838,0.5266827,-1.930989,-0.8905139,4
1.151604,-0.8485984,1.082464,1.17791,0.3783408,0.3553779,24.70693,-0.05670322,-0.7262962,4
0.9548812,0.6178307,0.9273866,0.1703046,0.03070654,0.1377473,-0.5889562,-1.048523,-0.6369472,4
1.376771,-0.3305279,1.257916,0.814491,-0.0193839,0.2118348,-2.363007,0.684759,-1.125685,4
0.535048,-0.1195818,1.365727,0.5000804,-0.1970462,0.5756297,-15.41407,-4.566975,-1.228376,4
0.5234988,-0.2899089,1.298649,0.1314191,-0.7465732,1.316943,-1.15669,-1.785231,-1.604149,4
0.9277399,-1.202016,1.353456,1.368096,0.0706475,0.3806286,0.899844,-0.06652357,-0.6324187,4
1.71465,-0.3167171,0.9298257,1.546492,-0.1593644,0.1464344,-8.972381,0.3071251,-0.7535865,4
1.618127,-0.7765836,0.7735835,0.4857612,-0.1858659,0.386493,-0.4284612,-0.004888414,-0.2754611,4
0.4828634,-1.138682,1.412142,0.132932,-1.376091,1.348786,-0.9023937,-0.7974106,-1.105712,4
1.940756,0.2505625,1.105788,0.1928491,-0.8005036,0.8732712,-1.031452,-1.069729,-1.15995,4
0.7932295,0.6591896,1.373608,1.506292,-0.1165559,0.7662561,0.2848501,-0.6006035,-0.3903421,4
0.4446255,0.1480165,1.252207,0.5473444,-0.9235681,0.9456833,3.155494,0.5233879,-2.739136,4
1.533033,-0.1021187,1.298889,1.563346,-1.000003,1.123056,28.16559,0.552667,-4.62271,4
1.845282,-0.5218164,1.029318,5.331423e-05,0.4403997,1.376366,-1.497712,3.293517,-1.832358,4
1.299327,0.6414493,1.070148,0.5363348,-0.3109573,0.8359401,-0.9461476,-0.3841667,-0.8546376,4
1.217367,0.8585927,1.068768,1.787048,0.1449822,0.2089207,0.4389899,-0.862888,-0.4091098,4
0.7927235,-0.2690926,0.545215,1.450175,0.03635889,0.03868487,0.4138669,0.03548298,-0.4182538,4
1.573729,0.8835834,0.9463757,0.7159942,0.4733291,0.6943551,-0.2644356,-0.3543251,-0.3123931,4
1.175943,1.492849,1.346634,0.9299878,0.677326,0.741266,0.1005106,-0.08286439,-0.1100494,4
1.954458,0.4542183,0.7647566,0.4855173,-0.7928743,1.075437,-0.3204341,0.2232736,-1.692537,4
1.70219,1.093805,0.9724413,0.5978172,-0.2849279,0.7223354,-0.2609168,0.146176,-0.16515,4
1.079945,0.4759818,0.9437252,0.1449452,-0.5151517,0.8424017,-0.7389068,-0.5946186,-0.8649657,4
1.387054,0.6304725,0.7599038,0.5605663,0.3623366,0.6152483,-0.3059494,-0.3863066,-0.3480512,4
1.748934,0.7979248,1.175585,0.40472,-0.9784307,1.17508,-0.8989799,0.03862369,-1.278009,4
1.846823,-0.5461337,1.115144,0.2948458,0.2947768,0.9071468,-0.950229,-0.1635302,-0.9981864,4
1.579321,0.06992528,1.328311,0.3963445,-0.9128049,1.412555,-1.190507,0.1165813,-1.864199,4
0.4693086,-1.014802,1.054289,0.03443362,-1.059754,1.089468,-0.4484502,-0.1596167,-0.5677945,4
0.9165694,-0.4967657,1.053175,0.3847974,-0.9969595,1.151634,-0.8855119,-3.868386,-1.596709,4
1.141042,1.603354,1.394554,0.2525675,-0.4118861,0.3502536,-0.2993538,-0.01085229,-0.08547736,4
1.647481,0.5409529,0.9871581,0.2669717,-0.3107613,0.4956995,-0.7511978,-0.8850601,-0.73931,4
1.290225,1.450877,1.326203,1.774798,0.4859252,0.9471054,-1.232674,0.6613032,0.66357,4
0.2466779,-0.816193,1.127372,0.005492671,-0.8313726,0.8393964,-0.8123015,-0.03097608,-0.8437997,4
1.916395,1.067061,1.170982,1.886016,0.6299686,0.7537608,-6.323717,-0.6448126,-0.4409597,4
1.168534,-1.286916,1.193205,0.4395018,-1.35037,1.259628,-0.3080079,-0.1208872,-0.3801621,4
1.818095,0.9465403,1.182563,0.9731672,0.7757027,1.115044,-0.5200091,-0.5665344,-0.5899825,4
1.670958,0.0194234,1.319207,1.927683,-0.8866276,0.8038468,8.346849,0.7856805,-1.492038,4
0.4296198,-0.3593538,1.059735,0.04694398,0.06788205,0.4067561,-0.9960114,0.59506,-1.037602,4
1.638692,-0.9172007,1.244259,1.148213,-0.4105525,0.510962,-3.107829,-0.4937256,-0.7706523,4
1.037764,-0.03002866,0.8099219,0.835064,-0.08040658,0.5417531,-2.282872,-1.805024,-0.8193384,4
1.630135,0.1601544,0.2560573,0.09531924,-0.5583157,0.8474294,-0.004538927,0.1372807,-2.038612,4
1.950914,-0.552506,1.195516,0.6068875,0.2898821,0.5511994,-1.239338,-0.05937874,-1.065689,4
0.9003828,0.1195044,1.353674,0.9659472,0.1055568,0.5249923,10.49699,-92.21859,-1.234131,4
1.464423,0.7600997,1.381984,1.719842,-0.1325409,0.6127478,3.334143,-0.8665656,-0.7660136,4
1.339312,0.4738991,0.7637681,0.7685692,-0.1714385,0.1667887,-1.203925,-0.5003917,-0.444975,4
1.072389,0.03934004,1.049966,0.904822,0.6160237,0.5218809,-5.168945,0.8436018,-1.296873,4
1.324914,0.4032848,1.333767,1.778389,-0.04766877,0.9819769,0.5936688,-0.6362332,-0.9039896,4
1.593613,-0.3734976,0.8529714,0.8893465,-0.05251874,0.3821224,-1.33136,-0.09298962,-0.7430027,4
1.148846,-1.301837,1.202343,0.635348,-0.160995,0.1602365,-1.053157,0.1601776,-0.2854981,4
1.987242,0.07477019,1.009103,0.2949393,-0.4605429,1.283154,-0.8573724,-0.6635921,-1.315033,4
1.037987,1.505099,1.355523,0.5795351,0.5101209,0.9017667,0.1120076,0.04470334,-0.06618715,4
1.096515,0.9405893,1.346826,0.05478147,0.146078,0.6832256,-0.8248434,-1.849237,-1.090952,4
1.314976,-0.7451151,1.384019,0.8112203,-0.1582033,0.7788379,-2.165235,-0.3796665,-1.132034,4
1.04034,-0.3899891,0.734174,0.2007545,0.1841434,0.2399881,-0.6660558,-0.01227569,-0.6161011,4
0.1076507,0.2661009,1.267241,0.1090438,0.1694178,0.1835929,63.97217,-8.194675,-1.069821,4
0.9387625,-0.006517128,0.4970633,1.693322,-0.1753243,0.2448219,0.6464342,0.07624771,-0.3897297,4
0.4275029,0.2934816,1.392515,0.196339,-0.4339665,0.3912241,-2.34915,-1.390028,-1.185915,4
1.763542,-0.03007725,0.7671347,0.233536,-0.488743,0.7279629,-0.7442789,-1.155408,-0.9064578,4
1.249998,-1.533235,1.354263,0.1568289,0.3597805,0.7900888,-0.3761583,0.2017724,-0.263821,4
1.458418,-0.3428591,1.357185,1.938129,-1.157336,1.120716,1.517065,0.7635158,6.051,4
1.765209,0.5265737,1.256379,1.042865,-0.06147372,0.1752699,-1.94456,-1.569037,-0.9273082,4
1.647288,-0.9507414,1.192953,1.652412,-0.5222233,0.5335582,238.5658,-1.102977,-0.6659552,4
1.306749,0.7567981,1.385372,1.248116,-0.2915717,0.6418441,-17.12988,-0.6821434,-0.8091524,4
1.038259,0.5766557,1.40578,1.157529,0.2110573,0.6496915,4.674448,-2.434275,-1.105233,4
1.38836,-0.08000929,0.8651826,0.8114973,-0.4835311,0.9598652,-0.6211256,0.02080771,-1.616569,4
1.096181,-0.3408636,1.157097,0.4415803,0.1049189,0.5358291,-1.419034,0.1956503,-1.102465,4
1.625877,-0.1621114,1.00028,0.1643969,-0.8862344,0.8699846,-0.9923864,-0.6204911,-1.169419,4
1.431887,-1.162729,1.315871,0.4324474,-0.9424795,1.36769,-0.5623678,-0.2428358,-0.7190361,4
1.382963,0.8475605,1.143598,0.6993473,0.02741844,0.6764979,-0.8302179,-0.5879322,-0.6337571,4
1.994469,0.07339302,1.31686,0.1800627,0.6288696,0.5539321,-1.377766,-86.88924,-1.607537,4
0.9929833,0.4888781,0.5580754,0.05911038,0.2587316,0.86516,-0.2070345,-0.3615708,-0.2835232,4
1.547739,1.235333,1.377593,1.514531,0.06053331,1.213917,8.955592,0.2113036,0.3372079,4
0.9817544,0.863507,1.240004,1.533217,0.3666574,0.5831529,0.2241474,-1.958946,-0.6752764,4
1.059934,0.3586901,0.9878811,0.1038327,0.5457687,0.9659469,-0.8166838,-2.559276,-1.041984,4
0.8980947,-0.4620716,0.722217,0.4357046,0.270321,0.2301917,-0.9585573,-0.0404031,-0.5670842,4
1.342441,-0.464318,1.152822,1.728001,-0.5780954,0.5045359,4.320545,2.292071,-0.9822366,4
1.271303,0.7270104,0.8531427,0.5724821,0.306841,0.8459786,-0.2703843,-0.151442,-0.3267682,4
1.399351,-0.5627851,1.132143,1.675076,-0.7077239,0.6237127,4.035365,2.546998,-1.115231,4
1.239763,0.4645995,1.02402,0.5687616,0.1370565,1.039347,-0.7482574,-0.5430301,-0.9462243,4
1.700631,0.3289745,0.8343596,0.9823794,0.008438599,0.8585822,-0.5805255,-0.2908116,-0.8216132,4
1.500255,0.9625081,1.270752,0.3007012,0.17091,0.7550119,-0.6541683,-1.031109,-0.7504538,4
1.824923,0.5652449,0.8895777,0.1370966,0.2879995,0.8516037,-0.5628498,-1.229481,-0.7445406,4
1.686693,0.4615983,1.146663,1.807303,0.3263996,0.3628582,8.4775,-6.183787,-0.9450635,4
1.039363,0.4102664,1.331094,0.6541732,0.651654,0.9813907,-1.836023,-4906.583,-1.4211,4
1.869125,-0.5023225,1.306088,0.6604733,-0.2214604,0.9958334,-1.342137,-0.381529,-1.27026,4
1.282502,1.32765,1.167462,0.9883674,-0.1873114,0.4183491,-0.7294944,0.05624201,-0.02175956,4
1.905145,1.113971,0.9782835,1.19233,0.6365803,0.6826335,0.1024159,0.0346459,-0.01390828,4
0.2397513,0.8884459,1.007125,0.5476634,0.2615706,0.4656022,-0.1994824,-0.6574977,-0.08034328,4
1.630685,1.296094,1.383824,0.2741698,-1.233934,1.09352,-0.8468536,0.1012347,-0.8401035,4
1.024431,0.8423105,0.9178945,0.3499102,0.3388906,0.5765859,-0.2957212,-0.4379813,-0.3444525,4
1.126841,-0.8190757,1.31435,1.866148,-0.3937893,0.5611696,1.24955,-3.019262,-0.9032583,4
0.393593,-0.2446356,1.06867,0.666599,-0.6631421,0.7189324,0.5601531,0.514898,-3.099777,4
1.525159,0.1850771,1.159244,1.284265,-0.1501829,0.7991642,-3.682007,-0.8011728,-1.11463,4
0.4422792,0.8075649,1.092774,0.8265619,0.09169392,0.6345526,-0.1857043,-0.3600989,0.01238793,4
1.486385,1.218305,1.395027,1.993018,0.1634293,0.8363131,-0.3100523,-0.2375768,-0.1674763,4
1.690018,-0.1695798,1.347533,1.220917,-0.7162666,1.027802,-3.248094,0.6878868,-1.577659,4
1.305651,-0.6143149,0.863299,0.100118,-0.7199758,0.7973124,-0.6157573,-0.2916472,-0.6984775,4
0.507372,-0.9771145,1.331298,1.252656,-0.05896532,0.09580129,0.5848055,-0.0003081131,-0.7532615,4
1.413539,0.820485,1.390831,0.2808263,0.1878167,1.004219,-0.9111178,-1.4291,-1.035304,4
1.76478,0.5272205,1.214502,1.152929,-0.1529547,0.6269842,-2.017957,-0.9432857,-0.9421637,4
1.191073,-0.2435455,1.293784,0.06805632,-0.687661,1.300698,-1.170442,0.7435822,-1.367134,4
1.42118,-0.101834,1.026159,0.1199868,-0.4075114,1.216101,-0.9253464,1.560027,-1.166733,4
0.9175617,-0.7589525,1.246683,0.04335097,-0.3756022,0.6158377,-1.001943,0.05950844,-1.032678,4
0.6885219,0.2319306,0.8097261,0.5351465,-0.3130837,0.7654399,-1.026459,-0.1010112,-0.9839166,4
1.626588,-0.2685302,1.277544,0.5492747,-0.6325858,1.097484,-1.351286,-2.583011,-1.466932,4
1.409433,0.4328049,1.395814,0.5757157,-0.8156985,0.7800865,-2.107755,-0.354404,-1.312163,4
0.6234333,0.9831852,1.311052,0.1470591,-0.3149576,0.4905192,-0.8430664,-0.7887209,-0.7084294,4
0.8818263,-0.4953571,1.166955,0.3127157,-0.8032559,1.286043,-0.8496313,-1.116524,-1.450583,4
1.525635,1.407588,1.354644,0.8874174,-0.5305967,0.5542411,-1.432701,0.0617213,-0.2470221,4
0.5198308,-0.02929453,1.311401,0.9470634,0.05871261,0.3432869,0.8530847,3.785456,-1.109927,4
0.2891571,0.8656635,1.313025,0.1303305,0.1712936,0.5104752,-1.014439,-1.13315,-0.7959131,4
1.599086,1.059303,1.114318,1.318858,-0.1834792,0.6214924,-1.343042,-0.08228437,-0.2387113,4
1.436702,-0.6877595,1.390983,0.2776164,0.2303043,1.179034,-1.187724,-0.2821269,-1.253954,4
1.736709,-0.5025985,0.805629,0.09043042,-1.262336,1.34438,-0.4397623,-0.4557711,-1.031231,4
0.9277596,0.6070224,1.375192,1.298799,0.1605265,0.6669858,0.926913,-1.920382,-0.9773086,4
1.538175,-0.06787466,0.9579211,0.1872131,0.03831725,1.060206,-0.8568522,1.814741,-1.027875,4
1.99457,0.03128439,1.272641,1.35913,-0.1553436,0.4955058,-3.014169,-3.154311,-1.160621,4
1.660947,0.6246215,0.9974604,1.445144,0.03981401,0.503088,-2.612869,-0.688613,-0.5986337,4
0.3944272,1.500765,1.275208,0.2855807,0.3162363,0.9108036,0.6716159,0.3542205,0.156112,4
0.7720981,0.02139511,1.349444,0.3917141,-0.5536179,0.7456805,-2.358651,-0.5928507,-1.329053,4
0.8258731,0.5806181,1.381377,0.5955514,0.003754242,0.9628249,-2.099118,-1.00316,-1.15268,4
0.9138094,-0.4779093,0.995781,0.9449095,0.2446837,0.3779845,16.49285,-0.07650932,-0.8928562,4
1.76924,-0.6783655,0.8943359,0.8430312,-0.1855306,0.5929276,-0.8058982,-0.2225251,-0.5628703,4
0.08392858,0.6512066,1.294643,0.1291702,-0.04520772,0.1984365,1.127972,-1.403549,-0.7127934,4
1.490459,0.6447685,0.8608729,1.185929,0.1227226,0.4588229,-1.043243,-0.4910307,-0.4376574,4
1.65282,0.2351823,1.057165,1.363759,0.1349485,0.6796896,-2.783994,-2.384897,-1.022252,4
0.8845156,-1.379878,1.401543,0.5984029,0.005830137,0.141916,-1.636501,0.0771057,-0.5271095,4
1.556071,0.4071906,1.105994,1.676454,0.005234411,0.02579523,8.157009,-1.756694,-0.7877543,4
1.254784,-0.1277546,1.078542,1.066556,0.1980778,0.496096,-4.367845,0.5712325,-1.08266,4
1.913047,1.289246,1.370334,0.6523279,-0.1203553,1.081753,-0.5248956,-0.2054618,-0.515383,4
1.548022,1.308631,1.342775,0.5070584,-0.8166408,1.291586,-0.6750486,0.294765,-0.8186345,4
1.385406,0.9221413,1.316668,1.464205,0.2531728,0.9593251,1.371173,-0.4722752,-0.5669487,4
0.4461977,1.168927,1.233459,0.1798125,0.2706853,0.8628235,-0.3345894,-0.3091337,-0.3729987,4
1.612609,-1.16397,1.322913,1.212779,-0.04657815,0.4197103,-2.353625,-0.07886473,-0.6458425,4
1.015597,-1.024355,1.341233,0.499651,0.6081088,0.5496541,-1.556084,-0.08446182,-0.9321878,4
1.984513,-1.189917,1.125048,0.38413,-0.1841514,0.3982258,-0.5022194,0.09186367,-0.3353952,4
0.9217842,0.9705037,0.9540316,0.04367419,0.795637,1.020752,-0.2250946,-0.4522806,-0.3206648,4
1.929609,0.3658678,1.139439,1.679708,-0.2760345,0.4522499,-6.644217,-0.7782857,-0.8487868,4
1.689397,0.4214035,1.141957,0.5995737,0.4128011,0.9812393,-0.9849609,-1.702141,-1.067881,4
1.144358,-0.2694686,1.270404,1.594962,-0.2616491,0.3466031,3.180128,-1.416452,-1.006445,4
1.557451,-0.3759299,1.292034,0.3925945,-0.2062956,0.2438172,-1.479016,0.5137472,-1.179411,4
1.056369,-1.111164,1.340759,0.6702965,0.4228855,0.3995417,-1.926768,-0.06164631,-0.8042067,4
0.7293355,0.2349814,1.152297,0.6581274,-0.01389029,0.1876789,-7.831396,-2.543888,-0.9386287,4
1.947217,0.4652615,1.322824,1.758322,-0.9141009,0.9638333,-10.76184,0.339881,-1.38556,4
1.527295,0.5991999,1.389173,1.176881,-0.6463153,1.315149,-1.622003,-0.04430326,-1.566353,4
0.4623881,-0.1820964,0.5836467,0.3962037,-0.1315539,0.2669182,-3.185121,-0.155337,-0.5148341,4
1.595317,-0.3675347,1.154521,0.2504591,-0.2570235,0.5873927,-1.140007,0.1664869,-1.097532,4
1.489055,-0.5877066,1.243844,0.09755983,0.4512182,1.14996,-1.073277,0.2972196,-1.193188,4
0.9740812,1.078027,1.140786,0.06583833,0.3930585,1.110838,-0.3537096,-0.6653736,-0.4897603,4
0.9412121,1.397564,1.358697,1.504703,0.6517424,1.009164,-0.8469542,1.273693,1.373681,4
1.899663,-0.1398122,0.990062,1.446812,-0.01439761,0.5584284,-2.550008,0.650554,-0.975483,4
1.304572,0.2120131,1.20033,1.353664,-0.1624081,0.8947486,11.42914,-0.5478562,-1.122611,4
1.030248,0.7629392,0.8184778,0.8763052,0.1607513,0.4644642,-0.3900372,-0.1944576,-0.2268017,4
1.894717,0.7087348,1.164845,1.644079,0.07048447,0.8651364,-1.900659,-0.4929338,-0.7070244,4
1.962742,0.9139362,1.08081,1.319606,0.2066468,0.4868333,-0.7370711,-0.5574737,-0.4529334,4
0.3045002,0.7453465,0.8974448,0.8641119,0.03730613,0.2461077,-0.05262273,-0.5621116,-0.05763091,4
1.742482,0.4566181,1.21546,0.103901,0.08695069,1.138987,-0.9987689,-2.765884,-1.274817,4
1.757826,0.03244835,1.00596,0.9259762,-0.4705185,0.6088514,-1.806566,-0.1856441,-1.02104,4
1.162982,-0.9165767,1.324036,0.3685074,-0.3920986,0.373227,-1.462916,-0.266387,-0.9096326,4
0.5512462,0.3739937,0.9619895,1.186775,-0.02046635,0.2637343,0.3342697,-1.175924,-0.5420156,4
1.48058,-0.5101355,1.378479,0.01794117,1.108783,1.043963,-1.606905,3.482096,-1.94083,4
1.292548,-0.935856,1.071937,0.1597414,-0.5908837,1.005466,-0.5667553,-0.1962826,-0.6346654,4
1.680328,1.472805,1.373948,1.060638,-0.2742741,1.112635,-0.2592136,0.30761,-0.1427986,4
0.8254058,0.914627,1.224823,0.3087396,0.3085449,1.078065,-0.6221452,-0.5650565,-0.6951411,4
1.0617,0.0341704,0.5710317,0.1298876,0.4371999,0.5558131,-0.5486122,9.692428,-0.6725903,4
1.989736,0.8570571,1.401134,0.1218287,0.3797551,1.090427,-0.9482681,-2.225816,-1.250401,4
1.978393,0.9520892,1.368732,0.3044699,1.053324,1.240251,-0.8108066,-1.805332,-1.060881,4
0.6133971,0.8599307,1.027226,0.5765743,0.5801473,0.5912105,-3.900227,-1.257616,-0.5484906,4
1.393021,0.7515724,1.237309,1.891788,-0.2579356,0.2390032,2.710311,-0.6785372,-0.4958736,4
1.531017,0.4356657,1.128307,0.7750658,-0.4352622,0.4422956,-1.948469,-0.6505223,-0.8853621,4
0.7455643,-0.6786241,0.6520014,0.01864128,-0.0953368,0.7703189,-0.2517765,0.03515161,-0.2242953,4
1.664192,0.273019,1.109131,0.08929804,0.095044,0.3543622,-1.047025,-4.486425,-1.291977,4
0.6826882,0.6640056,1.272693,1.060491,0.0516637,0.6240869,0.4762805,-1.051508,-0.6976059,4
1.706227,0.08400954,0.7576052,0.1335354,0.356567,0.8520024,-0.6867677,-6.094398,-0.8557741,4
0.9710333,-0.7984597,0.8591015,0.1939459,-1.343409,1.406934,-0.3090056,-0.1028541,-0.9061728,4
0.4868222,-0.6042468,1.163263,1.994253,-0.1164004,0.1343904,0.4397263,0.0573559,-0.7336602,4
1.36088,-0.5951132,1.22646,0.09893583,-0.333183,1.30277,-1.010231,-0.2512445,-1.15026,4
1.026896,1.01079,1.057183,0.2187415,1.021209,0.9558598,-0.3407957,-0.6779122,-0.4542926,4
0.7537879,1.197609,1.245897,0.2579916,0.6251474,0.5797507,-0.4419246,-0.6958677,-0.4439021,4
1.9552,1.484432,1.26759,0.2134024,0.4654292,0.9336542,0.009784728,0.007386197,-0.011584,4
1.490787,0.4693007,0.9148002,1.758307,0.02923629,0.1444373,2.284515,-1.128094,-0.569732,4
1.93716,0.3118229,1.077063,0.1057465,-0.06347466,0.7160085,-0.9576097,-3.219963,-1.185869,4
1.695642,0.4391091,0.7777253,0.1564912,0.09170283,1.391769,-0.4497912,-0.4315028,-0.6583706,4
1.432673,-0.01703861,1.135235,1.171296,-0.8472083,0.7328632,-6.250268,0.8305094,-1.352121,4
0.360934,0.4570451,1.265977,0.3315935,0.2480236,0.9352926,-4.624279,-1.629214,-1.156499,4
0.6990449,0.3230847,1.074775,0.2198905,0.4060534,0.4370125,-1.106135,-3.658856,-1.016455,4
1.83782,0.2723766,0.6529844,1.395688,-0.0997465,0.4445204,-1.27073,-0.338125,-0.529609,4
1.946719,0.6855416,1.347408,0.3731072,-0.1631653,0.7911156,-1.015356,-1.346306,-1.043902,4
0.8307413,-0.000485332,0.8381056,0.4066686,-0.3036368,0.5427742,-1.268852,-0.434902,-0.8655927,4
0.8696412,-0.8174407,1.313242,0.6851498,-0.1342652,0.7418189,-3.148135,-0.3829281,-0.967201,4
1.311013,0.4692167,0.9493095,0.4215002,-0.4665094,0.9755898,-0.7471117,-0.1779348,-1.074259,4
1.572596,0.8453472,1.215963,1.297202,-0.491037,0.5706121,-4.754201,-0.2023813,-0.5586877,4
1.847496,0.9119237,1.320353,0.7486844,-0.6855152,0.5824057,-1.661009,-0.3234783,-0.8152173,4
1.700459,0.1232672,1.36127,0.4817163,0.0482053,1.13086,-1.338529,-3.882379,-1.432797,4
1.438382,-0.2936323,1.345056,0.8341565,-0.8978939,1.047124,-2.298295,1.932135,-1.631891,4
1.710438,0.2468567,0.9794554,0.8979712,-0.1392636,0.31653,-1.537722,-1.295064,-0.8302393,4
0.8034208,0.05117368,0.9020228,0.2964287,-0.05768438,0.90791,-0.8227938,-1.065101,-1.04584,4
0.7662312,0.6638415,1.263559,1.197416,0.4434532,0.62096,0.5044115,21.83488,-1.02676,4
0.9060535,-0.1266832,0.9716921,1.271548,-0.5735424,0.7270078,0.8175682,0.3313088,-2.337087,4
0.6849921,0.9619932,1.028308,1.748608,0.2086037,0.2813155,-0.08512926,-0.8155515,-0.1398782,4
0.4157846,1.333744,1.328716,0.1249025,0.4451044,1.387672,-0.1975532,-0.07026653,-0.2469777,4
1.419,-0.89839,1.040171,0.4764175,-0.977477,0.8418211,-0.7382114,-0.6641322,-0.6910051,4
1.818804,0.5297999,0.6494491,0.6246945,0.1216157,0.5984108,-0.2773158,-0.2111199,-0.3199026,4
0.7263324,-0.9754189,0.9249356,1.148116,-0.05208733,0.1651298,0.5375141,0.1055061,-0.2278132,4
1.50621,-0.6543218,1.099946,0.3839611,-0.8987651,0.7605141,-1.126963,-1.017609,-0.9935333,4
0.4431185,0.09593893,1.172859,1.298623,-0.3057894,0.3301673,0.9201866,-0.1188173,-0.6095756,4
1.114151,-0.06423502,1.18488,0.4800335,-0.1537024,0.2786381,-1.74159,-186.8993,-1.091595,4
1.877348,0.7986799,0.6825223,0.4836034,-0.4257466,0.7571356,-0.1603142,0.2950978,-0.2621922,4
1.091066,0.9342977,1.235895,0.4950056,-0.2579648,0.2474528,-1.244495,-0.6740975,-0.6051597,4
0.525367,0.1857977,0.2323852,0.05280317,-0.4080531,0.4158674,-0.1033763,0.1264298,-0.5691021,4
1.174459,0.4314312,1.282329,0.4127016,-1.571512,1.366774,-1.055316,0.7603364,-2.899458,4
0.314044,0.8542878,1.403255,0.2043764,0.4108751,0.7441653,-1.555418,-1.53562,-0.9694371,4
1.418185,0.1414274,1.286316,0.5617844,0.3728418,0.9239177,-1.402207,70.47673,-1.332962,4
1.623485,-1.206048,1.127551,0.07305542,-0.7829163,1.30634,-0.3715083,0.03568644,-0.3865842,4
0.626332,-1.142107,1.34212,0.7593662,-0.0918309,0.4345731,2.892027,-0.1367613,-0.6612828,4
1.13859,-0.7249182,1.208754,0.9846296,-0.4507742,0.4142925,-9.099592,-1.106742,-0.8519451,4
1.667074,0.4772742,1.017582,0.1329612,-0.316464,0.3545655,-0.8123349,-1.660701,-0.9216585,4
1.8573,-0.2148095,1.336946,0.8573497,-0.2851277,0.3685746,-2.201486,3.30888,-1.220992,4
1.702422,1.259279,1.068303,1.402731,0.2589983,0.716014,1.034188,0.3022966,0.1464823,4
1.166216,-0.138366,1.203765,0.2279136,-0.2262557,0.7031309,-1.242453,2.519309,-1.209195,4
0.5548315,-0.6870672,1.041693,0.003881286,-0.5250125,1.346539,-0.9330605,0.6979503,-1.04202,4
1.38693,-0.5287924,1.348923,0.4720552,-0.2712134,0.7000512,-1.577846,-0.1716239,-1.235988,4
1.578043,-0.4908366,0.8710512,0.9286946,-1.237362,1.099364,-0.9347492,1.628827,5.415099,4
1.546897,-1.076549,1.148459,0.4751503,0.2276334,0.6747777,-0.6271681,-0.06416761,-0.5191785,4
1.45216,0.9121916,1.350037,0.5165469,-0.2963108,0.9255138,-1.053948,-0.6153941,-0.9188772,4
1.132759,0.3730738,0.9094551,0.9887307,0.05177468,0.7547566,-1.670784,-0.4660477,-0.7461633,4
0.3508986,0.2999187,1.0135,1.178006,-0.2628215,0.2918206,0.6446622,-0.155008,-0.2480962,4
1.747663,0.8628017,1.140263,0.2089236,0.4520695,0.8301476,-0.5925208,-1.193485,-0.7658024,4
1.242575,-0.2619822,0.5680628,0.1269678,-0.6413847,0.6633536,-0.4334493,-0.4757763,-0.6977898,4
0.9197943,0.6807612,1.252386,0.2199939,0.8020445,1.014255,-0.9179533,-2.136205,-1.091806,4
1.911867,1.429709,1.33751,1.166305,1.190578,1.241023,-0.0489693,-0.07460619,-0.10642,4
1.736407,0.008771039,0.7165347,1.525341,-0.5547153,0.5694055,-3.854933,0.3728357,-1.206874,4
1.111381,-1.01841,1.109213,0.7271128,-0.4252382,0.5734391,-1.464429,-0.26594,-0.4727315,4
1.044521,-1.306645,1.376827,0.3836986,-1.392927,1.237202,-0.7484712,-0.6494363,-0.7778445,4
1.052882,1.596604,1.406092,0.8257681,1.019094,1.202708,0.7510064,0.4649693,0.2475138,4
1.70522,-0.6787261,1.409439,1.060117,-0.8213025,0.8543413,-3.034091,-3.996366,-1.284423,4
0.5055085,0.7415234,1.138423,0.1338062,-0.691759,0.9570568,-0.9443711,-0.2143666,-1.007636,4
1.569947,0.2467824,1.045837,0.08774753,-0.1830359,1.392102,-0.8678654,-2.248172,-1.128705,4
1.330677,0.8403539,0.9557959,0.6688973,-0.4513082,0.9149612,-0.4897498,0.1676767,-0.5919066,4
1.226367,0.02979987,1.4021,0.8153026,-0.7138295,1.357639,-1.613031,0.0401703,-2.092542,4
1.139144,-0.8310891,0.8587465,0.03092745,-0.3508486,1.275535,-0.3894393,-0.03951157,-0.4053539,4
1.935816,0.8066384,1.222378,1.305882,-0.270828,0.511189,-2.067659,-0.5970849,-0.68331,4
0.7539193,0.6830502,1.31668,0.4017135,-0.2544506,1.227555,-1.058696,-0.3602503,-1.182548,4
1.352988,-0.7506484,1.113375,1.086635,-0.05048169,0.2538081,-3.486479,-0.1069531,-0.7561239,4
0.593526,-0.4563062,1.231755,0.8717868,-0.3345332,0.4739912,2.608184,5.949121,-0.9784031,4
1.435333,0.2739406,1.058338,0.2444827,0.8499326,0.7632673,-1.05005,-7.129722,-1.242533,4
1.888018,0.5567883,0.6841161,0.3507238,0.2640658,0.4358402,-0.3122088,-0.5733615,-0.3853158,4
1.712086,0.7037909,1.349319,0.9516895,-0.4516638,0.8078139,-1.901572,-0.5498729,-1.023807,4
0.4606477,0.5098086,0.7685787,0.9286615,0.3456829,0.320583,0.2290415,1.655411,-0.6039836,4
0.6965167,-0.46892,1.025954,0.03599045,0.1778836,1.022424,-0.8808742,0.2445332,-0.9881463,4
1.778971,0.7368317,0.6880804,0.7407122,0.3540946,0.3821512,-0.09272488,-0.1557195,-0.1175598,4
1.609517,1.300972,1.218211,0.08297119,-0.4751177,1.125674,-0.2266694,-0.2671909,-0.2977942,4
1.553616,-0.1656248,0.9870855,0.194497,0.02622161,0.3133491,-0.9652606,1.886149,-1.003931,4
1.769211,0.3507457,1.202218,1.989847,-0.1876839,0.9145621,2.685269,-0.4143055,-0.9514973,4
1.808092,-0.7527861,0.9612674,0.2400533,-0.1183101,1.023541,-0.5607467,-0.2069352,-0.6367333,4
0.5702347,-0.2858752,1.371255,0.08112928,-0.1803398,0.6336218,-1.330505,1.024978,-1.320433,4
1.83696,-1.0746,1.255772,1.282288,-0.5512198,0.6352348,-2.268636,-0.5470282,-0.6358209,4
0.6340753,-1.474029,1.254752,0.5144161,-0.6233147,0.5778041,-0.9647057,0.08432482,-0.05755631,4
0.9158917,-0.1401702,0.8043181,0.1755579,-0.5193575,1.074474,-0.5533603,-1.557029,-1.180687,4
1.686733,-0.8590599,0.7786258,0.3336608,-0.9801371,1.094415,-0.1247888,0.09996111,-0.2203921,4
0.6173193,0.4068496,1.079986,0.3899302,-0.1053739,0.1963702,-2.009416,-1.309703,-0.8124805,4
0.3566292,-1.175009,1.281219,0.02189609,0.6088532,0.8906013,-0.7458729,0.190912,-0.7153598,4
1.579441,0.1390414,1.361194,1.205631,-0.97351,0.8275272,-6.284452,0.6698231,-1.447713,4
1.747484,0.8139017,1.402935,0.748616,-0.6180545,0.6439406,-1.830469,-0.5649025,-0.9830582,4
1.752905,-0.43012,0.7997292,1.394428,-0.2386641,0.4662087,-2.572277,-0.5099721,-0.6447384,4
0.1521123,-0.3359422,0.4078888,0.004960521,0.2501357,0.4148815,-0.2875821,0.1139576,-0.2967466,4
1.38282,0.7137262,1.238129,0.1780183,-1.103494,1.137537,-0.9984292,-0.3736025,-1.234961,4
0.2943624,-0.316393,1.177512,1.096864,-0.1581777,0.1418608,0.6176439,-0.6300201,-0.767303,4
0.4729941,0.4249665,0.892148,1.972008,0.0679585,0.1475983,0.02345326,-3.673232,-0.3801805,4
0.5051091,-1.047468,1.3234,0.3150321,-1.139497,1.06711,-1.424432,-2.009317,-1.066166,4
1.913507,-0.198413,0.8871195,0.5439687,-0.1300061,0.8024305,-0.8524394,-0.1121464,-0.9589466,4
1.961123,-0.1277173,0.891723,0.1511889,-0.1769544,0.2081085,-0.8805972,2.903359,-0.9416546,4
0.398889,1.002196,1.203304,1.476278,0.1346732,0.2805846,-0.1082901,-1.382471,-0.07939094,4
1.314986,-0.04942402,0.7939059,1.473583,-0.4991129,0.5371673,4.741222,0.414557,-0.9976866,4
1.47172,1.191421,1.1416,0.8342333,0.4204599,1.293926,0.2641673,0.4371797,0.38759,4
1.867531,1.152562,1.012991,0.5327373,-0.08273833,0.3926119,-0.1085995,-0.04111414,-0.07392752,4
1.899872,-0.3897195,0.9364971,0.03487173,0.08389894,0.4400621,-0.9839964,1.504282,-1.146478,4
1.955896,0.5905198,1.331703,0.7412482,-0.3836907,0.833174,-1.428628,-0.8568333,-1.140751,4
0.9880223,-0.3436343,1.346272,0.01417353,0.2987456,0.7964561,-1.514864,4.712564,-1.847555,4
0.5860928,0.9717588,1.014878,1.463119,0.4366222,0.4371586,-0.04852361,2.173583,-0.2229686,4
1.656772,1.184513,1.251349,1.430206,-0.228144,0.4203193,-3.026578,-0.2545789,-0.2715088,4
0.5514486,-0.242541,1.400071,0.3638966,-0.1768277,1.130138,-2.045534,-0.3303728,-1.492783,4
0.8471805,-1.447139,1.360882,0.1410635,0.1520713,0.4551195,-0.5373033,0.1319368,-0.4044841,4
1.992252,-0.1092918,1.294757,0.6463149,-1.069589,1.275355,-1.240324,1.185081,-1.898771,4
1.545619,-0.8758626,1.401796,0.7732629,-0.2042171,0.2155685,-2.129795,-0.1472077,-1.009112,4
1.548738,-0.4654372,1.293522,0.2965513,-0.46508,0.7137446,-1.341469,-0.1451275,-1.230934,4
1.776105,0.9667884,0.9306594,1.038979,-0.110093,0.7973314,-0.1516187,0.1616731,-0.1450768,4
1.270108,0.3560836,1.410013,0.9433085,0.3990946,0.6613852,-3.13122,-13.39968,-1.332345,4
1.095799,0.6940144,1.369128,0.8883375,0.2015819,1.136273,-1.644952,-0.7178496,-1.032761,4
1.196899,-0.3884595,0.8310283,0.2231061,-0.3440521,0.421979,-0.8434218,-0.2043592,-0.7425666,4
1.60783,0.2506663,0.9607346,0.3208857,-0.8388178,1.159522,-0.7661253,0.02953528,-1.519492,4
0.708315,-0.01625892,1.05874,0.5828258,0.5390484,0.5204487,-4.301592,0.6844369,-1.238205,4
1.459617,-0.3032632,0.4528919,0.1502255,-0.2913881,0.7183532,-0.2042917,-0.1477741,-0.4301399,4
1.027134,-0.1787689,1.193219,1.232244,0.007945827,0.2845158,3.998898,1.608732,-1.043729,4
1.609957,0.2189959,0.9301481,0.3879501,0.1423122,1.123427,-0.7420666,-0.9310761,-1.019782,4
1.057165,-0.2096404,0.6060652,0.7134022,0.1194905,0.2353019,-1.243522,0.03571644,-0.5691737,4
0.9872215,-0.2030144,1.380036,0.410993,-1.016877,0.9633804,-2.109634,1.974156,-1.595781,4
1.897006,-0.9841683,1.377277,0.2643211,0.1491638,1.151554,-0.9670694,-0.2544501,-0.9887116,4
1.800764,0.1891772,0.6602768,0.08075948,-1.451013,1.33303,-0.4824694,0.2891457,-1.602881,4
0.9639468,0.8578634,0.8531867,1.046119,-0.1576255,0.2585277,2.959673,-0.1064517,-0.07235228,4
1.458321,-0.039051,0.9627337,1.205974,-0.06075469,0.5280622,-3.443567,-12.56217,-0.9306186,4
1.853804,-0.4212151,0.781292,0.289769,-0.368581,0.8309392,-0.5850306,-0.322906,-0.7557396,4
0.8614988,-0.1816872,1.186029,1.324408,0.0007539161,0.2295574,1.441315,1.795774,-0.9982094,4
0.9549028,0.645252,0.8943908,0.3615666,-0.1046314,1.34265,-0.0649256,0.1686754,-0.7806289,4
1.690497,0.8900928,1.392411,0.4904321,0.996968,0.9343162,-1.040969,-2.391473,-1.146953,4
1.031311,1.185252,1.076855,0.7717517,-0.237721,0.6521661,-0.5397591,0.1719772,-0.0437692,4
1.223462,1.310596,1.354796,0.4298113,-1.070104,0.967625,-1.149101,0.3876744,-0.752096,4
1.537987,0.1265033,0.5746865,0.9622514,0.006662397,0.5302624,-0.5921535,-0.3752523,-0.6150966,4
0.1352803,0.1944111,0.8484785,0.4109253,0.1257058,0.2158469,0.1103368,1.773493,-0.6505301,4
1.449446,-0.3888461,1.358282,0.1693617,0.2311933,1.156345,-1.211855,0.2365492,-1.329818,4
1.789604,-0.08258158,1.109128,0.178888,-0.2218623,1.163056,-1.00614,3.110046,-1.196379,4
0.6335085,0.8060582,1.006588,0.2741698,-0.2344974,1.279059,-0.1735866,0.1652085,-0.7491426,4
1.984852,0.5876269,1.091115,1.053032,-0.09583179,0.2477328,-1.362954,-1.026702,-0.731599,4
1.173335,0.4004615,1.230451,0.1865551,0.3894078,0.5992177,-1.092485,-3.408353,-1.233057,4
1.779605,0.5592583,1.340607,1.446742,0.2245303,1.047645,-2.160938,-1.124966,-1.160741,4
1.859493,-0.2929082,1.299406,0.8579373,-0.2514114,0.5744665,-1.952396,0.6793185,-1.224549,4
0.6951609,1.204412,1.266915,0.2091693,1.258536,1.074387,-0.4844011,-0.9638515,-0.6004774,4
1.012506,0.7798558,1.265796,0.7009617,-0.3544013,0.482042,-2.685572,-0.6050557,-0.7284354,4
1.927755,-0.2293122,0.8915524,0.501491,-0.3441242,0.6753308,-0.9402991,-0.2445468,-0.9382993,4
1.294242,0.9679425,1.405976,0.8964821,-0.5058979,0.5961594,-3.040567,-0.4132444,-0.7209457,4
1.504507,1.251789,1.17464,0.2993724,-0.9875823,1.396109,-0.4370088,0.4228865,-0.8331399,4
1.087618,0.9067795,1.061861,0.5168188,-0.1395298,1.037966,-0.4223381,-0.008416665,-0.5298142,4
1.748006,-0.07116259,1.310225,0.875556,0.4327068,0.7765816,-1.786609,1.095548,-1.382707,4
0.7475489,1.45703,1.337154,0.177521,-0.429015,0.6024358,-0.3839267,-0.08008982,-0.2202764,4
1.964118,0.8934726,1.328008,0.7401701,0.2597358,0.8070528,-0.8588777,-1.012391,-0.8219802,4
0.8793022,-0.6235382,0.8398604,0.3665675,-0.3077746,0.5359871,-0.8127613,-0.2728747,-0.5574216,4
0.5329377,-0.7894613,0.840449,0.02492938,-1.147144,1.127497,-0.331448,-0.1638178,-0.5549063,4
1.817702,0.5504776,1.372709,0.5230674,0.5272948,0.6316851,-1.260316,-3.162554,-1.241524,4
0.8103486,0.9129088,0.9369308,0.6662427,0.2595952,0.3111637,-0.6979813,-0.3697848,-0.2523264,4
1.794134,-0.4962308,0.5504012,0.5004887,-0.5804837,0.6656279,-0.2244736,-0.1192452,-0.3612139,4
1.771737,0.6470976,1.398672,0.3800745,0.5224489,0.4501544,-1.226789,-3.006222,-1.271142,4
1.650382,0.8744914,0.883637,1.861295,0.05789496,0.405093,0.03633648,-0.1342001,-0.1215453,4
0.3351629,-0.2062526,1.148531,0.2000419,-0.5118469,0.92424,-1.753315,1.151088,-1.305876,4
0.01535844,0.1945911,0.942596,0.7961718,0.004076063,0.09630685,-0.005398061,31.7862,0.2007091,4
1.133612,0.9812148,1.344532,0.408598,-1.120374,1.026025,-1.416732,0.2522738,-1.188838,4
1.545726,1.0215,0.9989951,0.3534722,-0.1966855,1.252082,-0.2413496,0.1296627,-0.3911029,4
0.7337094,-0.2935313,1.369507,0.6467256,-0.3090994,0.7045995,-8.560924,0.6941029,-1.262108,4
0.4904824,0.6791109,0.9954907,0.3061343,-0.04995236,0.609746,-1.001059,-0.4785052,-0.5945346,4
1.274888,0.001415899,1.045978,0.02328521,-0.2789169,0.3072852,-1.122316,-165.4091,-1.393169,4
1.608364,1.275115,1.22644,0.09045799,-0.5864241,0.8511698,-0.2919753,-0.3513732,-0.3494772,4
1.416933,-0.9816099,1.041386,1.85482,-0.02608632,0.1089445,1.396874,0.04327514,-0.4178303,4
1.609012,0.1690794,1.041859,1.156997,0.2444685,0.5515124,-2.137404,51.4797,-1.029468,4
1.877225,0.9528143,1.387576,1.884244,-0.182904,1.113705,36.72859,-0.1545915,-0.423607,4
1.105599,0.6212291,1.404366,0.5303124,-0.02565235,0.7476439,-1.548238,-1.390569,-1.131314,4
1.424019,1.489281,1.313623,1.371345,0.4624679,0.5988574,2.61982,0.02502478,-0.04772385,4
1.919206,0.002987844,0.9321372,0.04741592,-0.9600613,1.123999,-0.8663798,-13.76873,-1.105211,4
0.7343615,-0.9972856,1.255759,0.6486443,0.03786154,0.4451026,-4.77485,-0.1401794,-0.7320781,4
0.2846102,-0.8111321,0.7894765,0.01021528,0.3126429,0.5253037,-0.3978189,0.2529022,-0.3574356,4
1.833478,0.9661891,1.385243,0.7950689,-0.9336609,0.7915449,-1.894244,0.01899201,-0.9584111,4
1.460173,-0.7338581,0.8707504,0.08344568,-0.4245641,0.5110905,-0.5492365,-0.09648824,-0.5156971,4
1.737188,0.6191959,0.5843855,1.420614,0.3131107,0.495985,0.3606409,0.1498603,0.05895357,4
0.5736693,-0.2594612,0.8072122,0.2331761,-0.4874086,0.567225,-1.091112,-2.188548,-0.8486361,4
1.799225,0.1198917,0.2243408,0.006180978,-0.5757487,1.189233,-0.1601839,-0.3333196,-0.3487897,4
1.316805,-0.3450088,1.323007,1.968396,0.002348271,0.1553043,1.808818,0.8852633,-1.095302,4
0.2901402,-0.2702234,1.214819,0.3404679,-0.05552463,0.2581016,5.105703,1.207057,-1.032789,4
0.9053994,0.02822766,1.37844,0.3811834,0.3587739,0.8475159,-1.641649,3.702286,-1.418222,4
0.9617379,-0.476787,0.7321088,0.2180593,0.2380572,0.4217178,-0.6048544,-0.09979121,-0.5638402,4
1.677622,-0.9030515,0.9450185,0.2136053,-0.4244051,0.6083953,-0.5013248,-0.06885739,-0.4314909,4
1.504301,0.180524,0.9014872,0.4688117,-0.0250752,0.2081346,-0.9690985,-1.970198,-0.7957623,4
0.1754826,0.2689037,1.256615,0.6431724,-0.36658,0.3525896,0.9187573,0.02410319,-0.3459092,4
1.317336,0.07837903,1.256007,1.328907,-0.0373857,0.1187466,103.1043,-5.473144,-1.048559,4
0.6291178,-0.8653973,1.282472,0.8648147,-0.5963743,0.6588925,1.594328,-13.56726,-0.9219628,4
1.569247,0.2657601,1.398214,1.21398,-0.5026774,0.4359361,-6.391482,-0.7286471,-1.093813,4
1.311421,0.5149648,0.992122,0.7263834,-0.2968693,1.075598,-0.5077719,-0.08469042,-1.062193,4
1.510387,0.8267304,0.8707767,0.6130216,0.3495617,0.5957047,-0.2266939,-0.3064155,-0.2729652,4
1.862224,0.4148915,1.388711,0.2188758,0.2834675,1.104349,-1.168861,-3.318342,-1.396058,4
1.201957,-0.2390026,1.22885,0.02581778,-0.7762072,1.260563,-1.199383,3.167975,-1.445421,4
1.482357,0.9938575,0.9896393,0.3775786,-0.9882628,1.046965,-0.5254806,0.4582085,-0.9055002,4
1.255259,0.1363333,0.835153,0.3853908,0.2253613,0.4182533,-0.8462324,-4.13823,-0.7882147,4
1.896427,1.293889,1.157527,0.3574537,0.5600013,1.27255,-0.02677488,0.01591717,-0.03430254,4
0.5649063,-1.4952,1.267133,0.133256,-1.167869,1.252089,-0.1359781,0.2044009,-0.1171765,4
0.9666564,0.8974949,1.327055,1.423801,-0.05325212,0.5321645,0.7192009,-0.7584656,-0.5114059,4
0.4959163,0.6457309,1.058642,0.2569911,-0.01365305,0.1901352,-1.100178,-0.9720118,-0.6554266,4
1.316305,-0.4372867,0.7938105,0.7436689,0.2601897,0.2823677,-1.230939,-0.04999033,-0.6753574,4
1.086842,0.1079141,0.5129902,0.06543796,-0.7124712,1.003286,-0.3819332,0.01600686,-1.006247,4
0.2564488,-0.7518762,1.144426,0.2582595,-0.07535755,0.101204,111.998,-0.05416808,-0.7654346,4
1.859513,-0.491579,1.178971,0.1226719,-0.4542342,1.337832,-0.9995349,-0.2254383,-1.177426,4
1.866691,-1.46424,1.307165,0.2348469,-0.8052036,1.126698,-0.3166275,0.1097642,-0.2987721,4
1.626796,0.6548918,1.090738,0.05138944,1.150011,1.382547,-0.8099818,-2.188028,-1.133457,4
1.975885,0.857397,0.9431915,0.3451254,0.06018,0.3550268,-0.3401318,-0.5489912,-0.395159,4
0.5460999,0.4809278,1.351079,0.254781,0.2982503,0.4705509,-1.552083,-2.745504,-1.128772,4
1.172527,0.7591472,1.354195,0.06213716,0.9577901,0.9884865,-1.046238,-2.875064,-1.399374,4
1.740793,-0.7268267,1.012524,0.103356,0.5600251,0.7232595,-0.8023319,0.2781487,-0.8410671,4
0.168923,-0.2893668,1.413113,0.002767466,-0.176864,1.347515,-1.491981,5.183796,-1.821135,4
0.3280295,0.8338568,1.345591,0.3249174,0.5210971,0.8364738,-34.83229,-1.972587,-0.9759778,4
1.796063,0.620654,1.037447,1.125335,0.2412552,0.6565922,-1.029348,-0.9073646,-0.7319872,4
1.141312,-0.637382,1.111669,0.2176087,0.5603954,0.7391542,-0.9476968,-0.126624,-0.9363169,4
1.928272,-0.252253,1.337959,0.9325727,-0.7118587,0.7137917,-2.473363,2.125229,-1.320381,4
0.4194239,-0.03095926,1.387409,0.003201953,0.3839172,0.5932164,-1.65258,73.14501,-2.138595,4
0.5741158,-0.963985,1.215417,0.5197496,-0.6512373,0.6521901,-6.488045,-1.407939,-0.7273409,4
0.3145698,0.3500454,1.363968,0.4034991,0.3562757,0.4448273,2.579726,7.847688,-1.233328,4
1.416377,-1.015498,1.233937,0.1314457,0.5144002,0.4562732,-0.8947727,0.251696,-0.8524476,4
1.579543,0.7429371,1.145946,0.008783678,0.0521828,0.6491541,-0.8820353,-2.339149,-1.246913,4
1.984988,-0.06954475,0.9772088,0.004866649,0.6660359,1.084706,-1.255498,19.5394,-1.64489,4
1.913023,-0.312878,1.407539,1.419291,-0.3240654,0.7706982,-3.984783,0.05562716,-1.330648,4
1.981774,-1.024916,1.362153,0.3509343,0.06647242,0.5588723,-1.004472,-0.1415452,-0.9027842,4
1.187764,1.19122,1.014469,0.7872475,0.1981189,0.4524647,0.2191514,0.0785612,0.007692895,4
1.265429,0.7932259,1.194658,0.2018525,-0.1037889,0.0989628,-0.7848678,-1.303042,-0.816193,4
1.03053,0.3967285,1.379503,0.05967877,-1.294583,1.128314,-1.201321,-1.581833,-1.417866,4
1.701402,0.1243385,1.021416,0.07528079,-0.6301556,1.220503,-0.8972665,-2.852199,-1.141552,4
0.7954731,0.6964059,0.9620649,0.9704764,0.3072309,0.3998383,1.021139,-1.267615,-0.5392334,4
1.981232,0.6848163,0.8344501,0.04206767,-0.4497133,0.8353426,-0.4154959,-0.8143139,-0.575701,4
1.674898,-0.1873568,0.968406,0.1139802,-0.3084072,0.7618082,-0.8799098,0.8205611,-0.9769071,4
0.9112036,-1.208822,1.251697,0.03249122,0.7535353,0.7854162,-0.7839108,0.5291907,-0.7435904,4
0.8360651,0.145301,0.8442481,0.4028107,0.1523548,0.7236046,-0.8886604,-1.974325,-0.8990422,4
1.034863,0.843217,1.351402,1.096952,0.2780131,0.5724384,6.657291,-1.526003,-0.8441773,4
0.3054526,-0.4271339,0.7715322,0.01686255,-0.9735482,1.354706,-0.4630671,-0.4191839,-0.9932123,4
0.3487283,0.9314263,0.8068263,0.1750147,0.02129827,0.247852,-0.02727182,-0.00978848,-0.03099793,4
1.189744,0.6442586,1.372132,0.9467533,0.1815688,1.125646,-1.757298,-0.808533,-1.101956,4
0.704856,0.7011405,1.341338,1.300117,0.2376771,0.4379787,0.3727324,-3.439962,-0.8507087,4
1.125883,-0.1520749,1.343497,0.5086355,-0.5979016,1.111481,-1.632483,0.5644138,-1.553251,4
1.606641,1.392677,1.32173,0.8498592,-0.5769836,0.9495483,-0.7939557,0.2813283,-0.3330214,4
0.7131588,0.5510591,1.185753,0.9624189,-0.3420295,0.6844726,1.798671,-0.2746782,-0.5729891,4
1.064869,-0.307483,1.312609,0.873504,-0.1295149,0.2866199,-5.866883,1.234902,-1.137935,4
0.5131086,0.1184197,1.364019,0.2360518,0.7751138,0.6918436,-1.922942,3.100771,-1.451204,4
0.3182018,-0.6262233,1.348512,0.5247796,0.3734046,0.4224744,1.158411,-0.02983654,-1.254463,4
0.8502409,0.7281783,1.080261,0.1145673,1.042234,0.8881707,-0.7316738,-1.832561,-0.9575792,4
1.317734,-0.1977079,1.003025,0.5110751,-0.1917242,0.4780326,-1.327589,0.7288166,-0.9669214,4
1.696171,0.3176316,0.9673604,0.7526827,-0.8128533,1.14338,-0.4620464,0.1361444,-2.25953,4
0.6697208,0.8724837,1.05739,0.3102389,0.5262306,1.136143,-0.3279226,-0.1721134,-0.3904495,4
1.517857,0.4431451,1.33393,1.284486,-0.8207234,0.9459185,-6.561353,0.177503,-1.301525,4
1.962201,0.6747984,0.8245444,0.3372787,-0.7972782,0.8804674,-0.5327008,0.0928036,-0.8173829,4
1.169425,-0.2557779,1.387225,1.103099,-0.4717815,1.018898,-12.99754,0.7703092,-1.471194,4
1.507803,-0.3116638,0.9174162,0.08834577,-0.6439435,1.111517,-0.8015561,-0.2220145,-1.009421,4
0.6955265,-0.1550496,1.38014,0.0726982,-0.2029727,1.209136,-1.267043,2.290489,-1.425224,4
1.025982,0.3646571,0.4343448,0.8234371,-0.08259587,0.1356452,-0.9614384,-0.1519385,-0.149957,4
0.127207,-0.7861313,1.182742,0.0319944,-0.2933525,0.5069586,-1.105324,-0.2286778,-0.8678144,4
1.494002,0.8909165,1.402341,1.682657,-0.5087839,0.6722634,7.563908,-0.2402191,-0.5510383,4
1.701055,0.6050138,0.8667687,0.138481,0.4532718,1.087903,-0.4791704,-0.9670535,-0.6479192,4
0.04351494,-0.2315162,0.6034268,0.01007607,-0.6461706,0.8511711,-0.3698438,-0.7565996,-1.096693,4
1.225263,-0.7560316,1.052781,1.541504,-0.5228353,0.5385972,1.983765,-4.455458,-0.7165686,4
1.862747,-0.2884375,1.361825,0.9710951,-0.1393886,0.1847914,-2.396596,1.465012,-1.218263,4
1.551231,-0.1013658,1.088847,0.9349073,-0.3798885,1.045977,-1.113457,0.1373178,-1.373183,4
1.004055,0.2566571,0.8272152,0.4601098,0.1041651,0.5291664,-0.9035271,-1.242324,-0.7630092,4
0.8376252,-0.7136537,1.185077,0.2370065,-1.309698,1.303285,-0.8902435,-1.450822,-1.491589,4
0.6728327,0.1794654,0.9801914,1.357117,0.2594049,0.35657,0.3696694,1.020465,-0.9583533,4
1.637133,0.6825352,1.075293,0.738144,0.3977958,1.07539,-0.629029,-0.5423535,-0.7511915,4
1.011144,0.2399326,0.8466888,1.971918,-0.2749024,0.5759621,0.2808623,-0.01850114,0.7993911,4
1.575744,-0.5608583,0.9330688,0.2926258,-0.7683436,1.211293,-0.517442,-0.4150598,-1.015299,4
1.448959,-1.320414,1.212266,0.5134128,-1.046181,0.9749011,-0.3994887,-0.1033591,-0.3077024,4
0.8815745,0.02094354,0.8315333,0.3239926,-0.9212087,0.8080027,-0.9010843,0.7428734,-1.547314,4
1.305085,-1.333925,1.129339,0.2346846,0.4305726,0.3900809,-0.2825047,0.2480136,-0.1424077,4
1.93311,0.1975828,0.4149683,1.208517,0.2443622,0.3241647,-0.4857422,-1.415546,-0.4073504,4
1.360679,-0.1197814,0.9589266,0.5341283,-0.04467392,0.2408118,-1.265904,1.988432,-0.8974147,4
1.120536,-0.2072299,1.341738,1.671181,-0.1925202,0.6845326,1.641501,-0.7989249,-1.194233,4
0.9418714,0.4790382,1.353007,0.01455869,-0.07956986,0.8924789,-1.284162,-4.74685,-1.713729,4
1.337741,1.461681,1.329823,0.07144696,0.3803088,1.27583,-0.1491055,-0.2609892,-0.2142093,4
1.7298,0.5992736,1.363618,1.43334,0.09535591,0.5136408,-3.926186,-1.757707,-1.024408,4
0.8532453,0.501873,1.144309,0.7716538,-0.1041299,1.075445,-1.139816,-0.2397215,-0.7487297,4
1.473029,-0.6228808,1.020098,1.241458,-0.2845317,0.5408599,-4.306419,-0.5386381,-0.7503921,4
1.458503,-0.8460292,0.766764,0.1367598,0.09927957,0.5113732,-0.240793,0.09040869,-0.1838782,4
1.53009,1.005214,1.226554,0.2051267,0.2309595,0.8066199,-0.548107,-0.9765367,-0.6893724,4
1.933776,1.319777,1.171915,0.1992267,0.1550284,0.471291,-0.0858005,-0.1573488,-0.1238169,4
1.6685,0.4178025,1.322146,1.041885,0.5588783,1.012955,-1.693116,-7.470243,-1.372842,4
0.7147629,0.9604591,1.043448,0.4628318,-0.1588355,0.7450379,-0.6053653,-0.04765147,-0.3329656,4
1.521185,0.1020647,0.4341437,0.08815204,-0.5492213,1.373431,-0.1354583,0.08658779,-1.76922,4
1.215787,-0.775444,1.133954,0.3696108,-0.6437697,0.8975829,-0.9249767,-0.52847,-0.8909945,4
1.682317,0.2328454,1.007737,0.3231778,-0.1807718,0.8013824,-0.9257838,-1.303457,-1.004982,4
1.902718,0.1556462,1.218475,1.904307,-0.3037885,0.83472,766.1843,-0.399834,-1.147426,4
0.6273161,-0.6560274,0.6962466,0.1894321,-0.3182573,0.2974258,-0.5640358,-0.100631,-0.3038046,4
1.262333,-0.2252257,1.379268,1.386941,-0.7203072,0.696613,16.36357,1.033329,-1.281051,4
1.964226,1.098703,1.191999,1.779325,0.4759655,0.9154806,0.3120882,-0.07603322,-0.2289827,4
1.994843,0.09852637,1.054073,1.415706,-0.1243744,0.7419378,-2.010018,-0.9704952,-1.065569,4
1.841039,0.1546218,0.9808137,0.1165958,0.1129884,0.09953706,-0.9684425,-5.944436,-1.156655,4
1.83859,-1.119481,1.36464,0.1290107,0.006804697,1.386175,-0.8192786,-0.1843442,-0.8418127,4
1.192722,-0.6642373,1.2729,0.7500165,0.4484937,0.5732768,-2.173635,-0.1188256,-1.138637,4
1.782534,1.07584,1.234306,0.4631418,-0.03673931,0.1667619,-0.5521132,-0.7343991,-0.5208742,4
0.8292693,0.1813446,0.610857,0.3286327,-0.3784481,0.9138259,0.04607036,-0.0788905,-3.149339,4
1.91416,-0.1068347,1.372994,0.03826436,-0.1568183,1.076142,-1.449893,15.48951,-1.794676,4
1.823559,0.2385329,1.361297,1.70433,-0.8519384,1.311993,-5.057609,0.0808775,-5.46588,4
1.225929,-0.131538,1.171348,0.4841774,-0.1694828,1.218986,-1.000358,-0.3401181,-1.387264,4
1.863869,0.8219147,1.298979,1.235925,-0.8762673,0.7548775,-3.322791,0.1965749,-0.864718,4
0.85176,-0.9000701,1.096854,1.611734,-0.170286,0.1777929,1.102017,-0.1848281,-0.5301597,4
1.259023,0.4930074,0.9927439,0.03331374,-0.428514,1.246444,-0.7610145,-1.821147,-1.035246,4
1.160174,-1.231242,1.139609,1.435239,-0.3110484,0.3793837,1.834786,-0.02466718,-0.2075747,4
0.175912,0.3039314,0.9137411,0.1694666,-0.1527526,0.2753028,-18.01121,-0.8330301,-0.6539424,4
0.6185881,-1.032191,1.012705,1.194173,0.04147053,0.1783707,0.2383743,0.07251186,-0.3079282,4
1.433192,-1.229149,1.125175,1.478546,0.01977964,0.1635419,8.120999,0.1642545,-0.2505984,4
0.5076014,0.5877583,1.044218,1.213832,-0.07740835,0.5322652,0.071223,-0.4185933,0.03963135,4
1.924971,0.7160406,0.7675059,0.2798428,0.1139346,0.6181944,-0.2365231,-0.3583282,-0.3038179,4
1.554011,1.077577,1.332366,0.9477994,-0.02738114,0.1079205,-1.20431,-0.8044401,-0.5698939,4
1.720054,0.4267024,1.335581,1.495254,-0.6983325,0.7545519,-9.256069,-0.02162398,-1.071782,4
0.2487991,-0.1571984,0.6225799,1.258273,-0.1204056,0.1670914,0.2248765,0.183891,-0.4206086,4
1.212841,0.1966874,0.7909046,0.329637,-0.1281982,0.5390227,-0.7874296,-0.9466611,-0.766224,4
1.664248,-0.06130535,1.209322,0.08365347,0.5862197,1.31978,-1.187284,10.30623,-1.465492,4
1.489975,-0.9908739,1.093795,0.05170972,-0.1079719,0.5013801,-0.6580721,0.199167,-0.6311095,4
1.750759,0.2661643,0.9308054,0.36481,-1.360006,1.204699,-0.5611244,0.6177441,-2.414503,4
1.401487,0.4034533,1.219472,0.5978736,0.2165417,0.5523669,-1.314569,-2.26575,-1.055518,4
1.301126,-1.16285,1.107525,0.1675249,-0.6974805,1.128052,-0.2975489,0.006151677,-0.3776741,4
1.87323,1.212201,1.239532,1.099842,0.1385589,0.1178054,-0.5997232,-0.4632918,-0.319734,4
1.046121,-0.09846666,0.7116939,0.1080659,-0.2748138,1.015825,-0.5985957,-0.03823888,-0.8893095,4
1.28664,0.8177101,1.320181,0.05370069,0.4017135,1.184928,-0.9062601,-2.201902,-1.224465,4
1.193257,-1.269136,1.308721,0.1067984,0.2265974,0.395068,-0.6691863,0.1295104,-0.5898379,4
0.5832981,0.371508,0.9702687,0.3261772,0.2131419,0.4774361,-1.213747,-1.72321,-0.8272795,4
1.795268,0.3175469,1.310203,1.028998,-0.670786,0.636012,-2.940638,-0.3004219,-1.152484,4
1.501858,0.3302362,1.316767,0.2960475,-0.1797657,0.4123755,-1.235804,-2.287894,-1.15625,4
1.127198,0.6054013,1.090655,1.281952,0.2147571,0.731561,1.204054,-0.859811,-0.7123485,4
0.8140088,0.3830007,1.269277,0.9166242,0.2858789,0.3604555,5.580943,-12.95067,-1.082355,4
1.485038,0.0543617,1.236692,1.218912,0.1581812,0.4012261,-4.49191,6.513516,-1.156606,4
0.8546656,0.2678578,1.334992,1.102515,0.5947264,0.7023053,2.223305,1.165459,-1.615564,4
0.6327498,0.9570834,1.253783,0.1621572,-0.1530229,0.9514036,-0.7050539,-0.5633289,-0.7282915,4
0.7682297,0.3438235,0.5539144,0.5504346,-0.06620278,0.1500504,-1.048781,-0.4029528,-0.3192864,4
1.043666,-0.3309037,1.049811,0.04319426,0.06501183,1.123486,-0.9669319,0.9199381,-1.12739,4
0.8553973,0.599719,0.8778179,1.851126,-0.06945569,0.07471741,0.3655473,-0.6473106,-0.2468337,4
1.235774,0.9572049,1.227206,0.322784,0.5208316,0.7455927,-0.6234247,-1.095108,-0.7157942,4
1.253605,0.2818363,0.8129795,0.3513751,0.02587069,1.089348,-0.5268737,-0.3174826,-0.9383769,4
1.569341,0.7950268,1.114024,1.738966,-0.01040529,0.6987948,1.55227,-0.3656145,-0.431235,4
1.488478,-0.216741,0.9514949,1.273833,-1.051812,0.8921683,-3.740854,0.9203395,-13.58492,4
1.361992,0.3258585,0.9049566,1.608989,-0.3637632,0.6729477,2.239163,-0.05269699,-0.6375272,4
0.3545824,-0.1126376,1.34049,1.173528,-0.3187952,0.5831504,0.3582413,0.2347618,-0.9612077,4
1.626385,-0.6380782,1.214092,1.114208,-0.1328853,0.3923165,-2.743163,-0.1502411,-0.9572376,4
1.973783,-0.1369001,1.336692,1.447803,-0.8139142,0.7074436,-5.607533,0.9883207,-1.315527,4
1.601714,-0.812994,0.9911326,1.923994,-0.1939668,0.3710685,3.066472,-0.2550908,-0.5053989,4
1.688476,-0.22144,0.8732027,1.648286,-0.2387705,0.3799923,-31.82786,1.647996,-0.7608062,4
1.164696,-0.1082572,0.9058944,1.857647,-0.1814479,0.3281792,1.339886,-0.4666142,-0.7235725,4
1.375795,0.7659678,1.164276,0.3581382,0.7857082,1.383386,-0.6028137,-0.814035,-0.7540257,4
1.986331,0.8649161,1.373598,1.007474,-0.9512547,1.356863,-1.071939,0.2243754,-1.637795,4
1.193362,0.331604,0.9396303,0.07971277,0.4235938,0.5515074,-0.844378,-2.993651,-1.069692,4
1.983922,0.7733271,1.027934,1.381019,0.06167836,1.094563,0.003150363,0.06951018,-0.1954441,4
1.166108,0.7100399,1.014465,0.0490129,0.6541082,0.823573,-0.6446536,-1.552476,-0.8854336,4
1.601084,-1.172755,1.395196,0.1443071,0.8316307,0.9595854,-0.9150187,0.1172218,-0.8960262,4
0.2670839,-0.8941658,1.37075,0.02568031,-0.4301696,0.4670425,-1.112499,-0.1858764,-1.027679,4
0.8319005,0.2056985,0.9030111,0.01130676,1.548291,1.310137,-0.9949169,-6.243641,-1.374855,4
1.588887,-0.7333328,1.335514,0.7580058,-1.464166,1.378313,-1.332138,-22.53091,-2.228325,4
1.598372,-0.4695655,0.6075117,0.1382466,0.3302661,0.2857862,-0.4766776,0.1626337,-0.4702282,4
1.253432,0.4165503,0.6093156,1.200005,0.2751639,0.322062,-4.408525,-1.064294,-0.413769,4
1.598699,-1.21495,1.235837,0.1033394,0.4820956,0.9603601,-0.5655079,0.04878043,-0.5151042,4
1.789714,-0.5839152,1.403736,0.1721906,0.1296217,0.1428867,-1.339187,0.8493991,-1.387773,4
1.75961,0.4100142,0.7095653,0.1503481,-1.328968,1.337439,-0.3716139,0.3400437,-1.985895,4
1.482647,1.256434,1.39924,1.00994,1.199405,1.175643,-0.8511832,-1.336996,-0.7565419,4
0.3239949,0.2980457,0.4891677,0.01112413,0.2272288,0.5202706,-0.3454615,-0.8708526,-0.4732915,4
1.623027,-0.186711,0.9638281,0.5421475,0.1639733,0.5098926,-1.084016,0.4685521,-0.9552202,4
0.1792534,-0.8945577,1.147987,1.529878,0.06218876,0.07068586,0.04709755,0.03018079,-0.5961581,4
0.48553,0.1515129,1.345745,1.200134,0.01812534,0.5421343,0.29367,-4.747207,-1.026273,4
1.950865,1.378405,1.374718,1.061716,0.07321653,0.9154994,-0.3652061,-0.1135368,-0.3190082,4
1.562343,0.7509434,0.7922705,0.4266796,0.3787602,0.560335,-0.2210512,-0.3683642,-0.2808812,4
0.520367,0.4447787,1.047023,1.013345,0.1859667,0.1625171,0.5649588,-7.94485,-0.7280016,4
1.734545,-0.004320656,1.151212,0.830801,-1.331436,1.136833,-1.484899,1.079015,-2.797799,4
1.363732,-0.3953126,0.7636847,0.1477029,-0.9930604,1.156456,-0.4253172,-0.5353819,-1.12044,4
0.7353243,0.06477517,0.7852483,0.1625146,-0.2005147,0.6906101,-0.7648314,-1.093598,-0.8635748,4
1.511142,-0.3735924,0.5583227,0.1277574,-0.4924072,1.032636,-0.230368,-0.1638486,-0.6047998,4
1.681941,-0.05349546,0.7615772,0.9465132,-0.5626431,0.5208958,-1.625768,0.6158279,-0.8979944,4
1.826584,0.07910122,0.885085,0.4065837,-1.079602,0.9329985,-0.8035665,0.7460733,-1.577577,4
1.973926,0.7202176,1.042325,0.9059886,-0.1122096,1.236815,-0.3517199,-0.008602328,-0.7955434,4
0.1757047,1.089921,0.9590601,0.04530688,0.08178324,0.5598105,-0.04262177,-0.02472102,-0.06525812,4
1.695859,-1.51562,1.383704,0.01789711,0.2877984,0.5526699,-0.7607108,0.9078836,-0.6554428,4
1.331367,-0.589215,1.111332,0.7855833,-1.107236,1.191679,-1.100505,5.8639,-2.325872,4
1.363268,-1.169765,1.221959,0.8910062,0.3207804,0.4875388,-1.153387,-0.02600773,-0.5265517,4
1.956851,-0.8041148,0.9076017,0.4809605,-0.02173874,0.3372148,-0.5970409,-0.04704847,-0.4685891,4
1.173505,-0.8195812,1.382332,1.703317,0.1312223,0.3638724,1.524271,-0.1130849,-1.038876,4
0.4478633,0.8229533,1.310431,1.383354,0.1299294,0.4393887,-0.05947233,-1.929987,-0.3658062,4
0.9035605,0.3052357,1.132683,0.6207897,-0.3359025,0.7299917,-2.331315,-0.5218124,-1.03366,4
0.6479155,1.632592,1.383856,0.1073447,1.358714,1.263306,0.0167448,0.02256185,0.01450891,4
1.64411,0.227758,1.132717,0.0915374,0.2793551,0.250876,-1.122356,-6.094723,-1.375633,4
0.8475242,-0.7695882,0.9393037,0.1305726,-0.6451754,0.9074064,-0.5128764,-0.2584356,-0.640323,4
1.385996,0.04101295,1.188604,1.773819,-0.6592431,0.9747811,1.161609,0.1694076,-3.793172,4
0.9196897,0.4344378,1.403527,1.327375,-0.3187984,0.8723301,1.405491,-0.4087764,-0.8708458,4
0.8318366,0.03833176,1.188835,0.8017241,-0.2468078,0.3232083,-29.67712,-1.410782,-0.9723324,4
1.913952,1.062105,0.9615271,1.204984,0.7915723,0.8971233,0.1359313,0.1565477,0.07756731,4
1.365128,-0.8691034,0.9207922,0.7934038,-0.5839775,0.523823,-0.9606023,-0.4364673,-0.3988206,4
1.421172,0.2414214,0.9042659,1.584851,-0.5985819,0.5610829,8.579551,0.3189989,-0.8196512,4
1.800351,1.024567,1.137275,0.0590978,-1.161793,1.029389,-0.4800732,-0.6207262,-0.6394188,4
1.31391,0.2219897,1.207969,0.6885226,-0.6916428,0.8290007,-2.048997,-0.06596728,-1.281111,4
1.583979,0.389865,1.352497,0.4129955,0.05806421,0.4198061,-1.271058,-2.555755,-1.171976,4
0.9877287,1.292624,1.374174,1.76475,0.2383388,0.6275946,-0.3054672,-0.3447993,-0.09231888,4
0.9525992,0.5530114,1.291789,1.23788,-0.6420393,0.8490468,3.059382,0.09743494,-0.6966525,4
1.621523,1.093671,1.369743,1.080711,-0.3115797,0.4136132,-2.11461,-0.5390775,-0.5673817,4
0.8492115,-1.118142,1.287418,0.2639073,0.136087,0.1332468,-0.9768639,-0.03617255,-0.6872616,4
0.7954977,0.8802899,1.168671,1.122087,0.2442469,0.6917937,-0.05956836,-0.5682386,-0.3978724,4
0.4708288,-0.2068825,1.251892,1.817624,0.1627518,0.2554471,0.1577791,0.4121141,-1.084729,4
1.202954,0.7158079,1.353143,0.5687445,-0.541741,1.062727,-1.430316,-0.3502528,-1.194072,4
1.047322,0.2787339,0.6953025,1.23825,-0.03194998,0.2200786,1.999356,-0.7591265,-0.4737621,4
1.53855,0.7298993,0.971849,1.105784,0.3719745,0.6949531,-0.7232314,-0.5769178,-0.5347936,4
1.298836,-0.9249534,0.9582942,0.2433267,0.2089406,0.6088495,-0.4658705,-0.0233543,-0.4078146,4
1.119151,0.7343863,0.9404374,0.08846032,0.2012092,0.9063351,-0.4588008,-0.8734134,-0.6130136,4
1.626939,1.343014,1.343795,0.5042258,-0.002961052,0.1684565,-0.3803602,-0.4701485,-0.3467166,4
0.9510841,1.062347,1.366201,0.3019057,0.4067151,1.352714,-0.6003765,-0.5351611,-0.7163742,4
1.81805,-0.9051452,1.22058,0.7024724,-0.5242153,0.823069,-1.120322,-0.4386577,-0.8263017,4
1.791861,-0.7584437,1.404661,1.281676,0.1920323,0.6593882,-2.750067,-0.2226973,-1.173345,4
1.959118,-0.1968524,0.7234985,0.4812232,-1.125448,1.056566,-0.526031,2.306825,-2.538091,4
1.185968,0.7699007,1.409529,1.531673,0.4230936,0.8440276,0.8005427,-2.756248,-1.042534,4
1.131487,0.2857933,1.120733,1.104561,-0.4215916,0.708644,-31.65123,-0.2122174,-0.946126,4
1.539353,-0.7255967,1.127929,0.06280281,-0.08657163,1.171311,-0.8253538,-0.1297274,-0.8892092,4
1.10044,0.9242747,1.375189,1.930231,-0.2351484,0.6978055,0.5175044,-0.3662431,-0.15412,4
1.373467,0.6957325,1.406163,1.264612,0.343035,0.8321622,-5.913823,-1.920047,-1.108676,4
1.129652,0.5510423,0.6360244,0.03716752,-0.3976066,0.7331643,-0.2748562,-0.4438054,-0.3862854,4
1.833339,-0.6217568,1.104205,0.5780329,-0.7458108,1.102798,-0.8178419,-0.7149397,-1.109387,4
0.9106135,-0.6188322,1.398201,0.1298813,0.1494386,0.6191906,-1.242546,0.01579416,-1.233347,4
0.9926333,0.1996769,1.249011,0.1740218,0.5834101,0.9436718,-1.156255,-8.487423,-1.318891,4
1.635088,0.5159775,0.7885548,1.195118,0.3268022,0.3798977,-1.126863,-1.107359,-0.5284107,4
1.841636,0.0323246,1.171743,1.429226,-0.9959816,1.155622,-2.173719,0.3897248,-4.559424,4
1.741791,0.5298235,0.9758903,0.3636094,-0.3374805,0.8242544,-0.7640625,-0.5682427,-0.8443908,4
1.39109,0.003489195,1.117411,0.6975855,-0.3121254,0.464983,-1.936333,-1.585468,-1.042549,4
0.9512595,0.2434205,1.07109,0.8027688,-0.1431621,0.5773612,-4.1393,-0.9392703,-0.9294872,4
0.8924631,0.006772247,0.7887272,0.1355788,-0.530329,0.4491994,-0.8734908,-0.885587,-0.8303278,4
1.08646,0.5107035,1.09746,0.3350666,-1.376334,1.279492,-0.6989153,0.5722172,-2.604379,4
1.845858,0.4881114,1.230312,0.1980564,0.4000828,1.284727,-0.9452475,-2.261264,-1.192536,4
1.442111,1.369159,1.163673,0.8498676,0.3862408,1.135438,0.4684195,0.5085566,0.3564046,4
0.4777979,-0.3697274,1.30855,0.5310737,-1.246599,1.193759,4.522068,0.8241915,5.208702,4
1.602739,0.05915608,0.9951332,0.6354164,-1.23271,1.104793,-0.9528822,0.7767048,-2.814613,4
1.376545,1.184658,1.370087,0.3039229,-0.1622265,0.8199398,-0.6083947,-0.6214687,-0.6165135,4
1.948622,0.5772774,1.01544,0.9858714,-0.2043255,0.8016772,-0.9489639,-0.3850133,-0.8065891,4
1.277186,0.8640537,1.076401,1.715279,-0.2596649,0.4743491,1.319432,-0.2030835,-0.1768423,4
0.3709634,-0.5236254,1.30937,0.2481007,-0.02981269,0.7397538,-2.392459,-0.2325814,-1.191413,4
1.977848,0.6613917,1.270706,0.7531658,-0.2423098,0.8136414,-1.209944,-0.8357747,-1.010256,4
1.629614,-0.1241327,1.145456,1.556303,-0.8608505,0.773009,-21.18964,0.9520152,-1.545659,4
1.539983,-0.7572244,1.122301,1.254433,-0.1809968,0.4748686,-3.741808,-0.2826587,-0.7596052,4
1.831846,-0.6885503,0.9860694,0.9719078,-0.6504422,0.7225793,-1.103502,-0.911847,-0.7663009,4
1.665683,-0.4291256,0.7003234,0.3618789,-1.130468,1.048157,-0.4575917,-0.9643611,-1.582299,4
1.735942,1.337438,1.228202,0.708275,-0.1685766,1.322006,-0.1114126,0.3590813,-0.2111761,4
1.962561,0.7116783,1.072682,1.285501,-0.05369888,1.134014,-0.2768008,-0.03580582,-0.5802173,4
1.648445,0.3278457,1.369555,0.7638357,-0.637903,1.019283,-1.814495,-0.3993602,-1.447499,4
1.484675,-1.030563,0.9786467,1.990637,-0.317,0.3878852,0.6184466,-0.1050872,-0.2017052,4
1.797447,0.2888489,0.7357401,1.429372,-0.005195951,0.1606694,-2.103903,-0.9962834,-0.5466677,4
1.090475,-0.2366362,0.3685461,0.04822396,-0.435771,0.6671745,-0.2184016,-0.1573162,-0.4097858,4
0.1986779,0.767772,1.289425,0.07977011,-0.4189308,0.9868589,-1.169546,-0.4580531,-1.037305,4
0.5290287,0.4743274,1.286359,1.070341,-0.2427248,0.7920789,0.353549,-0.2893889,-0.01110111,4
0.3136079,0.2899688,1.205948,0.2472163,-0.3407233,0.4929926,-4.675962,-0.7988169,-0.9675116,4
1.904377,-0.9019919,1.040339,0.1242984,0.7156112,0.7723322,-0.690796,0.2189003,-0.6827387,4
0.4472137,-1.124309,1.381353,0.1019338,0.364598,0.8056965,-0.9358656,-0.1535351,-0.8424026,4
1.346764,0.3038384,0.6623626,0.3827119,-0.2491862,0.7725788,-0.4650487,-0.1636252,-0.788483,4
1.757233,0.1584176,0.6951382,0.8395373,0.1934984,0.5160449,-0.7711841,-2.180097,-0.7033627,4
1.993315,-0.3173881,0.6629307,0.4739463,-0.2706955,0.3873821,-0.6874216,-0.221522,-0.5956485,4
1.885959,0.7437267,1.336789,0.3691761,-0.8581085,1.05067,-1.15875,-0.5080969,-1.22364,4
1.56721,0.855978,1.353781,0.873381,0.300621,1.24326,-0.8542044,-0.5722121,-0.9280933,4
1.960781,-0.6816321,1.115623,1.290221,-0.9558223,0.8954424,-1.71281,-10.9347,-1.243136,4
1.029083,1.114361,1.092385,0.5241304,0.1799506,0.9261745,-0.1335093,0.04005697,-0.1864642,4
1.53649,0.07117087,0.8287677,0.5523894,-0.304468,0.3825563,-1.139362,-0.8765252,-0.7940768,4
1.15723,-1.348538,1.412025,0.3505339,-0.3603692,1.076115,-0.6415945,-0.1108283,-0.5714165,4
0.6131861,0.2901324,0.8647381,0.1965255,-0.875683,1.180564,-0.2668619,0.1698969,-2.51864,4
1.258407,-0.03522872,1.33688,1.304406,0.3048237,0.6421263,19.66421,0.9533487,-1.380913,4
0.5988107,-0.7725437,1.012231,0.2988498,-1.457045,1.271973,-0.7838741,-10.1934,-5.17792,4
0.7550561,0.2047172,1.16201,1.175762,-0.1652195,0.3333201,1.581653,-1.138026,-0.8183405,4
0.3906384,0.5854547,1.011492,0.177886,-0.1590948,0.6513987,-0.9723136,-0.5734227,-0.7458726,4
1.232737,-0.9172235,1.400022,0.5830034,0.5414387,0.7356203,-1.544175,-0.1945601,-1.106675,4
0.6941047,-0.3374047,1.317345,0.08876809,-0.3857576,1.061218,-1.247836,0.1896433,-1.353784,4
1.473963,-0.6015946,1.075863,0.253253,-0.935011,0.9212615,-0.9123233,-0.7864939,-1.064499,4
1.565616,-0.5368487,1.304076,1.301014,-0.1923283,0.627214,-5.227104,-0.3101453,-1.123611,4
1.897667,0.2142897,1.407751,1.055148,0.1591192,0.3521324,-2.202181,-6.648874,-1.268732,4
0.2099797,-0.3350373,1.203011,0.5991365,-0.1056942,0.1604816,0.5999969,7.495784,-0.8615596,4
1.328476,0.8930548,1.189175,1.31024,-0.327422,0.892211,-17.70439,-0.03337561,-0.3389693,4
0.3901384,1.421971,1.322716,0.4991504,0.2530884,0.2949693,0.03119264,-0.271982,-0.1453542,4
0.6553798,1.30775,1.201389,0.2101349,0.1444887,1.102203,-0.1047514,0.0789744,-0.1360881,4
1.557495,0.02050033,1.173246,0.813429,-0.07580475,0.193158,-1.944791,-7.787446,-1.056974,4
1.610077,0.07163693,0.6173657,0.811018,-0.1458653,0.593854,-0.598273,-0.233039,-0.7370775,4
1.165356,0.0257866,0.6147472,1.437995,0.2004309,0.1893053,1.825213,0.6052571,-0.6246658,4
1.39634,0.7024858,0.6784133,1.729252,0.2269207,0.401329,-0.4277169,0.02669733,-0.0220126,4
1.559152,-0.5351968,1.161436,0.5536447,-0.3377379,0.9472866,-1.109376,-0.4918028,-1.09967,4
1.442961,-0.2362348,1.125698,0.3013294,-0.8784603,0.9255608,-1.187699,-3.660884,-1.331301,4
1.547646,-1.160077,1.163422,0.896579,-0.07816838,0.228533,-1.102609,0.06016387,-0.4138707,4
1.917788,0.05695597,1.387763,0.6500582,-0.1734318,0.7333675,-1.634549,-4.386941,-1.363989,4
0.2047871,0.5454323,0.5298523,0.0008573451,0.3597317,1.057711,-0.1372764,-0.2801079,-0.1982318,4
1.964025,1.105369,1.215664,1.956534,0.095935,0.4979047,-38.12024,-0.4177815,-0.347747,4
1.8078,1.154279,1.342161,1.005328,-0.06069203,1.249764,-0.4743202,-0.02300805,-0.548909,4
1.648408,-0.1051102,1.153424,1.126247,-0.1001195,0.7023025,-2.319612,3.637967,-1.151227,4
1.375305,1.217038,1.266524,0.7056915,-0.05070334,0.6954125,-0.5557747,-0.2502732,-0.378783,4
1.662272,0.6389759,1.3852,0.6109579,0.9202637,0.9554345,-1.297135,-3.924006,-1.312347,4
1.723367,-0.1080881,1.132358,0.6479092,0.4446548,0.5977515,-1.356763,0.9670375,-1.161935,4
1.701648,-0.4212074,0.9970627,0.7448347,-0.2101026,0.840152,-0.9773387,-0.4170073,-0.9613443,4
1.376677,1.132041,1.242629,0.7627213,0.7535959,0.9128808,-0.4583892,-0.6046258,-0.4704716,4
1.962808,-0.7422382,1.358654,0.08222333,-0.4921284,1.227371,-1.074206,-0.1846839,-1.165692,4
1.830329,0.216509,1.295287,0.4000926,-0.6469714,0.7316958,-1.447935,-1.190232,-1.294939,4
0.5212415,-0.1829381,0.6760858,0.3711084,-0.4686518,0.4669721,-1.862796,1.126397,-0.7826738,4
0.6741499,1.196747,1.389043,0.8981265,0.114986,0.5154361,0.3541051,-0.6287942,-0.3969922,4
1.801539,-1.125932,1.070808,0.3862715,0.4244964,0.392154,-0.4821016,0.09494484,-0.3439497,4
0.5721219,0.5088958,1.228451,0.282472,-0.8693982,0.8563182,-1.959671,0.08568766,-1.240417,4
1.867832,-0.6626314,1.22093,0.1006401,-1.289593,1.167724,-1.01602,-0.5274066,-1.195395,4
1.586593,-0.8293985,1.095286,0.3584841,0.3320911,0.6990246,-0.7917629,-0.1541686,-0.7362208,4
1.367634,0.7146229,1.256645,0.4881233,-0.3570361,1.027594,-1.063504,-0.5213546,-1.062314,4
1.523469,-0.8999425,0.8320378,0.5428658,-0.4510373,0.6456077,-0.2211111,0.033404,-0.1715006,4
1.903794,-0.6890062,1.142834,0.8619148,-1.491159,1.297726,-1.069248,-48.86714,-2.689547,4
1.786181,0.4114142,0.9106013,0.4053095,-0.1750362,1.127793,-0.6384813,-0.3882486,-0.9957075,4
0.6211143,1.137894,1.350443,1.17406,-0.02650001,0.6409709,-0.05866754,-0.3487543,0.02374022,4
1.748901,0.4382534,0.9314993,0.0353979,0.449999,1.074153,-0.7960398,-2.443724,-1.089287,4
0.6487043,0.1447304,1.25588,0.7773592,-0.05115465,0.2911943,4.22584,-3.095694,-1.019375,4
0.8550721,0.8322777,1.08408,0.03005596,-0.6606128,1.228916,-0.5769588,-0.9861371,-0.7980219,4
1.376677,1.280722,1.23887,0.3696239,-0.2968887,0.3001607,-0.4606432,-0.254658,-0.2651588,4
1.887646,-0.8382776,1.15152,0.8256515,-1.16441,1.191009,-0.8440529,-1.282819,-1.21351,4
1.469151,0.05117212,1.009065,1.0526,-0.2436424,0.7035395,-2.164892,-0.5169119,-1.028487,4
0.5376417,-0.3538291,1.133969,0.7182684,-0.2662434,0.4461938,2.993968,37.56508,-0.9321999,4
0.7308491,-0.1826248,1.325238,0.2994029,-0.4346097,0.5128609,-2.0515,39.697,-1.247496,4
0.8176803,0.6801509,0.7834514,0.1035657,-0.6829961,1.053325,-0.389176,0.03617724,-0.7401447,4
0.3026536,0.09974945,1.036505,1.544601,-0.09718446,0.3029681,0.1861643,-0.4915182,-0.4692868,4
1.493864,-0.210215,1.38179,1.904992,-0.7859463,0.9146171,3.04075,0.7481088,-1.720058,4
1.826633,0.007127251,1.31151,1.58289,0.02233524,0.06209552,-7.076523,50.39537,-1.144288,4
1.570885,0.4417867,1.391005,0.1147944,-0.4923401,0.7523305,-1.20555,-2.869584,-1.385814,4
1.949801,-0.07826226,0.7599499,1.372368,-0.05413536,0.1304117,-2.042952,3.644898,-0.6747629,4
1.004826,0.408932,1.122842,1.069365,0.3209901,0.6519564,6.225981,-6.266334,-1.038214,4
1.917756,-0.02002377,1.301334,1.852651,0.04512578,0.3746794,-25.31607,7.748102,-1.173935,4
1.83055,1.483559,1.291262,0.4080739,0.2285849,0.5626057,-0.02507684,-0.06359055,-0.0679692,4
0.3383156,0.1801364,0.4668091,0.1958934,-0.3264703,0.4890045,-0.3441245,0.04598601,-0.824868,4
0.9341691,0.1174358,0.9979163,1.639919,-0.04962067,0.2423301,0.8286725,-1.99568,-0.7479897,4
0.5234367,-0.1434097,1.233464,1.777464,-0.1754161,0.2257485,0.6191773,-0.7125862,-0.7950943,4
1.705871,0.4926987,1.230715,0.7337375,0.3063216,0.7863057,-1.193264,-1.811165,-1.068942,4
1.314327,-0.008156239,1.254679,0.7691786,-0.356119,1.215694,-1.240061,-0.2063269,-1.562575,4
0.381114,0.9111758,1.175544,0.0483395,-0.07573865,0.3940641,-0.61201,-1.046512,-0.705392,4
0.4679895,0.7406088,1.257016,0.6238135,-0.4475262,0.5515979,2.964951,-0.2238222,-0.4418585,4
0.05152585,-0.07087532,1.391885,1.274562,-0.02219344,0.02789825,0.05590362,-2.548606,-0.5492083,4
1.656926,-0.1541028,0.8045108,0.2024445,-0.01043686,0.5182895,-0.7446604,0.6076412,-0.7882884,4
1.756408,0.8147618,0.7800812,0.2370251,0.4207349,0.8618732,-0.112957,-0.1732186,-0.1533294,4
0.3928764,0.6995075,1.109198,0.2630474,-0.5878624,0.768152,-2.002865,-0.01226504,-0.776203,4
1.574858,1.171277,1.291742,0.3798355,-0.203373,0.635049,-0.5511011,-0.5065288,-0.5027037,4
1.952538,0.601189,0.8915729,0.3633539,0.0804237,1.178542,-0.4702242,-0.3542003,-0.6579211,4
1.757149,-0.2480724,1.127692,0.365676,0.05001957,0.8272015,-1.103457,0.3567677,-1.14047,4
1.1085,1.128279,1.383723,0.2828919,0.03341164,0.951877,-0.6439592,-0.6960481,-0.6872106,4
1.600091,0.2689607,1.212364,1.514781,0.3933545,0.7067485,-10.53277,4.192803,-1.261515,4
1.652177,0.2481948,0.9317014,0.2107825,-0.6056044,0.7129853,-0.8818338,-0.7834988,-0.9652922,4
1.498728,0.2794002,0.3180666,0.3565631,0.282642,0.2394527,-0.1486038,-0.3023575,-0.1806499,4
1.436555,-0.3202799,0.9934341,0.4737044,-0.01949851,0.8120013,-0.9832484,-0.1907164,-1.002356,4
1.407649,0.7013162,1.200928,0.04001812,0.1007125,0.337153,-0.9050122,-2.367489,-1.212684,4
1.770929,-1.412801,1.315249,0.7578403,-0.4327049,0.8423699,-0.482117,0.05667489,-0.2790962,4
1.417185,0.4298693,0.6640524,0.1698161,-1.007488,0.9198102,-0.4419599,0.2389434,-1.220284,4
1.87564,1.44152,1.237927,0.1868359,-0.6894741,1.169732,-0.1441795,0.1353481,-0.154559,4
1.314184,0.999014,0.9283456,0.7564125,0.3798027,0.3380616,-0.2242737,-0.2346115,-0.1509125,4
0.9296234,0.5459827,1.389517,0.6595045,-0.7588465,0.7047145,-4.544464,-0.1081734,-1.069543,4
1.554537,0.8930525,1.405606,1.485294,-0.2436126,0.2562332,-20.30336,-0.9037423,-0.6871986,4
1.981915,0.8392225,1.2541,0.02564217,0.4968348,1.117896,-0.8908514,-2.271187,-1.250925,4
1.593818,0.7788729,1.411265,1.166584,0.6808149,1.169311,-1.543432,-1.870455,-1.215568,4
1.760193,-0.3756169,1.18171,1.355436,-1.351685,1.261839,-2.329161,1.030959,12.22186,4
0.1943997,0.7814464,1.309914,0.1860696,-0.42814,1.099069,-6.388392,-0.06785007,-0.6558493,4
1.553357,0.09460463,0.9185228,0.9523683,-0.6997172,0.8516034,-1.293562,0.2621965,-1.542407,4
1.161948,0.5141787,1.353159,0.6341824,0.2220361,0.9267793,-1.515202,-1.680871,-1.212238,4
1.083287,-0.1532467,1.128477,0.9398757,-0.5706867,0.7031944,-7.522443,0.6315961,-1.158023,4
1.102046,-0.3371934,0.5358862,1.32999,-0.2387108,0.2190284,2.317786,-2.517663,-0.3759635,4
1.702561,0.7106659,1.315326,0.2754618,0.8370077,1.070335,-0.9602476,-2.374062,-1.197331,4
0.9272597,1.340964,1.241086,0.819904,0.5459707,0.8632253,1.080342,0.1591645,-0.01327047,4
0.4514666,0.2893655,0.7040321,1.11251,-0.01215476,0.1875807,0.1698137,-0.8497285,-0.3592978,4
1.090173,-0.1096622,0.7496472,0.1560774,-1.248625,1.110131,-0.4583182,2.852223,-1.91479,4
1.754011,-0.539202,1.231364,1.061715,-1.378723,1.397039,-1.343937,1.799684,-6.892117,4
1.909509,-0.9961175,0.9157744,0.1046723,-0.5512033,0.9154655,-0.2930804,0.05387308,-0.2754849,4
1.24507,-0.09450327,1.262759,1.033266,-0.1362876,0.9155211,-3.65409,-4.036315,-1.309313,4
1.744719,1.494093,1.309406,0.3066896,-1.382213,1.328139,-0.5461182,0.6107908,-0.7485814,4
1.53908,-0.191574,1.315889,0.02946662,1.264972,1.11198,-1.540221,8.648237,-1.940693,4
0.9443091,1.156498,1.366168,0.4605671,-0.04741652,0.1798353,-0.8933209,-0.7284141,-0.5453059,4
1.584264,1.162024,1.159882,1.125183,0.4041977,0.6442082,-0.2291477,-0.2476809,-0.258441,4
1.84595,0.3741004,1.24094,1.191277,-0.7589499,1.03451,-2.070109,0.06722033,-1.481431,4
1.186162,-1.141816,1.303488,0.1968087,-1.464339,1.311271,-0.6936419,-0.5179752,-0.9347645,4
0.898876,-0.3327494,0.6688893,0.02110582,0.2634085,0.5361206,-0.6649559,0.7170743,-0.7623708,4
1.613162,1.050863,1.363978,0.1602579,-0.2094704,0.8115731,-0.7097371,-1.171188,-0.8536448,4
0.7635416,0.8701481,1.163592,0.5578301,0.2547414,1.131609,-0.2261706,-0.06476011,-0.3715638,4
1.73168,0.4526234,1.366434,0.3045532,-0.495069,1.024336,-1.236659,-1.286899,-1.313065,4
1.471463,-0.05868836,1.374291,1.3319,0.1203027,0.8188641,-7.444035,1.399829,-1.399193,4
1.541442,0.1396538,0.3997594,0.06156193,-0.8119072,1.143018,-0.2251972,0.1115718,-1.28839,4
1.845061,-0.390712,1.286448,0.07083782,-1.109454,1.129049,-1.155391,0.03820397,-1.309586,4
0.3311136,-0.1216449,1.3521,0.4261243,0.2545494,0.6904992,2.067854,0.4213011,-1.411958,4
0.3605038,0.2046997,1.104583,0.01545225,0.3172604,1.17882,-1.035208,-5.536055,-1.32516,4
0.8123333,0.8025359,0.8622379,0.4799066,-0.453091,0.4293745,-1.265746,0.07677486,-0.2824665,4
0.4355963,-0.1418488,0.8773759,0.460467,-0.08922942,0.3647332,10.64139,1.855718,-0.7868534,4
1.438949,0.1363576,1.095598,0.03467547,0.2482016,0.2198164,-1.170127,-10.60882,-1.492267,4
1.306476,0.6031986,1.233062,0.5068104,0.6438854,1.214385,-0.9192984,-1.378824,-1.081721,4
1.80958,-0.4653967,0.866659,0.2207342,-1.158952,1.061292,-0.567201,-0.8329197,-1.148325,4
1.553931,1.258116,1.205721,0.457291,1.043096,0.9307503,-0.263167,-0.4770334,-0.3214086,4
0.1038368,0.00816651,1.291123,1.17096,-0.01746866,0.08272772,0.06631625,-4.67142,-0.6198713,4
1.646067,0.4301313,0.8131572,0.53893,-0.4214316,0.8206375,-0.6405165,-0.1249149,-0.8981669,4
1.524454,-0.7340812,1.291529,0.08022127,-0.05390351,1.088155,-1.023759,-0.02659868,-1.101144,4
1.623993,0.8232417,0.9014093,1.220765,0.3573864,0.62269,-0.3009847,-0.2438987,-0.2877338,4
1.063517,1.242369,1.352318,1.089499,-0.3000127,0.2911887,28.15573,-0.3251242,-0.2550085,4
1.379249,0.6983654,0.8412086,0.1917882,-0.04030294,0.4389755,-0.3818657,-0.5973726,-0.4449432,4
1.997162,-0.6137612,1.247204,0.3088349,-0.72935,1.277954,-0.9929297,-0.6043411,-1.275626,4
0.1449311,-0.4578224,1.166233,0.5649291,-0.07766224,0.1396991,0.3580453,1.011172,-0.7960781,4
1.093153,-0.8640375,1.320018,1.397817,-0.7119865,0.7449009,2.120686,15.28746,-1.057245,4
1.740795,-0.8379673,1.297444,1.296313,-0.1257364,0.4483495,-3.210741,-0.214535,-0.9161158,4
1.901115,1.221593,1.353435,1.643562,0.02943148,0.1548425,-2.211246,-0.635258,-0.423303,4
1.917754,1.051953,1.338885,0.7725911,0.438955,0.6799165,-0.7320367,-1.030673,-0.7030851,4
0.7047305,-0.894287,1.153196,0.2805185,-0.1729218,0.7098796,-0.9577638,-0.2321164,-0.7187743,4
1.46136,-0.8721839,1.357253,0.03407196,-0.5577629,1.14881,-1.087077,0.2622717,-1.174939,4
0.3011637,0.6228127,1.22572,0.1432989,0.1663996,0.303409,-1.256611,-1.564378,-0.875534,4
1.463062,0.1884843,0.8399245,1.501451,0.1426504,0.3344613,16.67415,-6.590725,-0.755996,4
1.971941,0.2700045,0.9806479,1.474331,0.2900915,0.652059,-1.825227,-5.372449,-0.9818043,4
1.566388,-0.2419898,1.270763,0.2718607,-0.7706243,0.9875746,-1.315081,-0.4773573,-1.405071,4
0.383724,0.8051029,1.197898,0.606708,-0.0900663,0.5689157,0.448148,-0.5198656,-0.3576669,4
1.801411,1.204498,1.118481,1.365561,-0.08260312,0.427242,-0.5440901,-0.06818708,-0.1201308,4
0.8747829,-0.7267816,1.240493,0.3097416,0.08399713,0.6364161,-1.230352,-0.2010951,-0.9997522,4
0.755431,-0.07920573,1.22899,0.2942542,0.2382051,0.7886478,-1.4195,1.495708,-1.269114,4
0.6992788,1.027481,0.9771603,0.1334684,-0.3768678,0.9577306,-0.2741007,0.04238843,-0.3197278,4
0.5550584,-1.205394,1.32177,0.3926677,0.03097126,0.0720892,-1.997453,0.01161829,-0.6123655,4
0.1169061,0.7496836,1.190655,0.01241468,-0.6229994,1.27073,-0.7583037,-0.6453945,-0.97728,4
1.836432,0.814195,1.117893,0.7413809,-0.7930841,1.047585,-0.8867617,0.1715535,-1.102819,4
0.5934532,-0.1155347,1.151822,0.3405303,0.3025678,0.8305371,-1.595283,0.3252116,-1.256573,4
1.871211,0.2851351,1.330854,1.943442,-0.1764806,0.498298,23.48239,-1.409738,-1.052459,4
1.186855,1.421503,1.328772,0.9580268,0.6848273,0.6828697,-0.3474851,-0.2982704,-0.2120649,4
1.106584,1.021415,1.029543,1.97315,0.4830923,0.7106153,-0.4671407,0.9993203,0.7200692,4
1.329158,-0.8557792,0.754858,0.3154921,-0.3659183,0.4373796,-0.2674129,0.07388203,-0.1319457,4
1.907689,1.201407,1.071051,0.3910675,0.06614059,0.4476821,-0.08249614,-0.113894,-0.1066784,4
1.608207,0.4517852,1.215228,1.330729,-0.3721751,1.006544,-2.602976,-0.2512887,-1.105717,4
1.910515,0.7460793,1.370635,0.5321545,-0.240678,1.02939,-1.098289,-0.9107998,-1.107443,4
0.9919583,-0.9908819,1.156283,0.8705995,-0.08486249,0.3733477,-4.480879,-0.09845705,-0.5803266,4
1.117698,-0.9034854,1.143531,0.05927733,0.9028401,0.8850719,-0.8850099,0.4061522,-0.9151795,4
1.359701,-0.09392243,1.147454,0.6966916,0.3346486,0.3529105,-1.811161,1.291331,-1.124019,4
0.8989266,0.1877876,0.7003699,0.2065906,0.2008722,0.5938342,-0.5971296,-1.318588,-0.6657786,4
1.384381,0.4762044,1.080427,1.230568,-0.3407736,0.6814129,-5.452906,-0.3170293,-0.7820569,4
1.002039,0.7503479,1.249182,1.135939,0.3802565,0.8306074,1.337384,-1.301214,-0.8387238,4
1.805022,-0.4344496,1.365114,0.972345,0.7554669,0.6639854,-2.317386,0.2082927,-1.452799,4
1.436667,-0.8136726,1.365369,1.491298,-0.7500981,0.8996034,15.23816,-17.53207,-1.193523,4
1.457282,-0.3128566,1.087735,1.565747,-0.6256501,0.7278845,8.948635,1.068435,-1.251856,4
0.361189,-0.7948707,1.311023,0.2254208,0.1374595,0.1186808,-2.370751,-0.06268636,-0.9890473,4
1.055514,0.8552029,1.117695,0.1500929,0.2478088,1.221484,-0.5181603,-0.7508954,-0.6729237,4
1.018353,-0.219172,0.4989372,0.2015204,-0.6889287,0.7228342,-0.3266086,-0.8346459,-1.018468,4
0.9474849,0.7940189,0.8463563,0.25891,0.2090168,1.222144,-0.1638987,0.1101229,-0.1989124,4
1.516304,-0.9732929,1.177396,0.1173664,-1.04332,1.248134,-0.6676519,-0.3168344,-0.8357906,4
1.689375,1.003126,1.305728,0.6298823,-0.4768149,1.129135,-0.8876441,-0.1791594,-0.9052142,4
1.648368,1.277852,1.099349,0.2900491,-0.2999796,0.9254798,-0.1118768,0.1167723,-0.09651233,4
1.378846,-0.9287636,1.365389,0.9551457,0.2560816,0.3755825,-2.551843,-0.1239659,-0.9829646,4
0.08757339,0.1585474,1.346853,0.5956426,0.07548014,0.3936878,-0.02602465,1.552691,-0.787932,4
0.7801222,-0.2217295,1.064027,0.9673026,0.01479217,0.4657855,2.472173,0.3531496,-0.9836378,4
1.20228,-1.042044,1.152102,0.3344342,0.1428643,0.5951301,-0.6967843,-0.07240627,-0.5724978,4
0.7825598,0.9736964,1.409683,0.5784426,0.1653225,0.169802,-2.258075,-1.306178,-0.7686212,4
1.959128,0.6459652,0.8151824,0.3022037,-0.5160077,0.9489783,-0.45809,-0.1099677,-0.6855212,4
1.877927,0.3717414,1.364265,0.6794154,0.307057,0.3195736,-1.505098,-3.939823,-1.208751,4
0.1759009,0.9346178,1.244106,0.8404223,0.3293875,0.2970646,0.02052438,1.458167,-0.3991752,4
0.8750635,-0.3501062,1.374182,1.946865,-0.7297429,0.6275509,0.9423425,0.9954479,-1.492737,4
1.931809,-0.6433575,1.082459,0.5866494,-0.7711122,0.9533275,-0.9038846,-0.7838136,-1.020883,4
1.258952,1.240787,1.181282,0.7564247,0.1171018,1.357606,0.4435061,0.5108514,0.4685249,4
0.1413022,0.3827728,0.7611431,0.384444,0.3202864,0.3579186,0.04330762,0.4753857,-0.9220189,4
1.031563,0.6440672,0.7910688,0.2032809,-0.8329464,0.9706569,-0.4555017,0.2308996,-1.041937,4
0.4096475,0.3234864,0.3120194,0.03247377,-0.2476888,0.7608755,-0.06583661,0.1150371,-0.3696846,4
0.2094442,1.159437,1.305015,0.2925323,0.1765827,0.6834963,-0.1831505,-0.3343777,-0.2269231,4
1.326657,-0.7373259,1.358109,1.646115,-0.2587364,0.2596446,5.452529,-0.3155075,-0.9557718,4
0.3953462,-0.4472142,1.355435,0.008330358,-0.4747177,0.863942,-1.363913,2.214271,-1.585807,4
0.6443151,1.168812,1.134166,0.2245324,0.8612626,0.9119846,-0.2072348,-0.3638868,-0.272269,4
1.866122,-1.189154,1.24614,1.703325,-0.2809066,0.2974399,-9.320475,-0.08714406,-0.4635562,4
0.6626079,0.7783427,1.248619,0.006219551,0.3192199,1.412348,-0.9519413,-2.528347,-1.3378,4
0.2763491,-1.394274,1.1957,0.03340744,-0.7067965,1.389267,-0.1050888,0.2111109,-0.1500235,4
1.198912,-0.210247,1.036698,0.2353896,-0.4939117,0.6662973,-1.121392,0.1377627,-1.07495,4
1.070015,-0.3831287,1.295871,0.09813616,-0.2979971,0.7860914,-1.186628,0.3257466,-1.242292,4
1.880004,-1.471269,1.325503,0.9547458,-0.3003197,0.3611978,-1.007439,0.1686688,-0.2528804,4
1.727416,-0.09012727,1.208822,0.08575203,-0.07618222,0.5694234,-1.211549,10.98035,-1.418948,4
1.902494,1.201937,1.193306,0.2886406,-0.4782991,1.070354,-0.3714956,-0.1369502,-0.4218599,4
1.862369,0.9794241,1.263163,0.2787581,0.1309907,0.7871292,-0.6258478,-1.055802,-0.7548241,4
1.11189,0.3569494,1.170888,0.8820098,-0.0885819,0.4562187,-3.544052,-1.379853,-0.9434673,4
1.68833,0.1896097,1.030699,1.893929,0.1821189,0.2903018,4.895124,30.74218,-0.9152374,4
1.405512,-0.9571729,1.282661,1.565403,0.157189,0.2342692,5.69004,-0.07937329,-0.8174513,4
1.973696,-0.1894216,0.5717639,0.03730095,0.519352,0.9368581,-0.5860719,0.9966364,-0.7097061,4
1.247285,-0.6439035,1.127204,0.8925037,-0.9934595,0.9152411,-2.087198,9.389833,-1.445675,4
1.542465,0.3496509,0.6901832,1.100137,-0.2657893,0.754961,-0.1206823,-0.01414456,-0.8436768,4
1.427548,0.3805462,0.9917696,1.388836,-0.2130172,0.2468074,-29.65608,-0.7688103,-0.6524061,4
1.212059,-0.1193751,0.7962429,1.117189,-0.06923586,0.4252546,-6.309897,0.8623386,-0.7575622,4
1.105451,-0.5743711,1.099138,0.3443418,-1.094056,1.083263,-0.9605203,-1.904847,-1.353307,4
1.59793,0.5284768,1.394446,0.2319324,-0.5978588,0.8982655,-1.214514,-1.337762,-1.248395,4
1.241269,1.169637,1.32784,0.471468,-0.2810596,0.4025459,-0.8753471,-0.4960563,-0.5104427,4
1.491341,-0.2070406,1.257275,1.617742,0.06492924,0.235877,10.05648,1.21716,-1.116715,4
0.8195632,0.3399029,1.369616,1.092643,-0.4423368,0.751783,2.981161,-0.286879,-0.9619661,4
0.8811868,-0.2006451,1.199607,0.2143662,-0.2233651,0.5343651,-1.331829,1.407687,-1.165965,4
1.635316,-0.2394227,1.154863,0.3249734,-0.1589985,0.5269307,-1.197207,0.8263521,-1.117208,4
1.927489,-0.3250861,1.284645,1.261197,0.08265049,0.628724,-2.441696,0.2258228,-1.236915,4
1.538852,1.580183,1.399941,1.026253,-0.3042172,0.7855061,-0.5819402,0.2098202,-0.06414775,4
1.016378,1.459764,1.289735,0.3984142,0.3260179,0.3742479,-0.06672516,-0.1283862,-0.09992781,4
1.824704,-0.8489739,1.223883,0.1096356,-0.5749018,1.03445,-0.8923246,-0.2435826,-0.9338483,4
1.041291,-0.06404397,0.8007627,0.1110123,-0.8222501,1.338669,-0.5338915,3.03131,-1.457967,4
0.9821476,0.3161184,1.281886,0.9419826,-0.5089763,0.5620631,-30.1593,-0.3312913,-0.9612561,4
1.559001,0.1550579,0.5220036,1.222419,0.07178138,0.09341025,-1.517827,-1.424485,-0.4303469,4
1.930455,-0.6090687,1.373015,0.5716756,-0.1889177,0.6050226,-1.496472,-0.1168126,-1.210681,4
0.6311374,0.3675326,1.28546,0.27437,-1.326933,1.373709,-1.025436,0.5020478,-2.869638,4
0.9845058,0.2373751,0.5212202,1.365028,-0.1211534,0.4156661,0.1286684,-0.07085064,0.1396276,4
1.929175,-0.9551154,0.8149657,0.2359487,-0.09556198,0.1353907,-0.2195484,0.1804286,-0.1110667,4
0.1342205,0.2535044,1.281003,0.7983886,0.1005689,0.2108042,0.02708818,2.622564,-0.7559825,4
0.8167182,-0.1344772,1.276503,1.060704,-0.9422965,0.8110402,3.375478,0.9695875,-1.978311,4
0.8243041,1.065973,0.9874043,0.3542435,0.8643149,1.025498,-0.003360534,0.0213132,-0.000356301,4
1.099662,0.9223198,0.9252881,1.97746,0.2919883,0.3069782,0.005023035,-0.5396918,-0.1764712,4
1.581573,0.6363314,1.227242,0.5565403,1.035007,1.10383,-1.011215,-3.086924,-1.199397,4
0.7317954,-0.06231669,0.636558,0.2379192,0.2492451,0.4445961,-0.6860261,0.4459983,-0.6701153,4
1.456359,0.1291541,1.331367,1.782628,-0.2487991,0.976821,2.078041,-0.3797322,-1.244761,4
1.571456,0.1217902,0.9441423,1.92453,-0.4245287,0.4765446,4.422064,0.06318608,-0.7458188,4
1.494389,-0.5042338,1.303896,1.266928,-0.4483782,0.6963356,-6.905126,-2.160145,-1.148605,4
1.910755,0.2427974,1.224154,1.055112,-0.5360529,0.8457918,-1.989997,-0.3432497,-1.247131,4
0.7818639,1.382299,1.367675,0.3988122,-0.7950852,0.8066343,-1.39744,0.2892438,-0.425057,4
0.5685042,0.3110575,0.9322354,1.957034,-0.1254887,0.3077844,0.2539607,-0.4584808,-0.2623924,4
1.801361,-0.7143763,1.241574,0.3630516,-0.5307347,0.6669839,-1.196073,-0.3772878,-1.027861,4
0.7462491,0.09961679,1.193821,1.748485,-0.02918962,0.2609079,0.5042327,-3.495765,-0.8663093,4
1.026829,0.2425944,0.7884747,1.4728,0.0642797,0.4800249,0.3981349,-1.0355,-0.6301949,4
0.383123,0.991927,1.229807,1.252185,0.3096131,0.4096855,-0.1024921,29.62395,-0.2785406,4
1.591627,0.7091581,0.928747,0.2133197,0.1964661,1.405612,-0.3959453,-0.3505168,-0.5438062,4
1.559582,-1.400461,1.249516,0.2566731,0.2891363,0.4240203,-0.3966178,0.1912272,-0.2698589,4
1.859209,0.2684366,1.350971,0.7217804,0.4381148,0.9712117,-1.407503,-6.074509,-1.357618,4
1.651079,1.220332,1.139426,0.3872849,-0.1833817,0.5357818,-0.2509054,-0.1604857,-0.2044879,4
1.922646,-0.1833111,1.220304,0.5317652,-1.044948,1.395527,-0.8888642,2.176057,-1.947239,4
1.095285,-0.7422181,1.401939,1.711554,-0.4062347,0.489942,2.71648,-4.518365,-1.006489,4
1.574548,0.557511,1.410314,1.539982,0.02899931,0.5368688,-31.88584,-1.765993,-1.056954,4
1.780024,-0.04260008,0.7169011,0.1538853,-0.6515052,0.7009038,-0.6929497,-1.345088,-0.8663348,4
1.383343,-0.9944554,1.078627,0.1659244,-0.2407508,0.9874009,-0.5273401,-0.1059517,-0.5371264,4
1.30259,0.02505001,0.7843666,0.3718573,-0.3782913,0.924145,-0.600634,-0.03796474,-1.118738,4
1.229106,-1.120385,1.061925,0.3528852,0.03289156,0.1294852,-0.4993962,0.1092462,-0.3209124,4
1.90977,0.4610353,1.060137,0.9535272,0.03292181,0.114108,-1.268798,-1.442509,-0.7898321,4
1.70727,0.9951931,1.224323,0.694652,-0.3411496,0.698427,-0.934165,-0.3642853,-0.6262592,4
1.902397,-1.088614,1.333643,0.7387933,-0.2208556,0.5877991,-1.194632,-0.183669,-0.769428,4
1.169773,-0.2901241,0.9929549,0.1862681,-0.2478996,0.7795448,-0.9493263,-0.003802793,-1.009238,4
1.580571,-0.6010945,0.7495158,0.07200369,0.2104001,0.82145,-0.4575075,-0.07626348,-0.4684915,4
1.523663,-0.8677602,1.194923,0.5096223,-0.2017404,0.3988448,-1.170576,-0.1714164,-0.7950916,4
1.014343,-1.097048,1.410137,1.924209,0.3406376,0.2958284,0.8229088,-0.03414311,-0.908143,4
1.02236,0.5570428,1.006251,1.354506,-0.3692906,0.6527582,1.464213,-0.06717544,-0.3199391,4
1.313809,-0.01852405,1.113347,0.06788643,1.267057,1.260989,-1.181077,12.88969,-1.522013,4
1.394473,-0.1562892,1.02857,0.4070137,-1.15096,1.256909,-0.7716379,1.391514,-2.180793,4
1.298279,-0.6358852,0.9178397,0.4143058,-0.9443113,0.8112,-0.7866153,-1.107517,-0.8952177,4
0.790084,0.7285677,1.385705,0.3144858,-1.093799,1.363096,-1.211796,0.201399,-1.849073,4
1.420253,0.01868144,1.046022,0.9404932,-0.4586318,0.8629012,-1.763801,-0.0006277381,-1.237977,4
1.252242,-1.400455,1.320984,0.6380225,-0.1132535,0.1829823,-0.9724381,0.1507762,-0.3639799,4
0.5703528,0.4368499,0.6688192,0.08208886,0.4492677,0.7804552,-0.3825859,-0.7541228,-0.5049776,4
1.750462,0.1800336,1.249394,0.8631966,-0.3473707,0.9095849,-1.653599,-0.7808195,-1.298177,4
1.547824,-0.5303656,0.9999436,0.3715457,-0.8785607,1.092488,-0.7109028,-0.8136001,-1.157767,4
1.394659,1.353342,1.323192,0.1733663,-0.7271639,1.006421,-0.4252136,-0.1731699,-0.4337913,4
1.643415,-0.232291,0.9702832,1.222951,-0.8200728,0.8931506,-1.892969,0.8081954,-2.078063,4
0.7230893,1.07239,1.122122,0.780107,0.7045141,0.6657953,2.025505,-1.119829,-0.4429053,4
0.6699784,1.006784,0.8925887,1.531798,0.462813,0.4780648,-0.1866867,-1.547581,0.255946,4
0.7029608,-0.2026322,1.027149,1.738535,0.1661025,0.2342872,0.3476379,0.3068506,-0.9366204,4
1.957857,0.9879119,0.9654332,0.1607881,0.4238618,0.4958754,-0.2178208,-0.4245904,-0.2977745,4
1.608272,0.9275854,1.386835,1.572144,0.8335183,0.7458613,-26.04386,-9.119503,-1.126126,4
1.493117,1.485425,1.255615,0.5346549,0.1578688,1.220177,0.08041043,0.3374103,0.07231385,4
0.5396628,0.2657473,0.4068902,0.4629733,0.04872075,0.3317231,-0.3885563,-0.1235966,-0.214629,4
1.932716,-0.09209076,0.9373043,0.4938953,-0.5318664,1.15153,-0.670052,1.14331,-1.368242,4
1.564085,-0.6925614,0.9499837,1.729644,-0.02955668,0.163091,5.121018,-0.06259214,-0.5884261,4
1.168789,-0.2211521,0.4122779,0.3824232,-0.4325475,0.5447406,-0.2594142,-0.3852371,-0.680321,4
1.162665,-0.1053441,0.9892576,0.06513432,-0.5760784,1.351097,-0.8788075,1.246976,-1.155043,4
0.998033,-1.101009,1.136103,0.2117379,0.06624845,0.2150629,-0.6191377,0.031188,-0.4760465,4
1.758931,1.274967,1.410981,1.04966,1.290986,1.118576,-0.9510946,-1.789526,-0.8552318,4
1.306746,-0.2430414,0.7339689,1.109995,-0.1279704,0.2678661,-3.881797,0.03909758,-0.629694,4
1.535815,-1.382708,1.274404,0.5713226,-0.4417549,0.3996671,-0.8975261,0.07568592,-0.2973187,4
1.960901,0.8759103,0.7565194,0.6263491,-0.04948959,0.858263,-0.02544129,0.243675,-0.04734266,4
1.267217,0.29295,1.413089,1.91859,-0.715238,0.8839089,2.226601,0.2737607,-1.099048,4
0.3745505,0.655944,1.308332,0.3713697,0.06759991,0.1668995,-74.96972,-1.703277,-0.8607304,4
1.152664,-0.4729913,1.371055,0.01698002,0.4550803,0.5504999,-1.54842,3.432807,-1.854307,4
0.3737861,0.1122792,1.347496,0.08551934,0.5625311,1.076133,-1.256486,32.70466,-1.366419,4
1.802496,0.7474896,0.8525778,0.0380082,0.8160952,1.192795,-0.3792271,-0.828425,-0.5409973,4
1.887077,-0.5415185,1.257595,0.6139657,-0.4152961,1.076935,-1.167409,-0.5752873,-1.240428,4
0.3425009,-0.4889666,1.181729,0.6940902,-0.07467333,0.4796526,0.6234416,-0.3209279,-0.9616572,4
1.859462,0.34551,0.8889354,0.5038034,0.7223018,0.852236,-0.7505946,-2.810262,-0.9197977,4
1.7285,0.3687987,0.9021177,0.1921157,-0.2971798,0.4182729,-0.7484979,-1.28771,-0.7978502,4
0.7082346,-0.2270675,1.181334,0.552847,-1.169799,1.058277,-3.202497,1.113897,-3.538712,4
0.9288372,-0.9281099,1.39949,1.111939,0.3899705,0.5144111,3.365638,-0.1525876,-1.083856,4
0.8838534,0.5543208,1.268909,1.697669,0.06525764,0.09825564,0.5858162,-2.328435,-0.7689709,4
0.3881189,-0.07297663,0.9660779,1.730494,0.1925488,0.1882835,0.1362904,0.3271483,-0.9020712,4
0.4945246,0.6471508,0.7452492,0.1046539,0.174455,0.3416366,-0.3002136,-0.5083415,-0.3517441,4
1.874496,-0.01779498,0.3805597,0.8078023,-0.03492955,0.09552903,-0.5428763,14.43435,-0.3527057,4
1.422899,0.07191972,0.9155478,1.978294,0.1051215,0.5194246,0.7934599,1.959121,-0.9031625,4
0.09500976,0.4235865,1.25459,0.4812772,-0.3409171,0.3825678,0.6425201,0.06604148,0.2855112,4
0.0669297,-1.351703,1.2011,0.3211993,-0.1018145,0.120446,0.2501316,0.2812415,-0.1367974,4
1.425521,0.8715319,1.039662,0.2637486,0.4078741,0.5019363,-0.4712196,-0.8807891,-0.5650056,4
0.5335494,1.146905,1.239874,0.1075443,-1.164695,1.33572,-0.6989567,0.3144828,-1.121066,4
0.727493,0.6852576,1.078592,0.2037018,0.1873736,1.031642,-0.6527574,-0.6528541,-0.7656902,4
1.115278,-1.402605,1.186922,0.2269816,-0.1546277,0.5210581,-0.2825015,0.2514523,-0.1289726,4
0.5211204,0.3556189,0.650771,0.06462429,-1.098464,1.143428,-0.2737187,0.3429683,-2.031772,4
1.17869,0.244625,0.9683926,1.28884,-0.5606192,0.6288617,9.246083,0.1855462,-0.8711501,4
0.8864675,0.1829304,1.280672,0.1055759,-0.3537111,1.22496,-1.14375,-2.13875,-1.347675,4
0.8402458,1.263297,1.225477,0.2490294,-0.5345566,0.5009885,-0.6793713,-0.06630116,-0.3124985,4
1.110211,0.36845,0.7244665,0.2246155,-0.5835634,1.294736,-0.180011,0.1061771,-1.997173,4
1.433364,-1.023805,1.279886,0.06685531,-0.2625007,0.5124894,-0.8593795,0.05024268,-0.8390361,4
0.07589445,0.08078634,1.29444,0.05413487,-0.8068786,0.9240919,-3.673858,0.3627948,-1.489009,4
0.9175274,0.2270955,1.051964,0.4041807,0.1109129,0.9096883,-1.053765,-1.413233,-1.096867,4
1.113104,-0.9712365,1.163747,1.142481,0.1909695,0.3617513,17.11163,-0.08715907,-0.653677,4
0.2669789,0.6250272,1.229966,0.5396812,-0.1194856,0.6139392,0.2960356,-0.5698136,-0.3397003,4
1.602563,0.4056811,1.103961,0.95687,-0.5276928,0.8154069,-1.761959,-0.1876195,-1.070066,4
1.087733,0.1798533,0.8389215,0.07104678,-0.5380794,1.005488,-0.7071071,-1.007971,-0.9208761,4
1.85068,0.585842,0.6483815,0.009232738,0.2634875,0.9901046,-0.2898218,-0.634904,-0.4193439,4
1.30588,1.033496,1.371731,0.6787731,-0.2558244,0.8278372,-1.203619,-0.4799096,-0.7547919,4
1.544975,0.5385807,1.328732,0.1717988,0.3071881,1.287781,-1.018065,-2.310374,-1.26586,4
0.5261759,0.6940019,0.9792274,0.8850121,0.1079891,0.362649,0.1542,-0.8114199,-0.4011634,4
0.1151315,-0.2111585,1.176379,1.764621,-0.08698732,0.1842019,0.1466066,-0.04882325,-0.6367712,4
1.188719,0.1921123,1.277854,0.1476048,-1.099405,0.940521,-1.32188,-0.7068764,-1.435607,4
1.447795,-0.2293723,1.241073,0.4407133,-0.5763078,0.8189822,-1.494481,-0.5799002,-1.301345,4
1.438126,-0.6993921,1.232488,0.8219941,-0.2929459,0.3462849,-2.362057,-0.2705344,-0.9270136,4
1.578925,0.02040841,0.5582047,0.2457259,-0.1866685,0.5980126,-0.5103406,-0.892769,-0.6523143,4
0.3312952,0.8464878,1.18646,0.2034876,0.5424315,1.128806,-0.5916616,-0.4441613,-0.6684539,4
1.085769,-0.1504456,1.383034,1.212869,-0.4084926,0.8930824,7.400378,0.1451328,-1.355737,4
1.699976,0.6757066,0.8729603,0.00507928,0.9591335,1.411678,-0.5695184,-1.384724,-0.8241237,4
1.046368,1.103679,1.094969,0.2716382,0.5426957,1.385887,-0.1319558,0.0124837,-0.1073714,4
1.660455,-0.3346446,0.7311912,0.02056745,-0.2309738,1.329289,-0.6593943,0.4371089,-0.786279,4
1.71163,0.01726553,1.058764,1.819413,-0.8417636,0.7136784,14.67218,0.7573525,-1.576553,4
1.556785,-0.5713314,0.8542082,0.5487416,-0.1693109,0.5659659,-0.7628514,-0.2304026,-0.6335317,4
1.597346,0.6479635,0.9006479,1.256888,-0.1756366,0.6191695,-1.338113,-0.1900715,-0.4497533,4
0.7627622,0.7141871,1.140784,1.492433,-0.2404309,0.2203557,1.065301,-0.5234772,-0.2810298,4
1.343578,0.8931057,0.8239268,0.3401462,0.3525781,1.058365,-0.02567522,0.1195763,0.01952049,4
1.920022,0.4479412,0.8800445,1.22141,-0.08453304,0.9232159,-0.4323336,-0.1404288,-0.7512467,4
1.214828,0.9689817,1.411675,0.4878748,-0.3523841,0.8125555,-1.239088,-0.6466433,-0.898831,4
1.360049,0.07020909,1.322273,0.5963724,-0.1288047,0.5879559,-1.798013,-3.989532,-1.259488,4
1.740791,0.0775466,1.359656,0.03807167,0.1881928,1.113069,-1.426924,-25.45657,-1.816399,4
1.086642,0.2202195,1.280287,0.490506,-0.4670894,0.513589,-2.093468,-1.042316,-1.149069,4
0.6024391,0.2010265,1.260329,0.001008631,1.417721,1.388854,-1.584378,-13.52303,-2.172029,4
1.501828,0.4143486,0.87955,0.4783413,-0.9359726,0.9738136,-0.6517443,0.3076996,-1.636815,4
1.955302,-1.219831,1.179023,0.201824,-0.1502215,0.2910516,-0.5179592,0.08992018,-0.3977002,4
0.6803474,-0.1909481,1.268984,0.268776,-0.1811807,1.213689,-1.201658,-0.239712,-1.439379,4
1.91961,-0.06393042,0.5772379,0.0132966,-0.1489589,0.31311,-0.6717881,5.927854,-0.8491138,4
0.6363485,1.037203,1.120403,0.2466693,-0.4034393,0.3593566,-0.9076254,-0.2349464,-0.3877133,4
0.08101131,0.6919788,1.190107,0.3046415,0.1076969,0.4140115,-0.08192019,-2.26152,-0.219497,4
1.550738,0.5909122,1.003016,0.1150613,-0.1576088,0.4470747,-0.6977373,-1.446234,-0.8479074,4
1.75837,-0.6434048,1.246193,0.2079321,-0.6530498,0.6382236,-1.165105,-0.3153832,-1.089053,4
1.62515,-0.03158678,0.693675,0.4375499,-0.6206663,0.8435896,-0.4599359,0.4336674,-1.242127,4
1.286391,0.2321033,1.332383,0.9790109,-0.3527159,0.6645067,-4.21176,-0.8848186,-1.163947,4
1.102645,0.1139802,1.023422,0.501283,0.3044731,0.4081222,-1.334706,16.17147,-0.9852895,4
1.176155,1.042614,1.037615,0.2235475,-0.6462433,0.8409275,-0.4659596,0.02481379,-0.4456083,4
1.244568,-0.5492606,0.74159,0.5764629,0.2021151,0.2031903,-0.8280044,-0.05384467,-0.5032641,4
1.108032,-0.07445778,1.186683,1.725108,0.07057871,0.1591366,1.338461,2.400034,-1.009864,4
1.088767,1.252911,1.34855,0.3016527,0.4363995,1.354768,-0.34507,-0.3039991,-0.4304405,4
1.967178,0.05322545,1.075539,1.375394,-0.2010693,0.7291222,-2.17692,-0.826506,-1.085266,4
1.894439,0.3149014,1.078395,0.2112749,-0.7258738,1.149037,-0.9405881,-0.759074,-1.231758,4
1.800351,0.714031,1.158742,0.855855,-0.2008509,0.9316994,-0.9694975,-0.4248363,-0.8755416,4
1.989215,-0.5514628,1.183499,0.08380837,-0.6995724,0.776108,-1.011482,-0.05579021,-1.074257,4
1.354326,-0.4331604,0.3926062,1.894628,0.007474488,0.0146784,0.2146905,0.06725613,-0.08040555,4
1.685084,0.4421805,1.11081,1.027767,-0.2173145,0.2273876,-2.204968,-1.069683,-0.8100077,4
1.898844,-0.4579149,0.8725662,1.078797,-0.5487926,0.7892278,-0.8864551,-1.1756,-0.9013229,4
0.7622539,0.7537318,0.8309188,0.9163925,0.2719356,0.3475531,0.3937504,-0.4951919,-0.2821554,4
0.916607,-0.1947044,1.20233,0.1636148,0.2672135,0.9907971,-1.131019,0.7014871,-1.2291,4
1.964895,-0.6525049,1.181359,0.322896,-1.072163,1.119179,-0.9318305,-0.8720917,-1.225615,4
0.7372997,0.6708888,0.9135712,0.02153921,-0.4438442,0.8715584,-0.527879,-1.042699,-0.7149536,4
1.517365,0.3898454,1.245141,1.113753,-0.9886583,0.9709574,-3.607471,0.4329031,-1.616868,4
0.3143704,-0.1654596,1.408552,0.4226735,0.305203,0.3917299,2.571588,0.7539425,-1.360854,4
1.100579,0.2477568,1.190825,0.6509534,-1.049028,1.247999,-1.178119,0.3044111,-3.061905,4
1.758666,-0.2799212,0.6266642,1.742683,0.01208727,0.2262328,-41.78008,-0.03920184,-0.5280601,4
0.8717005,-0.9433455,1.307855,0.09273587,-0.9013281,1.064126,-0.9524486,-0.4190976,-1.00738,4
1.897005,-1.134177,1.138563,0.4567772,-0.2212737,0.2726589,-0.6820386,0.03440701,-0.4260152,4
1.410055,0.5122402,1.365397,1.120538,0.1868248,0.385298,-3.67138,-2.655064,-1.086568,4
1.623569,0.7617694,0.6571308,0.1793119,-0.1394573,0.4068255,-0.04426887,-0.001721343,-0.03687,4
1.212138,0.8192058,1.336598,1.076448,-0.4677874,1.093753,-3.285481,-0.07068311,-0.7679101,4
1.224902,-0.09111104,0.709298,1.531456,-0.3417727,0.5164176,1.202379,0.2288295,-0.906217,4
1.488683,1.6172,1.406986,0.7667258,0.6135349,0.9400182,0.1891328,0.1144306,0.009860065,4
0.7400026,0.1269373,0.696745,0.05291739,-0.05925626,0.9391071,-0.570862,-1.349139,-0.7333601,4
0.8005624,0.5684852,0.7640095,0.7801732,-0.263083,0.3678715,-17.17481,-0.1208857,-0.2709591,4
1.663807,0.06354702,0.6807615,0.676365,-0.1356304,0.2667104,-0.9358721,-1.223236,-0.6328299,4
1.349303,0.4062697,1.106847,1.834755,0.1780806,0.4144657,1.198453,-3.386564,-0.8742294,4
0.7166776,-0.04445928,1.366695,0.7445285,0.2265203,0.4504036,21.7154,1.730227,-1.305084,4
0.9112409,0.7277187,1.402149,0.6496013,0.1736707,0.5064501,-2.299478,-1.68878,-0.9990709,4
1.76316,0.8345239,0.7508607,0.167055,-0.801756,1.173182,-0.1898671,0.2475687,-0.5249504,4
1.677361,0.3564056,0.9027699,1.643382,0.3766503,0.3237471,-27.70548,36.20724,-0.8120999,4
1.899872,1.034533,1.190627,1.16351,0.521714,0.7881562,-0.5421254,-0.5596498,-0.4867332,4
1.201531,-0.243642,1.179774,1.341574,-0.3829916,0.8402548,4.643498,0.6873277,-1.22911,4
1.647739,-0.5912867,0.803338,0.2115308,-0.5563204,1.03333,-0.3810503,-0.2462035,-0.6708989,4
1.821659,-1.213805,1.289981,1.212994,-0.151691,0.6607276,-1.32707,-0.09802779,-0.5077589,4
1.444513,0.6608808,0.8210902,0.5042312,0.02876178,0.9439691,-0.320485,-0.07645402,-0.4688172,4
0.8134867,0.2156402,1.250418,0.5302449,-0.2902326,0.6785013,-2.575265,-0.9953318,-1.145211,4
1.914443,-0.655551,1.181199,0.8801489,-0.02902867,0.2663108,-1.530383,-0.07691704,-0.9316049,4
0.6757311,1.159802,1.392173,0.8163438,0.7124774,0.724824,1.344152,-2.435977,-0.7442073,4
1.982707,-0.1841938,1.027576,0.3261488,0.3184515,0.7414603,-0.9575181,0.6232731,-1.021817,4
1.85331,-0.2313188,1.139479,1.24854,0.3807937,0.4541901,-2.512329,0.3680239,-1.157083,4
1.31946,-1.050718,1.388398,0.5361319,-0.2125226,0.4233867,-1.470717,-0.1782018,-0.8735832,4
1.68202,-0.9439594,1.223719,1.60967,-0.0370874,0.2706575,-15.24081,-0.09436429,-0.7226334,4
1.87457,-0.2703874,1.351227,1.56066,-1.189303,1.323845,-3.216927,0.7188623,-8.073026,4
1.855779,0.6817072,0.9968144,1.388404,0.1864045,0.9420355,-0.3716004,-0.1542369,-0.4531213,4
1.936157,-0.631746,1.315047,0.5592892,-1.076459,1.32877,-1.055692,-1.417312,-1.534307,4
1.829096,-0.3094736,0.9035119,1.131949,-0.5128328,0.5697352,-2.05239,27.4145,-0.9010055,4
1.565021,1.394364,1.233281,0.3813551,0.1373451,1.32674,-0.04811803,0.1707531,-0.06302917,4
1.883537,-0.8615799,0.9945931,0.9157315,0.02264772,0.2276307,-0.93534,-0.04124835,-0.5215721,4
1.120553,-0.01947428,1.35789,0.1097689,1.029931,0.9633034,-1.435428,11.49858,-1.713276,4
1.52856,0.2520376,0.9509295,0.3559548,-0.2206314,0.4868644,-0.9500812,-1.223827,-0.8696776,4
1.787278,0.004145807,1.087479,0.2046796,-0.9726149,1.007328,-1.078874,-0.3124953,-1.339962,4
1.726422,-0.09839591,1.402627,0.2360452,0.6499642,1.014782,-1.368861,4.413487,-1.545427,4
0.85605,0.2003221,0.5261233,0.03866155,0.4228481,0.678805,-0.4525729,-1.547404,-0.6089249,4
1.175086,0.4060828,0.7115402,0.720606,0.341386,0.6297584,-0.5805831,-0.6755329,-0.5795665,4
0.654276,0.4463315,1.257056,0.09131517,0.2123294,1.055796,-1.002506,-2.212545,-1.185408,4
1.495748,-0.8310228,1.404041,1.932247,-0.1927636,0.189761,4.238742,-0.1372433,-0.9547414,4
1.193683,-0.6795854,1.282343,1.210798,-0.009476826,0.1835442,58.98653,0.001098398,-0.9804946,4
1.414061,0.5719689,1.047528,0.568118,-0.4649795,0.9193632,-0.9425213,-0.2183576,-1.000397,4
1.851524,1.252736,1.326542,0.948838,-0.4322419,0.5764269,-1.169294,-0.1723816,-0.4213301,4
1.976698,-0.2255868,1.264434,0.9364307,-0.09925076,1.094573,-1.358078,-0.1723012,-1.372275,4
1.912265,0.5484034,0.5231484,0.1163736,-0.285413,0.6938868,-0.1135304,-0.07085834,-0.178093,4
1.308587,-0.5980915,1.320075,1.58227,-0.1982047,0.6284636,4.017443,-0.5417208,-1.079965,4
0.4920439,-0.5466776,1.071256,0.6436419,0.06816008,0.1511596,2.122436,0.01700565,-0.8361997,4
1.595401,0.05205506,1.155591,1.337999,-0.1178689,0.2623868,-5.595287,-3.038767,-0.9873448,4
1.732965,-0.4588423,1.227539,1.844956,0.06454652,0.1889997,12.74337,0.2169018,-1.038979,4
0.6788121,-1.351039,1.343793,0.01420287,0.3771427,0.652779,-0.8040883,0.6626162,-0.746906,4
1.62562,0.90634,1.356825,0.03362868,-0.9265769,1.337077,-0.8872712,-1.884255,-1.20977,4
1.168497,0.7562606,0.911271,0.9742758,0.477994,0.5645374,-1.087282,-0.7634256,-0.4604827,4
1.400395,1.172652,1.240949,0.5106047,0.3579269,0.7785642,-0.3474069,-0.4551985,-0.4033114,4
1.48516,-0.9172434,1.213231,0.04733927,-1.106798,1.097711,-0.8319176,-0.2479823,-0.8807816,4
1.504308,1.241127,1.387105,0.7014282,0.2129491,0.9801728,-0.5331956,-0.3874812,-0.5241625,4
0.7617033,-0.463901,1.175491,0.4115286,-1.207136,1.088168,-1.586809,3.695443,-2.035516,4
1.031787,-0.09433116,1.362623,0.9390523,-0.3071989,0.483338,-13.23977,-1.665668,-1.174965,4
1.987062,1.620862,1.385572,0.9036939,0.8026347,1.027788,0.1900853,0.1621423,0.06924337,4
1.206998,0.3650431,0.8344523,0.8727006,0.02752498,0.4564182,-1.445659,-0.8169876,-0.6595059,4
0.4653044,-0.03361229,1.262409,0.1859448,-1.067732,1.037676,-1.674258,0.9585138,-1.710344,4
1.679988,0.876086,1.172451,0.5017271,-0.7019865,1.239426,-0.7349988,0.03406252,-1.130435,4
1.946962,-0.1051938,0.8692285,0.3006528,-0.7113732,0.8412361,-0.8437658,12.84755,-1.099852,4
1.865287,0.1904489,0.890504,0.5589408,-0.122398,0.229065,-0.9896114,-1.560225,-0.7839288,4
0.8578563,-0.1925614,1.220222,1.650853,0.09730703,0.1932466,0.7745605,0.9413862,-1.041354,4
0.9207149,1.276568,1.199467,1.151019,-0.02346012,0.5979668,-0.3175087,0.04296665,0.07482473,4
1.956036,1.070537,1.15459,0.04734969,0.5415453,1.116765,-0.4314737,-0.9071759,-0.6134809,4
1.337419,0.9411307,0.839051,1.162222,0.5930576,0.6689081,0.6108611,0.214669,0.07634483,4
1.671072,1.020679,1.303687,0.0458326,-0.05417678,1.018534,-0.7020702,-1.516861,-0.9643371,4
1.323605,0.2439178,1.033509,1.023205,0.0441949,0.1522712,-2.958725,-2.500046,-0.8563574,4
1.890522,-0.4448859,1.221898,0.7369198,-0.4323276,0.6306242,-1.658513,-0.4152222,-1.130013,4
1.676984,0.3671161,0.7228285,1.643002,-0.08200817,0.4978477,-11.20626,-0.2900376,-0.4678347,4
1.227707,0.7359837,1.391065,0.7207417,-0.5757511,0.5963748,-2.685571,-0.5221807,-0.9440215,4
1.328124,-1.016083,1.071845,0.2748096,-0.8597879,0.760342,-0.6242377,-0.2739167,-0.5277295,4
0.2529679,0.3813629,1.077049,0.1340829,-0.1220247,1.010578,-0.9704032,-0.4727643,-1.100353,4
1.312118,0.52983,1.072045,1.428888,-0.1022572,0.6393822,4.284618,-0.5543505,-0.673589,4
0.8428921,-0.5951799,0.8430687,1.318009,-0.04237719,0.1949644,0.8567512,-0.08696876,-0.522768,4
1.192385,0.6928589,0.7022994,0.2465573,0.131981,0.6696851,-0.155242,-0.1571308,-0.1996424,4
0.4775936,-0.9944341,1.27956,1.268932,-0.3447674,0.4280957,0.326999,-6.555213,-0.6875559,4
0.5057436,-1.036805,1.407064,0.08501427,0.664337,0.8866221,-1.022613,-0.1591083,-0.9797753,4
0.3335038,-0.1861923,0.9089287,0.7918626,-0.1121202,0.3290707,0.4864745,-0.5340157,-0.7184168,4
0.6852431,0.1507612,0.6719077,0.3225177,-0.5624508,0.8779601,-0.2079669,-0.002147535,-3.12351,4
1.411012,-0.7582563,1.266247,0.1619655,0.2805556,0.2517874,-1.114855,0.2750414,-1.09335,4
1.578409,1.169459,1.318058,1.019616,-0.140633,1.244668,-0.2828394,0.1216718,-0.3873559,4
1.721662,-0.2777287,1.233388,0.8230488,-0.6980293,1.333924,-0.9558926,2.142187,-1.776722,4
1.026415,0.2883045,1.166726,0.763693,-0.4706169,0.5155178,-4.206202,-0.4274136,-0.9434729,4
1.681111,0.8557088,0.9586145,1.350082,0.04758489,0.7411988,-0.2669668,-0.04104581,-0.2256473,4
0.5884703,0.1636571,0.8795628,0.7881415,-0.2981,0.2985733,2.926178,-0.2417167,-0.5867299,4
1.962415,0.4373685,0.9979472,0.8813572,-0.07406908,0.2239595,-1.162889,-1.154461,-0.7480162,4
0.5468261,0.8488377,0.9987789,0.6792765,0.4861344,0.6154912,0.2264658,-0.9176408,-0.4427434,4
1.426558,0.03375589,1.30166,0.364198,-0.8583266,0.8795001,-1.569732,-0.2120076,-1.445285,4
1.706291,0.496242,1.044898,0.1060622,-0.04082793,1.278461,-0.760192,-1.579017,-1.004619,4
0.821122,0.8436058,1.103947,0.1738614,0.2168171,1.190718,-0.4958819,-0.496882,-0.6185438,4
1.19413,0.03689312,0.7647439,1.920326,0.1493943,0.3707859,0.4375265,0.5555363,-0.7844987,4
1.517173,0.5180042,1.056735,0.1359372,0.1463694,0.6783004,-0.7994886,-1.910758,-0.9909691,4
0.9298929,0.7636097,0.8914172,0.2937866,-0.3730462,0.3429658,-0.7087736,-0.2423815,-0.398572,4
1.61826,-1.044684,1.070942,0.3441138,0.2277061,0.5312897,-0.5368196,0.0006759058,-0.4440167,4
1.401799,-0.01237457,0.9367979,0.5184867,0.03615198,0.244878,-1.147036,10.5145,-0.8808303,4
1.916203,-0.06439416,1.398159,0.7937936,0.5895817,1.039048,-1.618102,0.9753515,-1.534728,4
1.934233,-0.5002164,0.738142,1.889082,0.04086942,0.1562533,-17.31851,-0.05807817,-0.5065639,4
0.7954396,0.5734249,0.6898363,0.9095071,0.1247,0.4515618,-0.06184508,-0.1580335,-0.1764065,4
1.886912,0.5833439,1.342586,0.3105746,-0.9244595,0.9969577,-1.249935,-0.6911576,-1.311656,4
0.9108866,0.6537279,1.280454,0.3233505,-0.3439654,1.154804,-1.065456,-0.5224171,-1.194967,4
1.706219,-0.3111802,0.2641728,1.056388,0.004252841,0.09394223,-0.07726354,0.05362393,-0.02260484,4
0.7888387,1.347801,1.20013,0.4284014,-0.3738057,0.434257,-0.7973602,0.0847102,-0.1032834,4
1.422859,0.7497869,1.340809,0.857057,-0.1721062,1.322563,-0.847708,-0.2529171,-1.098091,4
1.790774,0.5451632,1.412486,1.544405,-0.3657742,1.283644,-2.253077,-0.2567663,-1.26402,4
0.7320554,0.03905619,0.7109105,1.640581,-0.3160377,0.4341463,0.1949959,0.1426149,-0.8307938,4
1.132811,1.389685,1.348465,0.4272413,0.04687032,0.6989695,-0.3028031,-0.23599,-0.2845828,4
1.684675,0.7393265,0.97444,0.2683068,-0.9008079,0.9771968,-0.6784304,-0.0203061,-0.9285304,4
0.3157111,0.6464748,1.290639,0.1340679,0.8554047,0.8499539,-1.265511,-3.585657,-1.185553,4
0.3742695,1.221876,1.153577,0.2127836,-0.198941,0.4944303,-0.5765876,-0.06435638,-0.1904522,4
0.8952505,0.5767862,0.8715488,0.0869022,-0.757226,1.328456,-0.535114,-0.157846,-1.04203,4
1.439002,1.248529,1.348358,1.11883,0.3742605,1.025856,-0.1563345,-0.1114933,-0.3097865,4
0.9893656,-0.1389504,1.303197,0.275465,-0.2592694,0.4384741,-1.551604,5.132126,-1.242788,4
1.834797,-0.1939414,0.4860518,0.01791351,-0.3996345,0.471233,-0.4882722,0.6485939,-0.5748964,4
1.383702,0.6217785,1.067744,1.752582,0.03589789,0.1528508,1.573012,-1.169151,-0.5979112,4
1.217289,1.539856,1.394366,0.3919263,0.4239707,1.20884,-0.028745,0.04034361,-0.087838,4
0.2651343,0.7999992,0.9533082,0.2093919,-0.4817792,0.4530055,-3.230123,0.05384583,-0.3053612,4
1.670684,-0.1605331,1.052328,0.1421342,-0.8173847,0.876304,-1.028213,0.4191163,-1.167782,4
0.6697588,-1.308583,1.288431,0.1328307,0.5997766,0.607591,-0.6157686,0.06552248,-0.4800044,4
0.9445065,-0.03831073,0.6798902,0.05190004,0.09180097,0.8209271,-0.6216016,4.330815,-0.7587739,4
1.220738,0.09374849,0.9221507,0.7107531,0.3548198,0.3633938,-1.596786,2.876007,-0.9187845,4
0.3019319,-0.2837411,1.04136,0.7641816,-0.08928324,0.4230155,0.3913633,-0.421325,-0.8644985,4
1.46984,0.4258475,0.8513692,0.3781479,0.1730827,0.7145886,-0.6135165,-0.8232706,-0.6831548,4
1.12074,0.4018699,0.9544744,0.09163171,-0.09857111,0.4079778,-0.7767088,-1.89421,-0.9215736,4
1.275962,0.4866623,1.016811,0.0007918703,0.4523554,0.4884806,-1.072155,-3.664991,-1.533609,4
1.629081,-0.6762286,1.101563,1.223535,0.4881636,0.4565768,-2.851233,-0.06997086,-0.9505753,4
1.613792,0.603698,1.035941,0.02059134,-0.6394072,0.8111339,-0.7924647,-2.008945,-1.078662,4
1.274719,-0.9041066,1.398964,0.4629475,0.1900389,0.8062857,-1.28352,-0.2559822,-1.070404,4
1.58584,0.5173901,0.7868003,0.1132382,-0.04881833,0.7673352,-0.4769023,-0.8892393,-0.6224135,4
0.1393219,0.2639297,1.234933,0.09642214,0.6480505,0.8510343,-2.244816,2.524712,-1.430828,4
1.954374,1.216414,1.342223,1.024353,0.6027271,1.265073,-0.2966105,-0.1548938,-0.3739927,4
1.997954,0.295167,1.006503,0.4640734,-0.6590553,0.6680388,-1.119683,-0.4366473,-1.038617,4
1.263966,0.8934402,1.016949,0.3164731,-0.6727157,0.969584,-0.6090128,0.06309007,-0.7447635,4
1.637046,0.4669296,0.9968475,1.917067,-0.1636999,0.5799614,2.400522,-0.4378841,-0.5998461,4
1.978893,0.2572079,1.275961,0.09961237,-0.5714033,0.5267222,-1.198503,-4.26435,-1.388252,4
1.863903,1.102311,1.293565,0.8576082,0.4971738,0.6593622,-0.6316272,-0.8554966,-0.5840399,4
1.724555,-0.01134608,1.063247,0.02179977,-0.05676282,0.05485977,-1.199148,120.9056,-1.522064,4
1.655968,-0.2833505,0.8467066,0.2763264,-0.573305,0.8908421,-0.7240459,-0.6179538,-0.9988581,4
1.856376,-0.9590449,1.162841,0.1121324,-1.178328,1.176452,-0.6972717,-0.3232149,-0.82974,4
0.1556739,-0.09778935,0.9383408,0.2497348,-0.07796663,0.432819,0.8737255,-3.531744,-0.8215177,4
1.990298,0.8611617,1.005965,0.1059153,-1.040343,1.335315,-0.4598185,-0.3418752,-0.7315215,4
1.866875,1.045957,1.304399,1.060932,0.6369225,1.229907,-0.4999982,-0.3719405,-0.5773948,4
0.4368117,0.9812511,1.036401,0.1382697,-0.1175644,0.7154023,-0.4021123,-0.2073771,-0.3680384,4
1.650939,0.8234676,1.392757,0.8871086,0.2158083,1.213943,-1.017268,-0.7105314,-1.033261,4
1.448847,-1.101852,1.336626,0.7252892,-0.3044765,0.6867383,-1.388772,-0.2495598,-0.7417057,4
1.869451,1.368011,1.26837,1.054113,0.6411358,1.031061,0.09386243,0.08683885,-0.04902273,4
1.654954,1.036401,0.9228255,1.120823,0.5013452,0.8722907,0.4210599,0.3633696,0.2594989,4
1.810399,-0.4715856,1.294966,0.1485814,-0.03997116,0.4559378,-1.212283,0.8161247,-1.284671,4
1.457649,-0.4631166,0.9635352,1.561975,0.06209654,0.3980912,7.175108,-0.1238251,-0.8120216,4
1.335322,1.378212,1.350476,0.2637226,0.4909875,0.9775576,-0.2487664,-0.4151408,-0.3426258,4
0.4221982,-0.1091518,0.9818558,0.1723889,-0.2443382,0.769575,-1.13943,3.706957,-1.065673,4
1.723124,0.4138077,0.9308156,1.546911,0.4080791,0.5393558,-3.904582,-7.558993,-0.8707021,4
1.652876,0.6948259,1.179152,0.8060771,0.1934257,0.3997941,-1.081508,-1.2616,-0.7819464,4
1.382971,-0.3160756,0.6394866,0.5799205,-0.902434,0.8018577,-0.5849948,3.262041,-2.588844,4
1.117106,0.9930083,0.9041221,0.5075059,-0.149554,0.4757457,-0.272565,0.01197581,-0.1267957,4
1.842915,0.7078339,1.248211,0.3903866,-1.078282,1.190548,-1.071416,-0.05839748,-1.427333,4
1.219453,-0.790696,1.088953,0.2183681,0.03114691,1.01417,-0.7196238,-0.2493049,-0.7695895,4
0.4567215,-0.2719698,0.8801429,0.01475241,0.1536054,1.004586,-0.8422125,1.130281,-0.996668,4
1.432155,-0.8381393,0.801239,1.217466,0.08690159,0.09105759,-1.656286,0.076499,-0.2432632,4
1.982481,0.3400414,1.050469,1.168301,0.2094209,0.3597804,-1.552028,-2.507825,-0.8970424,4
0.1968406,0.3650512,1.071286,0.3592844,0.1151396,0.2087597,0.5572343,-4.03108,-0.7682653,4
1.233476,1.279051,1.28001,0.3369614,0.01612872,1.063191,-0.3135361,-0.1678939,-0.3507817,4
1.657796,0.8681408,0.901514,0.07616552,0.3128052,0.6177962,-0.2797903,-0.5646944,-0.3911175,4
1.959124,1.309277,1.252923,0.5493697,-0.667933,0.9577483,-0.5876192,0.1454174,-0.4585925,4
0.8004429,-0.5505368,0.9900817,0.04507023,0.5270673,0.9238603,-0.849973,0.3050369,-0.9397582,4
0.9560351,0.9280749,1.19538,1.553555,0.3722056,0.7916679,-0.346638,-0.4393365,-0.1282036,4
0.963266,0.004155636,1.139997,0.3921994,-0.4379495,0.8348328,-1.440044,-0.5728497,-1.23855,4
1.85774,-0.5678081,0.8260132,0.01599553,0.8988851,0.9194896,-0.8409716,0.9302573,-0.9387896,4
0.9304782,-0.05778076,0.5470321,0.181181,-0.05847264,0.1914301,-0.5639841,1.466865,-0.5242855,4
1.345435,-1.077899,1.372563,1.449068,0.0203188,0.4420136,7.921354,-0.1483807,-0.7986148,4
1.924713,1.107631,1.084775,1.808642,0.171424,0.4643149,-0.3329346,-0.1853942,-0.1855188,4
1.393505,-0.2617493,0.9129013,0.5702418,-0.1956796,0.3813375,-1.274427,0.1682126,-0.8460196,4
0.8638802,0.549575,1.20741,1.697268,0.1756108,0.1554234,0.602201,-4.348916,-0.785093,4
0.9850141,-0.330832,1.194156,0.55125,-0.6892907,0.6400728,-2.697894,6.074082,-1.157433,4
1.522911,1.356802,1.385417,0.1174018,0.4315799,0.7470909,-0.3859393,-0.7525527,-0.5263777,4
1.16314,0.558085,1.170449,0.3868345,-0.135339,1.164028,-0.8978927,-0.581308,-1.119573,4
1.002445,-0.3585266,1.182977,0.008295511,0.02017912,1.042796,-1.33821,3.525928,-1.631417,4
1.26078,-0.5263338,1.001382,0.2956605,0.3133568,0.6772379,-0.8949253,-0.1459936,-0.8737896,4
1.834905,-1.307772,1.381106,1.234339,-0.9006819,0.9611505,-1.107382,-0.5300873,-0.570679,4
1.338136,1.01299,1.335193,0.340901,1.200982,1.083417,-0.8048388,-1.801,-0.9891389,4
0.7995512,0.1471216,0.8317783,0.05550415,-0.8120583,1.015702,-0.7402303,-0.6167388,-1.046068,4
0.3590917,1.130917,1.386046,1.371951,0.3130234,0.6142961,-0.2913335,5.532162,0.8004686,4
0.8443967,-0.5024243,1.037229,0.161249,0.01334688,0.6058012,-0.9456452,-0.1120929,-0.9137524,4
1.332247,-0.9434721,1.407651,0.1922969,0.05612165,1.351577,-1.001004,-0.331524,-1.081297,4
1.975736,0.03367225,0.9091969,1.004328,-0.8672115,0.746922,-1.505068,0.7181863,-1.415254,4
1.660002,0.141363,1.138537,0.1416444,0.731221,0.9166342,-1.120081,-13.32998,-1.382761,4
1.175921,0.8771073,1.372152,1.656886,0.09310779,0.8160586,0.2596037,-0.6864583,-0.5512162,4
0.6567633,0.6996502,1.413862,0.6243012,0.02824239,1.118999,-5.522149,-0.5837616,-0.9556496,4
1.844137,-0.3164496,0.7317047,1.210827,-0.4896769,0.6945966,-0.835712,20.7398,-0.9470355,4
1.792857,0.9786184,0.980336,0.0403663,-0.5123125,0.5814899,-0.2831495,-0.4953204,-0.3758494,4
1.323346,-0.807235,0.9980339,0.2641461,-0.3962352,0.6747743,-0.6950393,-0.2117567,-0.6245694,4
1.609128,0.1698532,0.8274988,0.01505586,1.142051,1.297451,-0.9158873,-6.018621,-1.24785,4
1.70477,0.03132818,1.297184,0.3895244,0.05012237,1.194409,-1.227017,-15.3937,-1.396842,4
1.424901,0.1965532,0.5161306,1.917214,-0.0705483,0.06982478,1.179732,-0.5021853,-0.3129636,4
1.378555,0.1067329,1.335128,1.384048,-0.8829802,1.092635,167.9926,0.3656116,-2.288325,4
1.12407,0.1418759,1.248397,1.750561,-0.4988509,0.7179696,1.976333,0.1026802,-0.9753037,4
1.375694,1.427935,1.229309,1.064096,0.2979021,0.3196133,0.09763788,-0.02887469,-0.03265611,4
1.429058,1.419737,1.405674,0.2800792,0.1799177,0.2749273,-0.3353372,-0.5523965,-0.3901354,4
1.390413,1.058809,1.080684,0.9016128,-0.1247558,0.9775593,-0.132596,0.1817156,-0.182229,4
1.003765,-1.21717,1.366541,0.2019655,0.1384912,0.7278792,-0.812632,-0.08907108,-0.7083704,4
1.267881,-0.7646489,1.350549,0.4357597,0.4236497,0.8462408,-1.294794,-0.2288049,-1.147684,4
1.391381,-0.6655939,0.9815038,1.258815,-0.1547439,0.352356,-6.757344,-0.2233873,-0.6506893,4
1.788622,-0.5581153,0.8449955,0.17204,-1.145678,1.258554,-0.4427543,-0.4345348,-1.042724,4
0.1085422,-1.222935,1.142185,0.1228577,0.0182662,0.2436212,1.978851,0.1284658,-0.2790407,4
1.586751,0.4006992,1.104757,1.130333,0.2723857,0.5929325,-1.925379,-2.433346,-0.9796338,4
0.7538753,0.8409884,1.339273,1.467892,0.1296121,0.1558768,0.4267182,-1.855064,-0.6483706,4
1.231979,1.08164,1.175436,1.02563,0.3026186,1.041344,0.4903368,0.1365392,-0.01862203,4
0.8379858,0.8172392,0.838378,0.2196351,-0.2486131,1.39588,-0.05142653,0.34341,-0.6573057,4
1.304032,0.527751,0.4959207,0.1997205,0.07712759,0.9485916,-0.05209867,0.1483471,-0.04842132,4
0.6689143,0.1693476,1.278939,0.5702388,-0.5085695,0.4770235,-9.196335,-0.3853806,-1.025041,4
0.0938639,0.3945408,0.9563314,0.1452589,0.1726172,0.2667292,0.7022359,-3.749861,-0.7099755,4
0.5571138,-0.5911613,1.185131,1.090164,0.1430468,0.1365866,0.784898,0.0491626,-0.9321987,4
1.713231,-0.7759376,0.7096736,0.6278012,-0.2072645,0.2249205,-0.4379699,0.06505735,-0.158712,4
1.265923,1.258074,1.385359,0.4755668,0.1131663,1.324189,-0.4561797,-0.1545955,-0.5392662,4
1.069338,0.7792613,0.9822633,1.499244,0.1522153,0.1972447,0.5373969,-0.8412535,-0.4002221,4
1.911219,-0.2270377,0.9089556,0.3991261,-0.3317475,0.491219,-0.9926111,0.1665145,-0.8965313,4
0.1747596,-0.2561974,1.211434,0.09397901,0.2580409,0.7347104,-1.703666,0.1847172,-1.242634,4
1.61868,0.6549298,1.236856,0.5835211,-0.06848474,1.08721,-0.9664879,-0.7063785,-1.051643,4
1.68992,-0.5416646,0.7213019,0.04525559,0.1464043,0.2749882,-0.6007091,0.3937175,-0.6319042,4
1.745323,0.7000314,0.9470388,1.212894,0.3742746,0.4401287,-1.015056,-0.9560771,-0.537474,4
1.752693,0.9029011,1.347853,0.6215653,0.291706,0.4414631,-0.9456497,-1.41424,-0.8557603,4
0.4808908,0.2685987,1.281565,0.01070478,0.6908305,0.7675748,-1.347076,-8.10336,-1.768089,4
1.5638,0.6383053,1.034208,0.08407637,0.4834663,0.7207975,-0.7230666,-1.803949,-0.9654664,4
1.644872,0.474558,1.289094,0.7144586,0.5183206,1.108441,-1.180037,-2.15991,-1.24235,4
1.241243,1.181965,1.15919,0.6703631,-0.0415616,0.4930239,-0.4265854,-0.1957596,-0.2509869,4
1.748002,-0.6156444,1.264094,0.05644085,0.7259806,1.159854,-1.228402,1.166894,-1.408212,4
1.086985,0.18347,1.267475,1.627826,-0.2758644,0.4668684,2.137373,-0.731756,-0.9036711,4
0.9181231,0.7122393,0.9393796,0.5160555,0.529171,0.6414332,-0.6345796,-0.8586384,-0.5476349,4
1.861316,1.331589,1.259091,0.5177078,1.080368,1.213936,-0.151944,-0.2694063,-0.2149716,4
0.569303,-0.1469294,0.7719975,0.175796,-0.6604446,1.047183,-0.4412188,0.7085862,-1.589125,4
1.481964,0.6510414,1.149269,0.6810811,0.4987515,1.101642,-0.7929467,-0.8770524,-0.9092978,4
1.693229,0.3673566,1.216857,0.730007,0.2526275,1.192338,-1.053715,-1.23026,-1.25454,4
1.692983,-0.3170941,1.284145,0.2127602,-1.059307,1.255479,-1.20668,-1.107009,-1.541423,4
1.151666,-0.56295,1.198647,0.006336743,-0.3546107,1.017539,-1.309497,2.042501,-1.540488,4
1.832225,0.331913,0.5273364,1.604457,0.06293861,0.1387819,-1.653048,-0.543028,-0.3153619,4
1.26911,0.4352459,0.6811762,0.0007462123,-0.001939499,0.7130288,-0.5906731,-1.639299,-0.8542064,4
1.852834,0.7228974,1.277147,1.794364,-0.2461907,0.4392374,-24.45641,-0.7578194,-0.7048765,4
0.4032887,0.3422294,1.041335,0.03439284,0.1082976,1.269123,-0.8145663,-1.795612,-1.041304,4
1.179223,0.9218984,1.26849,0.6821862,0.1699314,0.4826283,-1.064228,-0.9417912,-0.6860373,4
1.610071,-0.548654,1.122533,1.815711,-0.02641113,0.5671186,4.374952,-0.2796456,-0.929686,4
1.093471,-0.08253288,1.269049,1.818334,-0.06405148,0.6141309,0.928613,-8.340504,-1.126213,4
0.7315878,-0.7032495,1.003462,0.006738267,-0.4323941,0.8361248,-0.8769854,0.6329711,-0.9545523,4
1.260815,0.8754959,1.402665,1.496792,0.02719203,0.07989638,2.958367,-1.396277,-0.7420208,4
1.065708,-0.746748,0.6434902,0.07264407,-1.139172,0.9884411,-0.09869695,0.05484604,-0.2711735,4
1.119861,0.1973428,1.197106,0.687829,-0.431598,1.209485,-1.034265,-0.2039601,-1.611614,4
0.5544906,-0.1129121,0.8565222,0.3832982,-0.2899635,0.4583326,-2.299258,-0.1573731,-0.8172459,4
1.912452,0.1924869,0.9286946,0.19147,-1.123644,1.179048,-0.8090719,0.03234823,-1.442185,4
1.247997,0.273996,1.413458,0.1104708,0.1844125,0.4386625,-1.339928,-6.395157,-1.567431,4
1.911387,0.9975197,1.228802,1.901585,0.02588994,1.083978,22.90066,0.07358246,0.1553208,4
0.1285469,0.2338603,1.192007,0.2109831,-0.4774086,0.8199149,0.8217547,0.05523039,-0.7824795,4
1.223962,0.4367124,1.005731,0.1062484,0.901984,0.8420522,-0.8726856,-2.948762,-1.141607,4
1.757395,0.7893341,1.299738,0.8750768,0.0594103,1.270299,-0.8112096,-0.4149184,-0.9844006,4
1.859119,0.7820426,0.8729044,0.2101493,0.07394464,0.1285029,-0.3357589,-0.6202498,-0.4137557,4
0.3308248,0.008168542,1.060936,0.1004638,-0.09560169,0.5776991,-1.190604,-7.525453,-1.052017,4
1.389703,-0.7553003,1.067201,0.3270889,-0.2350556,0.9808218,-0.699558,-0.2961556,-0.7817245,4
1.205052,0.9441847,0.8263409,0.08287381,-0.7027224,1.20029,-0.118263,0.135013,-0.2609238,4
0.9387156,-0.1297505,0.6687334,0.06430048,-0.08593144,1.143391,-0.5570295,-0.03672395,-0.7780768,4
0.3974165,-0.1707358,1.359868,0.1066091,-0.4773883,0.7088817,-1.618718,4.602978,-1.358779,4
1.64746,0.7775756,1.143914,0.4620314,1.065817,1.19211,-0.6881036,-1.525631,-0.911211,4
1.961914,0.2928878,1.055638,0.4342562,-0.07207824,1.275868,-0.8332116,-0.7525371,-1.195541,4
1.060705,-0.3314171,1.169468,0.3605976,-1.384053,1.256653,-1.13372,4.171387,-2.24555,4
1.26233,1.095843,1.012389,1.409299,0.6167447,0.6536151,-0.422508,-0.01801891,-0.08359014,4
1.956873,1.158263,1.28907,1.071245,-0.7475785,0.7835533,-1.612376,0.1693677,-0.5597896,4
0.6990851,0.3528296,1.172368,0.0667413,0.874236,1.201503,-1.030155,-4.200695,-1.327281,4
0.7436007,-1.087411,1.250596,1.351908,0.02871796,0.1900639,0.5852494,-0.01106955,-0.5988247,4
1.113282,-0.5266089,1.23642,0.631079,-0.8451338,0.9422618,-1.889841,-10.47075,-1.337566,4
0.5824164,0.9423323,1.371458,0.1111508,-0.3269011,0.3505163,-0.9394919,-1.118789,-0.8438762,4
0.9990071,-0.8192183,1.11385,0.7135631,-0.1381711,0.1506712,-2.721364,-0.09995379,-0.6874347,4
0.3408198,0.338422,0.3563235,0.01186224,-0.5696623,1.365045,-0.08913478,0.1525496,-1.015081,4
0.286391,0.1756244,1.279708,0.6074992,0.1062885,0.09783687,0.6885433,15.94204,-0.9894124,4
1.076674,-1.276764,1.338308,1.203639,-0.6223549,0.6620942,3.17695,-0.6608272,-0.4875596,4
1.431815,1.501466,1.359748,0.6050391,1.040819,1.410403,0.09121498,0.1775221,0.1119608,4
1.029022,0.187135,1.282488,0.15759,-0.05371649,0.3684399,-1.217717,-4.583594,-1.251269,4
1.139049,-0.5889573,1.305141,0.3142208,-0.6916804,0.688969,-1.553324,-0.7339848,-1.184581,4
1.717845,0.3252949,1.318194,0.3019325,-0.8299819,0.9332247,-1.351704,-0.8868011,-1.381374,4
0.509708,0.4634534,1.412172,0.1544831,0.4803094,0.9332796,-1.25273,-2.793283,-1.266532,4
0.8758636,-0.4855441,0.6050143,0.1610367,0.008451603,0.3788294,-0.4055086,-0.07961577,-0.3752524,4
1.694554,-0.3207886,0.6562682,0.5054395,-0.9403018,0.9339949,-0.4703596,-3.39434,-1.967551,4
1.782449,1.198558,1.306398,1.306002,0.4299579,1.050709,-0.1773433,-0.1064218,-0.3141928,4
0.8046119,0.4725486,1.114286,1.915385,-0.2480738,0.4225298,0.6300413,-0.3702576,-0.3084943,4
0.7163008,0.6482353,1.001935,0.4229769,-0.102997,0.5913696,-1.073031,-0.5143852,-0.6355667,4
1.526965,1.016631,1.306955,0.7685992,0.3120053,0.460358,-0.8672889,-0.9970808,-0.6551073,4
0.3049421,0.3736377,1.125276,1.308815,0.2872457,0.3450344,0.02649899,0.691586,-0.9834163,4
1.578593,-0.07274368,1.144757,0.3302051,0.7059925,0.674424,-1.244738,2.761769,-1.3022,4
0.8471457,1.007941,1.272722,0.8022389,-0.1290781,0.4291243,-8.50922,-0.5767708,-0.4841804,4
1.965595,-0.7903472,1.089008,0.3645367,-0.8312072,0.7554294,-0.8930288,-0.5243383,-0.8276746,4
0.7626431,0.1506002,1.238548,0.1070446,0.4799829,0.9096882,-1.153597,-10.28868,-1.331275,4
1.465418,0.7243422,0.9458931,0.2737472,-0.7706597,1.172334,-0.5527862,0.06754124,-1.072696,4
1.198225,0.6142248,0.9663485,0.7322254,0.4697478,0.6162485,-0.9330487,-1.252419,-0.693048,4
1.559757,-0.01831999,0.7897521,1.704247,-0.4031759,0.5115453,6.776458,0.2506517,-0.8280947,4
1.836454,0.1695166,1.218793,1.226532,-0.633827,1.400826,-0.4850776,-0.1865776,-4.193282,4
1.061028,0.7983745,1.371417,1.305539,-0.6745074,0.6533054,5.860843,0.05216481,-0.5005878,4
1.081338,0.7575238,0.8268945,0.2622204,-0.633469,0.6513296,-0.5637751,0.08219718,-0.5224869,4
0.6806578,0.7299507,1.039325,0.175907,-0.3951336,0.8876163,-0.7264658,-0.3341469,-0.7825697,4
1.671185,-0.830951,1.243899,0.2275216,-0.6315356,1.113216,-0.9149873,-0.4038951,-1.016335,4
1.950747,-0.06489261,1.277469,1.790297,-1.072884,1.119489,-7.829495,0.6552323,-3.950957,4
0.3232208,-0.2189894,1.241174,1.870505,0.02292175,0.2470847,0.08921195,0.9868233,-0.9056118,4
1.230507,0.4640963,1.297317,0.2967501,-0.4389366,0.9778261,-1.226144,-0.9963322,-1.253017,4
1.652166,0.4491921,1.23891,0.07591812,-0.4250356,0.9961191,-1.043458,-2.742553,-1.307872,4
0.9902152,-0.02366735,1.077323,0.7570403,-0.1676793,0.4478904,-3.485389,-2.345484,-0.9802324,4
1.716493,0.4324865,1.136526,0.3774795,-0.3762932,1.2745,-0.9031314,-0.5584817,-1.286203,4
0.5524529,-1.309762,1.268533,0.03385448,0.0599094,1.292253,-0.4888161,0.03576445,-0.4381277,4
0.1546356,-0.07683177,1.143999,0.3087984,-0.3556523,0.5065913,1.255939,0.1675571,-0.8747942,4
0.9579369,0.5225034,1.112685,0.1185623,-1.387768,1.38624,-0.8841057,0.1004816,-1.734561,4
0.7446283,0.506336,1.219487,0.3538043,0.330285,0.7254865,-1.249633,-1.899739,-1.041756,4
0.7161056,1.062876,1.234582,0.203254,-1.03623,0.9533934,-1.026862,0.2190979,-0.9150514,4
0.07538106,0.03314753,1.05009,1.348483,0.1671835,0.1654839,-0.003146301,0.1849653,-1.042117,4
1.978696,-0.2442129,1.080773,1.353519,-0.3838196,0.3886556,-3.433032,0.9183806,-0.9470982,4
0.4115495,0.348868,1.362713,1.579619,-0.07608125,0.1494964,0.312743,-1.815436,-0.663435,4
0.8558199,0.9934321,0.9649835,0.6586583,0.3993095,0.6686842,0.08860838,-0.02565092,-0.1269362,4
1.158648,0.1086111,0.8560763,0.0898411,0.4416825,0.487398,-0.8643917,-8.806218,-1.049784,4
1.166283,0.5026951,0.770033,0.04594995,-0.3172173,1.101754,-0.4709115,-0.8372852,-0.6693212,4
1.725816,0.120045,0.9329883,0.1486437,-0.9399625,0.8015208,-0.9151241,-0.591425,-1.093223,4
1.992123,-0.2699667,1.036155,1.219725,-0.9619781,0.9164535,-1.703594,1.481365,-1.806893,4
1.637083,-0.406083,0.5755863,0.2300336,-0.679179,1.043054,-0.2461235,-0.08690953,-0.726759,4
1.443895,1.069844,1.321313,1.001194,-0.5866081,0.9298586,-1.822802,0.04769514,-0.6214986,4
1.377548,-0.3561229,0.8992925,0.2023649,0.08026765,0.4611683,-0.8165516,0.04665881,-0.8188539,4
1.476863,-0.3450181,1.029815,0.4356699,-1.091809,0.9537072,-1.052727,-19.04406,-1.447442,4
1.861304,-0.9023389,0.9686643,1.479582,-0.09846142,0.1313256,-2.462171,0.01032009,-0.4069373,4
1.258053,-0.9030115,1.276061,0.04685195,-1.0391,1.01414,-0.9291975,-0.2690775,-0.9670568,4
1.829241,-0.4820135,1.355691,0.479876,-0.2660204,1.243887,-1.226288,-0.4428399,-1.395071,4
1.339243,-0.245285,1.355934,0.09900524,-0.9660558,0.8951708,-1.322402,0.7466561,-1.405127,4
1.881922,0.9288526,1.024487,0.08338247,0.4778503,0.6618623,-0.4004188,-0.8407678,-0.5563159,4
1.528163,1.073649,1.390727,0.7314151,-0.6734426,1.151932,-1.150933,0.008048788,-0.9661734,4
1.556347,-0.05120046,0.3779097,0.6939148,0.04060077,0.2492294,-0.4627098,0.1964204,-0.3899864,4
1.412345,-0.9533099,1.255579,1.912571,0.006235146,0.06189337,1.855742,-0.0318772,-0.7398171,4
0.5007196,-0.588848,1.286971,0.4348418,0.1642681,0.4027408,-6.059449,-0.04010339,-1.106326,4
1.763316,0.7207116,1.407669,0.0223415,0.2736229,1.204808,-1.201552,-3.571747,-1.655654,4
1.270471,-0.6298953,1.345315,0.8469486,-0.540821,0.9460514,-2.42823,-1.355073,-1.227128,4
1.191677,0.1143498,1.049248,1.173208,0.07328317,0.5411698,-35.06559,-6.806166,-0.9932958,4
0.7556438,-0.2966465,0.8916292,1.641881,-0.05575153,0.3518439,0.4217964,-0.1230392,-0.7414485,4
1.310092,-1.22935,1.102679,0.4110145,0.1570714,0.5747597,-0.3214683,0.1249336,-0.2198739,4
1.330626,-1.380041,1.370575,0.4288365,-0.6314778,0.5972933,-1.017633,-0.112029,-0.4786332,4
1.596249,-0.1691957,1.037099,0.3912512,-0.8177727,1.393433,-0.5701127,3.146575,-1.790357,4
0.7688746,-0.4638187,1.19722,0.3724145,0.4695692,0.4294971,-1.783656,0.1046473,-1.135068,4
1.116381,-1.41222,1.264382,0.01187996,0.07037599,0.7967767,-0.6047203,0.7179641,-0.5008655,4
1.75075,0.0217296,1.015154,1.159793,-0.57529,1.074866,-0.8607327,-0.01595826,-2.041235,4
0.6659994,0.2044716,1.086849,0.2646604,0.1022781,0.5058569,-1.24473,-2.853781,-1.011664,4
0.1796426,-0.09456539,1.250759,1.210178,-0.3580943,0.3347446,0.3022222,0.4074663,-0.6898761,4
1.819583,0.5911839,1.108075,1.000825,0.5346184,0.6314344,-1.183469,-2.068505,-0.8821838,4
0.3097654,0.219374,0.8556761,0.7107382,0.0001308873,0.01575516,0.3380503,-1.970087,-0.5556669,4
0.2970623,0.4893116,1.20331,0.8194869,0.09420222,0.3253335,0.1323887,-3.369963,-0.6895313,4
1.437804,0.3241707,1.062657,0.1870619,-0.04549022,1.238765,-0.84125,-1.189262,-1.066294,4
0.9829404,1.07761,1.288697,1.061354,-0.3681919,0.6531283,6.521493,-0.1358789,-0.2745467,4
1.099729,0.6634512,1.225634,0.3547815,0.1660216,1.135129,-0.8723229,-0.8502534,-0.9979169,4
0.6168543,-0.2910706,1.171289,0.2225992,0.5609021,0.524219,-1.451909,0.3848002,-1.176608,4
1.213796,-0.4253023,1.071918,1.181905,-0.7434492,0.64402,-32.12643,2.162227,-1.171129,4
0.6954967,0.7320876,0.9152167,0.5582405,0.4660919,0.6303461,-0.8550959,-0.6723296,-0.4842809,4
1.329359,-0.09996397,0.7943542,0.3594716,-1.208756,1.148387,-0.5597836,0.9092307,-3.420586,4
1.203706,1.155661,1.410325,0.1206598,-0.003274013,1.269507,-0.6283812,-1.004116,-0.8110425,4
0.9861196,0.2140538,1.217809,0.1435801,-0.2466974,0.2267695,-1.181051,-3.074421,-1.141711,4
1.051048,-0.9035316,0.8526445,0.04460282,0.0209323,0.6121808,-0.313871,0.07597235,-0.2623734,4
0.9397175,-0.008650756,0.8250342,1.242826,0.1714327,0.2919135,1.404902,0.7416664,-0.8070175,4
1.581476,0.814906,0.8700014,1.997185,0.1398529,0.5581634,-0.4358822,-0.02662639,-0.01931008,4
1.151506,0.3314473,1.386866,0.3591163,-0.1062276,0.2975233,-1.499875,-2.512065,-1.199118,4
1.524784,0.825588,1.262758,0.5433047,-0.8533288,1.407466,-0.7665423,0.1389499,-1.587709,4
1.924323,0.2703176,0.7536106,0.08523551,-0.3708695,1.203813,-0.5780417,-1.027083,-0.8222845,4
0.5230532,0.2155241,0.6796424,1.538131,0.01692102,0.1718417,0.1028242,-1.469733,-0.3940871,4
0.5416678,0.9760384,1.365253,0.05010596,0.9721078,1.269153,-0.7901292,-1.780665,-1.063963,4
1.556758,0.6466345,0.955983,0.1246868,0.999474,1.285896,-0.5755822,-1.350234,-0.8017841,4
1.573853,-0.931447,0.9599686,0.03576654,0.05862804,0.06900239,-0.602356,0.4440582,-0.5683726,4
1.193844,0.7624724,1.324101,0.1153841,0.7498183,1.212985,-0.9154128,-2.205812,-1.198745,4
0.1201444,0.9031397,1.298703,0.02436502,0.8916693,1.167615,-0.7449939,-1.529425,-0.9469953,4
0.9930841,-0.1356697,0.41352,0.9094691,-0.252458,0.2895189,-3.039131,0.5901897,-0.4753416,4
0.4827577,0.6774566,1.253194,0.2360023,0.707872,1.045436,-1.04286,-1.783614,-1.061524,4
1.707333,0.6759145,0.8250276,1.393962,0.4842944,0.5710407,-0.873043,-0.7348582,-0.4472641,4
1.517446,-1.190472,1.201453,0.2055614,0.215091,0.7258123,-0.5490764,0.01274842,-0.4762536,4
1.150452,0.3353124,1.282053,1.070008,-0.8071356,0.7194937,-20.17919,0.3192579,-1.093926,4
0.5747966,0.8724625,1.113077,0.1475735,0.7078039,1.173866,-0.4724467,-0.719875,-0.5988958,4
1.205803,-0.3957555,1.107816,0.6617479,-0.5085738,0.8895689,-1.46632,-1.735459,-1.16245,4
1.368149,-0.1767551,1.085347,0.3831052,-0.07960711,0.2912808,-1.239686,1.462531,-1.023713,4
0.9161926,1.24324,1.142755,0.5598528,-0.0145071,1.165241,0.2786236,0.421756,0.1423645,4
1.077523,0.6743813,1.010071,0.3164628,0.61309,0.7279038,-0.6567746,-1.307823,-0.7445759,4
1.694424,1.134205,1.302088,1.722096,0.1037044,0.1351284,18.46764,-0.7408867,-0.4457883,4
1.086006,0.8725148,0.886448,0.7814393,0.4320105,0.6590936,-0.08580969,-0.1041556,-0.1808106,4
1.968092,-0.9241619,1.381334,1.65739,0.171002,0.5175086,-4.401631,-0.1880413,-0.9961061,4
1.638222,1.206507,1.362329,1.342995,0.4867205,1.165391,0.08280173,-0.01864501,-0.2455762,4
0.7959782,-0.8208659,1.266987,0.7040626,-0.9905902,0.9404907,-4.896517,13.29611,-1.3639,4
0.9718767,-0.447047,1.368587,0.4716689,-0.7183999,1.163953,-1.591914,-3.172672,-1.528033,4
1.791096,-1.219244,1.304362,0.2544105,-0.3221922,1.097934,-0.6318327,-0.1140316,-0.6217993,4
1.558396,0.9295403,1.330999,0.5604306,-0.5522219,0.8756824,-1.185187,-0.3952522,-0.9141531,4
0.6309549,-0.7866945,1.396705,1.598953,-0.01638609,0.1724752,0.535359,0.05518992,-0.960906,4
0.7931471,0.03284612,1.018893,1.217688,0.3149617,0.3165639,1.213279,0.7762301,-1.044715,4
0.6319044,0.4517592,1.288659,0.04089969,-0.5106912,1.335798,-1.035895,-2.013146,-1.303576,4
1.409436,-0.1567457,0.7723842,0.826494,0.06455978,0.122032,-1.411306,0.5570857,-0.7103909,4
1.918134,0.5275322,0.9759279,0.257549,-0.6023554,1.162079,-0.7101833,-0.388515,-1.044001,4
0.3416372,0.259313,0.849842,0.1328178,-0.1403082,1.084548,-0.4485075,-0.1735759,-1.142989,4
1.847179,-0.2585026,1.105736,0.6813895,-0.1515942,0.6311767,-1.341512,0.2978865,-1.086498,4
0.8266804,0.5675641,1.180233,0.04933366,-0.4704139,0.4358469,-0.9403583,-2.005805,-1.101481,4
1.936604,-0.3077335,0.9656612,0.6307929,-1.338137,1.165599,-0.8786064,3.527935,-2.550475,4
1.415882,-0.2913944,1.278957,0.09718245,0.2228518,1.300839,-1.156703,1.159863,-1.340594,4
1.755901,-0.4202491,1.051173,0.004142394,0.5081732,1.057111,-1.314327,3.071169,-1.603709,4
1.17265,1.292269,1.096478,1.744795,0.1713588,0.2926691,-0.4044108,0.05906352,0.07811508,4
1.948889,-1.256751,1.39901,0.3338175,0.112328,0.5489523,-0.828818,-0.05146039,-0.7119566,4
1.1152,0.3677858,1.257042,0.5577196,0.3001511,0.4652941,-1.597021,-3.486016,-1.104322,4
0.8698322,-0.02567539,1.294592,0.828256,-0.142281,0.254081,-22.01507,-4.689293,-1.09201,4
0.4093499,-0.000225749,1.082873,0.3665791,0.2320591,0.5878356,-5.591622,1.02814,-1.126185,4
0.8757697,0.4246132,1.362283,0.7399442,0.1753844,1.011583,-3.107831,-1.550769,-1.277092,4
1.042759,-0.4701144,0.7809323,0.6540474,-0.4594366,0.5398614,-1.226163,-1.075009,-0.6633109,4
1.684879,-0.4959452,1.181722,0.0511589,-1.084414,1.098355,-1.013319,-0.1617479,-1.144493,4
1.664528,0.6016683,1.161501,1.796818,-0.6661672,0.5744019,15.98454,0.1590106,-0.5893232,4
1.95559,0.3116489,1.286246,0.9755342,0.04504554,1.25477,-1.150538,-0.8958617,-1.394163,4
0.8804182,-0.4657579,1.400955,1.006971,0.05313907,0.4479195,6.00886,0.1895446,-1.230525,4
1.266293,1.391431,1.274768,0.2165886,0.2034372,0.9835785,-0.1304544,-0.1562231,-0.1824029,4
1.862547,0.9489491,1.046198,1.516977,-0.1078211,0.3533731,-1.607172,-0.3249267,-0.3042782,4
1.160265,-0.3756234,1.100184,0.785298,-0.05284787,0.6206539,-2.132136,-0.1343577,-1.027245,4
1.752724,1.406852,1.397547,0.7887052,-0.315078,1.32821,-0.3924555,0.2243479,-0.4538982,4
0.678461,-0.494714,1.237229,1.772991,-0.507411,0.5223622,0.467875,0.8945834,-1.159598,4
1.897863,0.4405747,1.376737,0.7417573,-0.5790256,0.724515,-1.841794,-0.8224486,-1.238261,4
0.6859163,0.9569929,1.3962,0.3283843,-0.08783527,1.180902,-0.955961,-0.4588385,-0.9389095,4
0.7327788,1.22639,1.340099,0.6281847,-0.1990621,0.347025,-3.276039,-0.4089181,-0.3496749,4
1.153106,0.3102384,1.303732,1.10248,0.4999753,0.798032,-13.43788,2.933945,-1.419375,4
1.330741,1.360013,1.348967,0.06499783,-0.8631817,1.338727,-0.3742867,-0.4139136,-0.501465,4
0.2343917,-0.9112752,1.17201,0.0541039,-0.9474458,1.352283,-0.591472,-0.3578173,-0.9160427,4
1.846292,-1.492545,1.385906,0.8228603,-0.8442357,0.7311643,-0.8848283,-0.1697552,-0.3359997,4
1.708166,-0.9051429,0.8721615,0.03961924,-0.4446962,1.067396,-0.3441262,0.0321603,-0.320865,4
0.7900095,0.3387408,1.100757,1.716418,0.008012982,0.6433751,0.05728848,-0.81572,-0.4671223,4
1.300675,0.5399361,1.3649,0.4296933,-0.1668306,0.4610529,-1.392751,-1.595366,-1.09392,4
1.160228,0.06690644,0.9495054,0.2073782,0.07710216,0.7760467,-0.8756783,-4.760736,-0.9640949,4
0.2996222,-0.3931618,1.390614,0.1625749,0.1788528,0.7924584,-1.985766,0.05303457,-1.367716,4
1.624024,-0.430244,1.369677,0.05073656,1.044934,1.156025,-1.481576,2.970383,-1.775655,4
1.212006,-0.6040168,1.2803,0.8995492,0.4616904,0.4444299,-3.510924,-0.006724647,-1.177636,4
1.67106,0.8788145,0.981247,0.6863863,0.1837853,0.2400799,-0.4409911,-0.5610911,-0.3785662,4
1.866038,-0.002017494,0.5022689,0.2698619,-0.1927929,0.4658907,-0.4795308,-1.487757,-0.5611872,4
1.496785,0.7839397,0.8997304,0.4483579,0.2327064,1.065146,-0.2790869,-0.1052417,-0.3559098,4
0.9481345,0.01702471,0.663527,0.5546095,-0.06658562,0.3332715,-1.146287,-1.827737,-0.6366202,4
0.1688047,-0.2284151,1.172801,0.0537714,-1.29912,1.24081,-1.098014,2.568763,-2.107355,4
1.566608,0.9781765,0.956577,1.674091,0.2256675,0.6109232,-1.655338,0.04949346,-0.03024027,4
1.147211,-0.0398603,0.6858501,0.06225036,-0.5924513,1.335133,-0.5548095,-0.4684613,-1.04053,4
0.9508552,1.107326,1.090171,0.02491324,-0.7661069,0.9882406,-0.289174,-0.4299641,-0.3918183,4
1.373461,0.7929017,1.349967,1.815847,0.0528018,0.3825795,1.423536,-1.34489,-0.747921,4
1.22879,0.08690697,1.365087,0.5605018,-0.6205605,0.6345719,-2.372416,-0.6594188,-1.295686,4
0.7947603,-0.8513954,1.292457,0.6171719,-0.7777334,0.887181,-2.766751,-2.268947,-1.041385,4
0.7635379,-0.1153946,0.7075289,0.9371024,-0.06285127,0.3618762,1.79762,0.7746786,-0.6520669,4
0.9199978,0.6909907,0.940505,0.02941498,-0.178103,1.397981,-0.5180241,-0.9984233,-0.7366585,4
0.6609945,0.0988614,1.232429,1.161591,-0.7182202,0.6099942,2.022338,0.6565452,-1.026239,4
1.62421,-0.3631842,1.222065,0.02182277,-0.598509,1.340784,-1.2418,2.420303,-1.493328,4
0.6785431,0.3123188,0.9303206,0.1974234,-0.6123026,0.9329489,-0.8388253,-0.1146244,-1.203831,4
1.442357,1.387824,1.361595,0.2107226,-1.364224,1.204118,-0.6934129,0.2678203,-0.775697,4
1.503814,-0.2857083,1.40209,0.4178425,-0.4249983,0.7150028,-1.656883,0.7805001,-1.37705,4
1.300817,0.4090596,1.333388,0.4673359,0.6763992,0.8930623,-1.301585,-4.821917,-1.270931,4
0.8897361,-0.08186779,0.5327327,0.2120361,0.04848107,0.4052785,-0.5299914,0.3180203,-0.5499651,4
0.2272945,0.2228848,0.616545,0.005218182,0.1301046,0.1422741,-0.5858859,-2.16954,-0.7740784,4
1.803566,-0.5144051,0.5242023,0.08736955,-0.856778,1.172983,-0.1326769,0.001710624,-0.4355063,4
1.648499,0.5654461,0.6953559,0.02862665,0.4148715,0.5063434,-0.3785139,-0.870069,-0.5357171,4
1.109115,-0.4257922,0.6408861,0.263409,-0.4519203,0.6348121,-0.4243056,-0.3064897,-0.5667395,4
1.773318,1.420283,1.342576,0.1840529,-0.4467663,0.4481625,-0.3216702,-0.3211013,-0.294159,4
0.5870382,0.4292759,1.395834,1.347392,-0.2855774,0.7778108,0.4740327,-0.2868773,-0.2070826,4
0.2200962,0.5403331,1.008831,0.3334961,0.1248883,0.3214292,0.5749142,-1.488162,-0.6237155,4
1.606338,-0.9014578,1.31691,1.815472,-0.1440108,0.4360067,6.223658,-0.2531066,-0.8557638,4
0.7433601,0.8279865,1.35379,1.048918,0.06634047,0.4247307,0.9519701,-1.276675,-0.709262,4
0.4477175,1.042326,1.201436,0.1819684,0.2631581,0.4053388,-0.5598795,-0.7385358,-0.5064654,4
1.636968,0.6675875,0.6322223,1.27003,-0.01577807,0.2920684,-0.2408138,-0.03771713,-0.08041665,4
1.246176,0.8110441,0.7571602,0.3486823,0.5199878,0.584195,-0.08889765,-0.165185,-0.1298442,4
1.299446,-0.5522016,1.321455,0.1426412,0.7227068,0.6490247,-1.330314,0.9508574,-1.412679,4
1.940178,0.4371988,1.152255,1.857288,0.1637166,0.7671794,-8.818321,-1.346068,-0.98717,4
0.5007567,0.1878802,1.060274,0.07503463,-1.124873,1.047906,-1.035709,0.1360035,-1.479585,4
1.243971,-0.09959978,1.0466,0.3681509,-0.006958769,1.090019,-0.9398805,0.2631147,-1.193345,4
1.466258,0.2847748,0.7260085,0.4696656,-0.4157522,0.4633749,-0.8568852,-0.2645461,-0.6905835,4
1.225338,0.6397161,1.096262,0.6278439,-0.3468216,0.5757632,-1.41066,-0.5019191,-0.7592019,4
1.971451,1.274438,1.183805,0.6357352,-0.2329713,0.5732142,-0.3334774,-0.08074285,-0.2023864,4
1.917658,1.059444,1.123851,1.013029,-0.5015674,0.5075874,-1.274351,-0.02213186,-0.3625356,4
0.5540435,-0.8987622,1.350854,0.278852,-0.5032741,0.6212605,-2.039967,-0.5618924,-0.9561293,4
1.958962,0.1757921,1.17146,0.6814558,-0.1843413,1.147426,-1.082473,-0.8597279,-1.342899,4
1.568817,-0.2013543,1.209141,0.08730704,-0.3815531,0.5794128,-1.173142,3.168054,-1.300245,4
0.7621481,-1.267821,1.178325,0.1896449,0.02964205,0.2022889,-0.493983,0.1408717,-0.3234418,4
0.6307225,0.1058758,1.080623,0.003040086,0.1616809,0.1787941,-1.372977,-17.81351,-1.834173,4
1.656928,-0.6638512,1.146692,0.8501089,0.2829323,0.3063815,-1.599857,-0.06933094,-0.924374,4
1.956209,1.348343,1.26468,0.4197712,-0.5457545,0.5076774,-0.4782563,-0.09168157,-0.2562936,4
1.058053,-1.295848,1.341842,1.357191,0.008250593,0.08287764,1.725735,0.07856584,-0.511799,4
0.7554495,0.05610151,0.411589,0.0547715,-0.2609012,0.8670135,-0.2969507,-0.1134581,-0.6821896,4
1.445549,-0.5016735,1.1581,1.159099,-0.8590999,0.7797839,-4.140264,3.64196,-1.309832,4
1.246046,-0.5405231,1.253149,0.4414173,-0.2755339,0.5273416,-1.541399,-0.1588173,-1.099287,4
1.376882,0.6441691,1.153205,1.838785,-0.07068735,0.5509396,1.123072,-0.6984138,-0.5923753,4
1.443858,0.7260156,1.148982,0.7737392,0.2029773,0.4601354,-1.049682,-1.101519,-0.730716,4
1.782238,0.01430194,1.144773,0.311863,-0.3517003,0.3379531,-1.228143,-5.004112,-1.087205,4
1.737128,1.177052,1.362644,0.1080239,0.2098965,0.9359635,-0.5722344,-1.130579,-0.7695034,4
0.9700768,-0.3157595,0.9105272,0.8268749,-0.02985756,0.1363527,-4.581765,0.2634654,-0.7706058,4
0.5572737,0.4744692,1.183586,0.7672507,-0.07380674,0.3102838,1.703924,-1.28026,-0.7543393,4
1.301559,0.3365942,1.195491,0.1306188,-0.5467239,0.4940985,-1.089551,-1.945214,-1.116474,4
1.109895,0.4580074,1.173139,0.5107709,-0.4471393,0.4185924,-1.870531,-0.7488873,-0.9198322,4
0.3838643,-0.266876,1.328581,0.1363684,0.007045586,0.1816798,-1.642035,1.201082,-1.229554,4
0.8586554,-0.8879465,1.12737,0.2878541,-0.7316887,1.155765,-0.5877108,-0.3235647,-0.7594628,4
1.409364,-0.9749798,1.199066,0.4297668,-0.3652215,0.4353687,-1.09937,-0.1937685,-0.696794,4
1.608644,0.5113415,1.315483,0.6284212,0.1574751,0.7360326,-1.281044,-1.764912,-1.118519,4
1.438705,1.177289,1.383637,0.5435795,-0.01662696,1.032465,-0.6677368,-0.4145628,-0.6452027,4
1.958503,0.2834745,1.07438,1.155273,-0.4587186,0.9619929,-1.278862,-0.1731051,-1.256634,4
1.818615,-1.031387,1.230236,0.1210848,0.3176668,0.7902293,-0.7711176,0.04591982,-0.7595934,4
1.250131,0.2468272,0.7436112,0.4044224,-0.7158679,1.072358,-0.1236959,0.08630673,-2.52553,4
1.329852,0.3776109,1.288628,0.1610546,-1.194928,1.198323,-1.216326,-0.5017995,-1.53503,4
1.797257,0.03033726,1.0338,0.1933033,0.2616685,0.6927555,-0.9857434,-265.3185,-1.134469,4
1.034526,0.1432493,0.8782721,0.5480056,0.1021227,0.3333291,-1.260624,-3.418273,-0.8103163,4
1.172467,0.5899308,0.9431644,1.516041,0.3879383,0.4599883,0.9104867,-4.444912,-0.6987996,4
1.829368,-0.1536954,1.235018,0.7087204,0.1935344,0.9995182,-1.322455,0.4082694,-1.323424,4
1.707118,-0.2859346,1.363601,0.318639,0.3744096,0.584443,-1.372962,1.270051,-1.371978,4
1.833945,0.4878402,1.111933,1.359214,-0.688863,0.6324881,-4.020109,0.08722683,-0.8659952,4
0.154984,0.04425288,0.7197713,0.9370597,0.01876373,0.06499816,0.04685955,3.967489,-0.4349352,4
1.949219,-0.3748904,0.6622804,0.13778,-0.3694015,1.237046,-0.3779397,-0.271025,-0.713617,4
1.861117,0.5012679,1.254266,0.2997319,0.3186969,0.5663981,-1.05201,-2.721918,-1.186674,4
0.9385188,-0.1469576,1.093421,0.7461295,-0.2321321,0.7642754,-3.058099,-0.2814953,-1.11834,4
1.691708,-0.3978631,1.264899,0.4672559,-0.06106824,0.6236331,-1.362536,0.1769127,-1.197585,4
0.5858775,1.213029,1.361205,0.1858483,-0.8094878,0.8775647,-1.058935,-0.02072358,-0.7233561,4
0.5747655,-1.200009,1.328505,0.6806068,-0.2239585,0.3202827,4.586086,-0.1170714,-0.5635336,4
0.8912932,-0.5561356,1.371396,0.7441728,-0.05903355,0.3180215,-5.990815,0.1339444,-1.145038,4
0.3131829,0.4644871,1.000164,0.1451509,-0.4545455,1.376967,-0.003577465,-0.00431899,-2.644461,4
0.2689973,0.9780769,1.250223,1.269324,0.5084971,0.532979,-0.1093164,0.3827595,-0.333205,4
1.65282,0.3947972,0.7289564,1.215877,-0.1876787,0.5811284,-1.010323,-0.1655954,-0.5459424,4
1.499942,1.391865,1.318157,1.209113,0.496957,1.030605,0.6665461,0.2214242,0.02054302,4
1.113615,0.4986869,0.8451129,0.1112468,0.444279,1.324271,-0.4956235,-0.8224627,-0.6581601,4
1.025857,0.9946074,1.24948,0.2890193,-0.1911296,1.172675,-0.6585586,-0.3323826,-0.7626876,4
0.7080792,1.163364,1.082326,0.06901904,-0.4504697,0.8797264,-0.2213219,-0.1332113,-0.2491548,4
1.143719,1.210006,1.154571,0.6164061,-0.2329954,0.7319813,-0.4888838,0.04821182,-0.2314264,4
0.3814475,-0.0791777,1.059747,1.146922,-0.3591299,0.5160071,0.2235717,0.257556,-0.9191672,4
1.637352,0.4719749,1.255634,1.309587,0.8733525,0.8070688,-3.730646,3.462258,-1.549241,4
1.196532,-0.03374012,1.188765,0.9461069,-0.1391214,0.9048188,-2.703458,-1.17099,-1.254866,4
0.4550943,-0.6772062,0.916546,0.6600225,0.20138,0.2076425,1.036811,-0.04927538,-0.6151543,4
1.025025,0.2401462,1.151364,0.438187,-0.4593605,0.4423698,-1.8491,-0.8506396,-1.01879,4
1.444205,0.2027097,0.8884293,0.553434,-0.6740211,0.9185805,-0.7830665,0.1042915,-1.38938,4
1.337353,-0.2156457,1.104234,0.1774091,0.596969,1.019312,-1.018142,0.750892,-1.156987,4
0.798169,0.6421649,1.31342,0.1238071,1.369263,1.359212,-1.049256,-3.386313,-1.412414,4
1.434102,-1.148971,1.268475,0.003148925,-0.5300554,1.413231,-1.054254,1.079748,-1.073558,4
0.5440913,-0.2683557,1.046529,0.9142212,0.07289223,0.2056626,0.912368,0.4234914,-0.899635,4
1.785898,-0.2153239,0.7294154,0.6033279,-0.9237452,1.16352,-0.4170742,0.1931926,-11.21804,4
1.726331,1.350731,1.335017,1.292087,0.1079326,0.664141,-0.4129499,-0.1860282,-0.2598287,4
1.600347,-0.8260728,1.128902,0.132394,-0.0226442,1.266267,-0.7424465,-0.232431,-0.8110823,4
