rhoL,uL,TL,rhoR,uR,TR,s1,s2,s3,type
1.680376,-0.3127891,1.251479,1.59688,0.6123149,0.6285726,-17.02815,0.1451384,-1.479609,2
0.7295696,0.04376372,1.380022,1.83239,0.384659,1.197745,-0.7504416,-0.5092257,-1.255357,2
0.313359,-0.1194291,0.5094917,0.2176185,0.7800604,0.6606925,-1.14103,0.08085719,0.8686424,2
1.279958,-0.405105,1.172912,0.3319492,-0.1880455,1.326707,-0.8913374,-0.4924785,-1.265355,2
1.912936,0.2405042,1.146564,1.717353,-0.1944299,1.359389,2.444855,-0.3590303,-1.321772,2
0.2063433,-0.8808269,0.9954339,1.520951,1.568683,1.367482,-0.3595664,0.2144782,-0.2354805,2
0.3524221,-0.7770066,1.263169,1.465309,0.5153522,1.390975,-1.298197,-0.1580591,-1.404714,2
0.1038786,-1.145193,1.414209,0.408658,0.4622663,0.5009369,0.05197728,-0.09136401,-1.196664,2
1.187785,-0.432039,0.5711951,0.783381,1.25145,1.280387,0.2967406,-0.05464148,-0.5037509,2
1.746543,1.096412,1.399596,1.487623,1.338804,1.402566,-1.726204,9.153699,-2.978053,2
1.333761,-0.00371514,0.5726577,1.660024,0.3611878,0.392416,1.172128,0.0997658,-1.247966,2
1.299414,-0.6689973,1.122034,0.4582747,0.3779392,0.7960747,-1.01677,-0.2325171,-0.934078,2
0.8690271,-0.9764206,0.8305941,1.196963,0.5393594,0.6839475,-1.017213,0.01426264,1.504618,2
1.243646,-0.9886484,0.9099275,1.391968,0.464823,1.129283,-6.67477,-0.02417125,-2.729408,2
0.6942324,-0.8237326,1.103727,1.254316,0.4424832,0.8104008,-0.3678258,-0.2864324,-0.237608,2
1.480877,-0.9563673,1.35714,1.369513,0.259933,0.7173086,-6.643212,-0.264192,-0.9499174,2
1.064882,-0.7043416,0.7217996,1.754768,0.1907118,0.4329912,-0.2411331,-0.0858899,-0.104093,2
0.2225522,-0.3517335,1.073956,1.186423,0.2995387,0.7599712,-0.5574989,-0.2999448,-0.7324099,2
1.654782,-0.2446664,0.6135168,0.8729945,1.471361,1.355677,-0.203288,0.002805733,-0.1345632,2
0.3255143,-0.7035427,1.314975,0.9847982,-0.1120488,1.303029,-1.243365,2.412437,-1.479132,2
0.9919553,-0.2970222,0.6007023,1.368357,0.2839784,0.5273682,-0.1109957,-0.2011532,0.1218153,2
0.9748543,-1.077824,1.328937,1.251331,0.02702791,0.6447387,1.316209,-0.2400724,-0.6961121,2
0.8215765,-1.464923,1.251625,1.548773,-0.233817,0.4788909,-0.264332,0.2708081,0.02713134,2
1.15727,0.07718702,1.090913,0.7238343,-0.6174694,1.333209,-0.3559745,-0.237863,-10.95095,2
0.9531698,-0.8628354,1.104291,1.051495,0.3073111,1.091967,-3.642753,-0.2622655,14.35479,2
0.4673132,0.2922138,0.374408,0.1976757,0.5840806,0.5824945,-0.1748774,-0.6382969,0.447233,2
0.9634672,-0.8353298,1.2859,0.5816581,-0.447893,1.325351,-0.5577729,-0.3068573,-0.7423155,2
0.6313167,-0.1061449,0.6797004,0.7714971,0.04323846,0.5562809,0.3965441,-0.2188341,-0.7682465,2
1.110796,-1.00171,0.8720263,0.7643349,-0.5592267,1.21442,1.34778,0.8961698,-8.504314,2
0.6104783,-0.6459695,1.144874,1.715111,-0.6234235,0.8262624,-0.2891584,-0.1132363,-0.2416799,2
0.3142792,0.01054574,1.2876,1.351308,0.5913126,0.6182427,0.03755905,0.1039499,3.48868,2
0.7890432,0.6428472,1.318275,1.094795,0.772243,1.365639,-1.029432,-0.6936241,-1.130019,2
1.878258,0.9048287,1.27604,1.188995,0.5248572,1.410886,-0.2946016,-0.02392235,-0.3774206,2
1.871704,-0.5490554,1.322353,1.178314,0.4017725,1.232334,-1.250779,-0.4702388,-1.291268,2
1.020699,-1.363556,1.276206,0.7693174,0.3097658,0.9509181,0.3769618,-0.01592617,-0.05467555,2
0.1174474,-1.14052,1.132048,1.19456,-0.4352251,0.6630056,-0.4148543,-1.108747,-0.6618668,2
0.4382729,-0.07321878,1.378275,0.9323377,1.264955,1.390882,-0.2204854,-0.1637533,-0.3238626,2
0.3675315,-0.1240408,1.249179,1.532895,0.6875283,0.7177545,-0.004023336,-0.0003033344,0.6427394,2
1.244334,-0.7148665,0.9777128,0.7202109,0.4930179,1.3539,0.24849,-0.2771975,-16.33467,2
1.893281,-1.175993,1.315811,1.246389,0.7036451,1.359808,0.09731694,-0.2643208,0.07028218,2
0.3681332,-0.2979021,0.5782141,0.4059547,0.1771993,0.5936989,-1.187019,-0.2074496,-1.193349,2
0.2029092,-0.5667378,0.6987832,0.2723419,0.07186026,0.3407426,0.4573105,-0.1195305,-0.3758746,2
1.174023,-0.8473729,1.081282,0.9527099,1.016242,1.360932,0.6292961,-0.2784424,-1.492715,2
1.076351,-1.561226,1.364931,0.6950926,-0.7119919,1.022379,0.1893211,0.2805304,0.02911316,2
0.8019713,-0.5321219,1.166108,1.290268,-0.09835325,0.7335158,0.3013333,-0.6161924,-0.9725319,2
1.779626,0.2717049,1.030566,1.642662,1.318379,1.213876,-6.604888,0.3589786,0.9450748,2
1.42271,0.1134452,0.4309498,1.92313,0.5011958,0.5763584,-0.293389,-0.08842738,-0.2197541,2
1.487454,0.4390951,0.4391004,1.575285,0.4759478,0.4505125,0.2258827,0.169973,0.09643148,2
0.3466021,1.277769,1.233582,0.1933637,1.480303,1.30021,-0.365177,-0.8027454,-0.5803802,2
0.68308,0.4351957,0.9555255,0.8687967,0.2934081,0.8049641,-0.148177,-1.093451,-0.545829,2
0.7986004,-0.6494378,0.9514726,0.3203246,-0.4226449,0.9314061,-0.5765416,-0.3214351,-0.7095151,2
1.276819,0.4924213,1.038666,0.8132307,0.8201286,1.074875,-1.023636,7.644219,-1.489212,2
1.615919,-0.325977,1.22252,1.868362,1.065844,1.289544,1.213845,-0.2807043,0.2060046,2
1.428864,0.3250735,1.016011,1.249317,0.006113967,1.07593,0.1156935,-0.192436,-0.01679439,2
1.746828,-0.7339999,1.161031,1.258719,1.003498,1.275145,-0.9187658,-0.322802,-2.210157,2
1.546602,-1.21258,1.086653,1.235165,0.7768123,1.244534,2.205235,-0.04494311,6.27304,2
1.215201,-1.189115,1.26948,1.499438,-0.205167,0.8565006,-0.9482629,-0.0626975,-0.1829236,2
0.7884781,-0.5903779,1.095121,0.1364706,0.8834648,0.9297305,-0.9463939,-0.09368915,-0.9976469,2
0.4921432,0.1409057,0.7761046,0.2521607,0.5784578,0.9799548,-0.5975156,-0.06728722,-1.546298,2
1.347297,-0.3473564,0.8333026,1.065029,-0.1145157,1.131696,0.8807304,0.2277616,-1.521394,2
1.833702,-1.26029,1.342309,1.751209,-0.9901626,1.357501,3.98531,0.9282935,2.487908,2
1.443645,-0.4671972,1.320628,0.5702991,0.1450318,1.162115,-1.257367,-0.3627279,-1.323092,2
0.7274556,0.4486105,0.4456132,0.5292484,0.5434996,0.7629644,0.7169994,3.303552,-0.6221101,2
0.4459567,-0.8715974,0.9515056,1.721569,0.1040626,0.9604686,-0.9772117,0.4261224,-1.1617,2
0.4943365,-0.4482345,1.354544,1.25576,-0.3488868,1.109496,-0.7763435,-0.8358422,-1.182041,2
1.794111,0.5587866,0.6862004,0.8343478,0.5534077,0.9765759,-0.09506405,0.211544,0.9095723,2
0.1849884,-0.1186977,1.372037,1.76145,0.2420059,0.7299594,-0.4966094,-0.3516426,-0.7773169,2
1.751864,0.04898845,1.394144,1.30752,0.4799844,1.403552,-1.448115,-0.2601992,-1.911012,2
1.597412,-0.2651208,1.015413,0.6449031,0.393465,1.216697,-0.7301943,-0.4196885,-1.091996,2
1.152959,-1.355834,1.254749,1.035445,0.9277814,0.924441,-1.255387,0.04057393,-0.3112826,2
0.3082837,-1.214924,1.252589,1.718883,-0.3665527,0.8736165,-0.6888867,-3.182112,-1.10378,2
1.734643,-1.108237,1.307401,0.7801014,1.434653,1.401038,-0.933948,-0.1326019,-1.132908,2
0.6155272,-0.8100283,0.7308674,0.07007886,0.341704,0.9786413,-0.1331237,0.03663611,-0.09084381,2
0.492952,-0.3648819,0.5054565,0.2022483,0.06994374,0.3477336,-0.4058464,-0.1072149,-0.3475262,2
0.2889368,0.1924194,1.265523,0.823103,0.2224912,0.9469135,-0.398443,-0.3959997,-1.175561,2
1.780841,-0.118268,0.2665325,0.3151102,0.4891858,0.8361373,-0.02251486,-0.1351663,-0.7948576,2
0.2125446,-0.7675211,1.332928,1.814093,0.3931403,0.9875616,-0.8174137,-0.1837125,-0.9541587,2
0.7107381,0.1755571,1.265013,0.7817767,0.5353037,1.046289,2.779784,0.1361182,-2.132505,2
1.407142,-0.07493541,0.1133675,0.08778352,0.1647762,0.3050021,-0.0620298,-0.04738503,-0.03372595,2
1.473802,-1.457019,1.236871,1.074061,-0.248157,0.9809428,1.202589,0.3278498,0.3213681,2
0.1687813,-1.181409,1.362351,0.91873,0.5626544,1.240003,-1.093037,-0.158873,-1.263459,2
1.053654,-0.3484925,1.406757,1.066506,-0.1723677,1.198147,23.44982,-0.8348651,-1.438694,2
0.1731933,-0.6019309,1.224116,0.9481257,1.08248,1.268575,-0.7027627,-0.1903474,-0.7017597,2
1.946293,0.04991994,1.107478,1.444754,1.135977,0.9734898,-3.194004,0.5552259,-3.596313,2
0.1005275,-1.110304,0.9792399,0.7805784,0.1546783,1.116872,-1.191571,2.312191,-1.426762,2
0.4599684,0.1850916,0.9938124,0.6781422,0.4985155,1.03942,-0.7661935,-0.4002716,-0.8561293,2
1.638748,0.2792983,0.851017,0.7608695,0.573656,1.005325,-0.6662559,-6.891675,-1.039061,2
1.000038,-0.05497662,0.7098935,1.941385,0.2776217,0.6558453,-0.3720863,-0.2563548,-0.5714976,2
1.545412,-0.6342281,0.598251,0.09765258,0.9132329,1.118567,-0.1919011,0.00332492,-0.1205206,2
0.7532623,0.239822,0.777464,0.5662774,0.7727789,0.7974012,-1.53475,0.4758568,-5.400262,2
0.1615915,-0.7487757,0.6521434,0.07481363,-0.4382147,0.8024744,0.218294,0.3022184,0.4957154,2
1.470295,-1.521156,1.364799,1.800325,-1.099075,1.011322,-0.08588143,-0.1109614,-0.1156732,2
1.488113,-0.444598,0.8083072,1.065294,-0.2132977,1.391307,1.121125,0.9498915,-1.613524,2
1.158988,-0.8450748,0.8737991,1.356703,1.311249,1.299602,-1.789621,-0.01901634,-0.5238883,2
0.4295956,-0.5744177,0.4886291,0.2922716,0.5402332,0.5659242,0.2782726,0.0333079,0.872548,2
1.336938,1.176763,1.138567,0.9791952,1.055752,1.353699,0.5185097,0.9700343,6.764728,2
1.159931,-1.462166,1.356084,1.398689,-0.9395818,1.282868,-2.322265,2.226137,14.49961,2
1.718958,0.7987599,0.9698712,0.5743627,0.896682,1.140545,-0.3612347,-0.5362655,-0.4595269,2
0.9241306,-1.186294,1.364297,0.1849795,0.4516388,1.362135,-0.6815214,-0.2156655,-0.7014102,2
1.485805,0.6517105,1.209072,1.305177,0.3789943,1.407242,1.702924,0.4182409,-2.437292,2
1.593577,0.5604239,1.164225,1.691053,1.024732,1.337916,-0.0234049,-0.2123729,-0.4385755,2
0.3707305,0.1146411,0.8983773,0.2259768,-0.2855166,1.213032,0.1560438,-0.3788107,-0.2036652,2
1.199146,-0.07665077,1.279622,0.2590856,0.4668178,1.355723,-1.168781,0.9989786,-1.390375,2
1.552748,0.710154,0.9010189,0.6537367,0.5921391,1.026403,-0.3297488,-0.2498648,-0.3848939,2
0.2345421,-0.9952987,1.241972,1.037192,0.2371054,0.557296,-0.2667355,-0.262406,-0.8211493,2
0.2172161,-0.1458514,1.405952,1.02905,0.8104736,1.210073,-0.7150728,-0.3700332,-0.8900242,2
0.4777474,-0.8602535,1.063916,0.3394972,-0.2443887,1.393591,0.9377104,0.2284856,-7.934536,2
0.3484446,-0.5714657,0.7326001,0.3251458,0.1402604,0.3205684,-4.109905,-0.09987365,-0.4575454,2
1.902534,-0.1115689,0.8584352,0.8002962,0.6164525,0.9626821,-0.8388516,-0.1267074,-1.170313,2
0.7965799,-1.294383,1.115073,1.928497,-0.234191,0.3085082,0.05213991,0.1695344,-0.03926992,2
0.9774668,0.4497008,0.3848588,0.220855,0.7714238,0.7117252,0.01000883,0.05510712,0.2186752,2
0.8025645,0.9854295,1.221536,0.4483282,1.190266,1.028305,-0.9992624,-2.547135,-1.025359,2
0.3467464,-0.147198,0.6851447,0.4948618,0.02885508,0.6208606,-0.3574233,-0.2529619,-0.778526,2
0.4756925,0.09631787,0.6311899,1.766598,0.2006049,0.4892441,-0.2692342,-0.2066693,-0.5136191,2
0.6005498,-0.7147636,0.7602064,0.7004156,0.07853397,1.273414,-5.87204,0.4365167,-1.663912,2
1.810193,0.01975493,0.552112,0.4055754,0.3220299,1.01294,-0.3046227,-0.6299875,-0.488506,2
1.543156,0.6917693,0.7840495,0.9963057,1.020651,1.267015,0.2494422,7.676812,-0.840462,2
1.475223,-1.102528,1.195185,1.599356,-1.092746,1.27802,-1.694874,-3.010489,-1.086594,2
1.133237,-1.166867,1.0177,0.5617028,0.8546216,1.145897,0.2759232,0.02290106,0.4692884,2
1.725558,-0.2920487,0.9556882,1.488779,0.4872344,1.212058,1.171379,-0.4099563,-1.26211,2
0.3041255,-0.7637398,1.224767,1.339837,0.0436285,1.063193,-0.9753017,0.5877726,-1.208281,2
1.899152,-0.5892189,1.392342,1.399207,1.14651,0.9865583,-3.859972,0.04523618,-2.122501,2
1.560566,-0.4439814,1.241517,1.68646,0.2073605,1.370979,-4.087488,-0.4017057,-1.902412,2
1.273811,-0.9128687,1.311249,1.71826,1.513769,1.394316,0.7663171,-0.05761912,0.4003208,2
0.9824281,-0.8776762,1.236979,0.7018029,-1.254801,1.203194,-1.504099,31.21519,-2.075184,2
0.7579327,-0.2321057,1.229384,1.506759,1.175449,1.249476,-0.08984986,-0.1424354,-0.183217,2
0.0654712,-1.254435,1.37049,0.2536257,0.05407161,0.5924467,-0.385619,-0.1953672,-0.2801936,2
0.4721437,0.5129253,1.338675,1.339518,0.1457472,0.8900462,-0.3139824,-1.286026,-2.133603,2
0.7174554,0.09178214,0.7925335,0.5956978,0.5431049,1.30585,2.761037,-0.5041353,-1.145825,2
1.659114,-0.3487306,1.211048,0.7398918,0.2850578,1.392731,-0.8163387,-0.5082421,-1.251675,2
1.267977,-0.5768627,1.360749,1.447804,0.2196638,0.6684922,4.424599,-0.1989881,-1.257128,2
0.7660274,-0.2009645,0.5775047,0.8390051,0.6791995,0.9112088,-2.753575,-0.2016338,-0.5779126,2
1.702408,-0.3989321,0.7817415,1.169045,0.4877171,1.335703,0.8802244,-0.2454305,-1.523148,2
1.108743,0.5848265,1.30025,0.9210713,1.143436,1.220006,-3.106546,1.407395,-3.636498,2
1.273566,-0.8974594,0.9308384,0.9642154,0.101996,0.8115239,0.4300644,-0.07528616,0.002702962,2
1.848037,-0.09842038,1.292554,0.5474629,1.554845,1.369545,-1.451055,0.7518172,-2.010409,2
0.1564827,-0.2561892,1.335297,0.3342097,-0.7378726,0.9270533,0.05286495,0.2993777,0.876669,2
1.345565,0.01844851,0.879777,1.064222,0.6217669,0.8751179,-1.610113,-0.05901666,-2.651078,2
1.29077,0.5294715,0.7570702,0.7912343,0.5987334,0.7276606,-0.5413511,-0.9567558,-0.6188525,2
1.950968,-0.4562367,0.5123375,1.733986,-0.3801986,0.7679864,2.179363,1.669788,-0.9271335,2
1.788795,-0.8907673,1.331728,0.5628025,0.6919574,1.172167,-1.028454,-0.309385,-1.039516,2
1.328633,-0.244463,0.9823703,1.901787,0.5586008,0.8126875,0.2991806,-0.2251637,4.276293,2
1.321052,-0.8609572,0.7363458,1.583541,0.9354823,1.060096,-2.852203,-0.002846115,-0.9031733,2
0.1733437,-0.9658042,1.235288,0.3640252,0.9068047,0.7842609,0.4335722,0.003404477,-13.329,2
1.625804,-1.01606,1.092228,0.6883118,0.6814242,0.7223833,-0.746771,-0.05081078,-0.5593021,2
0.8114883,-1.113771,1.223794,1.153203,0.1290321,0.5733451,0.4153619,-0.1366408,-0.4953311,2
0.7613406,-1.45641,1.30932,1.731853,-0.4706661,0.9789485,-0.9602019,2.701209,-9.495634,2
0.04434191,-1.234764,1.413967,1.966078,-0.1377071,0.4190043,-0.3633732,-1.472357,-0.4909424,2
0.5557854,-0.9296394,0.8437022,0.1070681,-0.1140077,0.8541589,-0.1161065,0.07105239,-0.1389325,2
0.3020504,0.6584485,1.369852,0.7084417,0.5624606,0.7506149,-0.000253934,0.8028415,-1.736353,2
1.746455,-1.268313,1.205452,0.1196006,1.27766,1.275286,-0.4927676,0.1718731,-0.4253064,2
0.3706466,-0.5778981,0.6825702,0.3087876,-0.1896055,1.090717,2.528755,0.614328,-1.592974,2
0.01870581,0.2858018,1.100579,0.00772497,0.8217517,1.048082,-1.113532,6.897509,-1.304747,2
1.052901,-0.6239138,0.6989672,0.9006904,0.08550093,0.9135787,2.506222,0.02774749,-2.73347,2
1.541548,-0.6333232,0.6713802,0.03010303,0.1513871,1.23687,-0.3188474,-0.03280024,-0.3097078,2
0.8647282,-0.3316162,1.240856,0.6277702,-0.06219531,1.370733,-0.4097481,-0.4038023,-0.9526345,2
0.522204,-0.2974294,0.4088525,0.06192787,0.01626982,1.062456,-0.09103554,-0.01813939,0.4467205,2
0.4401087,-1.068631,1.20049,1.377085,-0.5801341,1.17897,-0.9269769,-2.929515,-1.189293,2
0.442493,-0.4767698,1.128859,0.5736515,-0.0001278976,1.220392,-1.805034,-0.1067985,-1.664566,2
1.885478,-0.03769047,1.213336,1.547006,1.01643,1.387774,-1.789039,-0.2841958,0.9483475,2
1.482458,-0.4638373,0.4166436,0.923633,0.4492645,0.8704699,0.8703237,-0.01268404,-1.13725,2
0.9431577,-1.631252,1.400269,0.415341,0.8364385,1.256885,0.07461015,0.108799,0.07897484,2
0.3412568,0.06800483,1.280185,0.5148476,1.188215,1.036857,1.518851,0.3382702,3.825221,2
1.272564,-1.19375,1.405413,1.156013,0.4466503,0.7929653,-3.974664,-0.1980002,-0.7740429,2
0.1175183,-1.283278,1.115537,0.07827106,-0.5918871,0.8982548,0.3684209,0.302608,0.1217061,2
1.658029,-0.3472071,1.360793,1.296902,0.4776425,1.349179,-1.393845,-0.50797,-1.667514,2
1.275638,0.08275861,0.9185211,0.5200611,0.2072601,1.134365,-0.6287708,5.643674,-1.101338,2
0.9989634,-0.8552604,1.393598,1.101379,-0.2622527,1.292245,-2.083916,-0.2334346,0.7797581,2
1.410695,-0.8615852,0.8171383,0.4803907,-0.9132214,1.082855,-0.1095622,0.1414699,-0.1004647,2
1.009592,0.2325811,1.19917,0.619543,1.012377,1.351061,-1.331058,0.2400327,-3.425721,2
1.959332,0.9212083,1.356369,1.803005,1.117538,1.047577,-6.22499,7.760798,-1.706981,2
0.4928899,0.01653402,0.3237274,1.513693,0.2778531,0.3763212,-0.2408882,-0.09248738,-0.2494462,2
1.717789,-0.4953479,1.142601,1.155797,0.2902197,0.9689311,-1.316906,-0.3752453,-1.096514,2
0.5064406,0.6411763,1.371072,0.346178,0.3130664,1.334705,-0.9916154,-0.6195759,-1.151075,2
1.443594,-1.114086,1.136761,1.607341,-0.2304437,0.989368,-3.911569,0.1873769,0.8865193,2
1.185767,-0.2956247,0.5287997,0.4913033,1.000976,1.238052,0.04171085,-0.183354,-0.7591944,2
1.43013,-0.4003695,1.008494,1.813151,0.214258,0.6730246,0.9526367,-0.277262,-1.037209,2
0.05133474,-1.205988,1.147745,0.07334848,0.06583753,0.3564383,0.4019226,0.06407239,-0.2883803,2
1.719373,-0.6300125,0.8090523,1.999001,-0.1147362,0.5812746,-0.1741877,-0.1801766,-0.3108775,2
1.572653,-0.8687847,1.269991,0.5750085,-0.04509845,1.299744,-0.6544432,-0.3661923,-0.8538245,2
1.7022,-0.0162104,0.4460118,0.7206101,0.585182,1.170734,0.3340488,-0.2427832,-0.9282219,2
1.181266,-0.3461525,0.9277948,1.380192,0.2552183,0.5322095,2.235199,-0.1522838,-0.9691086,2
0.7508105,-0.442598,0.5346946,1.012495,1.039683,1.234229,-2.031026,-0.09873262,-0.7355609,2
0.2821033,-0.1482264,1.396419,0.7988397,-0.1737421,1.036733,-0.6205009,-0.2831679,-1.272676,2
0.08763576,-0.9721484,0.9636945,0.948438,0.3607936,0.5779245,-0.4312365,-0.08834317,-0.5353834,2
1.231684,-0.6800281,0.7965006,1.517581,0.202584,0.5885143,-0.4464466,-0.1658458,-0.1742499,2
1.623159,-0.4311264,1.197537,0.5518662,0.7474639,0.9806723,-1.262303,-0.09766422,-1.277361,2
1.971187,-0.8887807,0.8025834,1.405282,-0.2440019,0.5369479,0.07387883,0.1017649,-0.04465114,2
0.1382285,-0.1311615,0.995965,0.1244782,0.9124484,1.34186,0.8030554,-0.397427,-0.747317,2
1.107582,0.4409978,0.5750982,0.2717506,0.3512523,1.163105,-0.08899834,0.2219567,1.720905,2
0.9701176,1.063244,1.348857,0.678116,1.387237,1.313024,-1.285826,-7.074366,-1.68929,2
0.8270316,-1.394739,1.264845,1.040024,-0.1251331,0.9385719,-2.444196,0.2416795,0.61658,2
1.552508,-1.160766,1.085215,1.794021,-0.08160383,0.8340443,-2.957705,0.1367832,0.4372463,2
1.952815,-0.2765045,1.401169,1.772232,0.8242915,1.362424,-3.815386,-0.4017321,-4.639036,2
1.496263,-1.085959,1.387174,1.096097,0.4033343,0.9008733,-1.593095,-0.2698551,-0.8538235,2
1.977013,0.2628226,0.8980399,0.5060131,0.5479426,1.035919,-0.7216386,-1.868679,-0.9116637,2
0.1635663,-0.899437,1.275007,1.680867,1.093288,1.220141,-0.6505169,-0.09740983,-0.6297249,2
0.5332404,-1.001945,0.8929701,1.339715,-0.2587286,0.4944035,-0.4156516,0.7634896,0.4194775,2
0.7828111,-1.408657,1.38157,1.104774,-1.28459,1.179436,0.09956935,0.4894336,2.063135,2
0.9380713,0.6308492,0.6080025,1.109733,0.4721215,0.6666035,-1.370126,2.77801,-1.156067,2
0.6597837,-0.7235088,0.7043198,1.457178,0.5727345,1.02654,-1.257356,-0.09053196,-1.026455,2
1.406192,-0.8407089,0.7997303,0.1033026,0.6555713,1.03364,-0.2791654,0.01997552,-0.2263496,2
1.371079,-1.365806,1.37958,1.409513,0.4228252,1.015696,-5.953346,-0.1470828,-0.1095882,2
0.9143034,-0.3061235,1.069195,1.553871,-0.135228,0.824139,-0.2505026,-1.086208,-2.558571,2
1.45962,-0.8251481,0.9180871,0.6027982,1.226859,1.305453,-0.2838088,-0.1276357,-0.2665658,2
1.282002,-0.8528646,1.235425,1.120353,0.431019,1.142278,-0.2782172,-0.3796329,-0.46573,2
1.301849,0.5599374,0.7832907,1.416842,0.4153138,0.8838169,-2.922248,1.462503,-1.237051,2
1.34627,0.3498589,0.3353318,0.045833,1.079202,1.265753,-0.05430086,-0.05442916,0.1794927,2
0.3978911,-0.1356248,0.9683155,0.8747808,-0.1355862,0.944505,-0.8303923,-1.317956,-1.070351,2
0.6705754,-0.6830469,0.7044505,1.284119,0.9725807,1.376007,-1.677837,-0.1376298,-1.064553,2
1.62978,0.8763698,0.8894184,1.742227,0.7435986,0.7153025,0.9294977,-1.479185,-0.4202188,2
1.286752,-0.2907826,1.072025,0.7351623,0.7053563,0.8423437,-1.605715,-0.03850513,-1.36971,2
1.062248,0.6158864,0.9697543,1.569858,0.6883391,0.6748502,0.5390038,0.9257963,-2.041298,2
0.2176572,1.156734,1.408552,0.5650653,1.087191,1.230979,-0.4944966,-0.2536653,-0.7253957,2
0.7910606,-0.5101346,0.6252657,0.9671359,0.03882195,1.078143,-3.705934,0.4682349,-1.287871,2
1.430846,-1.123311,1.390376,0.5800833,0.07933809,1.280959,-0.6388213,-0.292345,-0.7181175,2
1.289625,-1.136861,1.085177,0.2300487,0.8257558,1.019636,-0.3969623,0.02302572,-0.33084,2
0.6854704,0.4499763,1.058487,0.7211414,0.09185041,1.246252,-8.560882,0.07663499,-1.53902,2
0.9160963,0.3699181,1.116782,0.9001154,0.9966429,0.9968132,-29.80095,0.6503697,-7.880772,2
0.4154255,-0.4917425,1.141973,0.8063816,0.4128094,0.5783896,0.3515147,-0.1533802,-1.426199,2
1.968772,0.03252578,0.8072909,1.901918,0.9485713,1.305398,10.48224,-0.3491162,-0.7782976,2
1.542775,-0.1535681,1.348576,0.7203847,0.194105,1.226013,-1.390369,0.04332469,-1.497877,2
0.6744161,-0.3501791,1.298348,1.978517,0.777015,1.135303,-0.5456454,-0.359228,-0.7005426,2
0.6688325,-0.008789934,0.9169831,0.4874898,1.184303,1.405227,-0.4726843,-0.2650518,-0.431533,2
0.2666285,0.05502789,0.6972898,1.107486,0.2921428,0.4455287,-0.1389201,-0.09305057,-0.2224226,2
1.210447,0.1868255,0.899951,1.001318,0.2109323,1.130056,1.039874,3.9236,-1.191729,2
1.148816,-0.6202821,0.6469594,0.06836662,-0.1359851,1.240404,-0.1743863,-0.05521296,-0.2775723,2
0.5663503,-0.1004114,0.9857482,0.61154,0.3370894,1.170284,-3.966107,-0.4130949,-1.197163,2
0.8703136,0.346525,1.015217,1.306574,1.337586,1.283829,0.1384109,0.090552,-0.1007945,2
1.297021,-0.45181,1.160999,0.8322519,0.217415,1.386978,-0.2089403,-0.4364392,0.06543752,2
1.707343,0.6026727,0.8845094,1.417289,0.6924711,1.301791,1.968608,12.424,-1.192212,2
1.98927,-0.7474514,0.7323836,1.470063,-0.09798169,1.103501,1.707818,0.3569838,-2.85768,2
0.8964587,-1.484067,1.388533,1.17461,-1.397973,1.18876,0.4260952,1.070762,-89.18236,2
0.02870188,-1.098435,1.345108,0.2901308,-0.4177154,0.5590938,-0.2462404,-0.4094254,-0.1591132,2
1.598827,-0.1486916,0.5335237,1.159202,0.678184,0.8223808,-0.09627503,-0.1775324,-0.3255014,2
0.9997617,0.2549862,1.137593,0.8090785,0.7316742,1.289449,-0.9216065,-0.2809916,0.563528,2
1.121663,-0.8210896,0.9946199,0.05128394,1.146988,1.012346,-0.7528851,0.3827221,-0.7875718,2
0.4144349,-1.137061,0.9787617,0.4740216,-1.012075,1.201632,-2.907165,-36.21149,-1.309156,2
0.664215,-0.9989496,0.8644825,1.866443,0.4622396,1.242064,-1.511601,0.1137608,-1.393306,2
0.5155779,-1.099777,1.092531,0.7129433,0.8517695,1.361401,-2.582695,-0.168306,-1.729714,2
0.7244099,0.1616239,0.9575237,1.918033,0.675804,0.6675538,0.1135778,0.1248554,0.6847864,2
0.8395715,-0.127441,1.153394,1.724851,1.349597,1.321259,-0.09661816,-0.03397735,-0.1889071,2
0.9612309,-0.6315588,0.6838057,0.9631443,0.7917146,0.6737076,101.3865,0.03106808,3.877198,2
1.565195,-0.9945418,0.9529032,0.4834525,-0.03297625,1.338517,0.086536,0.09273921,0.4290796,2
1.769753,0.2888293,0.6150537,1.471047,0.1639016,0.7428285,0.6124936,0.1819467,-1.067256,2
1.413501,-0.2404524,0.8183578,0.3215256,0.3572399,1.28409,-0.5026634,-0.4153003,-0.7855102,2
0.1131526,-0.8353956,1.391027,0.5598288,-0.2975627,0.4080866,0.1032485,1.053906,-0.9859782,2
1.963187,-0.7081307,0.6777202,0.5526858,0.8584089,1.102323,0.008536872,-0.05529302,0.5636125,2
1.182954,-0.1576788,0.526985,1.11791,0.2953809,0.8132993,5.192055,-0.1869065,-0.821453,2
1.284444,-0.1937366,0.4272326,0.3261155,0.9663836,0.9967775,-0.2255427,-0.1237306,-0.1778052,2
1.891219,-0.3831618,0.4433179,0.503219,-0.5175416,1.046649,-0.0264522,0.4724957,-1.26107,2
0.6371284,-0.8792012,0.8882644,0.9148406,0.1031358,0.3097807,0.3269443,-0.009784333,-0.301269,2
1.576295,-0.4336997,0.8442231,1.758822,-0.09326907,0.7294495,-0.1914603,-0.2913201,-0.4210481,2
0.7523873,0.07217189,0.5609521,1.862874,0.7486469,0.8061779,-0.4223069,-0.07598228,-0.3392983,2
1.92351,-0.5979357,0.9736499,1.331431,0.5468784,1.388708,0.6243617,-0.3289674,-2.227156,2
0.2582982,-0.8879549,1.392544,0.97101,-0.841472,0.9116557,-0.1673062,-0.01839755,0.05879344,2
1.503106,-0.04565419,1.392786,1.817772,-0.256127,1.313276,-0.4174103,-0.3386301,-1.333479,2
1.665369,-0.4789453,0.4513557,1.066124,0.4095959,0.7059979,0.5840919,-0.04327771,-1.603829,2
1.352619,-1.191151,1.323073,1.254494,-1.142545,1.177291,-2.19441,-2.183221,-0.9151659,2
1.676651,-0.9360583,1.247052,0.8659291,1.15974,1.180339,-1.180129,-0.1757445,-1.22044,2
1.140514,0.4372268,0.6795516,0.7587036,0.9571575,0.8367106,-0.8900434,1.157789,1.974897,2
1.828043,-0.5048457,0.9819101,1.317241,-0.3877117,1.369463,0.4996879,0.8280894,-1.819256,2
0.1779032,-0.641372,1.198863,0.6396925,0.4298096,1.184943,-1.076037,-0.2521348,-1.225077,2
1.367889,-0.3358356,1.218295,1.430981,0.6164093,0.9442387,9.347618,-0.2383501,-1.918759,2
0.2555524,-0.2649239,0.7642532,0.99962,0.5337718,0.7564085,-0.4852125,-0.2002687,-0.5307391,2
0.6737614,-0.7598,1.300777,1.593587,0.3541463,1.161084,-1.037191,-0.3641974,-1.39356,2
0.5881141,0.1961213,1.11101,0.5463022,-0.2624775,1.0331,-2.903651,-0.2485846,-1.260007,2
1.895947,-0.3749245,0.7210096,1.686717,-0.3914124,0.9769803,1.62425,6.534888,-1.023295,2
0.4428962,-1.308701,1.406143,0.3482662,-0.0003412329,1.243499,0.7768014,-0.1054041,0.01238854,2
1.038909,-0.202854,1.169606,1.188586,-0.9064482,1.065045,2.157677,0.3811708,3.957817,2
1.381151,-0.1997116,0.3651664,0.4955321,-0.3097602,0.6691179,-0.08595057,0.3759245,-0.544036,2
0.07105459,-0.5937656,1.372244,0.0482941,-0.01937785,0.9395859,-2.179462,-0.400696,-1.247927,2
1.788797,-0.2406768,0.8883162,0.7970359,1.039918,0.9902093,-1.131186,0.01867312,-2.043489,2
0.9857268,-0.4797066,1.195776,1.542055,-0.07579098,1.314346,-1.599162,0.4240246,-1.600874,2
0.6799421,-1.180041,1.185868,0.3556092,0.7438933,1.257215,0.0259675,-0.13997,0.05013868,2
0.6218475,-1.375749,1.343972,1.240714,0.07463414,0.6085501,-0.2449643,-0.05742756,-0.2287222,2
1.069645,-1.094186,1.015522,0.4995245,1.05197,1.40803,0.276271,-0.06231683,2.104859,2
0.3838591,-1.424525,1.341342,1.415142,-0.5633232,1.19609,-1.015914,-5.341959,-1.508192,2
1.032997,-0.8469247,1.246177,0.6308907,0.1123348,0.7758027,-1.418027,-0.2859794,-0.889161,2
1.399013,-1.144407,1.363102,1.959212,-1.175257,1.061956,0.6411204,1.372809,-5.16155,2
0.2600305,-0.1938091,1.228223,1.524888,0.4754864,0.8979883,-0.5913989,-0.339596,-0.7843672,2
0.03145,-0.6822589,1.109955,1.584406,0.07846407,0.5952963,-0.6228186,2.988845,-0.7886292,2
0.7567561,0.4279342,1.196864,1.988756,-0.09896372,0.7374837,-0.006473642,-0.3275517,10.15373,2
1.697445,-1.04555,1.243277,1.955667,-0.8090871,0.9028746,1.080098,-2.849197,-0.7667455,2
1.045872,-1.440927,1.276569,1.681943,-1.042412,1.056146,-0.435238,-1.855691,-3.968281,2
0.319773,-0.4308054,0.9280568,1.824239,-0.1900026,0.3633488,-0.1188795,0.2265998,-1.688857,2
1.330788,-0.7068912,0.8944808,0.8765246,-0.8605546,1.021143,-0.4207812,-0.4429638,-0.9776027,2
1.691706,0.4119036,1.04344,1.321336,0.02063827,1.12009,-0.2034516,-0.172595,-0.680595,2
1.185084,-0.1008142,0.8278865,0.5787389,-0.4024508,1.148931,-0.2295763,-0.676517,-4.374734,2
1.089578,-1.468009,1.285353,1.889673,-0.1462281,1.392799,-2.415154,1.042605,-3.144789,2
1.275773,-0.9635077,1.274534,1.138052,0.6905856,0.8854491,-3.714466,-0.2247454,-0.9951835,2
1.558383,0.08959386,0.8484221,1.293521,1.048917,0.9296886,-3.184034,0.3070304,2.51645,2
0.332222,0.2176896,1.327179,1.017617,0.5790268,0.6821738,0.0587911,0.2265307,-7.515229,2
1.623127,-0.5617757,0.9951192,1.637475,0.6875333,0.8002827,40.44153,-0.1924642,-1.604328,2
1.882647,0.1893651,0.5348404,0.5472761,0.5669352,0.9376877,-0.3066631,0.1623622,-0.2430388,2
0.7360739,-1.067207,0.9578851,1.988899,-0.09245887,1.331899,-1.643656,2.426603,-1.620797,2
1.257166,-0.3155636,1.001035,1.543219,0.2380258,0.7162817,1.033444,-0.2713966,-1.138334,2
1.981139,0.5683388,1.023954,0.898683,0.7644196,1.410607,-0.4555679,-0.09055876,-0.5095506,2
0.4907232,-0.4137269,0.6326802,1.492793,1.519642,1.296586,-0.2803941,0.2249536,-0.1556594,2
0.8666619,-1.546035,1.364473,1.682441,-0.2059742,1.025648,-1.418918,0.6989441,5.616291,2
1.259722,-0.6218442,1.153685,1.845752,0.6110926,1.349414,-1.716779,-0.3972135,-1.424905,2
1.297229,0.9151853,1.048703,1.589213,0.8904179,1.089832,-0.8602323,-1.153991,-0.8622294,2
1.250947,0.3971432,0.3772938,0.9550678,0.9928971,0.8828405,0.3245617,-0.06138662,-0.09198008,2
1.489461,0.06559729,0.8749927,1.34485,0.5658615,0.7079893,-4.264109,0.2027755,-1.617241,2
1.137237,-1.130785,1.388823,0.9989524,-0.9805696,1.154443,-2.013542,-1.346018,-0.8962501,2
1.612016,-0.6038734,0.7782746,1.645891,1.467428,1.305948,0.566583,0.06065257,-0.1325545,2
0.1312445,-0.477158,0.6593539,0.4304269,0.3037513,0.4042331,-0.1210306,-0.1276611,0.1276436,2
0.817575,-1.162273,1.33191,0.4255777,0.3751145,1.093628,-0.612138,-0.2301542,-0.5851829,2
0.6712703,-0.2093739,0.9030926,0.4773932,0.4782656,0.9901282,-0.7295084,-0.3506194,-1.576401,2
1.532699,0.7467939,1.16993,1.967445,1.149793,1.001902,1.628397,0.9801218,5.91346,2
0.1308497,0.7434742,1.325215,0.3733581,1.533991,1.344767,0.001415359,0.2765596,0.005533444,2
0.9742495,-0.9796478,1.274778,1.54554,-0.03553712,1.346062,-1.953549,0.2240561,-2.272764,2
0.8715987,0.0004366018,0.7483949,0.6277937,0.320257,0.7239972,-0.9309935,-0.09073637,-1.048386,2
0.4361932,-0.7213913,0.935245,0.06125174,1.439097,1.361018,-0.6282061,-0.1105611,-0.773338,2
1.873133,0.9519074,1.283601,1.947503,0.216505,1.36692,-10.38459,0.3749898,-6.829811,2
1.258614,-0.4561956,0.9499558,1.818708,0.1380182,0.5256107,0.6352279,-0.2322378,-0.8561673,2
0.5860342,-0.1852545,1.056227,1.346612,-0.5427415,0.6865166,0.06188653,0.2558746,1.500964,2
0.7319417,0.2906075,0.9135824,0.8767046,0.7143727,0.6120768,2.906295,0.7770304,-2.137078,2
0.1553312,-0.5602479,1.107431,1.270945,1.357441,1.248298,-0.3857077,0.08942558,-0.3066153,2
0.1168818,-0.9330664,1.152228,0.7595978,1.043404,1.402176,-0.9874105,-0.1788814,-0.9855953,2
0.6242404,0.2516222,0.9733675,0.1470014,0.5478027,1.070679,-0.8015053,-2.344995,-0.9827752,2
1.389131,-0.6371046,0.6443556,0.2237636,0.03078815,0.6337178,-0.2345187,-0.03044357,-0.2373728,2
1.041957,-1.114389,1.091211,0.01599238,1.465226,1.287663,-0.7022189,0.6922289,-0.6611563,2
0.1840581,-0.8867891,0.8447486,1.137347,-0.1466526,0.50209,-0.4311908,-45.95779,-0.8736727,2
1.980512,-0.4311245,1.302088,1.848172,1.271428,1.17045,-11.91007,0.005946967,-10.56273,2
1.871577,0.3702722,1.294543,1.753695,0.8639431,0.9412283,-10.30474,1.255535,-2.006217,2
1.449751,-0.9568206,1.325706,1.584338,-1.329049,1.209918,3.884478,1.54609,19.71406,2
0.6352078,0.01185351,0.236997,0.2161643,0.113239,0.3812222,-0.1017895,-0.2460912,-0.1794101,2
1.619489,-1.086801,0.9945919,0.6161873,0.6790004,0.7007568,-0.3728101,0.07195119,-0.2529371,2
0.9284804,-0.7997932,1.238277,0.984647,-0.3455136,0.8856506,3.722577,-0.609674,-0.8187054,2
1.437192,0.1589578,1.06858,0.4264053,0.86045,0.9801924,-1.054791,4.015136,-1.220126,2
1.230451,-0.3875926,0.9435722,0.7449081,0.7839776,1.023896,-1.005691,-0.2690565,-1.706148,2
0.607275,0.388432,0.9605088,1.067447,0.2499826,0.6548364,-0.08130195,2.676907,-0.750944,2
1.735538,0.5959851,0.6378676,1.431804,0.3349432,0.7935657,1.198836,0.5885481,-2.639556,2
0.3544543,-0.5531976,1.132511,1.244782,0.3788537,0.9642094,-0.7824246,-0.3207592,-0.9768297,2
0.08419553,-1.608846,1.409974,0.4910696,0.6413761,1.159631,-1.015312,-0.06211462,-1.299144,2
1.198694,-1.072122,1.161785,1.55264,0.6586747,1.328171,-2.875464,-0.2187368,-2.265764,2
0.93506,-0.5519708,0.8657529,0.9230871,-0.02632759,0.4658021,-29.66153,-0.2293665,-0.6198945,2
1.46373,0.6534288,0.682179,0.6670663,0.4999055,1.02025,0.07940128,0.3946729,2.385144,2
1.99098,0.2356648,0.7712023,0.4047669,1.160483,0.9857588,-0.7464411,1717.955,-1.274667,2
1.118654,-0.0991213,1.197031,1.868181,0.6264117,0.6205754,1.010186,0.2304811,-2.026153,2
0.6769397,0.2854163,0.4413173,1.271692,0.4903003,0.4355659,0.09177492,0.1366946,0.09515978,2
0.3565479,-0.2251244,0.9894407,1.127599,-0.1691085,0.7311671,-0.4917437,-0.4133097,-0.828074,2
0.5411419,-0.3243393,1.031557,1.634911,0.1381157,0.4598642,0.04950966,-0.1533884,-1.123372,2
1.412127,-0.8547457,1.324374,1.493325,-0.2414921,0.7121279,12.21265,-0.5463231,-0.9146502,2
1.193467,-1.084002,1.020688,0.6614394,-0.02840156,1.196766,0.5755294,0.1371371,0.9762215,2
0.9339393,-0.9880507,1.373605,0.6879064,0.8116039,0.7747173,-2.866846,-0.1154328,-1.165859,2
0.8752838,-0.4573866,1.328099,1.78611,-0.5402479,0.8186423,0.1567867,0.5601203,-1.87651,2
1.95077,-0.5737551,0.7911119,0.8234289,-0.08595486,0.910905,-0.2456011,-0.1657507,-0.3488628,2
1.707627,-0.3663767,0.4612842,0.6397949,1.144213,0.9939505,-0.1696943,0.02870623,0.07694047,2
1.428361,-0.7468545,1.413479,0.6071784,0.6701359,1.313115,-1.227365,-0.4205414,-1.297853,2
0.7062444,0.03784955,0.2302289,0.9190265,0.1483668,0.1610207,0.3394328,0.07949733,-0.5607356,2
1.906963,-0.8212676,1.03696,0.6039943,0.2304417,1.043012,-0.5057864,-0.241276,-0.5761749,2
1.698024,-0.7400287,0.8147845,0.3840847,-0.1792799,1.251176,-0.1320042,-0.009401123,-0.07292971,2
1.360901,0.1048479,0.5338634,1.503757,0.7272071,0.7657841,0.08860499,-0.05201401,-0.173119,2
0.5987629,0.2917355,1.067643,0.5966871,0.7494715,0.7557639,-166.1428,0.9152772,-1.826736,2
0.3209586,-0.7050144,1.307716,0.3739629,0.6690137,1.220188,-0.2187845,-0.4432846,1.521208,2
0.3998896,0.591089,1.348889,1.475176,1.156444,1.003109,0.09507691,0.3131879,0.2757823,2
1.125252,-1.225554,1.046293,1.442268,-0.2426001,1.100584,-3.447487,0.8057406,-8.240272,2
0.1455406,-1.240014,1.307461,1.240268,0.5483325,0.7232972,-0.4502432,-0.1429978,-0.5399746,2
0.4515532,0.2376838,0.8436233,0.1003533,0.8919308,1.408971,-0.6040786,-2.182625,-0.8934324,2
0.2825187,-1.095412,1.012766,1.63568,-0.1277873,0.3144657,-0.203676,0.3918578,-0.03473744,2
0.2646012,0.1539975,0.8402204,0.0971182,0.3815768,0.8329356,-0.7809341,-10.5632,-0.9229537,2
1.235238,-0.7454593,0.6572328,0.4113982,-0.8141184,1.013029,0.03610911,0.3253586,0.4800867,2
0.5223225,-0.2165833,1.243356,0.7045082,-0.4092874,1.312172,-1.273782,-0.833958,-1.312069,2
1.055637,-0.1950404,0.4244729,1.492643,0.3176396,0.5236763,-0.5828777,-0.1534133,-0.4304486,2
1.627521,-0.06751878,0.812372,1.173455,0.8868054,1.181664,-0.2984026,-0.3051686,-0.4822445,2
1.987854,-0.681474,0.9607041,1.112511,-0.7373611,1.153424,-0.3603708,-0.0751395,-0.5996254,2
0.9759561,-0.7634142,0.7644006,0.983948,0.2397256,0.8757002,-57.83054,-0.03365457,-5.25196,2
0.5045745,-0.6143129,1.239194,0.5376958,0.6652408,0.8866957,6.976993,-0.2558596,-1.585407,2
1.612297,-0.9719582,1.174588,0.5352497,0.6629965,1.356233,-0.4526115,-0.280765,-0.4999085,2
0.0201872,-0.1530211,1.158974,0.6044946,0.7824141,0.7580131,-0.2855198,0.01317053,-0.2572461,2
1.371344,-0.7925081,1.074993,0.9069463,-0.08976359,0.8886422,-0.6867412,-0.2743247,-0.5911845,2
1.462012,-0.2962475,0.9023167,0.8052316,0.3205987,0.8285746,-0.9315122,-0.2714346,-0.9690381,2
1.379815,-0.3680599,1.031247,0.5354247,1.007306,1.406449,-0.7929371,-0.3759074,-1.566159,2
1.325109,0.3985019,1.128376,0.9789912,0.7190434,1.355214,-0.4942404,-0.5930626,-0.427566,2
0.3332294,0.3649933,0.8660114,1.396698,0.6288285,0.5960534,-0.03295893,0.1166652,0.0354849,2
1.159344,-0.1412549,0.9267027,0.8390432,0.4796983,1.10143,-0.3989523,-0.4087887,-0.1949665,2
1.60503,-0.3308254,0.6789472,1.805435,0.1002965,0.7845685,-2.289753,-0.1547563,-1.140834,2
1.568216,0.3728365,1.076065,0.8739008,0.6189666,1.356946,-0.5722536,0.2471124,-1.312248,2
0.566127,0.3003164,1.297703,1.129528,0.6186198,0.6048208,0.6236231,0.7395133,-1.899975,2
1.208403,0.0421195,0.7430168,0.4660977,0.7744937,1.074707,-0.6059297,-0.1181126,-2.084836,2
0.1752792,-0.6953013,1.163799,1.129903,-0.03599645,0.4648674,-0.2704508,-0.566475,-3.543356,2
1.546606,-0.2962843,0.4240166,0.6698133,0.8045648,1.081224,0.1581031,-0.1354209,-0.7959537,2
0.7633364,-0.7806963,0.842954,1.89925,0.7172809,1.232997,-1.330841,-0.152051,-1.139156,2
1.470146,0.06289245,1.389146,1.649935,1.04596,1.248449,3.882137,0.0151207,17.69265,2
0.8189796,-0.4687766,0.7564251,1.428524,-0.1958662,0.8614324,-1.02632,2.198581,-1.028451,2
0.3891224,-0.1165518,1.115217,1.099693,-0.1918472,0.8575362,-0.5461068,-0.3355872,-1.020207,2
0.6199756,-1.132878,1.331778,0.5497013,1.340901,1.217254,-3.998532,-0.05191127,-2.608669,2
1.42257,0.3025518,0.2762448,0.4497096,0.7724207,0.7454582,0.01342002,0.5611128,-0.2065146,2
0.4802207,-0.5232468,0.9298944,1.72393,0.9559311,1.29446,-0.9678388,-0.2192583,-0.9053891,2
0.459298,-1.251088,1.398819,0.2329295,-0.335205,1.373935,-0.2540311,-0.1030149,-0.3560831,2
1.714636,-0.09247303,0.7985494,1.67258,0.6228092,0.9034309,-3.43908,-0.2489513,-0.1316515,2
0.4383585,0.005303096,0.8612936,0.5146687,0.4229877,0.785843,0.5325249,-0.1835518,4.13794,2
1.212821,-0.4040548,1.372759,1.850501,-0.8257589,1.21124,-0.1551743,0.05717436,-0.1838341,2
1.482478,-1.178508,1.172324,1.802779,1.307953,1.311,-1.056078,-0.03851813,-0.6333839,2
0.9180786,0.4939905,0.5569901,0.8025457,0.6083102,0.856771,1.853157,-5.502426,-0.6607307,2
0.2696472,-1.096135,1.263421,0.741952,0.7881545,0.9864469,-0.5255659,-0.2073252,-0.6752645,2
0.6691694,0.9889488,1.191762,1.282838,0.3955497,0.861734,-0.5600873,0.494859,3.472234,2
0.6168107,0.6659366,0.9107372,0.5645912,0.3480776,1.088847,3.360714,0.5984198,-2.084279,2
1.497211,-1.114081,1.305404,1.957021,0.8686197,1.306474,-1.591096,-0.295478,-2.051821,2
1.846111,-0.2114544,0.5978045,1.692483,0.583378,0.636845,-2.58091,-0.1070164,1.098113,2
0.6535422,-1.140231,1.268623,1.663478,0.3702732,0.986486,-0.9499739,-0.2126138,-1.99459,2
0.6162348,-0.1163622,0.8395163,1.686816,-0.08501548,0.5222961,-0.1279714,0.3212293,-0.453897,2
0.9270368,-0.07751481,0.3940566,0.2650457,0.5018583,1.061305,0.07394826,-0.2084587,-0.9256993,2
0.6252917,-0.8914024,0.8430286,0.5013747,0.7000846,0.9345693,1.033357,-0.0699719,2.708032,2
0.6048963,-0.3707796,0.7088461,0.09434927,0.07136867,1.022821,-0.4478022,-0.2779531,-0.6361237,2
1.758306,-0.6668001,1.373534,1.913585,-0.1949086,1.134126,1.169177,-0.5797007,-0.9935035,2
1.039953,0.6702821,1.180082,1.750649,1.176055,1.012767,0.6754811,0.6019728,1.251012,2
0.6240692,0.2825719,0.9503085,0.3137526,0.4994692,0.7963444,-1.023109,-8.634667,-1.019208,2
0.4831781,-1.117492,1.091826,0.98564,-0.4568996,0.5010562,-0.03485986,-0.5948818,-0.2522549,2
0.8818691,0.5202993,1.038936,1.784954,0.6807864,0.780686,-0.01569055,0.2050745,0.6491858,2
0.4191187,-0.7961124,0.8628145,1.611203,0.2403174,0.9868006,-1.016275,0.1650118,-1.111216,2
1.862259,0.3603583,1.281687,1.121745,0.7915909,1.406916,-1.133038,1.047329,-1.852655,2
1.004215,-0.2777998,1.324613,0.6469356,1.239477,1.109108,-2.768463,0.2158353,-2.595096,2
0.6263486,1.65241,1.412934,0.700759,0.8967969,1.392832,-5.110138,1.986428,8.603327,2
1.845994,-0.2622334,1.325039,1.199961,0.4990391,0.828192,-2.344112,0.1263486,-1.455579,2
1.103784,0.1615753,1.32338,1.100165,1.082704,1.138201,-200.8652,0.3519094,-6.174061,2
1.997812,-0.7019517,0.9112621,1.75354,0.3785338,0.5828025,-2.239431,-0.1668128,-0.6230321,2
1.051697,-0.6393104,1.170697,0.8030317,0.8189103,1.083733,-1.717871,-0.3089212,-1.555888,2
0.09853321,-0.5045411,1.327469,0.8605874,-0.5690123,0.5149291,-0.002258774,0.2263639,0.6611814,2
0.8582466,-0.8679976,0.7836603,1.688644,0.3905563,0.4038025,-0.0324631,0.03018396,-0.1271189,2
1.123811,-0.9471934,1.002943,0.9143143,0.3852906,0.6637601,-0.7798002,-0.10789,-0.3824127,2
1.181657,-0.5358769,0.9894663,0.5521882,0.3211104,0.785923,-0.9502798,-0.2654442,-0.8733921,2
1.425435,0.2123242,0.6833108,0.4044783,1.297841,1.346189,-0.5206143,0.4388251,0.4400264,2
1.681131,-0.2170476,0.8503962,1.107551,0.2262678,1.254788,0.415492,-0.2424283,-1.515506,2
0.08434612,-1.226051,1.289803,0.5183951,0.2836137,1.320813,-1.304443,0.8699036,-1.536188,2
0.4430282,-0.4667711,1.003574,0.9099408,0.0122172,0.9066216,-0.82105,-0.1137983,-1.178205,2
1.538728,-0.4826169,0.4219246,0.2619021,0.1921916,1.153439,0.1114883,0.1282499,-56.92769,2
0.1955958,-0.7959729,1.10302,1.202756,0.1695377,0.4775373,-0.2851052,-0.2596402,0.6803463,2
1.781875,0.5131509,0.804362,1.959894,1.267359,1.337094,-2.47317,-0.2387837,-0.4469012,2
1.018645,-0.6355377,1.30864,1.280227,-0.03453676,1.30881,-1.745557,-0.2464777,-2.39128,2
0.2864419,-0.9879765,1.364801,0.6767132,0.1383265,0.6538486,0.03849513,-0.3416771,-0.8458984,2
0.3670358,-0.9576684,1.008499,0.07957368,0.7982485,1.412363,-0.2575126,-0.1565696,-0.1862821,2
1.792557,0.3818984,0.8685283,1.044716,1.310841,1.214005,-1.038453,0.726037,1.16336,2
0.09795132,-1.093374,1.218027,0.7886558,1.348703,1.340773,-0.5859618,0.02117826,-0.5158231,2
1.532264,0.3939835,0.4758006,0.549334,1.203829,1.305395,0.03908618,-3.319058,-0.4951489,2
0.7722503,-0.3744265,1.108866,0.2558394,0.618769,1.039104,-1.081984,-0.1889906,-1.185506,2
0.972692,-0.3361781,0.756816,0.04836833,1.1911,1.090614,-0.7426029,0.6225734,-0.9199266,2
0.04175208,-0.1440814,0.929603,0.2305565,0.9698517,0.9290025,-0.2515105,0.0001330731,-0.2448799,2
1.736593,-1.161646,1.310555,1.640653,-0.4672536,0.8177201,-4.256949,-0.3258072,-0.532993,2
0.4397844,-0.9071289,1.122199,0.1130745,1.031821,1.277246,-0.6718599,-0.2112882,-0.7204658,2
0.8708006,-0.8852995,1.042088,0.9258237,0.5907484,0.6752756,4.235728,-0.1211477,-0.7149436,2
1.117428,-1.016918,1.052695,0.2033751,0.1191599,0.9206138,-0.4431896,-0.0635807,-0.4270563,2
0.6593713,-0.6107547,0.7203637,0.4598017,-0.1678981,1.105262,0.9762263,0.3492881,-2.181311,2
0.1518195,-1.51731,1.40636,1.472017,-0.6862764,0.7107825,-0.2041193,-0.4395713,-0.3422135,2
1.944689,0.260441,1.007064,0.4636126,1.102243,1.373242,-0.8251804,118.6352,-1.210974,2
0.1080645,-0.7259524,0.666407,1.122242,-0.1892555,0.3499546,-0.2568651,-0.8965007,-0.4774865,2
1.008034,-1.276165,1.397375,0.9819969,1.18126,1.120206,-14.36679,-0.0592105,-1.284895,2
1.139944,-0.8749047,0.7862018,0.9740194,0.8066829,0.9737883,1.987024,-0.02953814,-2.467758,2
0.5413748,-0.2812557,0.6526663,1.675231,0.698573,1.000568,-0.8164283,-0.1806804,-0.7309095,2
1.352028,-0.3013645,0.7644175,1.256981,0.883198,1.07216,0.8450206,-0.2304992,-0.4666935,2
0.4645985,-0.3795964,1.203609,1.913715,0.6394057,1.292801,-1.085528,-0.3297891,-1.177896,2
1.574377,0.8341614,0.7157582,1.202569,0.4458785,0.7987054,0.92089,0.6340158,1.398038,2
0.1756203,-1.317767,1.128594,0.6015927,0.7570384,0.929404,-0.7047473,-0.03522369,-1.00694,2
0.8902304,0.1119148,0.2972196,0.09748384,0.35548,0.5896826,-0.2005717,-0.3731993,-0.2406893,2
1.177425,-0.4485886,0.9624919,0.8889128,1.094994,1.057472,-1.956912,-0.1033675,8.273187,2
0.2888146,-1.12145,0.955421,0.7291576,0.7513397,0.9457664,-0.8629954,-0.03308008,-1.01783,2
1.902985,-0.1774417,0.9781385,0.9746946,1.185801,1.168359,-1.300845,0.01742542,-5.25429,2
1.986346,-0.08583135,1.310897,0.8991758,0.9399265,1.178924,-1.587386,0.3437421,-1.723282,2
1.72855,-0.5727915,1.207191,0.6853052,0.7784163,1.14677,-1.148614,-0.3012395,-1.245604,2
1.898048,-0.2039411,0.8842651,1.733377,0.9550819,1.199072,-0.08123689,-0.2813547,-0.4634708,2
0.5521629,-0.8383992,1.094075,0.5036657,-1.04399,1.375864,1.046899,-2.475105,-0.9217648,2
1.88668,-0.1191579,0.5687346,0.3121553,0.6338676,1.089416,-0.412495,-0.2736613,-0.5295952,2
1.546839,-0.5896252,1.150918,1.929276,1.184251,1.372339,-0.4790553,-0.2764578,-0.477932,2
1.985533,-0.4127145,0.4854545,1.182533,-0.1959899,0.7709559,0.3342867,0.293905,-1.662448,2
1.020247,-1.053746,1.01975,0.1789068,0.3319362,1.0705,-0.2953635,-0.02078572,-0.2766298,2
0.4607371,-0.991428,0.8938074,1.309587,-0.5933779,0.6173233,-0.1931019,-0.5033544,-0.5841708,2
1.55347,-0.4388976,1.174386,0.352362,1.471775,1.251723,-1.199418,0.1157286,-1.529342,2
0.697061,-0.4991964,1.05912,0.751643,0.01255869,1.159803,-3.993417,-0.1944543,-2.013843,2
0.3910512,-1.130079,1.179955,0.295561,-0.05017598,1.312627,1.495869,0.07953762,2.228768,2
0.8956047,0.125806,0.7042537,0.3170146,0.94131,0.8413113,-0.780194,0.9569686,-1.546542,2
0.6721675,-0.7493396,0.9212279,1.16814,-0.3906374,0.8912186,-0.9014462,5.144939,-1.28191,2
1.875944,0.557135,0.782142,1.49264,1.173678,1.192821,-0.3513781,-0.02895552,-0.218058,2
0.7698704,-0.6022131,0.7567307,1.775921,0.2321128,0.3008185,0.1040459,-0.08031141,-0.5259668,2
0.9984527,-0.471237,1.315355,0.9978441,0.03207104,0.9548352,-734.6128,-0.4427422,-1.254324,2
1.201696,-0.1867573,0.5264118,0.4389821,0.8774646,1.123114,-0.06576736,-0.2414757,-0.6467645,2
1.093203,-0.7729467,0.9580331,0.05996391,1.287914,1.320004,-0.6472244,0.09396653,-0.6895592,2
1.656277,-0.6887512,0.665534,0.8546115,0.03572974,0.7975592,0.2754941,0.04456016,0.5444913,2
0.8932162,0.4954824,0.8739885,1.170325,0.7074981,0.6512733,1.103888,0.8307077,-2.968138,2
0.4317093,0.01153897,0.8615575,1.349536,0.0635031,0.752921,-0.6069037,-0.08472296,-0.893149,2
1.091945,-0.2682059,0.8320171,1.534879,0.9060481,1.315338,-1.756561,-0.2991209,-0.9399629,2
0.979346,-1.010994,1.041172,0.3293948,0.5126902,1.367574,-0.02039302,-0.1223176,0.1776323,2
0.7507253,0.03321205,1.32228,1.899615,0.5328523,1.077716,-0.4603085,-0.3721508,-0.8438054,2
0.4087965,-0.187026,1.407443,1.05117,0.8304757,1.328541,-0.727434,-0.4381529,-0.9447924,2
0.698522,-0.8123111,1.394404,1.782559,-0.2165282,1.123033,-0.9309232,1.066489,-1.461211,2
1.137655,-0.3588032,0.981903,1.118551,0.6163718,0.7017426,-30.03983,-0.1064689,-1.515397,2
1.336369,-0.425967,0.811277,0.7451202,0.6036615,0.9698151,-0.4703692,-0.3022332,-0.7745372,2
0.8215601,-0.5082588,1.277383,1.785693,1.084981,1.172197,-0.09729398,-0.1894055,-0.1096539,2
0.4598449,-0.3255472,0.858415,1.118014,0.2576179,0.5127795,-0.02741549,-0.2071068,-2.115601,2
1.064308,-0.9572758,1.172509,0.8792101,0.648636,0.9319621,-1.311334,-0.2291199,-0.70509,2
0.9175298,-0.2356464,0.6719098,0.8320852,0.1838593,0.6371309,-0.9266516,-0.2572019,-0.6764387,2
0.9731204,-0.7686226,0.8364576,1.405389,0.4537168,1.370811,-2.983078,0.001360886,-1.594686,2
1.5151,-0.3370498,1.044806,1.640727,1.332314,1.264024,4.394875,-0.05059404,0.3244528,2
0.3213599,0.1480832,0.9924897,1.08064,0.8927035,1.088257,-0.5527895,-0.2133135,-0.6138012,2
1.08381,-0.4683137,1.18646,1.783471,-0.9105842,0.829109,0.7115475,0.8134508,-15.13973,2
1.662593,0.3279244,1.097329,1.18102,-0.1722077,1.301804,0.133638,-0.1935091,-2.799905,2
1.196643,-1.564673,1.377171,0.4007741,0.2314391,0.8858888,-0.2652831,0.159662,-0.1914129,2
1.998134,-1.128165,1.313252,0.626643,0.8322786,0.9046999,-0.9210854,-0.1077358,-0.7864853,2
1.941584,-0.876534,1.380304,0.8751564,-0.3099284,1.09428,-1.191948,-0.4711196,-1.056976,2
1.344587,-0.7526968,0.77521,0.4514114,0.3074724,0.8294465,-0.1497933,-0.0856806,-0.1668814,2
0.6422663,-0.5450843,1.17858,0.8224861,0.4611045,1.110778,-0.6840042,-0.4362522,-1.169099,2
0.3597199,0.507021,1.22792,0.08434989,1.308708,1.133705,-1.149516,-6.082389,-1.484108,2
0.005517442,-0.8474036,0.8298251,0.6064669,-0.02126051,0.04365006,-0.01526028,0.03466709,-0.2020587,2
1.812114,-0.6970196,0.7552204,0.5007238,-0.221051,1.076434,-0.09826065,0.01792608,-0.02251569,2
0.5026281,-0.6992527,0.6722444,1.044063,0.6269358,1.023062,-1.270881,-0.09533909,-0.9680568,2
0.4776517,-0.1453347,1.05203,1.048008,0.6316816,1.3904,-1.43793,-0.3675782,-1.282561,2
1.705285,-0.7684038,1.10828,1.98895,-0.04113686,0.6418408,2.170917,-0.3208677,-0.7040631,2
0.9595177,-0.3906212,1.250588,1.013619,0.3284058,0.7032976,10.34156,-0.1270142,-1.310891,2
1.153539,-0.1639823,1.116702,1.49257,0.5382708,0.5006614,2.633329,0.2811645,-1.417329,2
0.9321092,0.597234,1.22141,1.840764,0.2048355,0.7620522,-0.1438017,-1.556358,-0.4155481,2
0.6668897,-0.4417106,0.8482304,0.6686033,1.014457,0.8690721,186.6361,0.01932754,2.087118,2
0.9948864,-0.9291835,0.8038689,0.7932807,-0.787227,0.8590524,0.656513,0.6852887,1.150217,2
1.358174,-1.206074,1.138526,1.120019,0.2997228,0.4497141,-1.218615,0.05509538,-0.3178315,2
0.5153239,-0.2080331,1.156201,1.925181,0.4751117,0.4837801,0.1342329,0.07081826,-3.313274,2
0.378777,-0.3640194,0.8762662,0.153908,0.4870657,0.7075596,-0.9405738,-0.1445439,-0.9101037,2
0.6353346,0.3071072,0.9960878,0.7615037,0.9356728,1.190127,-0.3877022,-0.2199332,-0.4490485,2
0.9689128,0.1025371,0.8660809,1.736754,0.1731132,0.5760891,0.04647196,0.2378038,-1.085177,2
1.180866,-1.450275,1.367091,0.5390369,-0.5791136,0.9881936,-0.392624,0.03856205,-0.2845334,2
1.727218,0.08068638,0.4869284,0.719409,1.470984,1.378969,-0.09713342,0.03763477,-0.2028506,2
1.435788,-0.04107429,0.5173467,0.1858846,-0.4821536,1.233537,-0.1106145,-1.181585,-2.085121,2
0.5177622,-0.1069777,0.9726819,0.537213,0.9630136,1.408914,-9.320795,-0.3954498,-0.9026076,2
0.06921154,0.03862331,1.316518,0.3063098,1.125858,1.27858,-0.5229327,-0.1937105,-0.6185116,2
1.611016,0.527061,1.258167,0.5571257,1.136108,1.07734,-1.221077,-7.389867,-1.420441,2
0.5917839,-0.3376714,1.365939,1.701179,0.5475826,1.039424,-0.4533086,-0.4166353,-0.6963634,2
1.456782,-0.05344512,1.386048,1.039768,0.8355358,1.346249,-1.99409,-0.1520981,-2.388931,2
0.2004281,-1.063447,0.9630109,0.1196289,-0.38155,1.0654,0.5939881,0.3371019,0.7684686,2
0.8078287,-1.304488,1.349923,0.728958,0.3062944,1.16053,2.754992,-0.1481379,0.2027534,2
1.382077,0.007023304,0.6376592,1.20437,1.115132,1.276584,2.273467,-0.1829816,-0.5674927,2
0.5511995,-0.8747368,1.026232,1.964729,0.6837311,0.7721832,-0.3382373,-0.1291967,-0.3555684,2
0.07558666,-0.93121,1.214819,0.1075668,-1.03985,1.390425,-0.9898823,-1.203723,-0.9158496,2
1.017686,-1.027409,1.398046,1.397728,0.2470431,1.185465,-1.291575,-0.3589623,1.826738,2
0.9488715,-1.099656,1.168787,0.4456794,-0.3969707,1.252016,-0.08891874,0.02418625,-0.1165605,2
0.6689962,-0.796118,0.7595086,1.075604,0.2115344,0.5613551,-0.7517651,-0.05147917,0.7101949,2
0.7052715,0.7935631,0.771187,1.758424,0.5782752,0.5857244,-0.1872133,-0.1244597,-0.4472878,2
1.123618,0.4098779,0.9072103,0.489682,1.221001,1.247021,-0.7916154,2.032854,-6.83462,2
0.05722612,-0.7696629,1.291963,0.6340784,0.6727465,0.9938045,-0.6895743,-0.2045369,-0.7405446,2
0.9491969,-0.7916633,0.9259179,1.543925,-0.9488407,0.8317029,0.2595685,0.4243309,0.5198508,2
1.705653,-0.2486333,1.21216,0.5286833,0.4262308,1.138794,-1.171964,-0.02922121,-1.308829,2
1.510611,-0.2386228,0.524316,1.165132,1.169533,1.40639,1.422365,-0.1451276,-0.7850847,2
0.4992216,-0.8215144,1.160781,0.5684136,0.1954406,0.5633698,2.813733,-0.2166503,-0.8004322,2
0.8585837,-0.2241979,0.9657873,1.13349,0.9139844,0.797222,1.916146,0.10187,5.961981,2
1.033454,-0.03050668,0.5387586,1.492367,0.5800303,0.6344382,-0.01830861,-0.0756917,-0.1301986,2
0.452032,-0.772656,0.8968693,1.799444,-0.05902033,0.3123624,-0.09653069,-0.2367629,-0.3714913,2
1.488329,-0.5422368,0.8510768,1.778589,0.7957013,0.7049878,2.131911,-0.02696458,-10.1928,2
1.083043,-0.9172387,1.143725,1.984418,0.1648817,0.374819,0.3662773,-0.120066,-0.6651513,2
0.9819845,-0.8083912,1.356768,0.9796841,-1.054442,1.126456,-180.485,2.565969,-2.106437,2
1.79992,-0.5270796,1.023015,1.884214,0.8187655,1.353752,-7.487028,-0.3800735,-1.177372,2
1.828317,-0.3440352,0.5736589,1.669136,0.4103376,0.7334579,1.552519,-0.2060684,-0.8044314,2
0.9380386,-0.4448585,0.4849386,0.6684775,1.084774,1.308036,1.220368,-0.08524472,-0.8239479,2
1.092506,-0.7018969,1.308374,1.327671,0.3024806,1.188588,-0.9623559,-0.4600654,1.958863,2
1.597783,0.5149316,0.9615074,1.607798,1.017989,1.017649,45.81753,0.479716,1.063634,2
1.128972,-1.085521,0.9874414,1.143289,-0.3385635,0.7639417,-23.03258,0.2899561,0.2716989,2
1.755016,-1.49872,1.383182,0.8418663,-0.8358665,1.387151,0.06029725,0.2736016,0.05232701,2
0.3449373,-0.0899206,0.8209358,0.615555,0.06245299,0.8833442,-0.9228018,0.02745997,-0.9997648,2
0.1447853,-0.654928,1.010283,0.8187199,0.0227078,0.2835932,0.04181051,-0.2494594,-0.6996693,2
1.599016,-0.6293535,0.8590462,1.831931,-0.4521738,1.001645,-2.421177,2.359616,-1.344751,2
0.8651434,0.2678164,0.9374609,0.4876593,0.5428599,0.9929829,-0.855834,2.771376,-1.187223,2
1.701999,-1.086764,0.9416106,0.4399589,1.243285,1.226826,-0.132746,0.09444284,-0.02244383,2
1.443251,1.07227,1.181875,1.840848,1.212058,1.239699,-0.2822144,-0.1031086,-0.2909859,2
0.7760377,-0.2864963,0.7132896,0.879253,1.403364,1.201176,1.054731,0.1223638,0.03371582,2
0.4927692,-0.1443105,0.8272055,1.371601,0.1539783,0.3825073,0.04791695,-0.02253152,-0.9931424,2
0.3015553,0.1411945,0.450829,1.188185,0.2037836,0.244417,-0.03521002,0.05280524,0.2586041,2
1.00515,-0.380405,0.8030131,1.119763,0.04476944,1.256877,-6.019537,0.4185114,-1.425607,2
0.4098603,-0.5487382,0.7763269,0.4332858,0.2812704,1.308879,-13.26303,0.02997614,-1.554881,2
1.118482,1.223261,1.079176,0.7670053,1.269976,1.077169,-0.1724599,-0.334037,-0.2367597,2
0.7916083,-1.070103,1.379649,0.9332275,0.6129742,1.188904,-1.006636,-0.3640089,-0.01004205,2
1.772475,-1.447387,1.273182,0.8879244,0.4472051,1.295868,0.4594762,0.07334127,0.4064238,2
1.183175,-0.2287658,0.4685189,0.9431002,0.5520818,0.5838264,-0.6536391,-0.09421491,0.1805858,2
0.3503176,-0.3471121,1.073992,0.4322021,1.170997,1.135019,1.629377,-0.06760064,0.5967675,2
1.695705,-0.2349194,0.7359061,0.9172026,-0.2189877,0.7495682,-0.5636008,-0.4290857,-0.8136803,2
0.6954928,-0.5688449,1.240642,1.380814,-0.9161972,1.03113,-0.1023151,0.15918,0.0327657,2
1.50188,0.2122625,0.599782,1.662152,0.8467755,0.7376803,2.635613,0.2418648,0.3028616,2
0.7567925,-0.1239218,0.2331706,0.2959856,0.6072038,0.5508332,-0.08642979,-0.0007266693,-0.02941615,2
1.359213,0.6493498,1.265905,1.71895,0.1419665,1.254057,-1.477096,0.04837823,-2.525157,2
0.2631226,-1.2865,1.375907,1.534141,-0.4969934,0.8036058,-0.4802302,-1.256693,-0.8227012,2
0.6771056,-1.196665,1.046015,0.5502754,-0.6975594,0.6780242,-0.2171507,0.05205667,-0.06275748,2
1.176532,-0.3483697,1.400148,1.739049,-0.6407426,1.347499,-0.7593035,-0.4304071,-1.075031,2
1.180927,0.2542601,0.6054628,1.235294,0.4205863,0.5461044,2.986867,0.294521,-2.332235,2
1.252788,0.2994449,1.244038,0.3469363,1.155257,1.295424,-1.147887,30.35706,-1.461127,2
1.247634,-0.4624814,1.040144,0.9793879,1.2188,1.345721,-1.129496,-0.2475881,0.06418928,2
1.806817,-0.5521096,0.8961869,0.8440117,0.1177866,1.15303,-0.179627,-0.2526055,-0.06590582,2
0.3585165,-0.5708361,0.7300072,1.906145,-0.1988672,0.5353667,-0.4066824,-1.409397,-0.5654334,2
1.118079,-0.2454117,1.317708,1.538963,0.8495516,0.906566,1.668615,0.00980179,-3.646239,2
1.455768,-0.6479701,1.138017,0.6726227,-0.633104,1.24694,-0.6836499,-0.4775848,-1.063936,2
1.116979,-0.2116101,1.108645,0.5630582,0.7023563,1.117192,-1.204068,-0.1989512,-1.475873,2
1.77458,-1.183341,1.03632,1.465433,0.5339107,1.320534,3.912196,0.03569569,-10.97323,2
1.161304,-0.2231237,0.4748386,0.4563859,0.2908871,0.8923925,0.022686,-0.1672096,-1.331188,2
1.393839,-0.4648018,0.5455237,1.879174,-0.2407538,0.6534264,-1.177494,1.289304,-0.9168258,2
1.455393,-1.343961,1.189609,1.154136,-0.5806785,0.9301919,0.8722671,0.3316613,0.1543158,2
1.365263,-0.1475786,1.057883,0.9280147,0.503317,1.312066,-0.2954326,-0.500158,-1.024642,2
1.630419,-0.1076001,0.7269105,1.064919,-0.2333601,1.101396,0.311298,-2.863128,-0.9808607,2
1.375913,-0.9604903,1.121722,0.7910829,0.6700439,1.315548,0.05797637,-0.2621813,0.4387454,2
0.3983962,-0.2850608,0.8316172,1.347654,1.139696,1.245614,-0.6790328,-0.1067843,-0.5940805,2
0.2239859,-1.341803,1.315299,1.482244,-0.09062851,1.077251,-1.053267,5.788049,-1.45406,2
0.7325542,-0.4660008,0.8882176,1.308314,-0.08836039,0.947495,-1.078031,0.50629,-1.185123,2
1.657362,-0.1549936,0.8052606,1.144961,0.2384767,1.077098,0.2457098,-0.3267887,-1.322591,2
0.3819817,0.6430386,0.8395144,0.5363311,0.6082805,0.8602129,-0.6622133,-0.7808067,-0.7542053,2
0.6958039,0.653445,0.9845003,1.084385,0.8464054,1.059537,-0.5656536,-0.3177019,-0.5758456,2
1.184318,-0.09300251,0.6004747,0.2085137,0.5878156,0.6823588,-0.5611693,0.2419567,-0.6887624,2
0.7142437,-0.1935667,1.023673,1.966636,0.03691525,1.064695,-1.025507,0.749005,-1.189587,2
1.460863,0.6378852,0.5522529,0.4674372,1.221638,1.043623,-0.01994938,-0.04746374,0.02965867,2
1.978855,-0.6095124,1.236092,1.872508,0.6363634,0.6339442,-14.40899,-0.06949596,-1.324875,2
0.05658985,-0.5767587,1.114484,1.104496,-0.2901576,0.5209396,-0.3383198,-0.7435201,-0.4407922,2
0.4444937,-1.316448,1.344745,0.749476,-0.5710046,1.340766,-1.674773,3.193826,-2.497264,2
0.3060842,-0.9304305,0.8052837,0.1144228,-0.3049172,1.135142,0.2922865,0.316894,0.9571731,2
1.912076,-0.4770939,1.038157,0.8347774,0.7522085,1.251787,-0.7428623,-0.3920233,-1.07728,2
0.3276154,0.02286393,1.271464,0.9760962,0.0957291,0.6241786,0.03373392,0.583852,-1.212151,2
0.264644,0.04936493,1.0006,1.342414,0.7399243,0.7134849,-0.0605815,0.031547,-0.041278,2
1.974358,-0.6630744,1.193363,1.590978,0.4459568,0.7441336,-2.816491,-0.246712,-1.09462,2
1.490837,-1.519345,1.314229,1.638644,-0.02700289,0.6990142,-2.069878,0.182893,0.03318042,2
1.084008,-1.109669,1.315998,1.887624,-1.036049,1.412514,-0.9181445,-1.498789,-1.015509,2
1.35226,-0.1759807,0.5884065,1.052063,0.1126323,0.7409521,0.3193521,-0.1928404,-1.070862,2
1.438828,-0.2302159,0.5975384,1.034258,0.9415044,1.212686,0.6662739,-0.2152022,-0.7380735,2
0.7219793,0.8900856,0.8650156,0.4538304,0.9517831,1.062238,0.05220706,0.3790879,1.288156,2
0.8372369,0.3038913,0.527478,0.3307831,0.8790309,1.031442,-0.2064995,-0.7164568,-0.4058152,2
0.7916806,-0.6376276,0.9661894,1.539932,-0.1021988,0.8311405,-0.7943298,0.08691694,-1.458546,2
1.061796,0.1024828,0.7115609,1.340028,0.2548635,0.4760135,0.7954501,0.3209128,-0.9117313,2
0.403901,-0.7313732,0.8178245,1.337422,1.160621,1.250965,-0.7589698,-0.05521791,-0.6253375,2
1.46712,-0.477003,1.166669,1.505776,-0.6298877,1.282811,-3.94758,-0.9062883,-1.010759,2
1.49184,-0.2412725,0.8369794,0.401859,-0.6397607,1.30261,-0.3817879,-0.1154916,-1.664881,2
1.452229,-0.3627926,0.4908807,1.987209,0.5888579,0.6632718,-0.5640469,-0.09113059,-0.342148,2
1.136501,-0.05576215,1.090088,1.837035,0.5650468,1.331617,-1.507055,-0.4520428,-1.239779,2
0.9884897,-0.6697918,1.043079,0.3146872,-0.4680048,1.169584,-0.5595769,-0.334369,-0.8567079,2
0.7634027,0.1513647,1.152226,1.951693,-0.0509102,0.8284019,-0.2793042,-0.1373003,-1.334198,2
1.772393,-0.7720484,1.234382,0.888763,0.6810187,0.737438,-1.51067,-0.1492842,-1.079585,2
0.4610878,-0.3104812,1.354489,1.788711,-0.2533626,0.8847044,-0.5485599,-0.3216118,-0.9623921,2
0.2672317,-1.455233,1.411616,1.79093,0.02756331,1.331599,-1.353726,3.743307,-1.726285,2
0.9987899,-0.3468025,1.156371,1.74788,-0.2268976,1.17476,-1.116094,-5.227572,-1.334564,2
1.088838,0.7937181,1.194637,0.3534265,0.8431476,1.335476,-0.6304234,-0.84099,-0.7800634,2
0.8669882,-1.113128,1.049496,0.7792161,0.9565076,0.8325789,-2.207425,0.07544591,-0.5435098,2
1.708938,0.5695286,0.7871958,0.384517,1.289005,1.371869,-0.3770366,-0.8135847,-0.6993526,2
1.427778,0.2577878,0.7954218,0.546736,1.389825,1.191363,-0.8577458,1.175541,8.762138,2
0.4115986,-0.8234216,0.7927981,1.044294,-0.3070636,0.783883,-0.7793103,17.16596,-1.062473,2
0.9671373,-0.4942652,0.8805955,0.5355819,-0.01635509,1.349042,0.2010759,-0.003587564,-2.82425,2
0.5629327,-0.007496957,0.5092061,1.769863,0.4154847,0.5625477,-0.3418868,-0.140132,-0.3691592,2
1.752777,-1.058341,1.030028,1.019534,-0.2829612,1.233264,0.5636348,0.2496163,1.255168,2
1.287757,-1.060754,1.090868,1.278934,-0.100425,0.8058867,24.59916,-0.02864787,-0.07495912,2
0.2242061,-1.375467,1.403165,1.285162,0.1990119,0.880318,-0.8075722,0.0371466,-1.354257,2
0.806101,-0.6020465,0.9762868,1.996093,1.218768,1.359344,-0.8067512,-0.1547305,-0.6850376,2
0.6455462,-1.425285,1.30753,1.820626,0.06780514,0.3271639,0.01740525,0.1085659,-0.2258065,2
1.98546,-1.059014,0.9851736,1.671069,0.9702275,1.027873,0.5819765,-0.01528331,0.9960865,2
0.3083183,-1.079899,1.033789,1.278884,0.8681363,0.9308462,-0.5099522,-0.04386792,-0.5271404,2
0.335408,-0.2085637,0.559184,0.04082023,1.213427,1.290986,-0.442105,-0.1503093,-0.8981292,2
1.94743,0.5484587,1.33325,1.913004,1.409292,1.20128,-44.42848,1.188071,-58.86633,2
1.636331,-0.8099594,1.324438,1.43839,-0.5127578,1.373254,0.3971817,-0.02273518,0.657853,2
0.3508015,-0.3207779,0.6899044,0.6634873,-0.2166435,0.5199503,-0.228901,0.1235852,-0.378481,2
0.3301313,-0.222731,1.005779,1.574938,0.2646169,0.8176599,-0.6568619,-0.2619589,-0.8463473,2
0.337829,-0.6544145,1.023097,0.813796,0.1892854,1.301762,-1.509654,0.2630201,-1.468635,2
0.7882761,0.08486919,0.951899,1.27916,0.9159552,1.055832,-0.1890198,-0.1399052,-0.2971242,2
0.4544739,-1.128365,1.318734,0.6225331,-0.2838927,1.359288,-2.419988,0.59484,-3.406694,2
1.062222,0.105768,0.5541375,0.1089492,1.379683,1.195809,-0.5079926,5.911027,-1.358373,2
1.803531,0.06587919,0.9396709,0.3109543,0.2535005,1.382367,-0.7429233,-3.546826,-1.078974,2
0.8372178,-0.1510576,1.365215,1.144285,0.02476423,1.356068,-1.19167,-0.3227059,-1.608462,2
0.2548884,-0.03137021,0.3864683,0.1338995,1.538588,1.411956,0.1824223,0.1387119,-0.2571886,2
0.8363963,-0.2714705,0.9487398,0.7002078,1.477865,1.384031,-2.096496,-0.03048639,0.1509219,2
0.5391291,-0.5306578,0.8570335,1.437302,1.508853,1.365439,-0.382309,0.1007854,-0.277092,2
1.490462,0.3725259,1.042225,1.462907,0.4093709,1.183983,9.057551,-3.550942,-1.241346,2
0.1351757,-1.063959,0.9731405,0.2955423,-0.2543687,0.7924039,-0.915537,1.14164,-3.392772,2
1.223167,-0.02425254,1.24872,1.372524,0.1691261,1.216657,-0.5304019,-0.4440347,-1.174203,2
0.7807222,-1.416019,1.361463,1.866955,0.7395142,1.070421,-0.8970901,-0.1518884,-2.02305,2
0.2625295,-0.9268951,1.361147,0.8801031,0.280294,0.6951542,-0.2412778,-0.3545745,-1.325999,2
1.431599,-0.8079865,0.777315,1.285181,0.5072473,0.4337105,-2.348847,0.05148367,-0.3251185,2
1.603222,-0.8706332,1.076818,0.5372779,-0.4412974,1.330349,-0.3228323,-0.110139,-0.4613625,2
0.5888171,-0.6209288,1.321463,0.5942361,-0.4596722,1.410302,-18.73929,0.5640334,-2.292256,2
1.253742,-0.009844665,0.6429853,1.106463,1.358954,1.324464,1.283652,-0.01297723,-0.3056726,2
1.140317,0.2270162,0.4832968,0.8865812,1.148003,0.9788293,-0.6510924,0.2269893,0.05394403,2
0.5955485,-0.78838,0.8147901,0.2753785,-0.3262919,1.271098,0.2927977,0.3239399,15.1468,2
0.815098,-0.9779457,0.8680336,1.316083,-0.1417993,1.19255,-2.291232,1.191716,-1.762153,2
0.2372208,-0.06031836,1.262845,1.316697,0.5873487,0.6803231,-0.1091792,-0.05429919,0.132913,2
1.391348,-0.7235491,1.384564,1.303312,0.03205269,1.119589,-4.223606,-0.5004722,-1.052403,2
0.2452006,-0.589424,1.284462,0.9435582,0.6503413,1.286568,-1.060846,-0.3522604,-1.177274,2
1.062649,-0.9318132,0.8480557,0.7124911,0.006760543,0.382638,-0.4138803,0.08088149,-0.1567375,2
0.3677477,0.8858435,1.345676,0.982636,0.7292463,0.8899293,-0.2279149,0.1936096,-0.1284532,2
1.327178,-0.6855143,0.817844,1.438962,0.1514296,0.455399,1.921397,-0.1347424,-0.4201419,2
0.1924005,-0.639163,0.679969,1.329655,1.291671,1.162389,-0.3777032,0.1533847,-0.2710209,2
0.7000886,-1.162296,1.120626,0.3020249,1.148854,1.123654,-0.4503563,0.007404845,-0.4019232,2
1.578144,-0.2701535,1.362158,1.633068,-0.2861432,1.324362,0.5142159,0.2725683,-1.83271,2
1.016003,-1.160468,1.02207,0.9755012,0.6567305,1.176468,15.79555,-0.02682243,-11.06318,2
0.7824038,0.6424864,0.9148058,0.3804099,0.2859684,1.066859,-0.3180565,-0.08911981,-0.4578213,2
1.511028,-0.5005314,0.6942833,0.7284656,0.9626474,1.246359,0.03698028,-0.2111633,-1.056546,2
0.7632979,-0.4947768,1.262464,1.807924,0.7869206,1.032278,-0.2310902,-0.2960919,-0.243445,2
1.192,-0.6546356,1.148873,1.615612,0.6230186,1.269862,-1.568764,-0.4007523,-1.364082,2
1.210408,-0.04465056,0.9364308,0.4165265,0.2530732,1.20597,-0.662376,-0.3364056,-1.102378,2
0.8491851,-0.2969159,0.5375706,0.2553375,0.04290277,0.4995728,-0.4181785,-0.1677676,-0.4613709,2
1.860286,-0.7352352,0.9405611,0.9627891,0.840018,1.286841,-0.0475673,-0.2711454,3.198095,2
0.1668993,-0.8713049,0.8104609,1.051553,0.02927843,0.456665,-0.4208552,0.24021,-0.936376,2
1.936404,0.1206701,0.3247466,0.2840944,0.4456576,0.5285457,-0.2457201,-0.9559296,-0.3673845,2
1.685969,-0.8672037,1.077392,1.851594,-0.02513596,0.6074224,2.969587,-0.2273696,-0.5516248,2
1.755734,0.09442673,1.049813,1.053006,0.423674,1.232108,-0.6699185,-0.3876065,-1.454212,2
0.7252107,-0.3490762,1.191983,0.7528735,-0.6690443,0.9965662,9.551332,0.6654012,-1.858322,2
0.9095786,1.052506,0.993035,1.216767,1.116802,1.280321,-1.525669,-1.611038,-0.8360134,2
0.6988727,0.4350756,0.6911649,0.8833742,0.4236521,0.7984316,-1.180707,-1.484003,-0.7868849,2
1.500481,-0.5546959,0.730248,0.4865999,0.3537004,0.5200727,-0.5574807,-0.1156019,-0.5032813,2
1.217488,0.02516638,0.3170345,1.006864,0.5068719,0.6312352,0.9903743,-0.1292989,-0.33123,2
0.3710272,-0.47135,0.9067667,0.5465471,0.7853026,1.161942,-1.20794,-0.3012672,-0.8809031,2
1.94147,-0.3992228,0.4709886,0.04198044,0.47383,1.378577,-0.245228,-0.09395472,-0.2135821,2
0.1983093,-0.7510903,1.118837,0.6594611,0.9940088,1.208245,-0.7329365,-0.2133267,-0.7260978,2
0.6918136,-0.721872,0.8817248,0.5739762,0.08658263,1.017658,1.574595,-0.08577387,17.29313,2
0.5060618,-1.408176,1.278171,1.456095,-0.01494143,1.281589,-1.499756,1.022875,-1.976153,2
1.472266,0.09877907,1.262019,1.77206,0.5421838,1.258925,-0.5070227,-0.4182199,-0.7238321,2
1.887059,-0.533714,0.5186602,0.4819065,-0.05009602,1.258004,0.1445438,0.2346689,-4.105808,2
1.943314,-1.22243,1.330169,1.96421,0.09913468,1.121112,-29.59654,-0.1390699,0.2263734,2
1.981148,-0.580241,0.9290965,0.6151801,-0.3540023,1.006244,-0.5254465,-0.3170663,-0.7735975,2
1.301659,-0.4941867,0.9366327,0.1648796,0.2517309,1.256961,-0.6855152,-0.30326,-0.831537,2
1.177405,-0.2023439,0.4753267,0.4132327,0.9526833,0.9144012,-0.3552116,-0.07348567,0.1878342,2
0.7121955,-0.6994189,1.18253,0.6311269,-0.7035351,1.363908,0.7138942,2.171058,-1.696226,2
1.696812,-0.3267291,0.8067093,0.574093,-0.2832107,1.349088,-0.2024984,0.1207992,0.1314199,2
1.216106,0.1374152,0.8476686,1.719441,0.1560197,0.9903033,-1.425761,-0.433216,-1.081093,2
0.09509388,-0.5527528,1.200438,0.7458728,0.1123507,0.513449,-0.3120206,-0.3549628,-0.1764287,2
0.8025699,0.04043764,0.6449749,0.2436203,1.19597,1.265277,-0.5187894,-0.03201285,0.2231832,2
0.5072492,-0.7286785,0.9694849,0.7708619,0.3754647,0.8116981,-0.6455433,-0.2675443,69.81643,2
0.2696575,0.07185724,1.250317,1.160779,0.05790755,0.7219331,-0.2617535,-0.6560241,-1.051013,2
0.9828475,-0.590802,1.318259,1.922747,0.4928873,1.062425,-0.4794923,-0.4485987,-0.7000334,2
0.4239242,-0.6531528,0.7998118,0.5428351,0.3848903,1.047072,-2.551185,-0.1483192,-1.418718,2
0.1783124,-1.480936,1.348441,1.916117,1.294649,1.100174,-0.2478927,0.2101433,-0.1436642,2
1.661588,0.1411039,0.679181,0.3012875,1.131537,1.331148,-0.5262833,1.027677,-1.157036,2
0.7553027,-0.3079057,1.341796,1.838386,0.6821592,0.9430647,-0.08195153,-0.2413409,0.6773605,2
1.035451,0.9160062,0.9803945,0.8537434,0.8163756,0.9776109,-0.04129196,0.07286377,-0.0599614,2
0.06412601,-0.3651942,1.237689,0.1142877,0.4297784,0.5324811,0.7396025,0.009340135,-1.445031,2
0.2657546,0.4912817,1.207941,0.7270405,0.8281805,1.085146,-0.4522733,-0.2097879,-0.641384,2
0.6344405,-1.255617,1.350773,1.595613,0.09971811,1.237074,-1.418356,0.2421096,-2.080331,2
0.5513362,0.08294737,0.5300768,0.08320925,0.4087161,1.401116,-0.1606248,2.265473,-3.223351,2
0.6635364,-0.763667,1.385761,1.08714,-0.8940421,1.04846,0.1496964,0.6129982,22.05828,2
0.4770219,0.08838598,1.230459,0.7580022,0.1485065,0.8721052,0.1811869,0.4976702,-1.371573,2
0.9798617,-0.8733678,1.118265,0.9744049,0.6194238,1.356508,83.91225,-0.3017095,-2.409364,2
1.554193,-0.6881487,0.6118538,1.474527,0.1306762,0.8085083,10.31976,0.1326049,-2.698235,2
0.543821,0.255805,1.338696,0.8166794,0.2381799,1.062371,-0.09047268,0.7380527,-1.610176,2
1.328869,-1.191058,1.211843,0.5793849,0.157222,0.9243852,-0.4112534,-0.07447992,-0.380145,2
1.431521,0.1707359,0.3842275,0.9000854,1.284002,1.136387,0.2722897,0.1368577,-0.1028815,2
0.6990665,-0.4331374,0.9529122,0.9982917,0.9268012,1.241672,-1.114385,-0.2988778,-0.7895843,2
1.382519,-0.2027212,1.138673,1.279145,0.6267594,1.226495,-1.201366,-0.4337498,-0.02071068,2
0.2588038,0.5626952,0.5768433,0.9236632,0.4137915,0.3951831,-0.08717762,0.01971322,-0.1873427,2
0.3707938,-1.500491,1.375036,1.66737,0.4856272,1.150049,-1.114382,-0.0224657,-1.514983,2
1.17166,-0.9277564,0.9373385,1.386527,0.2609804,1.001687,-3.603389,-0.04450594,-5.054731,2
0.7577701,0.2706237,0.5133274,0.6237373,0.8448055,0.9791436,1.019253,-0.3039354,-0.4297314,2
1.664927,-1.084142,1.018066,1.555652,0.5694396,0.6271672,-1.785168,0.01555042,-0.2676092,2
0.760245,-0.8920068,1.120723,1.588047,-0.5152977,1.287899,-1.289952,-6.998296,-1.366427,2
1.036611,-0.8009621,1.264836,1.300115,0.1207716,1.152827,-1.434827,-0.3446699,6.227875,2
1.688632,0.08157955,0.3679482,0.245456,-0.0447839,0.6789213,-0.2285937,-0.08680125,-0.5327915,2
0.8958192,0.03496722,1.283596,1.498464,0.3465213,0.7794539,0.3770005,0.2036362,-1.651628,2
1.808142,0.8117451,0.7772313,0.5826245,1.614057,1.378674,-0.1677836,-0.5579436,2.25047,2
0.2291445,-0.1558828,0.8977397,0.833232,0.4599509,0.8918434,-0.688228,-0.2880007,-0.7948711,2
1.938122,-0.9768813,0.9010898,1.485644,1.137328,1.362743,1.585366,-0.05963458,-1.562956,2
0.7414217,-1.323429,1.379398,1.603153,0.6095363,0.9668782,-0.6777794,-0.2103872,7.13598,2
1.01254,-0.6177275,1.060629,1.627037,1.211411,1.111177,0.3626664,-0.03219095,0.2257974,2
0.4178916,-0.02739778,1.108044,0.445596,0.2382001,0.9589956,2.6585,-0.199808,-1.477368,2
0.6141884,0.09863753,0.9645126,1.93266,-0.1299408,0.5248271,0.08228872,-0.08533144,0.6218543,2
1.640872,0.06943458,1.406231,0.8686323,0.6283243,1.089683,-1.801149,1.299958,-1.613672,2
1.538724,-0.6927088,1.122626,0.6881018,1.224268,1.20597,-1.138918,-0.1663081,-1.572665,2
1.758871,-0.4592815,0.7353884,0.6891555,-0.812618,1.153926,-0.3059041,0.2107405,-8.117063,2
1.992478,-0.1140748,1.161574,1.969964,0.8502303,0.9146471,-55.74922,0.08447229,-2.823587,2
0.9893808,-0.7801126,0.6658226,0.249671,-0.1962228,0.5489054,-0.05807332,0.1209226,-0.04122765,2
1.704034,-0.5653107,0.8794668,0.2448306,0.1873892,1.085489,-0.5833446,-0.2615431,-0.6881658,2
1.576375,-0.7731214,0.7345755,1.260058,0.1667585,1.34749,3.536319,0.2889833,-2.057926,2
1.45908,0.4567578,0.7570466,1.902399,1.013242,1.127383,-1.029468,-0.2514069,-0.4586648,2
0.2036959,0.7210516,1.314435,0.9771567,0.7835011,0.9346862,-0.3313012,-0.09404498,-0.5915358,2
0.510773,-1.143551,1.088943,1.243502,0.01742962,0.5028248,-0.371458,-0.004196712,-0.04460423,2
0.4175047,0.6205453,0.7125267,0.9906233,0.3905492,0.5169927,-0.2487092,-0.2125463,-0.9211894,2
0.8629922,-0.02542987,0.8509874,1.847127,0.8927765,1.126527,-0.7502856,-0.2325622,-0.6491047,2
1.935854,-1.139622,1.175383,1.121652,0.3216026,0.6409544,-0.7384501,-0.05496244,-0.4640765,2
1.374483,0.240333,1.092488,1.851724,0.05750879,1.212642,-1.704355,-0.2305581,-1.404672,2
1.244348,-0.6493928,1.199663,0.4509014,1.462495,1.373827,-1.225428,-0.1307009,-1.844363,2
1.478606,0.08243719,1.143973,1.09162,0.7348676,1.208027,-1.409555,-0.1467293,-3.085557,2
0.7066393,-0.7845342,0.6665558,0.8632525,-0.4023291,0.8027247,-2.506217,1.555955,-1.76919,2
0.9600996,-0.5054164,0.7667431,1.094423,0.9557356,1.235767,-3.153951,-0.2164593,-0.8426167,2
1.164033,-0.01508306,0.5612577,1.304373,0.3597634,0.6369736,-0.5700812,-0.2152407,-0.3874274,2
0.9237394,-0.613183,0.9212123,1.511633,0.4460002,0.7087103,-0.1296745,-0.2468688,-2.17167,2
0.2524138,-0.7669953,0.967458,0.9560642,-0.1773553,0.9968431,-0.9197944,13.40224,-1.090612,2
0.2361204,-1.638437,1.403917,0.5511296,0.452873,1.203465,-1.572215,0.07113839,-3.645154,2
0.9568639,-1.231985,1.373234,1.805495,1.061397,1.190646,-0.4882973,-0.1739926,-0.5896508,2
0.725504,0.2034501,1.17391,0.6964872,0.6886657,0.8343273,-14.4007,0.7111137,-1.746404,2
1.448222,-0.3347365,1.21797,0.819661,-0.4732685,1.379271,-0.7114044,-0.7742699,-1.587481,2
1.869677,-0.2857477,1.327871,1.247741,0.7359515,1.208654,-1.859653,-0.2644924,-1.822623,2
1.943842,0.2649525,0.3395748,0.8817205,0.6192394,0.7584665,0.06818,-4.07353,-0.39993,2
1.084399,-1.393678,1.183306,0.8476411,0.2855659,0.9564674,1.661921,0.1256892,0.3953773,2
1.087355,0.3512784,0.6801265,1.576813,0.8269237,0.7729724,0.2794249,0.1576918,0.07745112,2
0.4739411,-1.037323,1.024979,1.0482,-0.5424119,1.062298,-0.9956873,-7.381383,-1.261652,2
1.312474,0.5928235,0.8828242,0.7149839,1.31228,1.219319,-0.7303479,2.342257,1.771051,2
0.1021391,-0.8639746,1.124613,0.5647101,1.186536,1.081156,-0.290139,0.0543053,-0.2134231,2
1.618681,-0.3874378,0.3718761,0.6692641,0.1667923,0.8406864,0.3140542,0.08615001,-1.487787,2
1.79774,-0.3221354,0.5237191,0.5771184,0.09900485,0.4288014,-0.4203469,-0.1361789,-0.4198504,2
0.4748038,-1.143218,1.236691,0.7490844,-0.2056171,0.8512003,-0.8572793,0.02541067,0.131905,2
1.306082,-0.09231392,0.8671812,1.422639,-0.5051765,0.9407682,-0.6188239,-0.2096779,-0.4542162,2
1.184734,-0.7780741,0.7979773,1.066309,1.148727,1.028471,-0.4207697,0.03678682,0.005679031,2
0.115563,-0.7769848,1.129814,1.644968,0.0534141,0.2689297,-0.1242039,-0.2705663,-1.223356,2
0.36951,-1.027131,0.9654129,0.3645758,0.6206065,1.004251,30.51811,-0.08615312,7.038864,2
0.8993685,-0.1298748,0.3606403,0.07602709,1.436498,1.249559,-0.2905242,0.01173639,0.9667927,2
1.080169,-0.7910416,1.021215,1.21023,-0.6895895,1.007211,-1.029109,5.147593,-1.908114,2
0.5916635,-0.3224208,0.9464553,0.1479374,1.169279,1.267936,-0.8839825,-0.1273099,-1.342402,2
0.1016186,-1.496409,1.335045,0.3937655,0.4790677,1.369025,-1.440787,0.1181735,-1.708096,2
1.420109,-0.9086179,1.206521,1.90047,0.4577029,0.8583474,0.08941718,-0.2938891,-0.7298202,2
0.6472971,-0.2111068,0.5590354,1.43675,0.1596743,0.5084986,-0.4056287,-0.1914512,-0.5440417,2
1.64747,0.2091825,1.166896,0.9570364,0.08175551,1.113687,-1.126446,-1.00129,-1.288023,2
0.2883605,-0.3748309,0.954302,1.879204,1.057935,1.075194,-0.4542702,-0.03978016,-0.4178885,2
1.702749,-1.17311,1.154107,1.064396,0.07275943,0.6276985,-0.622024,-0.00660145,-0.3404714,2
1.397234,-0.7377741,0.7787971,0.8290192,0.1469356,1.213651,0.7714218,0.06332134,-4.280306,2
0.2872311,-0.5387146,0.9104088,1.713789,0.4926953,0.8209519,-0.6228919,-0.1966758,-0.6852119,2
0.9286554,-0.4311901,0.8496475,1.757499,-0.4050198,0.4786664,0.2715863,0.7587992,-0.9150542,2
0.4314605,-1.355144,1.175501,0.5832482,-0.4556682,1.278013,-3.083768,1.538923,-4.242791,2
1.189679,0.09251736,0.3334657,0.5714802,0.8707216,0.8999245,0.1030107,-0.09279047,-0.2691426,2
1.816241,-0.06411464,0.5030361,0.7619243,-0.06553294,0.6082052,-0.288339,-0.2901448,-0.6326224,2
1.877611,0.4247722,1.205379,1.988809,1.159456,1.127239,8.997959,0.5888316,6.713639,2
0.7986733,-1.115784,1.018484,1.043342,0.374235,0.5638256,-0.2509116,0.007197701,-0.1084882,2
0.1460638,-0.9117199,0.8907715,1.561499,1.041572,0.9495396,-0.3136441,0.1083174,-0.2440869,2
1.829358,-0.1531954,1.361721,1.972227,-0.8003863,1.220569,4.1618,0.2266729,-5.340219,2
1.676061,-0.8979185,1.091225,0.1875524,1.399329,1.253978,-0.7039647,-0.04532986,-0.752823,2
1.456296,0.3521844,0.9211156,1.310581,0.3975902,1.137649,1.928249,-20.91301,-1.166931,2
0.8003687,-0.04274496,1.264439,1.99114,0.2335824,1.241742,-1.08616,-0.3393137,-1.382859,2
1.912244,-1.160447,1.330799,1.913393,-0.2876707,1.07139,-261.3927,-0.08953919,-0.1609424,2
1.036689,-0.3039061,0.9211509,0.8077142,-0.5506188,1.273418,0.4166656,-1.892709,-1.008131,2
1.955589,-1.335937,1.272925,0.7617135,0.05992231,1.065143,-0.2104489,0.0141769,-0.2349232,2
1.206082,-0.4592566,1.033899,0.1134418,1.189646,1.068845,-1.004824,0.5711626,-1.181149,2
0.2280906,0.08298197,1.334464,1.076609,0.6560062,0.6444808,0.04665856,0.1489544,1.877691,2
0.8681796,0.5052528,0.5596534,1.118885,0.2753065,0.5736533,-0.9269159,0.8316577,-1.391656,2
0.3746629,0.49711,1.028474,0.9030268,1.100084,1.278799,-0.7199924,-0.2535846,-0.6512332,2
0.4789374,0.2538581,1.191209,0.6794313,0.9530573,1.147202,0.2742219,-0.03807511,0.2075235,2
0.6416434,-0.484627,1.027898,1.489761,-0.07601725,1.070888,-1.086081,1.065308,-1.246342,2
1.743484,0.8552891,1.189764,1.630901,0.9962195,1.282024,-0.5395508,-0.1836388,-0.3349888,2
0.8251064,-0.1084236,0.8904727,0.5618049,1.119555,1.215289,-1.08158,-0.1404976,0.3046076,2
0.376483,-0.4047469,1.169192,1.987348,1.426548,1.353711,-0.4256985,0.02596322,-0.3710058,2
1.254956,-0.2426538,0.7257248,1.470391,1.128475,1.206508,-1.277932,-0.1268555,-0.4544604,2
0.9824943,-0.2701393,0.5939338,1.775435,0.07606973,0.3624009,0.09206083,-0.1873773,-0.5660624,2
1.972371,-0.5757289,0.6931185,1.41362,-0.4636824,1.191712,1.027039,1.486668,-1.433422,2
1.14555,-0.7205935,0.857699,1.672225,0.6525602,0.725355,-0.01981258,-0.1208362,1.07846,2
1.611978,0.6178522,0.6776034,1.018872,1.285542,1.20302,-0.1713638,0.0157387,-0.1420671,2
1.22681,0.7290612,0.888245,1.962456,0.3208919,0.7411585,-0.6145446,0.5802676,-15.15122,2
0.4885965,-0.680828,1.136726,1.630333,1.551357,1.345515,-0.1645526,0.132751,-0.1021065,2
0.01751754,-0.7674472,1.372556,1.48156,0.5724304,0.6573091,-0.4418603,0.2090863,-0.4439206,2
1.811064,-0.6109235,0.7810802,1.936812,0.1591204,1.239101,-10.71641,0.1472685,-1.613571,2
1.428477,-0.6600748,0.9742956,1.413948,0.06423117,1.411901,62.95409,0.1661897,-1.960365,2
1.071859,-0.07742758,1.283601,1.009182,0.6700161,0.7119865,-14.28864,0.4541449,-1.634861,2
1.039644,-0.1472374,0.3396337,0.02679525,0.823097,1.256074,-0.2582389,-0.1302607,-0.169004,2
0.5708037,-1.460672,1.269846,1.954536,-0.4196546,0.5309908,-0.2552998,16.4796,0.1599223,2
1.696639,-0.7402396,0.8731881,1.777702,-0.1990961,1.086175,-10.88187,0.4540378,-2.184811,2
1.239767,0.03156934,0.9586052,1.355118,0.04444159,0.6875668,3.363413,4.662956,-0.9954538,2
0.9328395,0.5839238,1.04806,1.459581,0.5418229,0.8563257,-0.2312805,0.1699623,0.1106774,2
1.781656,-0.9233087,0.8724297,1.394164,-1.162776,1.045556,-0.2582341,-3.996018,0.2853886,2
1.618347,-0.636018,1.078799,0.6439176,0.1092638,1.073311,-0.7010084,-0.363075,-0.842602,2
0.3209016,-0.3838114,0.8398411,1.41933,-0.5372409,0.4899876,0.01361925,0.1743129,0.2852697,2
1.605454,-0.009390702,0.4456856,0.7692617,0.8396733,1.133434,0.3224822,-0.2417597,-0.6715148,2
0.2809646,-1.12736,1.354067,0.6266088,0.2586681,1.040508,-1.002933,-0.2454873,-3.124811,2
1.276904,-1.01736,1.289692,1.182062,-0.9953876,1.344258,0.2084542,0.6676719,7.201046,2
0.07671501,-0.5911212,0.7283735,0.08464672,0.6404574,1.063594,-4.849909,-0.194564,-1.105296,2
1.456424,-0.8201229,1.156456,1.810394,0.3249271,0.5592949,1.542721,-0.1933778,-0.8502474,2
0.1519952,-0.5853214,1.079702,0.6825222,-0.3630202,0.8213879,-0.5557517,-0.8893389,-0.7192892,2
1.813754,-1.125252,1.036977,1.151144,0.7954062,0.7525426,-0.566833,0.06488832,-0.2985759,2
0.3359995,-0.08053517,1.092646,1.905894,1.182964,1.288018,-0.6297244,-0.1224828,-0.6140626,2
0.5979813,-0.6496577,0.9540427,1.673301,0.6105214,0.8963763,-0.6228024,-0.2426808,-0.6994576,2
0.2396213,0.03269676,0.6980375,0.6719689,0.5947187,0.704921,-0.2589725,-0.1220076,-0.3249946,2
0.6698235,0.0684774,0.7571555,0.4411968,0.4034788,0.7669802,-0.8494577,0.02804352,-1.129303,2
1.857562,-0.1165112,0.8269979,1.508874,1.242251,1.375835,0.09197017,-0.2034029,-0.4567402,2
0.7358199,0.6149933,1.158249,1.002353,0.8894255,1.209185,-0.5226956,-0.2646038,-0.5863812,2
1.53977,-0.1063702,0.9480864,1.058524,1.369846,1.171952,-2.136268,0.2188851,2.337745,2
1.397721,-1.184269,1.364819,1.50121,-0.2862644,0.9913282,-1.170679,-0.1658869,-0.3570514,2
1.895644,0.6245384,1.048865,0.9140162,0.09661676,1.364493,-0.2365539,0.0140052,-0.6899483,2
0.6650668,-0.4149027,0.8757961,1.563934,0.6765822,0.8688408,-0.4273893,-0.2220326,-0.4718229,2
1.752472,-0.6265525,1.342981,0.8525907,0.5714107,0.9292151,-1.578028,-0.2350308,-1.3012,2
0.7144308,-1.16672,1.209568,1.481449,0.9380416,1.058863,-0.5713844,-0.125315,-0.7438245,2
1.035347,0.4277941,1.343446,1.206296,0.01645967,1.13253,0.5909951,-0.5364025,-0.8778132,2
0.2076758,-0.08246513,0.37375,0.01127251,1.015286,1.28818,-0.28802,-0.1712845,-0.0241164,2
0.8747122,-0.9953548,1.35801,0.3377663,1.287249,1.262105,-1.205119,-0.1684154,-1.238582,2
1.815501,1.009552,1.059926,1.955189,0.8581901,0.8885697,0.5044155,-1.326845,-0.4771128,2
1.614596,-0.3955261,1.081711,1.458787,0.03454228,1.015919,-1.209996,-0.4154239,-0.8806242,2
1.851095,-1.039559,1.261715,0.9815095,0.9831643,1.309817,-0.6325219,-0.2673587,-0.6835771,2
1.468114,-0.145987,0.4576437,0.3462544,-0.1543218,0.9371336,-0.1030837,0.1636119,0.5303202,2
0.75147,-1.210914,1.279009,0.3197361,0.09434064,1.347012,-0.1157425,-0.1045707,-0.175715,2
1.70426,-0.437918,1.267917,1.779756,0.5782285,0.9271315,10.42918,-0.267745,-1.678752,2
1.279188,-0.005233629,1.194479,0.283778,1.601722,1.375032,-1.285394,1.801939,-1.894871,2
1.613743,0.4379466,0.8735806,0.776971,1.127917,1.059645,-0.8630855,3.152424,-2.820498,2
1.574581,-1.048517,0.9750211,1.10259,-0.6373255,1.060537,0.6746808,0.4954943,0.9708961,2
0.2186128,-1.304589,1.412274,0.8757372,-1.022639,0.9892873,-0.1286889,-0.1704342,-0.07546689,2
1.213235,-0.5684983,1.378749,1.82451,-0.363474,1.397499,-1.385852,13.37356,-1.656447,2
0.9278934,-1.398819,1.223307,1.802571,0.6755795,1.399343,-2.05468,-0.02116307,-2.127173,2
0.732322,-0.1469153,1.108493,1.413398,0.2930742,1.18272,-1.145576,-0.354804,-1.266342,2
0.1511249,-0.7957322,1.078347,1.727726,0.06554591,0.7977154,-0.7451278,1.865183,-0.938367,2
0.5331624,0.01323364,0.3188126,0.0296429,-0.2360206,1.228685,-0.00948625,-0.1568203,-1.84099,2
0.6153864,-1.009653,1.017408,0.233501,0.4569021,1.157106,-0.04586751,-0.1013003,-0.02430787,2
0.7491094,-0.2285279,1.327372,1.784227,0.1089806,1.046729,-0.6257801,-0.4979533,-1.206995,2
1.121869,-1.096028,1.104166,1.739126,0.4330882,1.207597,-2.119884,-0.08805909,-2.318184,2
1.339756,-0.627188,0.5592712,1.101674,1.17134,1.183544,1.751455,0.03250083,-0.568796,2
0.197315,-0.03268977,0.683183,0.7778022,0.7748034,0.8206698,-0.3513844,-0.06973787,-0.3428635,2
0.4484848,-0.8025063,0.9063174,0.761268,0.3390795,0.8110798,-0.9564816,-0.1782015,-2.170667,2
1.302281,-0.1089592,0.9144894,1.959688,0.1785413,0.9734755,-1.023141,-0.302042,-1.076507,2
1.666018,0.64544,0.9612341,1.55434,0.1657447,0.9873558,1.966108,0.09025592,1.306859,2
0.8593611,-0.03960556,0.3842402,0.3254569,1.099887,1.029337,-0.1462723,0.005134379,-0.1279095,2
1.094655,-0.8785439,1.14507,1.916065,0.108829,0.8151755,-0.623139,-0.2696025,0.1124784,2
0.5739157,0.150859,0.4638428,0.1913256,0.788323,0.7372858,-0.4289905,0.7020462,20.26246,2
1.28944,0.1362085,0.4692059,1.437079,0.2370903,0.3510471,1.229825,0.3268793,-0.6846588,2
0.472311,0.1708028,0.9287112,0.6874601,0.3591318,0.8753073,-0.4296073,-0.2825292,-0.6973908,2
1.231049,-0.07740735,1.404315,0.6739413,0.5002319,1.066644,-1.847602,0.5285154,-1.582688,2
0.7445007,-0.9117206,1.265189,0.9646538,1.060447,1.08236,0.9429604,-0.1599253,16.00058,2
0.7789783,-0.7721931,1.368974,0.7510799,0.2630184,1.127141,-5.688838,-0.4637356,-0.993862,2
0.2135394,-0.5144039,1.244947,1.814241,0.8548018,1.173856,-0.7816673,-0.227945,-0.8215679,2
0.9857441,-0.4580331,1.304835,0.8227024,-1.176462,1.354641,-2.458333,0.732099,45.86274,2
0.8803061,-0.2493048,1.386216,0.9377098,-0.4700174,1.351993,0.3461927,-0.2199034,0.6555828,2
0.09663908,-0.06571695,0.6918616,1.646532,-0.09656785,0.3067797,-0.2179426,-0.261152,-0.318807,2
0.4418503,-0.2878577,1.387165,0.3634463,0.7161712,0.7939836,-5.149729,0.1762521,-1.681849,2
0.7003452,0.7550616,1.249898,0.3535041,1.29557,1.331634,-1.043779,-5.960245,-1.594697,2
1.512159,-0.5956536,0.8650833,1.200781,0.02370544,1.133597,1.28598,-0.03058879,-2.706316,2
0.1464336,-0.6615373,0.6683725,0.9112332,0.6386086,0.8445002,-0.604826,-0.08190619,-0.5966499,2
0.4971189,-1.59836,1.411854,1.638075,0.5342759,0.6357687,-0.1968045,0.01479088,0.09573765,2
1.323411,-0.4969846,1.010947,1.994976,0.7726134,1.330787,-1.61135,-0.3583043,-1.157135,2
1.735559,0.5586207,0.6014904,1.017109,0.4093183,0.9520024,0.4394947,0.6737224,-1.553705,2
0.1209244,-0.3308142,0.9813182,1.642807,-0.1026816,0.469514,-0.3489392,-0.6461008,-0.4413294,2
1.227558,-0.4337825,0.8670047,1.612908,0.1498332,1.096363,-2.126392,-0.07580911,-1.354908,2
1.827471,-0.09574034,0.7796316,0.7904563,-0.6506498,1.192892,-0.2625716,-0.4705293,3.758199,2
1.010899,-0.4200176,1.27408,0.6352314,0.9237545,1.286626,-1.546726,-0.333792,-2.030307,2
0.5283956,-1.184528,1.185797,1.504133,-0.6444266,1.195297,-0.9773346,-3.563168,-1.277894,2
0.3956341,-0.5635756,0.9005787,1.58255,0.2694114,0.9142895,-0.8640876,-0.06952258,-0.9754792,2
1.514072,-0.2239169,0.7123219,0.4222335,0.2113115,1.174111,-0.2387541,-0.3470635,-0.4414984,2
0.7651216,0.7117089,0.9368648,1.200221,1.069167,1.148466,-0.5463228,-0.2257495,-0.4330215,2
0.05266039,-0.8646997,0.9861414,0.8832218,0.919695,1.000594,-0.5775236,0.1361105,-0.5623996,2
1.792239,0.1429525,0.5082169,0.6438324,0.7500736,1.132798,-0.04043927,-0.7538496,-0.7323914,2
0.2410287,0.431057,1.392097,0.468106,-0.2016249,0.9629813,0.155541,-0.3182746,1.37755,2
0.6944992,-0.1936804,1.111982,0.9527826,0.5243031,0.8922543,0.4293083,-0.2462885,-5.29491,2
1.447193,-0.06885724,0.1603246,0.0601663,0.4491012,0.5536548,-0.1204569,-0.06422822,-0.07242639,2
0.2829666,-1.252979,1.172218,0.4500736,0.2152244,0.7816682,-1.036145,-0.02862181,0.4095854,2
0.8069697,0.3793095,0.8331043,0.08883119,0.997907,1.307955,-0.6049507,-1.710611,-0.8434588,2
1.283902,-0.2518595,0.6897504,1.129547,-0.3108457,0.7643604,-0.02483227,-1.171423,-0.6113993,2
1.985807,-0.5623358,0.7128753,1.460416,-0.9321923,0.8074254,-0.8649736,1.927774,4.794068,2
1.740687,0.2118199,0.9226922,1.548051,1.137247,1.108698,-3.616642,0.2055939,0.6614113,2
1.64812,-0.8283851,0.9540564,0.1563117,0.8310655,0.9666812,-0.5420742,-0.07236591,-0.5346071,2
1.43655,0.1488699,1.086963,1.67581,0.3474486,0.8646519,1.203761,0.2193773,-1.509054,2
1.307032,-0.4908883,1.007054,0.1998029,0.3048372,1.151283,-0.7982401,-0.273364,-0.9228642,2
0.8191607,-0.1625934,0.66708,0.264147,0.740562,0.7846372,-0.6988838,-0.009686984,-1.035185,2
0.8023133,-1.265484,1.325828,1.154619,-0.1176574,0.7876061,-0.566142,-0.09199645,-0.2399035,2
0.3533991,0.2616959,1.10731,0.7983937,0.5553742,1.011838,-0.5413978,-0.3342129,-0.8284308,2
1.149132,-0.3948498,1.172142,1.089966,-1.03563,1.235582,-4.980639,0.3624372,1.476563,2
1.904546,-0.7879025,1.30123,0.8999034,0.9957787,0.9421681,-1.594375,-0.1194154,-1.309331,2
0.8910766,-0.1039363,0.7363115,0.3039676,0.32151,1.2033,-0.2322423,-0.4574401,0.06032411,2
1.637456,-0.8306832,0.9808948,1.330655,0.2015464,0.924878,0.5432586,-0.190269,0.05887025,2
1.936714,-1.065139,0.9815775,0.5224815,-0.3516582,1.129169,-0.0515006,0.1273303,-0.05263519,2
1.647876,0.8815577,1.293014,1.872802,0.8881044,1.311741,-0.9936177,-1.002003,-1.072918,2
1.928708,-0.3299761,1.391648,0.2480171,1.398901,1.342106,-1.417531,1.425197,-1.690804,2
1.9965,-0.3458069,0.9424249,0.7899594,0.2118641,1.136714,-0.5636284,-0.4036918,-0.8906253,2
1.509996,-0.3875813,1.359591,0.8539438,0.01929169,1.257601,-1.321599,-0.4852836,-1.415605,2
0.306466,-0.8715675,1.215708,1.388078,-0.3256868,0.7093636,-0.4457472,-0.7306756,-0.6153486,2
1.627212,-1.167217,1.123506,1.475701,-0.01495541,0.5246254,-2.194362,0.02304505,-0.2739749,2
1.97806,-1.046776,1.110134,1.61243,-0.943234,1.372923,1.110782,1.510386,-3.039649,2
1.245856,-0.5556792,0.4734144,0.2115176,0.2012091,0.756627,0.05096752,0.06712436,0.1817856,2
0.9938085,0.4727964,0.5378078,0.2262066,0.3540006,0.8417802,-0.1320991,-0.01476171,-0.07269928,2
0.7755044,-0.9012656,0.9094116,1.71584,0.02026106,0.7693893,-0.9424104,0.1736825,-2.210119,2
0.4786932,0.4566569,1.254192,0.8136422,0.6360043,1.347319,-1.172903,-0.715665,-1.262234,2
0.504011,-0.3893347,0.4106845,1.629373,0.2347787,0.4614422,-0.4574054,-0.05614743,-0.4813476,2
0.8507622,-0.1751762,1.318546,1.414034,-0.4894907,0.984729,0.1338827,0.1371227,-4.12056,2
1.294469,-0.3560173,1.301636,1.46313,-0.7549936,1.060313,3.00777,0.6228632,-2.312117,2
0.3843134,-0.5423216,0.5684616,0.8631032,0.4447199,0.5909348,-0.5013117,-0.09070032,-0.5256248,2
0.3562782,0.6387088,1.197899,1.639341,0.6041413,0.6383233,-0.09706348,0.1979755,0.1715303,2
1.957261,-0.4926827,1.41027,1.815902,0.2941075,1.083587,-6.223128,-0.421815,-1.459845,2
1.864172,-1.381663,1.291218,1.260373,1.422432,1.395792,-0.1584503,0.02009811,-0.04688424,2
1.472021,-0.8612413,0.901215,0.6878006,-0.2090982,1.210513,0.2028261,0.1338406,1.112144,2
0.937156,-0.4166105,1.249395,0.6044005,1.380833,1.192591,-2.572013,0.09488901,-3.866838,2
0.552636,-1.019782,1.18254,1.13814,0.05306415,0.9614217,-1.062553,-0.03092705,-3.203607,2
0.3633592,0.4293517,0.9721535,0.409122,0.2962084,1.007583,-1.569801,0.5200826,-1.427408,2
1.696306,-0.6839051,0.8830355,1.257295,-0.05168934,0.8708087,0.1143757,-0.1459287,-0.05999453,2
1.883924,-0.8182055,0.9387338,0.9133999,-0.9614299,1.233624,-0.2400404,0.1045669,-0.258402,2
1.730899,-0.4420406,1.060901,0.61212,0.8042917,1.21113,-0.9166132,-0.3215337,-1.174094,2
0.1339491,-0.4785142,0.900256,0.29664,1.067307,1.250562,-0.8112017,-0.1881641,-0.6844498,2
0.6673028,-1.098231,1.19741,1.609296,0.6009092,1.168415,-1.196601,-0.2152572,-1.455132,2
1.912501,-0.8794141,0.8798084,1.34629,0.4132722,0.4568602,-0.8309683,-0.002427043,-0.348419,2
1.115748,-0.4847258,1.008553,1.943655,-0.04843574,0.7107047,-0.2121887,-0.4325199,-0.699751,2
1.530427,-0.2708303,0.9086952,1.139455,-0.2169074,0.9296836,-0.6326416,-0.4190394,-0.9543637,2
0.6647021,-0.7123319,0.6397902,0.3858074,-0.4961441,0.6378323,0.09691353,0.1890316,0.1019792,2
0.9466223,-0.5835204,0.9398404,0.7953056,-0.2793143,0.8046504,-0.9490767,-0.3528556,-0.6140903,2
1.768417,-0.6870424,0.86009,1.435788,0.1930007,0.6304391,-0.8224904,-0.1894081,-0.4408671,2
0.7118181,-0.3610244,0.6585405,0.7249153,0.4351542,0.4719155,16.39365,-0.09473508,-0.9276351,2
0.3680723,-0.483054,0.8303825,0.8017469,0.1889892,0.6847289,-0.5515911,-0.2535373,-0.9082242,2
1.838046,-0.5359433,0.5909876,1.508799,-0.4434296,0.5684951,-0.07675555,-0.001166382,-0.1112326,2
0.9954098,-0.001999163,1.077866,1.13369,0.7613521,0.8763222,3.279418,0.06843823,-4.526892,2
1.171474,0.4908471,1.377398,0.4220968,1.339726,1.367921,-1.317951,-107.3447,-1.691758,2
0.835721,-0.9823042,1.21323,1.459958,-0.128436,0.4432441,0.82036,-0.2774604,-0.6171973,2
0.5669851,-0.6199166,0.5469772,0.03891167,0.6100087,1.026786,-0.09463962,0.03237383,-0.003275512,2
0.452701,-0.1851221,0.7488872,1.073114,1.185781,1.275828,-0.7441062,-0.09458392,-0.5685812,2
1.322682,0.1286946,1.216682,0.6965072,0.09652877,1.235295,-1.069644,-1.387101,-1.404394,2
0.6147263,-1.094346,1.08814,0.6991797,1.361139,1.361435,-1.905731,-0.03025117,-0.6432657,2
1.575404,-0.9507174,1.116883,1.656858,-0.8797637,0.8152978,5.524767,-17.60208,-0.8909484,2
0.1794385,-0.6861185,0.7069706,0.2322638,-0.1954218,0.3610787,0.1791342,-0.0898912,-0.1989645,2
1.751628,0.2312655,0.5816294,0.2154353,0.8853183,1.396665,-0.3586624,-0.289047,-0.09291698,2
0.767261,-0.936952,1.320035,1.49886,1.201989,1.329126,-0.4958338,-0.2205146,-0.496723,2
1.561299,-0.1626175,0.6957815,1.906552,-0.1624639,0.5171982,0.9034256,1.005392,-0.7149952,2
1.691886,-0.8924314,1.140271,0.9177086,1.54214,1.378893,-1.069757,-0.06225807,-4.379411,2
1.481705,-0.5962192,0.7742199,1.386406,-0.1968689,1.174856,7.769444,0.7196563,-1.611315,2
0.9366708,-1.30193,1.120632,0.2368883,-0.08321816,1.095914,-0.00453042,0.1809874,-0.01200067,2
1.214631,-0.1803725,1.392422,1.372377,0.608073,0.7074754,6.371801,0.2862127,-1.696505,2
1.444165,-0.4996203,0.6870781,0.6999811,-0.5302423,1.186549,0.05901796,0.7439659,-1.563456,2
1.901007,-0.2644199,0.9332995,1.036685,0.2431891,1.344316,0.01826047,-0.3405308,-2.449025,2
0.4347412,-0.6250961,0.8352883,0.3735809,0.5701337,0.6512406,-1.955467,-0.1385354,-0.7763752,2
0.8741013,-1.353949,1.277586,1.723776,0.03841343,0.4761778,0.07461783,0.02558635,-0.2288782,2
1.431831,0.489397,1.00316,1.559562,0.7496754,0.6746045,5.739705,1.603515,-1.582371,2
0.5717312,0.7121475,1.320532,1.269437,1.195313,1.218073,-0.1279485,0.1045868,-0.1336523,2
1.01394,0.603089,1.179448,1.854463,1.318573,1.214269,0.2197451,0.2674838,0.1482098,2
1.330537,1.00242,1.155226,0.7893426,0.4481965,1.382151,0.1016948,0.314192,0.4044682,2
1.269189,-0.9844698,1.028525,1.204816,-0.2128992,1.214423,10.80916,0.3882861,-6.520424,2
0.9698063,-0.005467665,1.259101,1.438258,-0.3242723,1.010753,0.1500305,-0.09555914,-1.909694,2
1.262102,-0.3930211,0.345948,0.8676483,0.7759197,0.7319413,0.3772477,0.04928222,-0.2691779,2
0.9994019,-0.07652139,0.4073476,1.268502,-0.2185532,0.4263169,-0.2730501,-0.1306919,-0.2930856,2
0.8116643,-1.142719,1.211094,0.5458733,-0.1716997,1.398773,0.8618422,0.1248816,1.790885,2
1.458028,-0.3931251,1.20378,0.5015529,0.3060093,1.378178,-0.9102863,-0.4649357,-1.238408,2
1.441012,-0.8277861,0.8605873,1.606943,0.6163165,1.143389,-5.630889,-0.148066,-1.662423,2
1.703068,0.3844721,0.6019878,0.4436788,0.2340658,1.348313,0.07510692,0.3266936,-1.42972,2
1.427568,-0.0344305,1.089692,1.31124,0.628886,1.151787,-1.892772,-0.3415006,1.065036,2
0.7379216,0.2864514,0.7499099,1.10031,1.18567,1.307319,-1.419853,-0.1899637,-0.5547261,2
1.901699,-0.3201848,0.4880276,0.7449841,0.3582256,0.5188485,-0.3517289,-0.1367309,-0.4028039,2
0.4592932,-1.459257,1.403788,0.6974632,-0.1970176,1.24665,-2.178638,0.5142415,76.92523,2
0.3218067,0.3929903,1.348306,0.6002035,1.357731,1.314707,0.2514386,0.1740547,0.197929,2
1.427615,0.3400904,0.7430375,1.56566,0.7296321,0.8993953,-0.2082777,-0.1413836,-0.3039513,2
1.960509,-0.06059894,1.372924,1.778438,0.8830206,1.325795,-4.480847,-0.2299006,-5.943335,2
1.010597,-1.115566,1.102316,1.644682,0.4205902,1.356136,-2.404306,0.004771758,-2.078633,2
1.463017,-0.4213442,0.4799475,0.6781181,1.304881,1.221664,0.01833662,0.02946401,-0.312747,2
0.5172229,-0.8836237,1.103017,1.839798,-0.8420249,0.8858737,-0.1936662,-0.2735737,-0.2206066,2
1.803264,-0.1927625,0.5598271,0.7294265,0.1599984,1.27298,0.1836303,0.1577348,-1.33127,2
0.1111773,-0.5789952,0.744146,0.3415259,0.01641288,0.6756309,-0.6797526,0.2411816,-0.8883602,2
1.833989,0.5617392,0.8828514,1.050636,0.4413552,0.9879805,-0.3830864,-0.1995953,-0.5123017,2
1.76929,0.03490461,0.2291645,0.2037316,0.7660782,0.7830947,-0.1615841,0.004955281,-0.1542419,2
1.620866,1.150598,1.28146,1.305963,1.338094,1.245946,-1.258843,-6.202592,-1.577669,2
0.09728685,0.661042,0.8252929,0.1498022,0.7426273,0.7126694,0.1422988,0.3454233,0.5997733,2
0.7630385,0.4792122,1.033682,0.06671706,1.447728,1.286317,-0.8733209,-3.138103,-1.258106,2
0.3213007,-0.5585006,0.5133465,1.405073,-0.1405582,0.4323946,-0.4031402,-9.583388,-0.617483,2
1.866398,-1.079206,1.394924,1.508537,1.050432,1.361423,-1.025808,-0.3164083,-1.012313,2
1.060917,1.096913,1.237103,1.742025,1.263837,1.187899,-0.01923523,0.2267155,0.03346412,2
0.9730312,-0.03144189,1.249174,1.324934,1.188811,1.332519,0.4346478,-0.1463997,0.008758418,2
0.7156532,-1.490608,1.362392,0.9791768,0.4333898,0.7624817,-0.4482872,-0.003140762,-0.09058499,2
1.46399,-0.7323623,0.773338,1.024425,0.3682708,0.5933458,-0.3424736,-0.0927844,-0.2697732,2
0.8000307,-0.5877007,0.6537327,0.6561421,0.3585413,1.381212,3.783098,0.09589401,-1.627948,2
1.09672,-0.1786918,0.6232313,0.3512438,-0.125591,1.37328,0.0063523,0.7314092,-1.307537,2
0.5830769,-1.001833,0.8879207,1.601802,-0.5943017,0.9232503,-0.7389644,-2.510302,-0.9836299,2
0.9314721,0.8409184,1.412178,1.319888,0.9681807,0.957578,1.025638,1.539138,-2.462761,2
1.205787,-0.6190066,0.7643934,1.554591,-0.2686862,1.151198,-2.805889,2.029018,-1.363433,2
0.8621505,-0.03567864,1.169618,1.035416,-0.3921895,1.266068,-1.510119,-0.5373965,-1.187498,2
0.425048,0.09275988,1.150171,0.1414569,1.550963,1.315083,-1.336462,1.259659,-2.355912,2
0.2966491,-0.2112744,1.36288,1.699466,0.8175319,0.9305508,-0.2353368,-0.159343,-0.3168453,2
1.905027,0.9558496,0.8582289,1.084807,0.7704722,1.281641,0.5231561,1.001038,-6.096572,2
0.4043578,-0.3648665,0.5327921,1.634842,-0.1320472,0.3366428,-0.2294208,-0.4933751,-0.3431788,2
0.8620718,-0.4824644,1.149266,1.017518,1.394063,1.378612,1.265378,-0.1268152,0.07532295,2
1.421069,-0.880949,0.8772423,1.278512,0.7203144,0.7155846,-1.315736,-0.01847048,-0.4087421,2
1.352552,-0.2187644,1.21794,1.8059,0.4910701,0.5691683,2.069059,0.1684293,-1.462248,2
0.5425847,-0.4469166,0.8616545,1.09986,0.3281769,0.9311485,-0.9604239,-0.2503367,-1.019848,2
0.3256271,-1.373462,1.361506,0.1965961,-1.100246,1.363039,-0.1524518,0.1115155,-0.158945,2
1.922191,-0.8192803,1.13275,1.799061,0.3822969,1.409568,7.293363,-0.2593666,-2.825809,2
1.334001,-0.9037495,0.9039059,1.50131,-0.4993373,0.9624586,-3.385631,1.076655,-4.241892,2
1.363495,-0.5377003,0.9660541,1.217192,-0.3623728,1.118504,1.297645,0.3987521,-2.118105,2
1.744412,-1.139062,1.411889,0.5614578,0.7223124,0.744952,-1.139728,-0.1096733,-0.9111018,2
1.743884,0.5107596,1.221084,1.737315,1.239346,1.144778,-157.1659,0.8689135,16.12696,2
1.81435,-0.6332518,0.6223872,0.2069675,-0.1989769,1.018818,-0.1002386,0.02035916,-0.155999,2
1.32577,-0.2266129,0.8738887,1.092951,-0.6900581,0.920632,-1.303804,0.2492748,61.67825,2
1.30757,-0.2390362,1.12983,1.496299,-0.3043877,0.9410736,1.337644,0.5414751,-1.295797,2
0.3452761,-0.8884992,0.93752,1.621792,1.042497,1.267115,-0.8675977,-0.1105459,-0.8067926,2
0.392872,0.9552719,1.225254,0.4683284,0.5901018,1.404989,-3.285356,2.261413,-2.000293,2
1.378724,-1.435081,1.331357,1.069959,0.5656744,0.8148482,-0.4495526,0.01813658,-0.2639069,2
1.612233,-1.067117,0.9606625,1.688334,-0.2737108,1.203174,-16.78505,0.8080812,-3.711904,2
1.991779,-0.6291666,1.205117,1.493027,0.02879937,0.8984848,-1.83393,-0.3989611,-1.003325,2
1.467021,-0.6655906,0.9467182,1.239532,0.3912298,0.6949738,-1.662991,-0.2291977,-0.7023626,2
1.324872,-0.1592312,0.1730573,0.2477446,0.9862345,0.9152507,-0.001101923,0.05754542,-0.2158534,2
0.5707243,-0.2783235,0.8848048,0.9857005,0.6991884,1.18026,-1.215051,-0.325695,-0.9625724,2
0.9544571,-0.2623557,1.270977,0.984405,0.1071217,1.235348,0.03731604,-0.482343,-0.8190994,2
1.080113,-0.1569802,0.8242576,0.3508336,0.2367555,0.8963756,-0.7194163,-0.1745613,-0.9125162,2
1.707557,0.008412244,0.5344183,1.322939,1.37613,1.165714,-0.5697219,0.193419,0.04192176,2
1.789304,-0.6199255,0.7153039,0.1839032,0.7385098,1.007017,-0.3813247,-0.1040706,-0.3768073,2
1.409142,0.05293274,0.2953477,1.36853,0.2107432,0.3822004,2.073796,-0.1565319,-0.2756097,2
0.4730807,0.4040846,0.9883742,0.6006265,0.7708164,1.079275,-0.4591967,-0.2415247,-0.4978943,2
1.606047,-0.210522,0.5650927,0.1177062,-0.2157696,1.392528,-0.2550598,-0.2709105,-0.7693568,2
1.131788,-0.8919135,1.04432,1.219017,0.5708959,0.7460689,1.966381,-0.1627701,-0.6252961,2
1.681561,-1.390777,1.253886,0.6584442,-0.4321216,1.08436,-0.0733199,0.1628825,-0.09566142,2
0.1705365,-0.8152092,1.260226,1.742765,0.06628419,0.501372,-0.3766213,-0.243452,-0.316897,2
0.2735212,0.2459146,0.8574274,1.640384,0.1852458,0.2809357,-0.05095388,0.3052471,-0.7887938,2
0.1984315,-1.081829,1.186941,0.255623,0.9397834,1.179718,-1.152977,-0.197488,-1.453167,2
1.916959,-0.9941782,1.341747,1.293758,-0.3725783,1.070408,-1.041077,-0.389666,-0.7772294,2
0.1437776,0.3348822,0.860208,0.1221451,0.454167,0.7560487,-1.623215,2.483821,-1.072576,2
0.5429145,-0.9132368,0.9122705,1.575657,-0.703979,0.7864351,-0.2909625,-0.5916649,-0.4315841,2
1.32228,-0.3881896,0.7406076,0.397925,0.5598629,0.7750245,-0.6359373,-0.1854654,-0.7250687,2
0.9812627,0.2622193,0.9404711,0.9892536,1.044998,1.09556,33.65996,0.1009568,0.2959007,2
1.715655,-0.9580499,0.8329087,0.8693806,0.1716042,0.6146117,0.04111591,0.08401907,-0.01081787,2
0.5382993,-0.7353246,0.9868118,1.666646,0.4778183,1.088864,-1.061127,-0.1887816,-1.127964,2
1.897294,-0.9507061,0.9930826,0.7817802,0.1897543,0.8901469,-0.2604664,-0.09877598,-0.2935891,2
1.053515,-0.5381609,0.6530174,0.02731278,1.538899,1.340636,-0.4780402,0.2274197,-0.5441112,2
1.804734,-1.294892,1.220163,0.6249601,-0.2930185,1.119819,-0.1591037,0.07439517,-0.1915231,2
0.6811591,1.229112,1.247995,1.10759,1.257215,1.235974,-0.3361724,-0.1758165,-0.3779248,2
1.050682,-1.173509,1.057828,0.4634976,0.0985505,1.113577,0.2500574,0.09800581,0.2428538,2
1.799266,-1.347034,1.397982,1.356756,0.4673094,1.346861,0.9178303,-0.1766878,0.381128,2
0.884389,-0.893396,0.9416202,1.67958,-0.1573447,0.7153847,-0.7980345,0.2620922,4.835469,2
1.989462,0.3676831,0.6092061,1.108463,1.385196,1.202467,-0.5328772,0.4348561,0.1314364,2
0.9804509,0.1931193,0.9755522,1.252897,0.5299453,1.187901,-1.828478,-0.549026,-1.053732,2
1.378663,-0.2897749,1.387387,1.704119,-0.7026857,1.224816,0.5619078,0.1437289,8.873972,2
1.256306,-0.5946289,1.39447,1.684343,-0.6222844,1.348963,-0.888366,-0.7419477,-1.234345,2
0.5554292,-0.3801951,0.7235003,1.125805,0.6412709,0.7517347,-0.2986631,-0.1566061,-0.3180693,2
0.4095305,0.4038654,1.230327,1.092421,0.5271757,0.839049,-0.2349186,0.008712854,-0.2187974,2
1.801312,-1.661659,1.414159,0.7996525,0.1206814,1.015853,0.03167131,0.2173809,-0.001347314,2
1.424075,-1.464711,1.356145,1.456992,0.6306554,0.6959091,7.454951,0.05645577,-0.3401908,2
1.975166,-1.294961,1.327297,1.48887,0.3603465,1.136983,0.4338673,-0.1433672,-0.05514284,2
1.93259,-0.4442995,0.5489286,1.694309,1.192866,1.252668,2.146776,-0.04955343,-0.5619157,2
0.9870386,0.5313931,0.4501539,0.06648967,0.4261467,1.055695,0.0186079,0.1113629,0.1631883,2
0.3800325,-0.8520874,0.9575219,0.77912,-0.3454348,0.6136395,-0.3667405,0.3978568,-0.005529423,2
1.051913,-1.151116,1.122645,1.411892,0.8709297,1.265347,-2.28031,-0.1506086,-1.880511,2
1.537778,0.842558,1.384572,1.8391,0.3238934,1.312192,-1.5201,0.1203391,-22.26863,2
1.408278,-1.247996,1.311307,1.610916,-0.8991491,1.029896,-0.1223251,-0.3558741,-0.3625433,2
0.7254076,0.4736754,1.01335,0.5530652,0.9050178,1.271987,-0.5261805,-0.2738054,-0.365966,2
1.687264,-1.18591,1.011826,1.406791,0.83236,1.133989,2.563944,0.01004707,6.083094,2
0.4674772,-0.638808,0.8252183,1.494355,-0.06360725,0.5313305,-0.4360855,0.05231327,-1.22061,2
1.112306,-0.1261531,0.5134887,0.9781632,0.7217448,1.012002,2.367471,-0.2050037,-0.6752344,2
1.99699,0.3062636,0.9071276,1.616517,0.3540606,1.193331,1.069025,5.534422,-1.216973,2
1.005491,1.102905,1.217875,1.842028,0.6598454,0.8486366,-0.3606863,-0.2276899,0.4334196,2
0.1193765,-1.214554,1.113316,1.602595,1.030774,0.9468953,-0.3321288,0.1265657,-0.2734398,2
0.6533877,-0.574451,0.5113608,0.9270914,0.1668519,0.8364929,-2.170715,0.1988256,-1.116792,2
1.120816,0.2619782,1.208606,1.13741,0.6568746,0.7416465,43.19343,1.182465,-1.567803,2
1.7026,-1.131914,1.106314,0.9661546,-1.442163,1.294877,-0.3946849,-0.6205995,-1.018305,2
0.3943386,0.3251297,0.809477,1.103931,0.8578782,0.9095559,-0.3226815,-0.074111,-0.3435749,2
1.490993,-0.65809,1.108892,0.9517216,0.7440855,0.9890358,-1.267706,-0.2763987,-1.157096,2
0.4023984,-0.2982446,1.369221,0.8498758,1.283297,1.371043,-0.1502112,-0.1691597,-0.2392683,2
1.73752,-1.06426,1.104183,0.3927733,0.3451321,1.008144,-0.4413356,-0.08699419,-0.4265509,2
0.1443732,-1.23215,1.158844,1.374013,0.06216292,0.9893225,-1.01595,3.066576,-1.329308,2
0.3924059,-1.026667,1.189187,1.611624,-0.3343259,0.8387483,-0.6254456,-2.917379,-0.9900389,2
0.6279789,0.7554521,0.722922,0.09485625,1.23566,1.064428,-0.1488629,-0.3245845,-0.2592867,2
0.9841323,0.1270763,1.074871,1.506748,0.2456806,1.066049,-0.8202421,-0.4787035,-1.167241,2
0.639754,-1.150912,1.123363,1.874143,-0.6025717,0.8726068,-0.5427552,-1.749794,-1.044129,2
1.355739,0.5732349,0.8668173,0.7937818,0.7945828,1.354459,0.1272033,2.002932,-1.249645,2
0.9631547,0.2943538,0.601849,0.5036122,0.6662458,1.263449,0.5911198,-3.533627,-0.9653065,2
1.09189,-0.06403045,1.280515,0.9675621,0.2933974,1.346565,-0.5565758,-0.5055714,-3.63253,2
1.535041,-1.243871,1.075188,1.045361,0.3244525,1.281055,1.677837,0.1292637,3.229889,2
1.413622,-1.463428,1.309295,1.799898,-1.320888,1.347446,-0.939679,-2.567965,-1.151131,2
0.09521773,-0.01620678,1.018086,1.734934,0.5302861,0.4697306,-0.02198469,0.05516111,-0.01716498,2
1.943719,0.1844937,0.4424666,1.657971,0.109209,0.6060364,1.371637,0.2387011,-0.6415263,2
1.715599,-0.2907842,0.7799279,1.554601,-0.4269783,0.7396396,-1.663598,0.5559546,-1.254079,2
1.695024,-0.8873913,1.378212,1.8908,-1.075363,1.025557,4.292564,2.761901,-1.912036,2
1.715446,-0.4450843,0.4004148,1.614913,0.5893723,0.5235764,0.6892274,0.04902675,-0.119357,2
1.573343,-1.028162,0.9012248,1.741241,0.7937165,1.381139,-9.160142,-0.04568934,-1.852561,2
0.2487356,-0.9570105,0.8476334,1.441126,0.2638385,1.041163,-1.104431,0.8522214,-1.245003,2
1.145628,-0.08909864,1.069851,1.305959,-0.5641834,1.046873,0.2507857,-0.08640369,-0.02495284,2
1.570346,-0.9662423,1.182415,0.7249234,0.3100033,0.748143,-0.8914284,-0.1822063,-0.6994133,2
0.8954855,0.184775,1.325384,1.166276,0.4306229,0.7502498,1.643333,1.012045,-1.508524,2
1.748433,-0.2429898,0.4188043,1.798108,-0.1936528,0.5464364,-5.882553,1.49215,-0.6317796,2
0.5096098,-1.01151,1.102257,0.4113334,0.970814,1.053616,-0.7549493,-0.1209534,-0.6396558,2
0.667702,-0.184031,0.477422,0.4243439,1.301612,1.308826,0.26313,-0.02447663,-0.4287225,2
0.9872176,0.7910318,0.8132257,1.936414,0.6041365,0.6150138,-0.1466016,0.006585748,-0.3636234,2
0.03428918,0.04789019,0.4201211,0.6956242,0.003174242,0.08190539,-0.00314007,2.965991,-0.001515306,2
0.326719,-0.0260363,0.9698301,0.8406349,0.3619471,1.024546,-0.9041841,-0.3444333,-1.035658,2
1.378255,0.1164762,0.9618102,0.9636023,0.09473465,1.249121,0.4103353,0.118091,-1.295038,2
1.925697,-0.5368223,1.176032,1.462526,0.2967729,1.231077,-0.4170906,-0.4517644,-0.6411412,2
0.5899923,-0.7442086,1.130309,1.530562,0.255226,0.7590588,-0.4731477,-0.3330667,-1.169383,2
0.5802552,-0.8513814,1.381677,0.7262884,1.401191,1.391946,1.200474,-0.1679891,0.7631659,2
0.3904564,-0.8840761,0.8474519,1.773507,0.9527788,1.386331,-1.153829,-0.1224407,-1.066132,2
0.8594181,-0.4677321,1.369479,0.7684483,0.6803387,1.313864,-2.585627,-0.4770586,-2.235301,2
1.710124,0.1461692,0.3666843,1.8222,0.3781207,0.515314,-1.600925,-0.1829893,-0.2919883,2
1.218452,-0.608632,0.9883795,1.093923,0.1889356,0.6438385,-3.23511,-0.2610771,-0.7700047,2
1.036566,-0.3137121,0.6753694,0.5599541,-0.3685094,0.8873396,-0.2213329,0.136842,-0.5487788,2
1.885305,0.4434752,1.194139,1.642541,0.112101,1.061022,-1.745232,-0.5814675,-1.027873,2
1.724438,-0.5874581,0.5829728,1.124762,0.2204979,0.3721435,-0.2738775,-0.02558307,-0.1825856,2
1.807458,-0.3874125,0.4049318,1.838461,0.2398148,0.26187,4.599687,-0.02336377,-0.1974691,2
0.8681882,-0.2477362,0.440629,0.490456,-0.1760745,0.6018891,-0.03277702,0.08406969,-11.54528,2
1.364773,-0.5483877,0.504802,0.3874331,1.002028,1.127892,0.08398811,-0.01316871,-1.584458,2
0.9108534,0.7991625,1.209773,1.074822,0.5222393,1.112441,-0.9366314,0.2097132,2.437327,2
0.1869901,0.08347376,1.329087,0.381143,0.4634188,0.7205791,0.2602209,0.2523028,-1.980876,2
0.7434126,-0.08411498,0.7753112,0.9982367,0.2075935,0.5932528,0.313066,-0.1532309,-1.177675,2
0.2703771,-1.297493,1.382117,1.733928,0.3806709,1.143245,-1.032834,0.01393869,-1.270064,2
0.9714531,-0.5669965,0.8331168,0.1553172,0.595602,0.9154563,-0.5917956,-0.1796964,-0.6345697,2
0.7348101,-1.250531,1.352409,0.5012821,-0.5549618,1.171557,-0.1892499,-0.04839768,-0.3080176,2
1.97357,-0.6135558,1.33536,1.883817,-0.7989082,1.031795,-11.59149,3.237613,-1.533058,2
1.190825,0.4578362,1.220414,1.884908,0.5697908,1.019448,-0.2458116,0.003987825,-0.09804289,2
1.148932,-0.8642698,0.9935356,0.9321171,-1.162934,1.154434,-0.6823881,1.56901,0.6852532,2
1.875233,-0.7373257,0.762769,0.7967724,0.2395921,0.8460771,-0.0175101,-0.08040574,-0.0113491,2
0.009547665,-0.5502599,1.413792,1.487128,0.04919384,0.4624785,-0.4992354,3.653392,-0.6326436,2
1.804986,-1.018755,1.329212,0.5549082,1.111769,0.9631618,-1.155987,-0.07853148,-1.02652,2
0.08538793,0.2974235,0.9759425,0.5110673,0.1759607,0.4418781,-0.1426957,0.1252131,-0.8227052,2
1.608514,1.128718,0.9742455,1.254049,0.903742,1.149311,1.094065,1.200866,10.03212,2
0.4664491,-0.6451231,0.5896528,1.242989,0.0891045,0.4421865,-0.5190094,0.05032729,-1.921889,2
1.85699,-0.1697138,1.285303,0.9774213,0.3152989,1.308645,-1.166599,-0.3346571,-1.482435,2
0.3797903,-0.08873883,1.278261,0.6475001,0.4363022,1.27884,-0.9824657,-0.5019197,-1.25528,2
1.56207,0.2143263,1.121319,1.690823,0.7977438,1.338682,-2.029975,-0.4625701,-0.8369243,2
1.628425,-0.545208,0.8344119,1.320135,0.5234442,0.8731744,-0.2725846,-0.2684187,-0.3265761,2
0.5376503,-0.5841333,0.9519519,1.795005,-0.6270362,0.6401991,-0.06072364,0.09236088,0.1696335,2
1.992841,-0.5607957,0.614422,0.5491529,0.1172552,1.295391,0.08267585,0.06340009,-14.15668,2
1.044836,-0.3433683,0.418816,1.080954,0.1087293,0.2551337,2.252038,-0.0770074,-0.2272968,2
1.082321,0.8358436,0.7240058,1.127482,0.7889633,0.7753363,-2.590377,10.58435,-1.102065,2
1.580158,0.01285886,0.7701182,1.235137,0.5249132,0.7707083,-1.303491,-0.07128918,-2.131821,2
1.177429,-0.4262987,0.9492563,1.352835,0.4242026,0.5111398,3.259559,-0.09896345,-1.060719,2
0.6251248,-0.4236787,0.5067405,1.149308,0.1701815,0.3417519,-0.1730848,-0.1108874,-0.1021777,2
0.4864668,-0.7970731,1.177181,1.079548,0.7690334,0.9804963,-0.3729404,-0.2623519,-0.3978585,2
1.536157,-0.7320117,0.7248974,1.792942,0.4883793,1.395111,-6.689836,0.04558423,-1.602417,2
1.909735,0.05174775,0.9443526,1.879378,0.9776829,1.318859,8.361122,-0.3468504,-0.6673928,2
0.5981511,-0.1297401,0.8187317,0.179976,0.4845379,0.9292287,-0.7473798,-0.08230339,-0.9464651,2
1.463206,-0.5896392,0.6888672,0.4842456,0.888746,1.412786,0.06898093,-0.1761048,-2.595057,2
1.816484,0.0854656,0.5317925,0.4868053,0.4905511,1.312822,0.1138272,-1.551826,-1.14357,2
1.638479,-1.267697,1.20628,1.921281,-0.4169872,0.8780166,-1.947945,0.285797,0.1894811,2
0.3480672,-0.2049461,1.105496,0.129675,0.09483877,1.231849,-0.8734358,-0.3771701,-1.246118,2
0.448959,-0.447731,1.276428,1.904069,-0.2119124,0.4773767,0.1010176,0.731088,-1.079412,2
0.6749822,-0.3633574,0.4204501,0.2249025,1.511147,1.396594,-0.01000923,0.06172454,-0.3219529,2
1.038075,0.1339722,1.242957,1.830841,-0.1648973,1.050094,-0.4240856,-0.2458427,-1.47154,2
1.84502,-0.2642796,0.2492292,0.2687641,0.6439321,0.9528265,0.04401121,-0.01482614,-1.09559,2
1.778754,0.0585739,0.6436201,1.955531,0.2047494,0.5733442,0.7352145,-0.06983912,-1.166579,2
1.523638,0.7571513,1.371608,1.274835,1.431291,1.389322,-3.305335,1.562348,-32.54511,2
0.3699468,-0.6426084,1.071981,0.7980263,-0.7436209,0.7016356,0.1703333,0.5506153,6.239497,2
0.6094987,-0.386363,0.8510888,1.75864,0.4462901,0.9102882,-0.7890536,-0.2582272,-0.8504208,2
0.5567576,0.4240897,1.116321,0.2318277,0.944284,1.30101,-0.925617,-9.288449,-1.377812,2
0.09803684,-1.603613,1.362299,0.4425504,0.5820117,1.108073,-1.052994,-0.01895075,-1.513991,2
1.019073,-0.8343513,1.235819,1.737941,-0.09714592,0.6344436,0.3857354,-0.45534,-0.7840082,2
1.034173,-1.554808,1.354453,1.651477,-0.8179811,1.22409,-1.427958,4.976135,-5.789944,2
1.882202,-0.6771473,1.226187,1.738062,-0.02784489,0.9733694,-3.251853,-0.4406284,-0.8991905,2
1.627185,-0.859466,0.9009498,1.130718,1.47409,1.336987,-0.1943606,0.02761466,-0.08847951,2
1.043883,-0.6856233,1.235973,1.986664,-0.7333829,1.074028,-0.4677614,-0.2974787,-0.5908262,2
1.921672,-0.3520708,0.5647451,0.7333825,0.3577756,0.5007585,-0.4903337,-0.1297501,-0.4928695,2
0.5640344,-0.02255252,1.302936,1.334798,0.8334327,1.365408,-0.8934017,-0.4442326,-1.038131,2
0.9744583,-0.327594,0.6288972,0.5020863,-0.4855149,0.9046611,-0.1896257,0.5657394,-0.4121662,2
1.655622,-0.9582327,1.239176,1.46924,0.7232794,0.6176493,-6.179725,-0.04225821,-1.00073,2
0.6968949,-0.1265201,0.3120557,0.8373374,0.875963,0.7632864,-0.2725206,0.1002745,-0.09068463,2
1.620054,0.4192356,1.172366,1.113091,1.249996,1.111326,-2.294856,1.512542,-3.487483,2
1.132759,-0.3741307,1.211273,1.230137,0.817427,1.198791,1.852209,-0.3669744,1.050035,2
1.684475,-0.8533611,0.9065833,1.151658,0.3244843,0.6310184,-0.4866571,-0.1011529,-0.3435489,2
0.683507,0.08635601,1.269834,0.5010141,0.7843678,0.7543685,-3.352178,1.07575,-1.603632,2
0.7382852,-0.7996123,1.199889,0.7791644,0.2635138,0.7151485,6.353333,-0.2824911,-0.8867251,2
0.0821799,-0.3688862,1.182301,1.326024,0.1499594,0.2996389,-0.07055602,-0.1202572,4.734347,2
0.1023043,0.1496122,0.4922029,0.03107439,0.7089361,1.108927,-0.1190063,-1.120404,-0.7693825,2
0.2254248,-0.4921739,0.5359054,1.837903,-0.1326388,0.4073799,-0.3498212,-1.709115,-0.4902017,2
1.121846,0.4299043,1.196416,0.9157544,1.39807,1.275925,-3.518933,0.8284179,6.057906,2
0.1326348,-0.5942059,1.388115,0.6064115,0.3553564,0.5067705,0.001167119,-0.1296492,-2.008964,2
0.9150546,0.425985,1.287552,0.6875399,0.5362162,1.317929,-1.09132,-4.323444,-1.520361,2
1.248398,-0.6448967,1.02011,0.6798081,0.4437691,0.9832016,-0.6951211,-0.3262984,-0.7568044,2
0.4914723,-0.3024915,0.987074,1.303663,0.7841233,1.105632,-0.733145,-0.2906245,-0.7577346,2
0.5091338,0.1633725,0.3283563,0.5148573,0.3814069,0.4829544,-7.268201,-0.1686269,-0.2454066,2
1.167541,-0.6075984,1.229985,0.8253312,0.2957449,0.9255942,-1.712914,-0.3586673,-1.119581,2
0.5622687,-0.6552407,1.14997,1.602892,0.1968002,0.8389835,-0.6288502,-0.3372824,-1.03732,2
0.5695776,0.2795543,0.4668927,0.1744802,0.5098943,0.581803,-0.297082,-0.7301539,-0.4416526,2
1.372019,-0.9439315,1.038987,0.3463342,0.522384,0.8239449,-0.5617629,-0.0990455,-0.5162085,2
0.3057266,0.3120899,0.9176669,0.5237144,0.417237,0.7634192,-0.2311888,-0.06498171,-0.3231922,2
0.8622082,-0.1773924,0.9027606,1.941702,0.1263279,0.5922902,-0.04805483,-0.2639784,-3.369147,2
0.4868124,-0.6498583,0.8264098,0.8361532,0.9970697,1.111596,-0.7963686,-0.1292438,-0.5852224,2
0.4555371,-0.6743457,0.5921193,0.5933609,0.7819101,1.033662,-2.489408,-0.05106131,-0.885624,2
1.354352,0.3161346,0.807293,0.1693288,0.4366669,1.353507,-0.545177,-0.7000705,-0.7199729,2
1.871497,0.1371163,1.158441,0.5544497,1.161812,1.04884,-1.284934,3.170462,-1.550327,2
1.209155,-0.08593861,0.8496467,1.565041,0.8857644,1.09117,-0.6173907,-0.2312548,-0.4719892,2
1.454118,-0.676003,1.183547,0.7961028,0.09812827,1.156275,-0.7108072,-0.4060764,-0.868117,2
1.810571,-1.190249,1.276046,0.5324703,1.05361,1.146453,-0.7021983,-0.08645746,-0.6438552,2
1.723122,0.1124397,0.5956218,0.2447362,0.2872638,1.250801,-0.3638301,0.006882749,-0.6099215,2
1.207511,-0.7512752,1.26695,0.8358049,0.04355009,1.175532,-0.7681254,-0.4154866,-0.8203927,2
1.30396,-0.2769815,1.125444,1.761392,-0.9342999,1.012431,0.6524811,0.3782268,0.8933996,2
1.29055,-0.01452808,0.8243635,1.681525,0.6626294,1.169549,-1.960756,-0.3678087,-0.9262471,2
1.075017,-0.5070466,1.366267,0.6801799,0.5854618,0.9476271,-2.116805,-0.2060902,-1.458337,2
0.3389947,-1.158699,1.299914,1.135154,0.4869513,0.6741607,-0.2065683,-0.1858907,-0.9132984,2
1.731125,0.7684448,0.672061,0.4107004,1.06512,1.389425,0.07982098,0.4227717,4.13233,2
0.8472533,-0.3399377,0.4849783,0.5370296,0.8724597,1.358552,0.9685636,-0.1527893,-1.075532,2
0.9915212,-0.01831763,0.871829,0.2380136,0.9759703,1.19829,-0.7997887,0.2739375,-1.205208,2
0.8425943,0.7553357,0.8007936,0.6539072,0.9897669,0.8425433,-0.8012071,18.29368,-3.268333,2
0.6424522,-0.2000179,1.05711,0.8776551,0.3625676,0.8125507,0.3921851,-0.2563025,-1.934315,2
0.7233195,-0.9574009,1.281593,1.483404,-0.5369157,1.153618,-0.9440902,-4.567999,-1.387345,2
0.3208955,-1.185473,1.113705,0.9621649,-0.3228483,1.110483,-1.139796,8.844482,-1.521549,2
1.386243,-0.5509716,1.056746,0.6265814,0.8440477,1.367846,-0.5872037,-0.4135578,-0.8848121,2
1.859753,0.2578624,1.125942,1.933012,1.444493,1.24183,16.98243,0.4838948,1.362625,2
1.56928,1.152072,1.112238,1.327819,1.176411,1.214713,0.2301413,0.7655659,6.762739,2
0.05420533,-0.02325634,0.9018471,0.2200776,0.7897054,1.011537,-0.605493,-0.2146005,-0.6367364,2
0.9110361,0.397905,0.9279779,0.5501577,0.5936131,1.031513,-0.6946012,-2.289112,-1.119096,2
0.3756719,-0.923231,1.165748,1.236814,-0.1296476,0.9194217,-0.8405126,0.9981743,-1.279294,2
0.7386847,0.1953689,1.082798,1.260789,0.5908393,0.56374,0.8256794,0.5506188,-1.829569,2
0.6193493,-0.8381796,1.231811,0.9561151,0.8903634,0.9679826,0.3565965,-0.1900725,17.55168,2
0.6960191,-0.3698367,1.150159,1.103823,1.623287,1.38555,0.7578132,0.1409267,0.2931797,2
0.7052047,0.7494946,0.9665644,0.6571581,0.640657,1.306326,6.30878,2.875452,-1.444666,2
0.715739,-0.9052868,0.8456854,0.4942164,0.7008438,0.9895102,0.6483985,-0.0631277,2.057956,2
1.800531,-0.3307627,1.412712,1.469352,0.7932215,0.6895271,-5.950134,0.3164568,-1.684088,2
0.4644605,-0.4306296,1.097126,1.787325,0.9981819,1.092636,-0.4473166,-0.1545828,-0.4597951,2
1.736161,-0.161243,0.2806903,0.9465595,1.061477,1.061042,0.2047527,0.01867909,-0.3644023,2
0.8659512,0.6431174,1.307104,1.958796,1.073573,1.015187,0.175497,0.3512754,0.6680471,2
1.326079,0.3125783,0.9871505,1.034601,0.2496198,0.9317873,-1.038462,-0.8935795,-1.013735,2
0.06520449,0.3915258,1.385501,0.3511152,1.304999,1.133852,-0.02308625,0.2130686,-0.01857222,2
0.6747622,-0.3486294,1.121469,0.08226541,0.3152072,1.406226,-0.952143,-0.1547046,-1.143474,2
1.978714,-1.563276,1.389609,1.726773,-1.400232,1.284506,0.01528691,0.1044306,-0.02846928,2
0.9254087,-0.9948249,1.05122,0.6385442,-0.87077,1.227488,0.1980214,0.4958955,1.456934,2
0.4802686,1.177819,1.090065,0.4112802,0.852312,1.125587,1.356845,0.8586083,1.3757,2
0.6255095,0.6415502,1.250673,0.6844344,0.6361014,0.8807549,3.401921,8.396089,-1.29566,2
0.115763,-0.3836515,1.26479,0.9850349,0.05488717,0.3989606,-0.03524113,-0.33347,-1.951584,2
1.108389,-1.39676,1.207227,1.55231,-0.812817,1.379245,-2.416364,5.747156,-2.412094,2
0.3162292,0.1742833,1.155789,1.880412,0.9344459,0.9727483,-0.2596633,-0.06705075,-0.3710968,2
1.192239,-0.04130657,0.8421336,0.7919333,1.508443,1.351096,-1.322012,0.1247108,0.3345712,2
0.9511018,-0.9622365,1.292138,1.117868,-0.2084972,1.193004,-2.24473,-0.05421554,2.644471,2
1.979941,1.3666,1.202255,1.437338,0.8470293,1.395475,1.143535,1.061095,2.803607,2
1.621741,-0.7805381,1.040128,1.62217,0.115603,1.387318,-2388.069,0.02961492,-2.320887,2
1.587721,-0.8198945,0.939785,0.29691,0.05873865,0.909272,-0.463787,-0.1407526,-0.4914766,2
0.1223708,-1.287366,1.094258,1.791991,0.03259339,0.2229289,-0.1718909,0.09750766,0.1565037,2
0.5694771,-1.162623,1.194993,1.651343,0.6682031,0.7059984,-0.1146915,-0.06924869,24.58012,2
1.575993,0.4001304,0.872409,0.4591891,1.091399,1.347477,-0.5903166,-2.015471,-1.137726,2
0.4816465,-0.8630584,1.097062,1.909653,1.169209,1.001725,-0.08900871,0.09566875,0.005199742,2
0.9848775,0.4993769,1.372054,0.8062693,1.139107,1.217141,-3.51711,1.357111,-2.990565,2
1.88461,-0.2723303,1.397851,1.088154,-0.4202963,1.392999,-1.204555,-3.165139,-1.684736,2
1.988252,-0.9693371,0.8653924,1.84148,-0.1091641,1.05005,8.44266,0.406688,-9.650312,2
1.460349,-0.3347904,1.392103,1.414335,0.8652726,0.8264084,-30.26691,0.15147,-1.987516,2
0.3822229,0.02507886,1.210559,1.214369,0.6814536,1.25653,-0.9414297,-0.4270715,-1.091783,2
1.896144,0.1159224,0.7410409,0.7662005,0.5689293,0.9230598,-0.6318567,0.3001034,-1.040977,2
1.521156,-0.3441815,0.7139458,0.25262,0.5992851,1.012462,-0.5460836,-0.2309522,-0.6581761,2
0.9036895,0.2302152,1.36568,1.45283,1.265757,1.177282,0.966168,0.304849,1.604435,2
0.3048697,0.7153694,1.406612,0.8145873,0.9819465,1.216064,-0.4449284,-0.1594762,-0.6359919,2
1.991813,-1.188371,1.035154,0.03687492,1.274281,1.359674,-0.4218246,0.5236285,-0.3261347,2
0.7199153,0.3689561,0.8081775,0.9832898,0.9766083,0.9182795,0.5157719,0.1911811,0.1415958,2
0.1463172,-1.566504,1.361204,0.799467,0.01670462,1.323524,-1.414747,3.125141,-1.842643,2
1.058885,0.7122741,0.7714504,0.5520169,1.036241,1.027009,-0.2338536,-0.4311207,-0.9966067,2
0.4647202,-0.3963495,0.6898162,0.08036616,0.605268,1.335406,-0.2905656,-0.3160093,-0.1530312,2
1.355895,-1.350815,1.361863,1.95103,-0.4426166,1.306684,-2.192945,1.069273,-6.359689,2
1.925347,-0.0937399,0.9243439,1.78002,-0.1995517,1.25225,4.312621,-2.209171,-1.249589,2
1.550678,0.3276782,0.7205424,0.40509,0.2288367,1.176649,-0.3457916,-0.08763556,-0.6648287,2
0.5548053,-0.8148729,0.7137886,0.9313565,0.3927926,0.8705395,-1.540037,0.0004693244,-1.370242,2
1.112137,0.07554846,1.09963,1.631317,0.3349396,0.611191,0.7965619,0.4703773,-1.293879,2
0.2922991,-0.8404754,1.118576,0.6581379,0.8988629,0.8709759,0.06057052,-0.08019094,0.4427636,2
0.4775196,-0.3405703,1.324262,1.539181,-0.1429836,1.082462,-0.8611258,-2.936787,-1.23916,2
0.5565385,-0.1584303,1.12709,0.3732019,-0.6932558,1.373317,-0.5043243,-0.3167733,4.405792,2
1.653019,-0.5260637,1.231863,0.3692102,1.02964,1.191801,-1.145773,-0.1218549,-1.272922,2
1.241561,-0.422428,0.4505957,0.9952294,0.9231967,1.0447,1.409746,-0.05630045,-0.605056,2
0.1669536,-0.6269991,1.002361,1.311536,-0.464614,0.6726936,-0.3482335,-0.6540303,-0.4610945,2
1.216416,0.3364467,0.8273268,0.733902,0.5431579,0.6439169,-1.058053,-30.49062,-0.903018,2
0.1542925,-0.04250114,0.7888643,0.357328,0.6827457,0.6075902,0.270312,0.1038833,0.6485604,2
1.448726,-0.958225,0.9167894,0.4534533,0.5679668,1.121059,-0.024799,-0.05532824,0.04564744,2
1.689398,-0.2437767,0.5460674,1.161425,1.590429,1.410272,-0.08391725,0.1204832,-0.1654498,2
1.206815,0.2315627,1.154367,1.891284,1.092993,1.022482,0.8344154,0.2653407,1.186234,2
0.3059126,-1.576696,1.414191,0.9282185,-0.9663951,1.396292,-0.9882935,-2.916387,-1.383822,2
0.5951444,-1.417731,1.211737,0.8933329,0.2434754,1.192236,-2.673278,0.2173458,-7.939228,2
1.260232,-0.3722453,0.7430528,1.260167,0.5874318,0.9834545,4310.851,-0.2812699,-0.8613893,2
1.209797,-0.213338,0.9115722,1.276075,-0.07595615,1.07154,-5.107956,0.3123797,-1.270483,2
0.7705377,-0.4796999,0.6094255,1.053518,0.935048,0.8325696,-0.0002664854,0.03066774,-0.05360677,2
1.89912,-0.452492,0.8392512,1.367426,0.7094528,1.370014,0.8866219,-0.3215843,-1.406189,2
1.37268,-0.6745653,0.8279594,1.744079,0.344012,0.7966797,-1.287115,-0.2048439,-3.82763,2
1.275474,-0.7116346,0.66193,1.96099,1.327394,1.342793,-1.382497,0.0265201,-0.5887908,2
0.5956882,-0.8889655,1.033033,1.774711,0.6389023,1.303321,-1.329189,-0.1667773,-1.301176,2
0.3913925,-0.7098834,1.057821,1.32793,1.160039,1.385329,-0.8956292,-0.1866476,-0.8230597,2
1.098678,-1.029334,0.9992529,1.536828,-0.9828618,0.9132184,-0.003567505,0.1119779,0.1568581,2
0.245135,-0.5334117,1.061015,1.744035,-0.4304082,0.4044971,-0.004831778,0.222248,1.688921,2
1.33333,-0.4698935,0.7358018,1.608705,1.262505,1.151638,-0.03456664,0.01920716,-0.1434486,2
0.241292,-0.4875794,1.007901,1.463649,0.5696775,1.031446,-0.8265827,-0.2169757,-0.8923641,2
0.3777355,-0.1114914,0.4471812,0.9191387,-0.2533329,0.3556512,-0.124189,-0.02708397,-0.1812992,2
0.7944328,-0.8561891,1.162917,0.3857476,-0.2574289,1.258355,-0.373966,-0.2170964,-0.5144271,2
0.4319936,-1.178451,1.264341,0.6319636,0.2196794,1.412992,-2.742808,0.05476455,-2.81193,2
0.7584504,0.3833742,0.8598892,0.7986811,1.181183,1.189744,1.958357,0.04292729,-0.1379593,2
0.4455347,0.05706374,1.356906,1.798849,1.114805,1.294495,-0.5114036,-0.2156697,-0.6379447,2
0.6081213,-1.365933,1.374037,0.2066788,-0.2487286,1.009641,-0.5509585,-0.04624026,-0.4623889,2
0.3581247,-1.055837,0.9320723,0.1513757,0.144203,1.374049,0.5244132,0.1820832,2.561527,2
0.1981745,0.3933087,0.8867201,0.08615186,0.8643974,1.256211,-0.550723,-2.764954,-1.630294,2
0.4937262,-0.6705406,0.5716472,0.3745502,-0.5788427,0.9214925,1.319748,1.596028,-1.320083,2
0.2376119,0.2398342,1.34798,1.136215,0.6082746,0.7640696,-0.1698882,-0.01434316,-0.05938382,2
0.8609394,0.2936593,0.6192651,1.187719,0.8470736,0.9233628,-0.6640223,-0.1380377,-0.3447401,2
0.4377189,-0.1297787,1.243702,0.3963925,0.6685498,1.226355,-2.916016,-0.3498247,-4.379665,2
0.8268195,-0.4855894,1.319154,1.210308,1.276875,1.231054,1.006337,-0.07571252,1.085468,2
1.74167,-1.185729,1.260712,1.288465,-0.4831808,1.02476,-0.1452204,-0.04364234,-0.2792351,2
0.792411,-0.4364733,0.7986639,1.359032,1.151521,1.216921,-0.6959379,-0.1086984,-0.499059,2
0.4900343,0.1383473,1.027844,1.922372,0.6295025,0.9404349,-0.5219089,-0.2863935,-0.7073479,2
1.517426,0.9197945,1.167647,1.045859,0.9205511,1.063388,-0.7915667,-1.178149,-0.7922082,2
1.950223,-0.5012206,0.4942812,1.364782,0.9189026,0.8460466,0.12996,0.03393406,-0.2158728,2
0.181766,0.5200472,1.260137,0.1665129,0.6707631,1.048309,-4.201441,3.378886,-1.553402,2
0.7982899,-0.764056,1.208369,0.3862356,-0.4354863,1.000464,-1.037943,-0.506056,-0.9428778,2
1.183485,-0.4333515,1.191487,1.48081,1.32457,1.343641,0.9753293,-0.1465342,0.1456615,2
1.930417,0.1165056,0.9829015,1.390572,0.7275894,1.264204,-0.4312181,-0.4256202,-0.5375834,2
0.6155775,-0.6167334,0.8011737,0.5284819,-0.6349222,0.8725422,-0.05424792,0.3981849,-5.893433,2
1.665565,-0.4090482,1.253704,1.722896,0.07611247,1.135719,2.437369,-0.4864566,-1.071887,2
1.512501,-0.5425763,1.178726,1.490919,0.3322324,0.7620577,-31.54405,-0.2823916,-1.153545,2
1.478828,0.2659554,0.8435145,0.1207074,0.9849515,1.04715,-0.7605754,-3.542663,-1.038811,2
1.685533,-1.221004,1.301387,1.087316,-0.7882254,1.126002,-0.422466,-0.1320016,-0.4038515,2
1.097381,0.2222443,0.7372614,1.985915,0.4247278,0.5497866,0.05409892,0.09856278,1.719553,2
0.7772279,-0.9774655,0.9387452,1.793928,0.680746,1.312771,-1.604583,-0.09435877,-1.378666,2
0.1489947,-0.8270523,1.240523,0.3349415,-0.01361397,0.9162357,-0.7436281,-0.2266539,-2.378762,2
0.3698745,-1.20714,1.07416,0.9134278,-1.024344,0.898181,-0.03316856,-0.05570932,-0.03370898,2
1.215692,-1.125364,1.126129,1.281428,0.9629191,1.273157,-7.891074,-0.151767,-2.406733,2
0.08983739,-0.9635194,1.271107,1.628733,-0.2809142,0.7766303,-0.6558894,-2.396477,-0.9029292,2
0.4682206,-1.399132,1.313959,0.2938323,-0.210948,0.8242114,-0.3789089,0.05818072,-0.2308651,2
1.042526,-1.111679,0.9883018,0.7834387,-0.7531211,1.089544,1.025979,0.7425046,1.741079,2
0.08250152,-0.6197714,1.275838,1.003592,-0.5125659,0.438034,0.02558612,0.1980099,0.6574313,2
1.563894,0.03112874,0.4911338,0.5406346,0.802752,0.8105674,-0.4709393,0.09441092,1.805646,2
1.72774,1.020171,1.078269,1.274205,0.5092876,1.138876,0.4485164,0.3741915,0.4825403,2
0.9803144,-1.535839,1.373089,1.258398,0.2491939,0.5669103,-0.02265,0.1044679,-0.1818148,2
1.423108,-1.627281,1.405503,1.66432,-0.6975108,1.346271,-4.810392,1.421512,6.943024,2
0.3213394,-1.066839,1.26967,1.484002,0.6640651,0.9949883,-0.7158043,-0.2339461,-0.8500702,2
1.516202,0.5987141,1.173052,1.491641,0.1576058,1.392182,26.72597,0.225684,-1.888644,2
1.986809,-0.175803,1.292926,0.8837817,0.7352149,1.296113,-1.339744,-0.1149689,-1.60212,2
0.2383468,-0.005473297,1.054166,1.614398,-0.2759907,0.4549118,-0.1354541,0.07423059,-0.6063395,2
1.572698,-0.2080107,0.4550136,0.4438289,0.06180648,0.7548318,-0.1215946,-0.1469645,-0.1247247,2
0.865533,-0.7730579,0.7042081,0.5371907,-0.07317558,1.40546,1.460496,0.5686464,-2.301023,2
1.535308,-0.8447465,1.117821,1.159268,-1.420341,1.398932,-0.9629727,1.105276,0.7388623,2
0.4610537,-0.7610654,1.08693,0.8702959,-0.8268625,1.125532,-0.6050326,-0.7302387,-0.6939509,2
0.798487,-1.159154,1.040486,1.979902,-0.1019235,1.209019,-1.519169,1.443781,-1.69495,2
0.8807977,0.2801661,0.6979586,0.3701756,0.4184239,1.347013,0.2551098,1.108406,-1.222013,2
0.6682933,-0.3466025,0.8228309,1.327721,0.2720071,0.8360172,-0.7879643,-0.2675595,-0.9104349,2
1.863732,0.03494687,0.6320822,0.5701065,0.663663,0.8868092,-0.5560052,0.1116135,-0.9906038,2
1.359906,0.1171629,0.1794654,0.03695672,-0.1630468,1.143323,0.0106973,0.09267637,12.32695,2
0.1939293,0.2616784,0.9266109,0.5934562,0.6706233,0.7007836,-0.0566963,0.05243693,0.02179248,2
0.2331743,-0.6199033,1.152219,1.403335,0.804262,0.99053,-0.5565761,-0.1983214,-0.5803841,2
0.768573,-1.054077,1.115159,1.772956,1.076097,1.286911,-0.978174,-0.1514891,-0.8930372,2
1.660801,-0.5650045,1.195242,1.100401,0.6931133,1.112665,-1.359859,-0.3626117,-1.35374,2
1.728231,-0.1565501,0.5469398,1.682316,-0.4335237,0.5770723,-3.255596,0.07613089,0.3969006,2
0.8552494,-1.197741,1.374916,0.2838528,0.5128784,1.190322,-0.703116,-0.2198744,-0.6888086,2
1.521875,-0.277691,1.084672,1.305199,0.365879,0.5826612,-4.439144,0.03334177,-1.163264,2
0.2494829,1.062988,1.155426,0.1916609,1.477064,1.355029,-0.8383895,4.109271,1.604381,2
0.2788157,-0.4985227,0.9193878,0.1336775,-0.1886987,1.001859,-0.4708881,-0.2958697,-0.7178781,2
0.6748268,1.226647,1.176881,0.757513,1.501684,1.371003,-0.08426466,0.01399451,-0.1162222,2
0.665588,-1.0786,1.379997,1.920926,0.8544605,0.7973616,0.1453372,-0.05269816,9.145226,2
1.828727,-0.6426661,0.6429033,1.163735,-0.4470519,0.5784414,-0.1141028,0.003390332,-0.1239392,2
0.2127276,-0.8417603,1.227345,1.597775,0.2518607,1.1967,-1.099308,0.631123,-1.27539,2
1.477425,1.328318,1.330985,1.381816,1.171303,1.295066,0.832429,0.504606,0.3182519,2
1.280868,-0.7127143,0.8437307,0.7872453,1.437637,1.374683,-0.1749348,-0.05010062,-0.248069,2
1.66805,-0.2957093,1.044373,1.500403,0.308185,1.359251,2.960032,-0.3525919,-1.595579,2
1.052288,-0.8293808,1.152673,1.764169,0.2333895,1.101142,-1.313205,-0.2375093,-1.955352,2
1.653923,0.3571367,0.7574933,1.387139,0.5286238,1.14756,2.135645,-2.390637,-1.005343,2
1.823019,-0.9993091,1.10741,1.427266,0.8248754,1.345836,1.189007,-0.2352672,-7.401485,2
1.543918,0.5666634,0.8773933,0.8725728,0.5120835,1.396048,0.3860468,0.8423709,-1.613044,2
0.7238252,-0.001573793,0.391607,0.07124263,0.5508401,0.7102307,-0.3340493,0.6071738,-0.4452268,2
0.8928416,0.05252242,0.9397476,1.046197,0.1028812,0.7339004,1.07645,0.607088,-1.040738,2
0.9141198,-0.4363943,0.8926743,1.797244,1.036605,1.38396,-1.234292,-0.2567281,-0.937614,2
0.3602137,-0.4559789,1.361196,1.221912,-0.06094278,0.9373157,-0.6446732,-0.3090733,-1.084705,2
1.851637,-0.3255786,1.30837,1.277857,1.146581,1.185676,-2.606392,-0.03207818,-2.7832,2
1.027489,-0.448618,1.411618,1.824355,-0.7110935,1.275028,-0.6327391,-0.3476529,-0.9170496,2
1.739699,-0.1442311,0.8996404,1.5815,0.4963526,1.13308,1.862091,-0.409135,-0.9992631,2
0.6832592,-0.3632139,0.7525722,0.2379483,-0.5861985,1.141691,-0.3204853,0.06437932,-1.224139,2
1.604833,-0.7546579,1.289909,1.697982,-1.135955,1.16594,5.898153,1.257414,-11.34694,2
1.420752,0.02061741,0.9575726,1.455749,-0.5004631,0.8863061,8.239048,0.01863918,-2.993505,2
1.034202,0.05744812,1.01065,1.116659,0.4092412,1.159477,-3.022729,-0.4845375,-1.064301,2
0.2860764,0.05039664,0.3639188,0.8255789,0.5413817,0.5188886,-0.1725593,0.01081592,-0.1375021,2
1.270779,-0.33276,0.7060817,0.2921937,1.139357,1.340467,-0.4618504,-0.2632776,-1.279266,2
1.241175,0.6846253,1.34893,1.739725,1.058168,1.240148,0.2129954,0.2202092,0.5084709,2
0.7431818,-0.7555075,0.8417039,0.4696557,0.2227391,0.5837325,-0.5066828,-0.1167654,-0.3697402,2
0.8621493,1.50986,1.287782,0.5125656,1.246386,1.347793,0.363541,0.5196118,0.4959137,2
1.730478,0.0300274,1.116015,1.550089,-0.2763258,0.9831711,-3.25614,-0.2054199,-1.30251,2
1.222043,0.1553664,1.386583,1.930507,0.745107,1.115842,0.1569429,-0.08156335,2.562758,2
1.225973,-0.06633741,1.208199,1.148586,-0.1387736,1.011978,-5.88283,-0.4065149,-1.320004,2
0.3936894,0.2477764,1.347955,0.3393823,1.062289,1.309317,-3.799857,0.2488522,-6.899182,2
1.902328,-1.135792,0.9834838,0.8439475,0.3888076,1.185471,0.4375462,0.08539405,0.7531703,2
1.517119,-0.127905,1.034126,1.143887,1.580206,1.371888,-2.654604,0.1823202,1.094496,2
1.654758,-1.141089,1.043276,1.320982,0.9372575,0.7963392,-1.149777,0.1085044,-0.409093,2
0.7005989,-1.284304,1.195482,1.667838,-0.06364507,0.8404577,-0.9835702,0.3462466,12.79058,2
1.07318,-0.8189675,1.265637,0.1425973,0.8865982,1.25512,-0.946201,-0.2156674,-1.001519,2
1.785261,-0.2603829,0.7729432,0.4062229,0.359018,0.8872232,-0.6568064,-0.1995679,-0.7937479,2
1.811439,-1.062206,0.9376659,1.240617,1.132531,1.3473,1.050624,-0.01735768,-2.626565,2
0.08818793,-1.114125,1.23488,0.9674043,0.628761,1.111467,-0.9286548,0.1011515,-1.043205,2
0.4667472,-0.2520824,1.261906,0.4857171,0.7854603,0.7525424,20.88837,0.1717032,-1.906064,2
1.286987,-0.4800393,0.9118001,1.058255,0.3412223,1.348975,2.033363,-0.2237656,-1.74095,2
0.3980003,-0.05951253,0.6822702,1.990406,0.2874132,0.5895896,-0.4377615,-0.2046364,-0.5479119,2
0.6461251,-0.2068056,1.086223,1.111617,-0.1552066,0.7693349,0.0760347,1.114894,-1.140078,2
0.8626618,-0.8068528,1.075029,1.906895,0.4588288,1.350784,-1.609922,-0.1359357,-1.515574,2
0.520483,-0.8534714,1.146826,1.700362,0.2172408,0.3804041,0.04597693,-0.1434379,-0.7910696,2
0.2922379,-0.08508588,1.237307,1.727002,0.2407178,0.3718286,-0.01789096,0.1600432,-1.486036,2
0.9498573,-0.5499328,0.9088514,0.984883,-0.2147346,0.7422399,1.603562,-0.3374806,-0.5458425,2
0.5544501,-0.225981,0.6156396,1.380275,0.6059251,0.6283359,-0.1295833,-0.07139269,-0.1505094,2
1.493178,-0.2614929,0.9399016,0.3191887,1.135684,1.280198,-0.8672813,-0.0748566,-1.23493,2
0.8701078,0.2385134,0.9564939,1.79206,1.605955,1.375215,0.02365404,0.2474137,-0.009642002,2
0.1966637,-0.1173917,1.076935,1.543147,0.1677648,0.3941619,-0.08766178,-0.08008897,1.916148,2
1.730761,-0.6534262,1.375695,0.1097729,1.513434,1.306731,-1.376513,1.141421,-1.595132,2
0.5045779,0.3838721,0.6873234,1.387992,0.4412566,0.4713418,-0.0455029,0.1213005,0.160764,2
0.8334527,0.514231,0.5291219,0.7259881,0.5604968,0.5087373,-0.5689913,-2.372361,-0.5931306,2
0.4335338,-0.8783906,1.315612,0.9059463,1.202408,1.233711,-0.1804775,-0.1589315,-0.1488737,2
1.98089,-0.502813,1.134361,0.3086343,0.8897977,1.216536,-0.9728094,-0.153281,-1.095002,2
1.853557,-0.4500461,0.6235052,1.584391,0.1613899,0.4609435,-0.9134861,-0.1612001,-0.3916441,2
1.106434,-0.702672,1.031056,1.289793,-0.02410971,1.362154,-4.602249,0.2922935,-1.916349,2
1.003714,-0.6488371,0.7019637,1.025613,0.6451548,0.6702145,2.015372,-0.06250792,-1.045361,2
1.579878,-0.5680466,0.747723,0.6429546,0.952354,1.24263,-0.08790205,-0.2193119,-2.180497,2
1.122038,-1.013659,1.126156,1.681127,-0.133367,0.9570559,-1.359523,0.1275913,5.782545,2
1.519943,0.4515479,0.8709731,0.5752282,0.4611944,1.021078,-0.5507922,-0.575201,-0.7351386,2
0.7043572,-0.9316438,1.391273,0.3631494,0.3842768,0.7713853,-1.507089,-0.2424497,-1.054974,2
1.225607,-0.3305859,0.9461712,1.9842,0.1743183,0.5262834,0.4127451,-0.1820112,-0.9849811,2
0.5314526,-0.1942298,1.244576,1.365759,0.6456279,1.331601,-1.09097,-0.4454222,-1.20681,2
0.367067,0.2094609,1.249476,1.479149,1.003607,1.259457,-0.6343717,-0.2731045,-0.764651,2
0.8113303,-0.02893809,1.206974,0.7765039,0.6176815,1.342739,0.179413,-0.4859629,-0.749637,2
0.3363406,-0.1915728,0.8249618,0.7642811,0.8730806,0.9612151,-0.3573717,-0.1353743,-0.3704115,2
1.659997,0.03627657,0.4329129,1.116783,1.258691,1.255467,0.6472523,-0.0003007779,-0.3693861,2
0.9197308,-0.5953718,0.6163896,1.600292,-0.02366306,0.3841846,-0.3708187,-0.02233342,0.02455769,2
1.994854,-0.7478034,0.663896,1.046961,-0.3356683,0.8368087,0.3708538,0.3158577,0.9770316,2
0.2546377,-1.069213,1.330815,0.4420503,0.6589388,1.272161,-1.307638,-0.3366844,-1.780893,2
0.01824772,-1.020531,1.342407,0.3981829,0.981439,0.8660268,-0.2245626,0.1050431,-0.1347293,2
1.663126,-0.8153998,1.394503,1.434195,-0.07252557,1.175756,-1.58455,-0.4738808,-0.9191122,2
1.052588,-0.05288656,1.319051,0.8546457,0.5616252,1.302951,-1.769249,-0.3380896,-2.173745,2
1.061578,0.552929,1.104499,1.903071,0.5320336,0.6551988,0.2075891,0.9542829,-1.400528,2
0.8177164,-1.197097,1.278086,1.78039,0.2782183,1.372839,-1.763964,0.08632372,-2.023428,2
0.1686659,1.160369,1.256526,0.3483562,0.6718799,0.8288867,-0.3314549,-0.06656014,0.6138147,2
0.6801503,-0.4016715,1.265029,0.9846353,0.319528,1.332715,-1.450996,-0.4411771,-1.529181,2
1.672898,0.8376884,1.145113,1.229504,1.02181,1.01535,-1.333373,-5.623852,-1.215359,2
0.4711767,-0.1990784,0.7310735,0.4594922,0.9653457,1.020686,-3.194862,-0.1307078,-0.1823257,2
1.097522,-0.4394659,0.9910683,1.202982,0.7609302,1.410397,-5.388783,-0.3844703,-1.283946,2
0.556263,0.7642138,1.395529,0.5614132,0.6345981,1.116942,24.28309,-3.045337,-1.233606,2
0.1343828,-1.003649,1.332147,0.08188334,-0.09984688,1.120177,-0.7743843,-0.3235324,-0.7191957,2
0.2220841,-1.250517,1.293834,0.6533391,-0.8943891,1.086507,-0.483298,-1.01216,-0.7256025,2
0.8839251,0.7385092,1.335854,1.739747,0.9141086,1.261546,-0.6016191,-0.3187182,-0.810443,2
1.080954,0.1139729,0.6092694,0.1124021,0.9144899,1.080495,-0.5161687,-9.481678,-0.7465913,2
0.81727,-0.6956421,1.099177,0.8684566,0.0410207,1.343374,-8.734203,-0.02374546,-2.218226,2
1.725974,-0.530018,1.057584,1.680728,-0.6879166,0.9732123,-7.473608,1.139738,-1.856963,2
1.111673,-0.1972114,0.7479089,1.099469,0.76015,0.6786728,-43.73969,0.05126785,118.8578,2
1.391552,-0.9289465,1.116132,1.150867,-0.8957706,1.330658,0.6229544,1.340854,-2.488826,2
0.5225762,-0.5876216,0.589147,1.64106,0.8582761,0.8658495,-0.4719489,0.005262118,-0.3680142,2
1.131098,-0.578142,0.7378786,0.3768476,0.5710851,0.9876866,-0.2479401,-0.2131847,-0.2263222,2
0.1474979,-1.245036,1.064217,0.4945911,0.7602804,0.9850485,-0.8188867,-0.04763009,-1.000614,2
1.244285,-1.051155,1.169714,1.477535,-0.06526963,0.8351652,-1.08932,-0.1284615,-0.172438,2
1.073288,-0.6382157,0.8411281,1.374548,0.04447712,1.285982,-3.476095,0.4380669,-1.600431,2
1.245293,-0.8024937,1.176559,0.6135249,0.6014597,0.5641287,-1.459639,-0.09293267,-0.9365988,2
0.4307075,-1.157416,1.146327,0.8174235,-1.047648,1.258737,-0.7215259,-1.425117,-0.828427,2
0.8534614,0.3580476,1.224386,0.9363636,1.384866,1.348805,4.665091,0.2876936,0.7475632,2
1.448229,0.08070114,0.4313772,0.6939319,0.9267179,1.251855,0.5569022,-0.2951569,-0.7242425,2
1.142507,-0.8701135,1.188164,1.328592,0.09039661,1.018519,-1.514414,-0.283634,0.1629292,2
0.8957315,0.5273666,1.045818,0.6095415,0.1517186,1.402681,0.6280658,0.1939133,-1.909957,2
0.6199288,-1.087759,1.395174,1.395041,-0.2090108,0.725501,-0.2483953,-0.4662272,-0.6370665,2
1.280373,1.098695,1.08919,1.451052,0.5612724,1.124755,-3.475674,1.233434,-9.552106,2
0.7033643,-0.7817698,1.155566,1.129508,1.138753,1.16125,-0.02134008,-0.1463329,-0.04497908,2
0.1141496,-0.752579,1.386769,0.5530186,0.4590944,0.3910916,0.2021728,0.03672235,-1.758391,2
1.971542,-0.6833493,0.6885883,0.4410359,1.042873,1.318651,-0.0349367,-0.09183844,1.016724,2
0.9415232,-0.05192301,1.245542,1.415676,0.5302974,1.104435,-0.2398643,-0.3530415,-0.2929597,2
1.154518,-0.4581413,1.261563,1.321591,0.3904757,1.045377,1.14813,-0.4277091,-1.545577,2
1.317445,0.2855792,0.8415671,1.854647,0.2005604,0.9363088,-1.247323,22.69985,-1.069893,2
0.7110784,-0.2079853,0.7348511,0.3381881,0.2713933,1.238238,0.09182557,-0.2407674,-1.600262,2
1.728286,-0.7291417,0.7056915,1.279662,0.8855726,1.379784,1.98964,-0.1027561,-1.465677,2
0.7687009,0.8622888,1.268316,0.8694695,0.8485025,0.9431447,2.075291,5.061409,-1.370551,2
0.4363249,-0.8034446,1.284647,0.97633,-0.2059185,0.9140874,-0.6288367,-0.1571169,-2.711848,2
0.509562,-0.5363674,0.9809775,1.007561,0.6872619,0.7104604,0.2162902,-0.1123119,2.337275,2
0.9113642,-0.8859051,1.096224,1.508246,-0.7738018,1.10465,-0.7461511,-1.271869,-0.8988364,2
1.420815,0.5222108,0.7458165,0.6201811,0.7565795,1.321695,-0.01130634,0.8865361,-1.401737,2
1.000581,-1.016736,1.149553,0.6092068,0.1500947,1.040105,-0.172322,-0.1811686,-0.2934895,2
0.4961283,-0.2948568,1.015069,1.396875,0.8633244,1.040242,-0.4646327,-0.218435,-0.5144761,2
0.1476253,-0.5559882,0.65877,0.91895,0.6925837,0.7457256,-0.3925978,-0.03960945,-0.3651001,2
0.362467,-0.435416,0.7455633,0.4076709,0.4678577,0.6019354,1.449654,-0.1720667,-1.195488,2
0.9242213,-0.182605,0.205952,1.332933,0.4061919,0.3903536,-0.2936252,0.008996281,-0.1275334,2
0.2539883,-0.7628146,0.6626335,0.6879652,-0.03022978,0.4732971,-0.5627296,0.3045128,-4.717235,2
0.3678965,-0.2460125,0.2856274,0.06925955,0.4494585,0.6876231,-0.02263768,-0.07400628,-8.041497,2
0.5850176,-0.1752538,0.8906837,1.0241,0.81405,1.318839,-1.431914,-0.3342638,-1.030112,2
0.9242958,-0.7053147,1.338552,1.005878,-0.5158936,1.159374,0.7347677,-1.081588,-1.031403,2
1.094097,-0.5232816,0.9101594,1.980898,-0.07478808,1.186637,-1.568143,1.176414,-1.362597,2
1.279798,0.6920164,0.727476,0.7773902,0.6418061,0.8461642,-0.02409994,0.1664589,0.2154342,2
0.2970484,-0.5797401,1.127236,0.08877006,0.9302919,1.37644,-0.8722098,-0.3621176,-1.103145,2
0.5153549,-1.217687,1.211117,1.044575,-0.09010319,1.052542,-1.355021,0.4564235,-3.39486,2
1.760568,0.3439013,1.293514,1.03123,0.4137465,1.115523,-1.424368,-3.486813,-1.369061,2
0.004381251,-0.5595069,1.156596,1.471184,0.387487,0.5151354,-0.4939091,0.5094252,-0.5382156,2
0.9841905,-0.8726261,0.9154009,1.30118,-0.5249476,0.9559072,-1.499592,2.268072,-1.919346,2
0.9234697,1.175849,1.374052,1.623637,0.7849032,0.920769,-0.1849538,1.114661,-0.5879636,2
1.534937,-0.5899177,0.848636,0.07187489,1.470716,1.250141,-0.713531,0.3277626,-0.8370347,2
1.94166,0.3735141,1.324966,1.829678,-0.1985322,1.214899,-3.566657,-0.3521433,-1.203833,2
1.297673,-0.1322261,0.8251541,1.415954,0.3065497,1.000836,-3.264355,-0.3362998,-1.030443,2
0.9946303,0.3753728,0.4500056,1.175246,0.2117915,0.4215322,-0.6156242,0.2638136,2.151634,2
1.044227,0.8467761,1.046387,0.4584019,1.573562,1.400215,-0.618054,-3.21826,-3.061263,2
1.681869,-0.8765017,1.09362,0.7241267,-0.8676178,1.155103,-0.5562289,-0.3616287,-0.7438749,2
0.7758493,-0.6597114,1.078528,1.794043,-0.4767166,1.015401,-0.7732811,-1.41413,-0.9812785,2
1.925226,-1.045043,0.9068018,1.088449,1.158472,1.193944,0.2941661,0.0509506,3.37213,2
1.040437,0.6604742,0.6529946,0.3428889,0.2131295,1.222571,0.1680428,0.4566106,7.60607,2
0.603584,-0.2992974,0.5793102,0.7130724,0.3464654,0.6528071,-0.9689824,-0.2131915,-0.6376004,2
1.371019,-0.1418297,0.4329754,0.6567984,0.684679,0.8145146,-0.100461,-0.162504,-0.3478843,2
0.2284768,-0.7673016,1.098912,0.4159435,0.07559405,0.9581454,-0.9971695,-0.1761328,-2.011816,2
1.092122,0.07149924,0.3376811,0.7447021,1.243899,1.073728,0.3676005,0.1906734,-0.07143439,2
1.284177,0.1473544,0.3793933,0.8469501,0.7929798,0.8760463,0.4090824,-0.1734805,-0.3382795,2
1.805844,-0.3395662,0.5513237,1.763108,-0.2924013,0.6348664,4.285528,0.9909468,-0.8536354,2
0.6108661,-0.7260408,0.7849509,1.081216,-0.1133351,0.9243013,-1.362661,0.7621552,-1.354034,2
1.186729,-1.225547,1.11798,0.9180369,1.531163,1.411294,0.2609951,0.08252056,-0.6444381,2
1.194733,0.2020826,0.8245572,1.938942,1.203545,1.026622,0.4930597,0.2386176,0.1749943,2
0.5355292,-0.7270745,1.253883,0.7455545,0.694992,1.086849,-0.1436838,-0.3729591,1.071468,2
1.28868,0.3443031,0.7297224,1.968573,0.2890559,0.7233942,-0.60516,-0.804319,-0.8283676,2
1.947887,-0.9229138,1.127851,0.9941901,-0.3127871,1.191077,-0.2495829,-0.1226045,-0.3349255,2
0.394882,-0.2619975,0.8322959,0.9928313,1.068581,0.9469693,0.01490406,0.06392501,-0.01522198,2
1.304495,-0.00698244,0.7899906,1.600013,1.351529,1.354632,-1.117191,-0.05298388,-0.3647665,2
1.697019,0.3527742,0.8166121,1.613032,1.093901,1.397669,7.486472,-0.4928635,-0.7498675,2
0.3071007,0.5696179,1.278665,1.735123,0.5160818,0.5561652,-0.07565566,0.2541094,1.065061,2
0.5007153,-1.248954,1.234273,1.16757,0.9760529,1.08853,-0.6342515,-0.09768907,-0.7948273,2
1.121048,-0.8289828,0.7492641,0.7560313,0.5565339,0.5879114,-0.2000602,0.0324481,-0.1186932,2
1.677561,-0.657602,1.35917,1.722678,-0.8305555,1.3136,4.028148,0.5136077,-13.27884,2
1.187858,-0.008539872,1.303905,1.01139,0.5412216,1.342045,-1.461107,-0.40716,-3.127532,2
0.7198323,-0.9720134,1.044025,0.5671742,1.381042,1.247244,-0.851289,0.002469483,0.8993429,2
0.703772,0.6534863,0.5892574,1.253854,0.7643207,0.6944702,-0.1981018,-0.09358526,-0.147993,2
0.7134728,-1.472707,1.406403,1.742563,0.6482814,0.7658652,-0.1876791,-0.05870729,-0.1993395,2
0.692468,-1.025814,1.298633,1.931782,-0.07435618,1.405147,-1.496824,1.440174,-1.699487,2
0.289158,-0.3835309,0.642831,0.346938,-0.4988667,0.6952674,-0.3884099,-0.2711112,-0.3725606,2
0.467493,-0.2660819,0.9742175,0.8807236,0.1591856,1.158744,-1.349992,0.002207054,-1.283136,2
1.364119,0.1312907,0.469736,0.6101481,0.6157811,1.126695,0.4916285,-0.7177661,-0.827084,2
0.5505913,-0.202635,0.6808068,0.07671918,0.8320013,0.9006685,-0.6112882,0.05105237,-0.7752216,2
1.934859,-0.1406555,1.043491,1.812304,0.3971003,1.252551,3.098277,-0.4577033,-1.25749,2
1.793236,-0.56251,0.7972539,1.667717,0.5866618,1.209639,6.314986,-0.2391371,-1.386249,2
0.3502098,-0.5935946,0.8892825,0.8900641,0.3218523,1.130129,-1.264487,-0.04034687,-1.230577,2
0.5103687,0.052048,1.29649,1.145982,-0.3686919,1.044402,-0.5129496,-0.2140469,-1.248939,2
1.580351,-0.112859,0.3555182,1.029896,0.9415776,0.8419531,-0.08902384,0.05544409,-0.08026622,2
1.706828,-0.01598056,0.8034555,0.9513905,0.6072753,0.8906215,-0.8641923,-0.08130943,-1.503108,2
0.4509553,-0.6848984,1.111454,1.096495,0.4589866,0.9008901,-0.6063362,-0.3366444,-0.856154,2
1.889701,-0.2924692,0.7370759,1.964109,1.374528,1.235196,2.161829,0.04654513,-0.06790944,2
1.435133,-0.2357921,0.6120364,1.978413,-0.2400901,0.561318,-0.2880314,-0.1581434,-0.4983336,2
0.08871684,-0.7633549,1.390967,1.116495,0.8611184,1.082606,-0.6546482,-0.1756845,-0.6713585,2
0.9166468,0.06633683,0.9274901,1.195998,1.037961,1.28255,-1.083323,-0.2688904,-0.6137122,2
1.595605,-0.4974954,1.055498,0.854674,-0.53161,1.13377,-0.699559,-0.5728577,-1.112112,2
0.8541509,-1.059576,1.314356,0.7889386,0.609188,1.183122,0.4202343,-0.3267621,-0.2750152,2
1.960973,-0.5202937,0.6783996,0.821211,0.2461424,0.3797432,-0.589862,-0.09221712,-0.4555198,2
0.4661451,-0.7264556,1.123973,0.7854761,0.521897,0.6007013,0.5212673,-0.148493,-1.228279,2
0.1428232,-1.052736,0.8982875,1.311269,1.1725,1.018272,-0.2820907,0.1868814,-0.1888414,2
0.5026163,-0.2378946,1.164282,0.2301473,0.6483846,0.8892252,-1.45259,0.09304378,-1.340853,2
0.2343538,-0.1713903,1.069627,1.497669,0.7208672,0.9372213,-0.5341627,-0.2178576,-0.6031614,2
0.387206,-0.4551439,0.63432,1.194126,0.5110648,0.6127996,-0.3391588,-0.1165598,-0.350151,2
0.2310041,-1.028462,1.096738,1.586555,-0.6022387,0.9050332,-0.5585201,-1.374752,-0.791146,2
0.2101623,-0.9266366,1.288146,1.354264,1.204592,1.144278,-0.36796,0.002493911,-0.2993088,2
1.611627,-0.8212034,1.122218,0.8144624,1.492183,1.302682,-1.182182,-0.05217915,-2.831054,2
0.8245955,-0.6132835,0.5605562,0.4839146,0.2295489,0.45158,0.02493972,0.00219625,-0.026066,2
0.8048542,-0.5162582,0.5686096,0.569365,-0.3788602,0.4341702,-0.4366062,-0.2365921,-0.2611695,2
1.009701,0.5018998,1.164355,0.9618356,1.229539,1.207848,-9.744134,0.6172881,2.62886,2
1.046156,-0.367194,1.212521,0.401879,0.9634215,1.15349,-1.33254,-0.09979684,-1.507061,2
0.8254298,-0.2584537,0.8377103,1.178918,0.5317709,1.32837,-2.341649,-0.2498867,-1.27637,2
1.405326,-1.001471,1.21501,0.8755327,-0.379173,1.087264,-0.4324176,-0.1904123,-0.4846662,2
1.041943,0.2305578,0.7327837,0.3024182,0.7751536,1.167881,-0.5068168,-7.827497,-0.9104865,2
0.7452339,0.1112498,1.279659,1.979618,1.384754,1.405978,-0.3111428,-0.05674956,-0.3694281,2
0.7664756,-0.7155057,1.080568,0.8327646,-0.04219867,0.9166576,-1.032524,-0.2890154,-0.2985979,2
0.2277287,-0.5097841,0.7244498,0.3339024,-0.362333,0.9111972,-1.258071,-17.74291,-0.9880996,2
1.100528,-0.2282444,1.102463,1.625354,0.2577915,1.370895,-1.97548,-0.1990544,-1.491751,2
0.551125,-0.04208853,1.112608,1.742477,-0.07583284,0.4773776,0.2198705,-0.6327028,-0.8336094,2
1.910985,0.01864017,0.912593,1.148882,-0.3704997,1.303292,0.1336581,-0.663376,-0.6128201,2
1.728528,-0.7086174,0.6635941,0.9074565,-0.6174183,0.7595934,0.01824187,0.1902565,0.1220198,2
0.3648769,-0.5198408,1.161297,1.197702,0.3001155,0.3291688,0.2119342,-0.007370147,-1.16394,2
0.8962722,0.1641113,0.9414247,0.4786258,1.53063,1.34497,-1.332958,0.5093119,1.870399,2
0.1416371,-0.3329508,0.6350162,1.490248,0.3722158,0.4168987,-0.1951324,-0.06676264,-0.18699,2
1.598599,-0.4748518,1.149406,0.4848794,0.173513,1.132675,-0.9656298,-0.3619226,-1.117301,2
1.691369,-1.509595,1.308952,0.7622457,1.364713,1.380344,-0.1033822,0.1109797,0.02061058,2
1.120862,0.07281395,0.9314691,0.441995,0.9212397,1.413189,-0.648765,-0.3283565,-8.081276,2
1.724947,1.283963,1.28455,1.819228,1.169239,1.197686,-0.3796366,0.07317812,-0.1448484,2
1.32041,-0.1321289,0.5020888,1.033766,0.1891337,0.2961034,-1.350447,-0.003261257,-0.5508244,2
1.567384,-0.5901735,1.165742,1.71396,0.6876953,0.6672155,7.354435,-0.07063678,-1.449906,2
0.6255924,0.174965,0.9698439,0.6197364,0.3506685,1.038429,5.111283,-0.4464771,-0.8267707,2
0.9516669,0.2229241,0.9231943,0.9801923,0.9930105,1.233651,-1.418843,-0.2456009,-0.4757835,2
1.60228,-0.6744379,0.8211977,0.5428768,-0.1231988,1.399917,0.005664924,0.06866114,3.162276,2
1.62121,0.3888532,0.9014168,1.271672,0.225807,1.174435,1.008849,0.3455099,-1.374518,2
0.4159464,1.077379,0.9710137,0.3027446,0.7076638,1.346963,1.437839,1.34242,-3.879016,2
1.35223,0.3576689,0.4637868,1.450626,0.4829917,0.5670682,-0.7748982,-0.2461298,-0.2626128,2
0.2361618,0.3300936,1.112209,1.179028,0.5405387,0.8252472,-0.3693806,-0.2365295,-0.688261,2
0.9963701,-0.7160791,0.8108342,1.211467,0.5118303,0.6142471,0.2663263,-0.1113197,-0.4945628,2
1.827473,0.3745599,0.9669798,1.514585,-0.1406112,1.087428,0.5277335,-0.1256168,-2.554788,2
0.7758395,-0.4137049,1.324404,1.835333,-0.316107,1.012162,-0.5894795,-0.3273829,-1.071823,2
1.729717,-0.83175,0.728738,0.8749343,-0.5589685,1.103029,0.4651114,0.6150352,17.70353,2
0.759641,-0.7706766,1.031988,1.056899,0.8983436,0.9270052,0.3137228,-0.1334756,0.9341197,2
0.2684168,-0.412426,1.205876,0.08184046,0.8398294,1.107425,-1.211058,-0.1136426,-1.318632,2
1.840139,0.5844562,1.071815,0.7307562,0.9156918,1.277479,-0.7133108,-1.315033,-1.006636,2
1.440396,-0.499778,1.083288,1.796532,0.7978342,0.8417335,1.770782,-0.1369352,-3.942947,2
1.31375,-1.311734,1.191411,0.7678867,-1.034036,1.029754,-0.2145347,0.002319922,-0.1670992,2
1.994276,-0.2082633,0.8098059,0.7226365,1.014358,0.8583086,-1.016967,0.1669278,-1.523073,2
1.827899,-0.5361118,0.7209657,0.8837945,0.7747285,0.9490552,-0.3072329,-0.1886053,-0.4337941,2
1.269081,-0.1493011,0.6693451,0.6885414,0.5307155,0.77418,-0.6513166,-0.1950747,-1.267198,2
1.141413,-1.371796,1.323765,1.661203,0.01133175,1.200944,-2.357076,0.2160646,56.34873,2
0.8908406,-0.2785539,0.966606,1.468294,0.2465539,0.6573142,0.1533647,-0.2515803,-1.361507,2
0.8941994,0.01755967,0.6297312,0.2761995,0.4218083,0.832372,-0.5165725,0.02119312,-0.7694672,2
0.8516296,-0.2941089,1.199703,1.823946,0.7621425,0.8992662,0.07921012,-0.1592795,0.8623588,2
1.057071,-0.5815625,1.25105,1.991397,-1.027493,0.9392213,0.357137,0.6346537,1.634391,2
0.4899183,0.1749991,1.32907,0.8864787,0.5011245,1.093029,-0.3296176,-0.2530397,-0.5457648,2
1.127657,-0.1891892,0.6614705,0.894084,1.030604,1.350934,1.378824,-0.2467805,-0.827856,2
1.848518,0.7898159,0.7930019,0.63664,0.7882191,1.326002,0.008559374,0.4055498,2.094995,2
1.439507,-0.07782882,0.8509006,0.5486849,0.3624438,0.9961873,-0.7065824,-0.1959088,-1.004439,2
1.874945,-0.8842975,1.323126,0.3124883,0.460172,1.181278,-0.9705604,-0.268478,-1.007313,2
0.7175248,-0.1513658,1.247297,0.662305,0.221813,1.249751,-1.154854,-0.4706393,-1.592311,2
0.5068791,-0.2757616,1.168534,0.5885452,0.9522077,1.059182,2.631664,-0.1383392,5.332608,2
0.5707316,-0.6502554,1.403432,1.936203,0.3064683,1.315073,-1.204463,-0.2084495,-1.446721,2
0.9025003,0.6905856,0.799753,0.8126467,0.5635853,0.9092236,1.38671,0.8826431,-2.596037,2
1.615434,-0.3880109,1.392017,1.822171,1.013604,1.017651,6.08159,-0.01584143,-3.421546,2
1.144087,-0.004803555,1.147368,1.783691,0.8775951,0.9166927,0.7384819,0.06506611,3.225481,2
1.973765,-1.24279,1.074743,1.911475,0.9980944,0.9984317,4.262793,0.07032236,0.6447823,2
0.9470876,0.0165202,1.041795,0.370827,0.5819438,1.085955,-1.017015,0.3784461,-1.261285,2
0.7431469,-0.8184775,0.9841207,1.427444,0.9752375,1.172927,-0.8866825,-0.1786997,-0.7641282,2
0.3952923,-1.14726,1.295514,0.2376854,-1.515671,1.393213,-0.8531056,-2.106208,-1.626804,2
1.029181,-1.400548,1.271741,0.4276355,0.05509247,1.097849,-0.009241287,0.09073516,-0.07179568,2
1.637312,-1.014011,1.228625,1.94393,-0.4359319,1.283283,-2.997936,0.7186749,-3.880555,2
0.6312289,0.1763806,1.377816,0.3095856,0.5757067,1.406747,-1.309494,1.653541,-1.637437,2
0.2506282,-1.027391,0.8959035,0.4887695,0.8310818,1.026544,-1.089528,-0.04385759,-1.001405,2
1.252216,-0.2414174,1.085308,0.9925233,-0.3437707,1.116112,-0.8324759,0.4898582,-1.435107,2
0.7950274,-0.06624272,1.17016,0.6934041,0.2618991,0.8456658,-3.91196,0.1989716,-1.320425,2
0.5287762,-0.7202764,1.069391,1.651814,-0.329712,0.5335188,-0.154164,0.5435177,-0.9453451,2
0.05012352,-1.00349,1.219185,1.419396,-0.002280779,0.8649583,-0.9025228,20.12661,-1.174637,2
1.31069,0.6634721,0.8321139,0.4542868,0.4168433,1.081717,-0.2651795,-0.07908233,-0.2972914,2
1.671902,-1.034922,1.4084,1.88523,-1.202833,1.221856,2.043885,1.763535,-4.24524,2
0.419487,-1.240254,1.340634,1.905898,0.6726096,0.8916683,-0.5462681,-0.189068,-0.7239532,2
1.705596,0.6049826,0.8254681,0.9897429,0.6053643,1.048305,-0.1648331,0.1710903,0.5196261,2
1.243227,-1.59197,1.382539,1.513068,0.4590423,0.6786699,-0.3995891,0.1105983,-0.08430601,2
1.684083,-0.2027461,1.3766,0.3654802,1.204031,1.176043,-1.44772,1.173427,-1.637699,2
0.9673067,-0.7051213,0.6342547,0.8787199,0.9533455,1.404966,8.097254,-0.07334006,-1.261659,2
0.743881,-1.103823,1.1643,1.146159,0.08834788,0.9638873,-1.433008,-0.03781375,3.936454,2
1.120087,-0.4647038,0.6734064,1.703428,0.1677003,0.764696,-1.153892,-0.109585,-1.072513,2
1.731245,-1.11661,1.271387,0.8336747,0.2443552,1.270448,-0.2478938,-0.2147255,-0.344868,2
1.106033,-0.8848959,1.138303,0.2539178,0.5737702,1.158839,-0.6851619,-0.2476886,-0.7189598,2
0.3631494,-0.4051889,1.105447,1.979574,0.3844082,0.6201352,-0.243761,-0.2534183,-0.2308733,2
1.172707,-0.08464373,1.121488,1.457398,0.4637361,1.180336,-1.00785,-0.4519609,-0.9968603,2
1.169345,-0.4996769,0.672123,1.896904,0.3569398,1.155678,-1.979947,0.005116913,-1.231355,2
1.241752,-1.188535,1.241591,1.539683,-0.01622915,0.565352,1.12516,-0.08678974,-0.4180218,2
1.014108,-0.8462203,1.311954,0.7925372,-0.3310456,1.341099,-0.0620216,-0.2098698,-0.1980199,2
1.781118,-0.2430802,0.9279922,0.7994061,0.1086295,1.248131,-0.2582194,-0.3810242,-0.7413152,2
0.4458891,-1.285883,1.223211,0.2833329,-0.3608016,0.9870866,0.1167376,0.1059921,-0.07917191,2
1.055035,-0.1695203,0.518168,0.1401985,0.7075692,0.8399678,-0.4424514,-0.07391687,-0.5874235,2
1.376206,-0.3491791,1.077226,1.09743,0.8572326,1.397065,0.1043723,-0.4477628,-0.9236973,2
1.209019,-0.8085071,0.8686543,1.405841,0.8241086,0.8568437,-0.181436,-0.07575218,-0.158939,2
0.6973537,0.3678631,1.222599,1.236364,0.5756921,1.069223,-0.4310835,-0.2341092,-0.7136547,2
1.140028,-0.3370732,1.186318,0.6347755,1.094653,0.928655,-2.108531,0.1893598,-1.871817,2
1.778011,0.2353874,0.6855611,1.465713,1.091722,0.9800724,-1.777793,0.2633272,0.2708032,2
1.401638,0.1784177,0.6926123,1.340737,0.3607499,0.7363572,-0.69956,-0.1967068,-0.1415955,2
1.493792,-0.602064,1.141089,0.901143,0.2546107,1.139435,-0.6954519,-0.4171251,-0.863042,2
1.080746,-1.184979,1.402069,1.66924,-0.3590358,0.6311693,0.7044243,-0.5991894,-0.6471327,2
1.515323,-0.9423499,1.130335,1.349352,-0.5275442,0.8139487,-1.75893,-0.4137889,-0.5417033,2
1.973591,1.297028,1.203746,1.815544,1.260863,1.255482,0.7871008,1.167881,4.061478,2
1.071547,-0.8685562,1.094192,0.8816279,-1.378423,1.311266,-1.247699,1.098715,0.7718698,2
1.705377,-0.5322304,1.393329,1.154382,-0.803094,1.337962,-1.530786,23.89592,-1.768542,2
0.1767765,-0.7993955,1.159914,0.4144576,-0.06664897,1.088255,-1.118834,0.4334624,-1.482547,2
1.697543,-0.2488102,0.7338389,1.276031,0.9973377,1.114492,-0.3246796,-0.1929535,-0.3046798,2
1.805902,-1.257273,1.30499,1.144775,-0.4109339,0.9319264,-0.5471536,-0.0963502,-0.39541,2
0.2425139,-0.175653,1.320035,0.423831,-0.3749416,0.7951127,0.7897831,0.3002101,-1.243327,2
1.879702,-0.296353,0.9540838,0.2574181,1.040838,1.414158,-0.8151598,-0.133966,-1.018699,2
1.780872,-1.216082,1.032534,1.512388,-0.8113496,1.218084,2.934306,1.35239,-90.22356,2
0.7096554,0.379813,1.159822,0.4521469,1.156581,1.395223,-1.228554,0.3957693,12.99342,2
1.08435,0.567918,0.8271217,1.994625,0.5484608,0.5533302,0.1286177,0.518072,-2.540446,2
1.542838,-0.2639082,0.6122704,0.8506548,0.470608,1.187067,0.3674174,-0.2133594,-1.245869,2
1.308303,-0.9361105,0.8281884,0.6534902,-0.3701049,0.621686,-0.04715809,0.1230206,-0.04752517,2
0.6001377,0.9644404,1.402424,1.284267,0.915252,1.34332,-0.8403646,-0.6737022,-1.154506,2
1.59044,0.6227168,0.9228287,1.32456,0.7996023,0.9006121,-1.270958,4.380191,-1.603338,2
0.4753514,-0.79127,1.34896,1.161247,0.1050102,0.5626308,0.2119789,-0.3090167,-1.043394,2
1.31904,-0.4441711,1.021713,0.1706533,1.009308,0.8912143,-1.007036,0.4510367,-1.134458,2
1.337428,-0.7613615,0.8278655,1.777351,0.468957,1.371608,-3.621705,-0.01800222,-1.614948,2
1.688578,-0.7108845,1.140693,1.586339,0.6848532,0.585939,-12.24107,-0.03570636,-1.16852,2
0.824767,0.6101558,1.399764,1.346363,1.329224,1.397079,0.09579511,0.1177198,0.006853688,2
0.8233171,-0.6534172,0.8946764,1.551169,-0.01732599,0.3270908,0.4056447,-0.1773988,-0.5389807,2
0.2668485,0.7091603,0.6880874,0.2893952,0.8767591,0.9714792,-2.958907,-1.18983,-0.5334151,2
1.789461,-0.2726893,0.5587254,1.748801,0.3767972,0.3409985,-16.05208,-0.01359211,-0.7563378,2
0.4076886,0.3600334,0.6641388,0.8811517,0.3993411,0.4514769,0.001462044,0.2005934,1.630503,2
0.6923651,-0.9196385,1.355722,1.113655,-0.8911515,0.8294662,0.7049685,1.725442,-1.652015,2
1.980051,-1.308197,1.11375,1.958184,0.5985012,1.120443,57.95554,0.02817518,3.700993,2
0.4167672,-0.7904837,0.802175,0.2547503,0.2849533,0.8576003,0.2986072,-0.0806854,0.3285174,2
0.9427634,-0.4312394,0.8346238,0.3057301,0.749454,1.148124,-0.5445584,-0.3199435,-0.7612976,2
1.009647,-0.01712689,1.326313,1.706243,0.3993757,1.144899,-0.4210572,-0.4081701,-0.8686035,2
1.770038,0.2511109,0.6199062,1.497554,0.2194428,0.8895019,2.063881,0.9918803,-0.8933927,2
1.471382,-0.4844597,1.29201,1.77982,0.01976265,1.339618,-1.907637,-0.2956314,-1.96525,2
0.1170911,-0.8824716,1.279174,0.5313136,1.375913,1.360809,-0.5184234,-0.04417725,-0.4576549,2
1.033693,0.4171676,0.9780284,0.7029845,0.2329589,1.403213,0.858874,0.3728387,-1.492761,2
1.197749,-0.1323903,0.8634082,0.8340352,0.3681867,0.7746026,-1.203387,-0.1630222,-1.10698,2
0.2826457,-0.4466044,0.5303758,0.2873961,0.2461008,0.4128047,1.668144,-0.108092,-0.2314176,2
0.5608389,-0.6770257,1.237295,1.517377,0.233165,0.819274,-0.4572576,-0.405088,-0.7459832,2
0.3215439,-0.9444824,1.252928,1.067017,0.2296841,0.9856722,-0.9086281,-0.1800096,-1.322475,2
1.667025,0.9432767,0.9030779,1.891606,1.10022,1.219061,-2.456522,-1.583149,-0.7067716,2
1.238314,-1.504572,1.332083,1.519611,-0.8925532,1.130619,-1.829793,1.524898,1.466429,2
1.892126,0.946433,0.8913291,1.838226,1.474844,1.399866,5.081777,-0.5079665,-0.3347015,2
0.5376458,-0.5295352,0.5679175,0.1074738,0.4068971,1.232668,0.002135613,-0.05503821,2.470728,2
1.079023,-0.07565259,1.184164,1.894571,-0.2073878,1.079355,-0.7252399,-0.4494432,-1.256737,2
1.380682,-1.202925,1.100189,1.155128,0.8753595,1.242264,2.383319,-0.06882761,9.839504,2
0.059742,-0.2456892,0.9206909,0.3822713,-0.04971324,0.3558835,-0.1006044,1.808819,-2.262896,2
1.90174,1.177609,1.035692,1.303985,1.3991,1.382125,0.2956391,1.315336,-1.504775,2
1.222629,-0.1930872,0.9312823,1.65949,0.102685,1.172074,-1.971005,0.07231826,-1.304282,2
1.888362,-0.4822858,0.8852375,0.7360338,-0.1193795,1.290576,-0.2120942,-0.1414186,-0.02854569,2
1.436114,-0.1461886,0.6383668,0.2197595,0.740069,1.152967,-0.5051733,-0.2178983,-0.6718099,2
1.885344,-0.2752031,0.3910207,1.511893,-0.4132287,0.5295699,-0.004140973,-0.552523,-0.2600073,2
0.8219144,0.4120803,0.8071612,0.7563255,1.133749,1.345205,2.721395,-0.4112657,-0.6088025,2
1.020888,-0.9979364,1.095247,1.428399,-0.5609007,0.8614259,-0.6441575,0.5099098,0.2577352,2
0.7577331,-0.8427244,1.071088,0.9106293,1.222296,1.219732,0.02134059,-0.1113236,-0.1362882,2
1.550194,-1.218508,1.107356,0.7497586,0.7634491,1.294578,0.3203897,-0.02901157,0.6167004,2
1.492478,0.6061123,0.7918823,0.6157695,0.5352141,0.8709161,-0.3294902,-0.3216276,-0.3955277,2
1.55231,-1.242925,1.236278,1.56328,-0.2078181,0.8337609,-19.16506,0.01245719,-0.141389,2
1.371971,-0.9927076,1.061032,1.999048,-0.1662823,0.8032259,-1.049481,0.07778555,0.4997327,2
0.7575424,-1.16346,1.358906,1.412233,0.4985518,0.4529501,0.6538524,-0.02558546,-0.8614875,2
0.2344083,0.4040424,1.340526,1.788625,0.1871456,0.5306111,-0.1620233,0.2504728,-1.441933,2
1.03535,-0.4849301,0.9177471,1.233353,0.5691059,1.086017,-1.881481,-0.3364369,-1.082358,2
0.2781527,0.3894847,1.152179,0.7123193,0.6614403,0.8907495,-0.2469678,-0.06509395,-0.318301,2
0.4445707,-0.5792548,0.6536311,0.1634277,-0.6698431,0.9405147,-0.1583858,0.09545516,-0.1707714,2
0.5413252,-0.8808509,1.34709,0.74866,0.4815633,0.745303,0.9631777,-0.2584915,-1.167259,2
1.83163,0.5952256,0.9170136,0.5829664,0.7301878,1.355461,-0.4066236,-0.2137831,-0.4202305,2
1.776784,-0.02956907,1.309756,1.611845,1.418583,1.38071,-7.489795,0.1338845,3.391672,2
1.990231,-0.6971927,1.168144,1.714264,-0.3563537,0.8050825,-3.333354,-0.6974755,-0.8885013,2
1.974848,-0.6162239,0.6720012,1.216553,0.7055224,1.096392,0.5358626,-0.1434894,-1.58582,2
1.602805,-0.03073312,1.335738,1.537639,0.2976237,0.9743118,-12.28904,0.260396,-1.531559,2
0.007287896,-0.2354612,0.6859453,0.4588725,0.1314199,0.1198891,-0.006513974,0.008339427,0.1864017,2
0.7304497,-0.2650383,1.330293,1.648062,0.01993002,0.8945523,-0.1900834,-0.6400331,2.519368,2
0.6372391,-0.825636,1.125134,1.107759,-0.2084181,1.091956,-1.264539,0.6051059,-1.787499,2
1.122131,-0.5029249,0.8494785,0.1170587,1.49499,1.337347,-0.6748407,-0.0589346,-0.9073933,2
0.3701552,-1.044056,1.335343,1.99631,-0.4606473,1.037586,-0.7600804,-2.172138,-1.041021,2
1.772812,-0.192687,0.8323326,1.038739,1.335554,1.237524,-1.111239,-0.0004328958,0.6836761,2
0.7412174,0.3463277,0.5613239,0.5243593,0.5939134,0.9694684,0.7049101,-2.230879,-0.7229512,2
0.4361767,-0.8154098,1.036239,0.3766076,0.7272028,1.113956,0.532486,-0.27362,3.595727,2
0.9207882,-1.086347,1.290084,1.235872,-0.2409797,1.087233,-1.509621,0.06318423,1.451777,2
0.1757407,-0.8569966,1.235194,0.470843,0.7444344,0.6818236,0.2460266,-0.04112205,-7.857651,2
0.9248176,-0.5976734,0.8164289,1.558575,0.6275065,1.15444,-1.536961,-0.2217459,-1.118272,2
1.739433,-0.3627035,0.9590067,0.208609,0.8834726,1.320048,-0.8038811,-0.1502539,-0.950174,2
0.5764617,-0.457844,0.7157548,1.496155,-0.1096743,0.2791847,0.1597458,-0.6678722,-0.4708233,2
1.238682,-1.302449,1.308029,1.979783,0.3944299,0.967985,-1.129685,-0.1541586,0.9502934,2
1.170335,-0.8923409,1.309155,0.8668103,-1.560228,1.396584,-1.856945,3.095458,-16.97033,2
0.8580688,-0.4578884,1.05443,1.230625,1.40398,1.35343,0.04771748,-0.07018737,-0.1507609,2
1.062573,-0.3491168,0.5395892,1.574877,1.100086,0.9793609,-0.2354253,0.07472318,-0.1467554,2
1.492442,-0.9549479,0.9914792,1.783597,0.8692876,0.9655913,-0.7326302,-0.1002264,-1.163874,2
0.4732336,-0.821074,1.346021,0.4375577,0.09019977,0.9200501,-5.497288,-0.4044107,-0.9957478,2
0.5150213,-0.7500296,1.398215,0.5637003,0.145823,0.7234776,6.254385,-0.3058428,-1.160351,2
1.597129,0.3074504,0.7070343,0.6759879,-0.02456187,0.9625772,-0.2254609,-0.05442431,-0.8390865,2
1.354786,-1.226137,1.35146,0.5180396,0.3826608,1.078839,-0.6420215,-0.1752705,-0.60261,2
0.7641499,0.2466014,0.979304,0.6419653,1.397959,1.365652,-2.190323,0.1378327,0.1619145,2
0.2905803,0.2083724,0.5553512,0.1251574,-0.08624506,0.8433788,0.02182081,-0.0235832,-2.21113,2
0.5576854,-0.6163081,1.13598,0.3841303,0.0540993,0.7682614,-1.660702,-0.3256797,-0.9425379,2
1.873353,-0.5036327,1.043248,1.921715,0.4732473,1.06457,-2.627883,-0.393729,-1.571013,2
1.100116,0.6744744,0.724701,0.5618955,0.5882266,0.8306912,-0.1014297,0.01846458,-0.04093813,2
1.083188,-0.7506269,0.6347648,1.428144,-0.7416896,0.7892162,-0.7896556,-1.466328,-0.5274488,2
0.2387289,-1.200999,1.102207,1.327095,-0.9085474,0.7684841,0.01965338,0.05220202,0.06793109,2
0.4114173,-1.158095,1.29823,1.610636,0.9233642,0.7891709,0.08694973,0.05306084,0.6264382,2
1.855864,-0.08294468,0.6712707,1.541265,-0.387325,0.6629265,-1.050358,0.07722185,-1.557476,2
0.09575103,-1.125895,1.388809,1.765102,-0.1600257,0.4622781,-0.3405441,-1.046915,-0.3647518,2
1.824548,-0.233768,0.4335973,1.195872,0.7077896,0.8728601,0.2663965,-0.1378159,-0.5197059,2
0.9116852,0.1427229,0.6573105,0.709321,0.5773312,0.5714813,-1.732783,0.450691,-1.554577,2
0.8718274,-0.2143875,0.7612949,1.059833,0.5833181,0.514678,2.398711,0.06654481,-1.986314,2
1.821717,0.2421815,0.2324295,0.798987,0.4106471,0.4256342,0.003746435,0.2404832,-0.2419333,2
0.931471,-0.3772366,1.168192,1.363527,0.5699781,1.103848,-0.4602365,-0.4187896,-0.6706772,2
1.690117,-1.121763,1.364812,1.945673,0.986194,0.9691806,2.845141,-0.1115064,-1.454996,2
0.9586197,-0.162371,0.334154,0.2864074,0.2998923,1.02426,0.09752575,0.01843121,-1.00509,2
0.3216298,-1.402407,1.345773,0.9011987,0.2818696,1.330027,-1.561921,0.204228,-2.011581,2
1.166091,0.001258698,1.284362,1.220114,1.145433,1.210365,12.39132,0.07292585,6.918025,2
1.984429,1.291522,1.390617,1.847142,1.157797,1.33933,0.07776987,0.06441889,-0.1534331,2
0.2037247,-0.9439027,1.016538,1.953586,1.278486,1.109866,-0.279583,0.1768974,-0.1795287,2
1.558596,-0.3678472,0.8094082,1.899238,0.01594725,1.112923,-2.877915,0.2939423,-1.313492,2
1.970483,0.1865536,0.7800672,0.7309485,0.8588011,0.9362277,-0.7641019,1.276035,-1.305255,2
0.7321933,-0.1645893,0.7524394,1.328542,0.8280662,1.115301,-0.9795496,-0.2401397,-0.7252049,2
0.5095488,-0.7376694,0.7506611,1.67649,0.1726833,0.8467658,-0.9291555,0.1922432,-1.028113,2
0.2217154,0.2208758,1.322635,1.554634,0.2854553,0.6160776,-0.2024593,-0.08782175,-0.6402916,2
1.315693,0.1633515,0.7480726,1.426195,0.2294803,0.7600924,-0.6744231,-0.3229986,-0.6886275,2
0.835745,-0.6845866,1.314161,0.276537,0.8185268,0.7573726,-1.42905,-0.05325481,-1.223527,2
1.989363,-0.9366435,1.356914,0.79477,0.3270219,0.9845448,-1.105518,-0.3041677,-0.9891953,2
0.855338,-0.3170995,0.9660151,1.475639,1.142651,1.083318,0.1682182,-0.03071248,0.01159632,2
0.3645076,-1.03663,0.9312322,0.2411906,1.418777,1.391193,0.467772,0.04724592,-1.018806,2
0.2439332,0.6533375,1.174866,0.885699,0.3238494,0.7815124,-0.3927875,-0.2253111,-1.335308,2
0.09515807,-0.7841516,1.359842,1.108135,0.430105,0.3933992,0.01842427,0.0004944151,5.160466,2
0.6853506,-0.7561896,1.217922,1.610773,0.5062907,0.6463346,0.1137729,-0.1942215,-1.695586,2
1.671399,-1.194779,1.387512,1.571604,-1.13392,1.350118,-0.6229999,-0.4214212,-0.5695093,2
0.7264872,-0.0951248,1.033532,0.6142212,1.585954,1.363763,-4.116345,0.2113833,0.8520596,2
0.2734233,-0.716089,1.259009,1.374348,0.1637498,0.7286059,-0.5327745,-0.3286472,-0.7438735,2
0.5441028,-0.1294829,1.037472,0.5491075,-0.437608,0.8798727,34.46058,0.1746778,-1.401653,2
1.765604,-0.8268842,1.115369,0.8419523,-0.1237585,1.350447,-0.1796992,-0.1667608,-0.1225608,2
1.616127,0.2133013,0.8226727,0.9096029,0.1134309,0.9509047,-0.4513864,-0.2408568,-0.9218858,2
0.7146435,-1.416968,1.28258,0.5880719,-0.8691497,1.167384,1.185072,0.5498863,0.439643,2
1.767836,-0.1552095,0.4279342,1.412846,0.2479201,0.7442358,1.110801,-0.1207557,-0.7684255,2
0.1445913,-0.06429858,1.076501,0.1735302,-0.4287987,1.06662,-0.4669404,-0.2426667,-0.7385471,2
0.2903667,-0.9157313,1.353198,0.4734934,1.049549,1.054838,0.4798067,-0.1490523,5.353504,2
1.027379,-0.3273346,0.7214675,0.5654215,-0.6700251,1.053487,-0.2656318,-1.654592,-0.07454627,2
1.372666,0.1995775,0.9406233,1.89318,1.022807,1.16071,-0.2625864,-0.1391869,-0.3514158,2
1.003015,0.3605592,0.7451766,0.2331857,0.7869458,1.334904,-0.4147686,-0.2696823,-0.3890671,2
0.3587573,-1.071738,1.105854,1.978503,0.1545826,0.5411814,-0.4519231,-0.1030424,-2.09724,2
0.6337785,0.75801,1.029031,1.189066,0.7557707,0.7464159,0.09603562,0.469724,3.23238,2
0.1896408,-0.6335951,1.091717,0.09486954,1.267653,1.34588,-0.9868519,-0.2353849,-2.742247,2
1.744839,-0.8078895,1.197478,0.8037447,0.8315934,1.13565,-0.9709155,-0.2942018,-1.006645,2
1.44964,-0.7075117,0.7073843,0.5614178,0.5706266,0.7798305,-0.1543001,-0.06824396,-0.1240076,2
0.7395852,-0.1546951,1.013116,1.239977,0.4108097,0.803013,-0.05275281,-0.2598414,1.082436,2
1.848111,-0.4305747,0.6729755,0.9657478,-0.2272664,0.5965155,-0.502998,-0.2539317,-0.5047522,2
1.032062,-1.520464,1.318568,1.035666,0.4061675,1.382334,-260.4185,0.1150695,8.30018,2
1.082143,0.8533683,1.403802,1.919001,0.3439811,1.068519,-0.5439438,-0.3221749,9.915003,2
1.939863,0.1538956,0.6216227,1.099927,0.4268064,1.145203,0.6495753,-1.126354,-0.9946173,2
1.612594,0.01116267,0.8880715,0.2174505,0.2685333,1.358071,-0.7249526,2.766336,-0.999896,2
1.804256,-0.7921793,0.8908119,0.9276364,0.3953362,0.6423037,-0.5595188,-0.1166887,-0.4471749,2
0.006270438,-1.352613,1.210055,0.07221918,1.351134,1.298927,-0.5756329,0.2006124,-0.5039287,2
0.1611483,-0.8957224,0.9961575,1.763844,-0.2357998,0.4652427,-0.3187131,-0.9179203,-0.4935225,2
0.6386164,-1.327662,1.174918,0.7226235,1.372683,1.282319,-1.57416,0.09089286,-0.7844141,2
0.107948,-0.2582611,1.364998,0.9014928,1.068436,1.176185,-0.5390732,-0.147009,-0.5623972,2
1.314046,1.09847,1.199454,0.7782801,1.149405,1.14796,-0.5129304,-0.8931885,-0.6113269,2
0.4654906,-1.465948,1.248146,1.457819,0.3283983,0.3598856,-0.05345996,0.1387183,-0.08318826,2
1.674269,-0.2916961,0.4177208,1.054703,0.04410396,0.2814282,-0.439204,-0.1010421,-0.28661,2
1.08132,-0.798103,0.7568387,0.5200086,-0.0865138,0.64732,-0.02637785,0.03531953,-0.07847978,2
1.525204,-0.4752632,0.7793738,1.699694,0.841732,1.319042,-5.173717,-0.2631497,-1.099901,2
1.778895,-0.8984338,0.9969608,0.9340356,-0.5658262,0.88273,-0.4142874,-0.1560286,-0.4089898,2
1.125015,-0.6860297,0.8200248,0.1560887,1.420081,1.211264,-0.5264839,-0.03262444,-0.6937624,2
0.9548926,0.1072058,1.255359,1.527696,0.4767579,0.6804217,0.7397932,0.4474338,-1.646776,2
0.5707046,-0.809351,1.053797,1.178127,-0.9055523,0.8061101,0.1742484,0.4397619,0.8536263,2
1.305938,-1.250918,1.197207,0.9453281,0.6911802,1.215699,0.8548359,-0.1023019,0.6931008,2
0.306482,-0.5382016,0.6566472,0.1595382,-0.3023938,1.211285,0.3661176,0.5640968,-1.856686,2
0.6646274,0.05438741,1.095942,0.4738031,1.259551,1.215064,-2.275035,0.2505078,10.93152,2
1.710117,-1.263491,1.286878,0.881869,1.242644,1.384224,-0.3948482,-0.1083759,-0.3674987,2
0.5381273,-0.3560843,0.897714,1.482312,1.182424,1.067306,-0.1205799,0.04903052,-0.1158989,2
0.01085226,-0.7497336,1.319139,0.1858892,0.7866364,1.136356,-0.812872,-0.04428219,-0.8673817,2
0.2466747,-1.221918,1.413615,1.902728,0.2373332,1.325526,-1.277831,1.3031,-1.540166,2
1.763835,0.2024329,0.9368837,1.503963,0.296621,0.6802977,-2.560604,3.565553,-1.022311,2
0.7952682,-0.2152425,0.8560665,1.877223,0.2707062,0.8668925,-0.7716846,-0.2751181,-0.9057792,2
0.8467651,-0.2814403,1.16871,1.579614,-0.3063965,0.7935999,0.03942309,0.3778706,-1.414165,2
1.486277,-1.462403,1.374894,1.952113,-0.3166245,0.6442768,0.04759506,0.04022891,-0.2092671,2
0.1140351,-0.3595032,1.183943,1.040178,-0.1786573,0.4354337,-0.2133253,0.06350397,0.09854327,2
0.3482879,-0.8755011,1.061307,1.300693,0.08460953,1.090413,-1.097083,0.5678964,-1.279373,2
0.8464146,-1.064342,1.069392,0.2481355,0.3156473,1.340461,-0.06945929,-0.07015008,-0.02085554,2
0.7531077,-0.7755335,0.6705,0.3974742,-0.4619813,0.6912417,0.1873448,0.2543378,0.2111686,2
0.2655462,-0.4188694,1.411501,0.2346715,-0.06635379,1.207878,-3.300067,-0.5871258,-1.401202,2
1.45715,0.1970326,1.200673,1.858074,0.6256131,0.8857299,1.26137,0.2757185,-2.393973,2
1.106993,0.24475,0.9383634,0.378365,0.4070581,1.172181,-0.6959935,-1.03539,-1.02705,2
1.949905,-0.6883863,0.9533532,0.9322384,1.303772,1.307282,-0.6438617,-0.1603251,-10.40752,2
0.1610807,-0.3419891,1.388263,0.4828452,0.3934037,0.8410403,-0.162702,-0.3277096,1.119991,2
1.886098,-0.2058227,0.7606539,0.7949802,0.5404401,0.6492146,-0.902162,-0.01299879,-0.9225427,2
0.4276229,-0.9141254,1.410383,1.091054,0.3586452,0.4302209,0.3240127,-0.1088835,-1.149839,2
1.047979,-0.5403934,0.6825592,0.8492656,0.1211482,1.13459,2.352758,0.1110841,-1.622828,2
1.420255,0.3524954,1.049789,1.478862,-0.1100295,0.9345468,2.624054,-0.2830602,-0.7181228,2
0.84207,-1.465356,1.303959,1.309474,0.3199419,0.7280495,-0.6839504,0.02181665,0.09256739,2
1.561944,-1.445201,1.23784,0.5974176,-1.346982,1.333384,-0.06734476,0.2161048,-0.03876235,2
0.6985672,-0.8014476,0.949146,1.84723,0.1905371,1.044526,-1.186579,0.1158329,-1.308399,2
1.835963,-0.5149435,0.6323642,1.212846,-0.7424991,0.648263,-0.6276714,-7.144051,-1.188929,2
0.4982734,-0.1836785,1.113454,1.279027,0.8069046,0.7166724,0.3570573,0.1138122,2.289518,2
1.21395,-1.251321,1.220607,1.145111,0.7389991,1.367067,9.873368,-0.1441481,-20.92923,2
1.397373,0.09728893,0.4306884,1.578024,0.9569086,0.8313654,0.1105767,0.1253066,-0.0273212,2
0.2309096,-1.008599,0.9340344,1.666703,0.9449019,1.296669,-1.009104,0.05219569,-1.005112,2
0.3186156,-0.9032388,0.963459,1.077345,0.1594843,0.9884384,-1.0531,0.2483003,-1.244535,2
0.9764384,0.1300912,0.6940166,1.142401,1.109053,1.054176,0.3989642,0.04222746,-0.110616,2
1.19681,0.4516919,0.6707584,0.890322,0.2952788,0.8877573,0.576293,0.4520842,-1.386376,2
0.3747724,-1.171712,1.077347,1.69373,-0.350785,0.6676725,-0.4973275,-3.036308,-1.326289,2
0.5339297,-0.7770123,1.114105,1.597691,1.062605,1.332349,-0.9084063,-0.2284358,-0.862101,2
0.5506033,-1.533251,1.362341,1.71128,0.563906,0.6418266,-0.1765506,0.01599225,0.06143282,2
0.1570661,0.6837484,0.6481277,0.1739051,0.9927978,0.9719793,-1.569679,-0.4279232,-0.2983534,2
0.9201607,-0.2979561,0.8162277,1.235547,1.297001,1.130501,0.6136021,0.07842614,0.08728208,2
0.8320429,-1.177216,1.031961,0.2666678,-0.330651,0.832875,-0.1099448,0.1521202,-0.09031947,2
1.400671,0.1728059,0.679162,1.82074,0.2621629,0.5696642,0.09577906,0.0800124,-1.796016,2
0.7654834,-0.8239921,1.007969,1.43171,0.6397942,0.9927891,-0.8813508,-0.2417288,-1.031729,2
0.53344,-0.9153335,0.9991247,1.549441,0.5731617,0.7368192,-0.4191143,-0.150501,-0.6225427,2
1.807453,-0.7172319,1.300053,0.834636,1.169627,1.388874,-1.221026,-0.3166409,-1.575738,2
0.909138,-1.05784,1.120017,1.907387,0.8487676,0.9549199,-0.4648761,-0.1224404,-0.6079796,2
0.4502896,-0.9550782,1.13095,1.369886,1.188782,1.192019,-0.4848787,-0.05985066,-0.4302963,2
1.695575,0.02031299,0.8646999,1.385713,0.6853105,0.6778237,-3.038055,0.3068454,-1.714399,2
1.314683,-0.3699545,1.385224,0.8831545,-0.008532501,1.259829,-1.508404,-0.5153653,-1.443529,2
0.07817703,-1.181559,1.351448,1.357224,0.9645823,1.292003,-0.9685766,0.2427061,-1.028659,2
0.7781337,-0.4483542,0.8687379,0.8092702,1.359721,1.402536,-2.99168,-0.1282099,-0.450463,2
0.2303921,-1.180154,1.271114,0.1492379,0.09100654,0.7810305,-0.860991,-0.123064,-0.5060614,2
1.065479,-0.6745518,0.7650567,0.8918902,0.336795,0.4650661,-1.240927,-0.08985831,-0.4122098,2
0.5611614,-0.6372938,0.8832347,1.315866,0.1827188,0.7742469,-0.7655713,-0.1691146,-1.121567,2
1.282972,-0.3110611,0.3382126,0.2699322,1.184494,1.007487,-0.07799575,0.06185615,0.03078856,2
1.33712,-1.219077,1.157228,1.850541,0.9250692,1.231189,-1.875182,-0.1204591,-1.927298,2
0.174764,-0.4715576,1.330659,0.7600747,0.8241996,1.175884,-0.7108224,-0.3365117,-0.8119249,2
0.9763603,-1.333546,1.331498,1.756463,0.5476793,0.9860727,-0.9331664,-0.1721621,2.215948,2
0.3559212,-0.3202837,1.093176,0.4703079,0.02878553,1.090263,-1.108223,-0.2911369,-1.434721,2
1.485336,-1.21832,1.188573,0.7156898,-0.2201005,1.336404,0.2322743,0.1281491,0.338664,2
0.1818142,-1.339126,1.164001,1.59452,-0.1410209,0.4644395,-0.3864785,11.83416,-3.483761,2
0.8068174,-0.9098534,0.8278458,1.037981,1.133025,1.291756,-2.479721,-0.04508372,-0.9205852,2
0.8615303,-0.3107505,1.276048,0.8386246,0.8505298,1.159494,-15.82951,-0.2726928,-4.337587,2
1.47823,-0.2227547,0.5779402,0.8947033,0.161661,0.863256,0.1692915,-0.1651384,-1.260414,2
0.8535309,-0.1868479,1.156815,0.8400494,1.349874,1.235212,-41.29567,0.08679957,1.89619,2
0.777145,0.06029243,1.26053,1.537666,0.5472193,0.5271687,0.7328553,0.5016687,-1.714875,2
0.03949001,-0.9874641,1.352186,1.335496,-0.2667595,0.4664017,-0.3182017,-0.788358,-0.3999448,2
1.093208,-0.2277397,0.4753853,0.9216143,0.9488804,0.8617442,-0.3691585,0.01643031,-0.07081924,2
1.571381,0.4181667,0.7927596,0.3088263,0.6664683,1.181524,-0.4674218,-0.6268892,-0.5894095,2
1.259072,-0.806173,1.105923,1.365333,-1.073986,1.213769,0.2322371,-0.001713662,-0.1959873,2
1.712413,0.05292619,0.9745629,1.077456,1.061998,1.114276,-1.469528,0.1557832,-19.08947,2
0.998127,-0.5542275,0.7916178,1.513916,0.2709898,0.9660844,-1.530776,-0.1409417,-1.241808,2
1.960317,-0.1395528,0.61573,0.5887848,0.1890338,1.362297,0.0283603,-0.006559083,-1.508948,2
1.740304,0.4324558,0.5913702,0.9633694,-0.01526073,0.7758198,0.09337047,0.1149066,0.02552781,2
0.4366049,-0.4620526,1.283664,1.386377,1.102955,1.205528,-0.3707932,-0.1882937,-0.41081,2
0.6279882,-0.3690951,1.3644,1.254646,-0.8863953,1.048168,-0.01416478,0.268117,0.2600204,2
0.187965,-1.232683,1.38098,0.5670874,-0.1983307,1.012116,-0.9352011,0.9876208,-1.989757,2
1.802305,-0.2655606,0.2334181,0.152024,0.002210612,1.018754,0.03078252,0.1598093,-2.651316,2
0.8152531,-0.1113174,0.8995275,0.722358,0.7015579,1.282005,2.281592,-0.4245605,-1.006457,2
1.746737,0.7126474,0.6802251,1.824206,0.7451101,0.8722768,-4.917679,-3.882078,-0.6901386,2
0.2606473,0.5545791,0.8940536,0.3151303,1.073893,1.342075,-2.254662,-0.568899,-0.7321074,2
1.016107,0.1656756,1.157356,0.5333266,1.550812,1.32022,-1.791959,0.8876127,-7.605089,2
0.7579932,0.496754,0.9806843,1.878071,0.7561726,0.9501889,-0.4244396,-0.1951082,-0.5431169,2
1.118617,0.03713013,1.369481,0.8328201,-0.1096956,1.401183,-1.027168,-0.4360726,-1.674277,2
0.2232931,-0.4964437,1.184964,0.04395442,0.9827423,1.389819,-1.022964,-0.2394208,-1.206907,2
1.64357,-1.168959,1.306385,0.2342834,0.2594891,1.271993,-0.6569335,-0.1548462,-0.6609524,2
0.3370559,-0.6715536,0.8005505,0.2125348,0.1838903,1.254877,0.8087554,-0.006930265,-2.869749,2
0.2290097,-1.037195,1.229185,1.93565,-0.468366,0.8266245,-0.5524772,-1.437103,-0.7914882,2
1.819055,-0.5630512,0.9747853,1.303092,-0.6052186,1.262335,0.0684157,1.112555,-1.595415,2
0.7644363,-0.9122297,1.122349,1.738773,-0.3349082,0.5747963,-0.1411682,-1.12642,-0.534236,2
0.5059477,-0.8090627,1.196357,0.08291045,1.095788,1.303033,-0.886918,-0.2120504,-0.9589843,2
1.778474,-0.5539038,1.290452,1.352877,0.2376068,1.324215,-0.5858104,-0.4940424,-0.861287,2
1.488153,-0.3786596,1.275221,0.9194242,-0.2299056,1.156254,-1.346967,-0.6430808,-1.335853,2
1.77544,0.2903657,0.9277444,0.3816976,0.7436004,1.050622,-0.7480879,-2.750828,-0.9502652,2
0.1875981,-0.9466231,1.217319,1.048307,-0.3387954,1.039251,-0.851819,-3.467046,-1.118578,2
0.6897607,-1.000143,0.8917389,0.6929457,1.210843,1.344693,-110.9566,-0.01927377,-1.074572,2
1.625497,-0.2120722,0.18105,0.2650639,0.3707311,0.774676,0.08477074,0.03443804,-0.9086716,2
1.044322,-0.3447568,1.404032,1.210694,-0.2916671,1.216905,0.6427449,-13.91826,-1.506291,2
0.7720547,-0.9066811,1.034245,0.8048328,-0.387685,0.6885649,1.991998,-0.2402678,-0.3939254,2
0.0152466,-1.426696,1.224343,1.986552,0.1455033,0.5444717,-0.6570479,2.088742,-0.851301,2
1.467409,-0.6183776,1.335531,1.000372,-0.3536826,1.40135,-0.6810135,-0.419992,-1.029557,2
1.700276,0.06283857,1.345334,1.766453,0.4049598,0.8836091,13.97731,0.6208868,-1.563503,2
0.2684574,-0.1347773,0.7940161,0.05210002,1.207007,1.190443,-0.7541804,0.1452779,-1.294271,2
1.550042,0.09854448,0.656736,0.3370225,0.9029781,1.137705,-0.5276445,0.4324937,-1.022448,2
1.819393,-0.3854548,0.3982426,1.267334,0.9741269,1.250699,1.29745,-0.07623361,-0.8426356,2
1.34606,1.216362,1.214499,1.755849,1.212908,1.304147,-0.8775893,-1.065437,-0.7991253,2
0.2631534,-0.1623189,1.011131,1.340965,-0.2964492,0.4854862,-0.1461852,0.08211927,-0.208224,2
0.9612936,-1.334212,1.167267,1.392595,-0.756542,1.016513,-1.205796,2.940399,13.1929,2
0.6869685,0.3396026,0.8156019,0.8602943,0.1013991,0.669554,-0.003036649,-0.3723308,-0.3777489,2
0.9810389,-1.071848,1.049538,1.611324,0.8286889,1.147278,-1.386304,-0.1411604,-1.352619,2
0.1683166,-0.7293899,0.8781925,1.269845,0.6647509,0.6178061,-0.1711768,0.007271681,-0.1131764,2
1.372226,-1.132315,0.9685113,0.9381008,0.6362382,1.216254,1.488529,0.02850715,6.864775,2
0.5498719,-0.185966,0.8661537,0.5100714,0.2745792,1.272,5.846714,-0.1933886,-1.36094,2
1.787282,-0.7840242,0.8087416,1.362544,1.101493,0.9797885,-0.5318302,0.02534222,0.6967905,2
1.279063,-0.1912586,0.4680159,0.217077,0.9038961,1.288856,-0.1297327,-0.2770363,-1.2551,2
1.624046,-0.2441725,0.559716,0.3742687,0.2045831,1.222996,-0.08495689,-0.1367845,-5.029853,2
1.606299,0.2152263,1.314461,1.458299,0.3323274,1.005089,-4.939585,2.779909,-1.461226,2
1.665432,-0.6740164,1.29028,1.88447,-0.2977681,1.121403,-0.315746,-0.4582146,-0.6387617,2
1.379928,-0.2778199,0.4211894,1.107736,1.286509,1.206999,0.617928,0.06057758,-0.3122425,2
1.040307,-0.004855689,1.123777,1.00534,1.101139,1.209225,-12.33356,-0.04656621,1.23033,2
1.051809,-1.291133,1.133852,1.729585,-0.54919,1.217902,-1.8116,3.348748,-2.360809,2
1.546314,-1.063171,0.9869767,0.4124407,0.2073429,1.362874,0.06466812,0.05324485,0.2773368,2
1.048177,0.9976733,1.338857,1.721525,0.5950497,1.20716,-0.9676134,17.37739,-2.219532,2
1.013767,-0.3035721,0.818945,1.001904,0.3168437,0.4250367,-39.08641,-0.05388797,-0.8760934,2
1.439333,0.09919664,1.013019,1.705983,0.6787079,1.176744,-1.159841,-0.4026165,-0.7769692,2
0.3455735,-1.391616,1.406353,1.016243,0.2484618,1.26801,-1.407752,0.1312789,-2.006783,2
1.347435,-0.4705376,1.14555,0.463586,1.371883,1.300969,-1.23933,-0.06890245,-1.841424,2
1.873941,-0.607672,0.6592182,1.851769,0.3549882,1.264979,66.7449,0.06319108,-1.512788,2
0.3282908,-1.146013,1.317779,1.251301,-0.1733327,0.3537553,0.1438434,-0.6507916,-0.5523018,2
1.600597,0.1602328,1.286949,0.7215273,1.007528,1.237576,-1.465707,1.213504,-1.749303,2
0.9923932,0.8802919,1.32383,1.426961,0.4870411,0.9948365,-0.3347834,-0.9190433,-0.3863305,2
0.2449972,-0.8703873,1.271754,1.997522,1.019506,1.015441,-0.3861487,-0.0451862,-0.3357362,2
0.9681652,-0.5370721,0.6869227,0.8726635,-0.2250483,0.7614309,1.728814,0.1612878,-61.29022,2
0.896792,-0.6434836,1.009165,1.823647,1.094005,1.386065,-1.097827,-0.2462207,-0.8996207,2
0.1024968,-0.8407129,1.338695,0.7205595,0.6436737,0.731913,-0.2460107,-0.1711852,-0.1182156,2
1.681654,-0.6767421,1.319258,0.7617054,0.4010451,1.275647,-1.032056,-0.4543683,-1.159048,2
0.4668702,-0.5126407,1.257317,1.761094,-0.28144,0.5736535,-0.09190949,0.5364717,-1.436649,2
0.2931422,-0.6789097,0.8389733,0.5569482,0.5304264,0.5987095,-0.006934783,-0.1173051,-13.96195,2
0.3089493,-0.506322,1.098339,0.2477575,0.1255845,1.0527,-0.7409124,-0.4077156,-0.7967074,2
1.120703,0.5563119,1.193426,1.824579,1.218595,1.083065,0.712736,0.4797579,0.9365676,2
0.1830316,-0.3486629,0.52502,0.298556,0.2798564,0.7240306,-1.065908,-0.1179685,-0.7867078,2
0.8917114,-0.5120966,0.6741279,0.05132717,0.1643565,1.070692,-0.4074026,-0.1497203,-0.4530169,2
0.535973,-0.1074935,1.031053,0.8411557,-0.4748205,0.7561105,0.3927757,0.1951767,-2.074034,2
0.2159505,-1.390627,1.311888,0.6205235,0.2309433,0.3953378,-0.04608649,0.02659479,-0.3010196,2
1.822545,-0.5024929,0.8084307,0.2165882,0.3065089,1.057081,-0.5619883,-0.2319267,-0.6442833,2
1.030972,0.01652637,0.1892703,0.6360469,0.05381578,0.1607364,-0.2370681,0.2481061,-0.2150879,2
0.2933874,0.6314463,1.294716,0.520005,0.6266108,0.9652888,-0.1621156,0.3250061,6.271475,2
1.128846,0.4438473,1.195492,1.164668,0.9484139,0.8438991,22.00301,1.343886,-2.3296,2
0.8964356,0.5487326,1.023978,0.5727251,0.889571,0.7727603,-1.537533,30.57925,-1.210317,2
1.228984,-0.9875844,0.9041856,1.792342,0.1759992,1.406083,-3.365007,0.464628,-1.931372,2
1.428683,-1.411762,1.195814,0.4772151,-0.5956855,1.184432,0.08781017,0.3104095,0.09926134,2
1.074373,-1.243576,1.141728,0.4541523,-0.9599058,1.306023,-0.002248251,0.2772623,0.08584626,2
0.4032716,0.1881151,1.184099,1.934235,1.448072,1.412433,-0.4708492,-0.002897762,-0.4491107,2
1.952929,-0.2928045,0.8246034,0.7704808,-0.8028491,1.336323,-0.3376473,-3.634646,2.432955,2
1.5804,0.3718545,0.6651184,0.8839431,0.9935992,0.9062051,-0.6985034,1.014689,1.472104,2
1.986696,-1.029651,0.8809381,1.703385,-0.06601656,0.4969579,0.5938349,0.1493519,0.02110329,2
0.3064645,-0.1834589,0.9730699,0.9864343,0.86746,1.199627,-0.8390821,-0.2753617,-0.827671,2
0.7721922,-0.8849288,1.166202,0.5601732,-0.7276431,1.325958,0.01068452,0.2544583,0.9153928,2
0.923101,-1.15955,1.109357,1.365483,0.0006989199,1.075795,-2.143606,0.2659366,-6.284339,2
0.1866901,0.8516244,1.219535,0.1421648,0.9112158,1.323417,-0.5126747,-0.3199158,-0.7312086,2
1.373105,0.4822281,1.209056,0.7331321,1.50066,1.413514,-1.450422,1.864939,-5.560926,2
0.1179995,-0.8401052,1.362312,1.881603,0.2751746,1.062023,-0.9920066,1.082774,-1.189907,2
0.5878963,-0.3574452,1.151502,0.7025248,-0.7861612,1.229552,-0.4926434,-0.2548469,-0.5654171,2
0.8856702,-0.4947577,0.9696849,0.2116266,0.3798145,1.183177,-0.6809919,-0.3547223,-0.8517736,2
1.723424,0.09052304,0.8595506,1.607754,0.4827393,0.6665689,-5.60557,0.262355,-1.355545,2
0.9814404,-0.06368726,0.4592535,1.284381,0.3121872,0.6883805,-1.344027,-0.1848549,-0.6233083,2
1.72744,0.2504871,1.365606,1.683723,0.8601701,1.358589,-10.22661,-0.1039722,7.496474,2
0.2265573,-0.6709419,0.8802601,0.9653836,0.709193,0.6220383,-0.006728879,0.02120613,0.1307332,2
1.307989,0.4447331,0.4439746,0.1173424,0.636058,1.02571,-0.07308343,-0.04485237,0.08964669,2
0.9602712,0.4064209,0.9260141,0.2793938,0.7963456,1.178751,-0.6564357,-1.3818,-0.8988952,2
0.3159754,-0.6653783,0.724049,0.5791687,0.1674904,0.9803818,-1.511374,0.1690574,-1.257833,2
0.805932,-0.5823491,0.8987473,1.003044,-0.2932791,0.5760555,0.7855491,-0.7476917,-0.6186773,2
0.05512449,-0.6025466,1.22732,0.9436106,0.3321269,0.7362642,-0.581075,-0.1381931,-0.6592474,2
0.9528846,-1.077625,1.383118,1.810386,-0.5464132,1.218191,-1.050681,15.25322,-1.810748,2
0.06033206,-0.7295874,1.183734,0.584578,0.05092067,0.7386573,-0.6216474,0.4869007,-0.7715503,2
0.6853111,-0.03590753,0.3908781,0.1916255,1.269067,1.23856,-0.08348685,-0.04639794,-0.2608919,2
0.356219,0.04355183,1.347461,1.354209,0.3723253,0.8263715,-0.2615574,-0.2331305,-0.5682307,2
0.9219185,-1.400027,1.266985,1.074703,-1.065293,1.212939,-1.837546,3.327294,34.73794,2
0.6087351,-0.005460241,0.5385882,0.4842843,0.7239761,0.9588106,0.9423282,-0.2347056,-0.5407202,2
1.645828,0.3366113,0.69433,0.5390242,0.3653288,1.401315,0.06076337,0.4773012,-1.429591,2
0.5504318,-0.2014979,1.244181,0.2374747,0.324064,1.252352,-1.153686,-0.2460457,-1.399762,2
1.562674,-0.4521999,0.7546725,0.6567444,-0.5120656,0.8957679,-0.4095964,-0.2727543,-0.7403217,2
0.7511676,-0.8542044,0.8252861,0.2553221,-0.9727818,1.048245,-0.1805491,0.02389993,-0.2732189,2
0.5126591,-0.3786304,1.193613,1.597144,-0.2305769,0.4715346,0.3554635,0.7417993,-0.9592746,2
0.7253829,-0.06625759,0.893168,1.294913,0.8059072,1.146567,-0.9116317,-0.3042711,-0.7575789,2
0.7526562,-0.6471856,1.302355,1.838125,0.9023669,1.034775,-0.1155875,-0.2294397,0.02733018,2
1.04696,-0.3551457,1.383576,0.7430874,-0.5759744,1.285026,-1.715333,2.906106,-1.681426,2
1.036824,-0.2131219,0.8737657,1.400092,0.2971322,0.8909944,-0.7691712,-0.3449022,-0.8887269,2
0.2999369,-0.1325769,0.9806075,0.4136214,-0.2821116,0.8155395,0.07716496,0.01105827,-2.31279,2
0.3593886,-0.5115671,1.297469,1.63804,1.149199,1.073804,-0.1276484,-0.01114705,-0.09023802,2
1.194806,-0.9060228,1.288218,1.545428,0.9922943,1.251419,-0.3427982,-0.3065323,-0.372652,2
0.1723296,0.2434323,1.042107,0.0912282,1.22553,1.043596,-1.576943,1.298493,-2.671143,2
0.7177706,0.6284602,1.173374,1.475976,0.8209015,1.294115,-0.9921687,-0.6179909,-1.048008,2
1.502683,-0.2191734,0.7821127,0.5886699,-0.1339215,0.7772989,-0.6684041,-0.336277,-0.8546629,2
0.7293,-0.309901,1.220027,1.070805,-0.9498312,1.010943,0.6101112,0.4777416,1.778243,2
1.754742,-0.7319802,0.9109206,0.3664424,-0.1389091,1.297753,-0.2721647,-0.1493408,-0.4300841,2
0.9706349,-0.5473338,1.120857,1.027493,0.4190516,0.5517743,9.968204,-0.1297626,-1.106146,2
0.6204621,-0.7767325,1.043923,0.1089289,0.5952612,1.138293,-0.6665744,-0.2322863,-0.7072659,2
1.158088,-0.6775405,1.163763,1.652307,-0.5710474,0.9271529,-0.1226054,0.8241776,-1.441922,2
1.559164,0.7625834,0.7225325,0.9135082,0.6445214,1.000755,0.2968394,0.6600472,70.90473,2
1.77312,0.0237671,0.4132232,0.5857987,0.6329702,1.033892,0.1116501,-0.3935927,-0.7322894,2
1.510948,-0.8863787,1.270824,1.09003,0.08370971,1.317689,0.04113151,-0.3100797,-0.06355036,2
1.214349,-0.6610698,0.8882823,0.7919016,1.022032,1.234083,-0.05552904,-0.2245296,-0.8547278,2
1.685654,0.1196441,1.050064,1.693536,0.9024077,1.278342,1.462717,-0.3231501,-0.5071645,2
1.36388,-0.6868653,0.5972033,1.964438,0.3414718,0.9915049,-2.468458,0.09023185,-1.258227,2
0.2471787,-0.4161712,1.233176,1.041975,1.449507,1.378608,-0.37784,0.003268875,-0.3428497,2
1.152648,-0.5323452,1.053213,0.6733702,0.7266586,0.9989374,-1.145108,-0.2833753,-1.218202,2
1.722036,-0.06652559,0.5503951,1.232108,-0.07989895,0.8846018,0.6389819,8.657056,-0.8627422,2
0.8211269,-0.5583996,0.7945294,1.800512,-0.2337647,0.9129674,-0.9691513,11.93812,-1.025031,2
0.8966477,-0.1546544,0.7390053,1.795187,0.6859576,0.9336855,-0.6661304,-0.2285541,-0.598867,2
0.1896663,-0.3220201,1.201909,1.298923,0.5442916,1.029261,-0.7893345,-0.2889537,-0.9098906,2
0.2967986,-0.8484954,0.7323894,0.5471724,-0.2718375,0.4819598,-0.5260996,0.6513259,0.5543558,2
0.01448312,-0.9492396,1.063077,0.3174169,0.1310309,0.231941,-0.1258989,-0.1130232,-3.850402,2
0.4865813,-0.6962354,1.38882,1.022974,0.09824429,0.6724088,0.3053545,-0.3708681,-1.180291,2
0.1424187,-0.2204137,1.252338,0.2089656,0.6823374,0.5993972,1.904057,0.2547473,-1.862451,2
1.51878,-0.03131288,0.6839923,1.992296,0.8841246,0.8685479,0.3530588,-0.01650292,-0.0428979,2
0.492532,-1.297805,1.229815,1.8324,-0.5946583,0.940407,-0.6398251,-2.209733,-1.1483,2
1.336328,-0.7468262,1.115575,1.804172,-0.7132467,1.051104,-0.5270771,-0.4628534,-0.7323857,2
0.5585473,-0.0106964,1.052401,0.1641736,0.1694226,1.148583,-0.9282179,1.246412,-1.19837,2
1.731899,0.8724784,1.194723,1.244344,0.7319048,1.375841,-0.04637394,0.3024366,0.9288064,2
0.8895153,-0.5879979,1.374144,1.997063,-0.235156,1.006449,-0.5822862,-0.9940285,-1.230504,2
1.96654,-0.5602548,0.5103216,0.4368997,0.5913696,0.5833002,-0.1513112,0.03349345,-0.1176063,2
1.333762,-0.2968806,0.9892403,1.222035,-0.4051608,1.334588,3.27146,-3.959203,-1.304384,2
0.2349738,-0.624965,0.5617442,0.865108,-0.07144611,0.3071319,-0.286891,0.357533,1.696878,2
0.4861764,0.6206446,1.288391,0.7466035,1.229941,1.231583,0.4061306,0.2901935,0.427519,2
1.846563,-0.4462112,1.032624,0.1621198,0.808794,1.367373,-0.8405365,-0.1432416,-0.9579533,2
0.6827655,-0.1334167,0.6067587,0.3427165,0.3056342,0.4606337,-0.7837747,0.008119166,-0.6939271,2
1.129254,-0.3395393,0.6516083,0.1955651,-0.4567663,1.387262,-0.2193225,0.1037022,-0.7833724,2
1.385225,-0.6451763,0.7526817,0.9056643,0.4146428,0.9457895,0.3768632,-0.1698383,4.758571,2
0.4470293,-1.219653,1.384578,1.837,-0.584021,0.793789,-0.3431581,-0.5463294,-0.4355035,2
1.524228,0.8030097,0.6906046,1.441283,0.8968931,0.9247281,3.196658,-5.762678,-0.6085279,2
0.9798722,0.0775465,0.8483863,0.4854629,0.8912872,1.129293,-0.7909721,-0.04636282,-18.82336,2
1.442047,-0.3476884,0.7835945,1.201027,0.5845615,0.9674473,0.1834149,-0.3074243,-0.7396343,2
0.779721,0.3430376,1.15294,1.804925,0.4163845,0.9918069,-0.5495418,-0.3779005,-1.032747,2
0.1407143,-0.7785675,1.333019,0.8604727,-0.01160421,1.201654,-1.058615,2.621155,-1.26458,2
0.6193191,-1.494359,1.409869,0.3962582,-0.04137339,0.9897327,-0.09451326,0.04222487,-0.1888669,2
1.840229,0.1404527,1.181783,1.31314,0.882448,1.216319,-1.695718,0.0935747,-3.067761,2
0.6487212,0.3814904,0.4300202,0.6035721,0.3051218,0.3852302,-0.09574346,-0.07984362,-0.124561,2
1.05223,-0.3166541,0.5636628,0.4488407,1.378372,1.389561,-0.06364509,-0.08086202,-0.430339,2
0.6627669,0.3574997,1.012385,1.898575,0.498188,0.8158949,-0.3724045,-0.2052729,-0.6575716,2
0.4449239,-0.6369892,0.6445612,0.6298403,-0.07984866,0.2913152,0.1665544,-0.04170955,-0.1730861,2
0.4967063,-0.391058,0.5126266,0.286841,0.220702,0.6480127,0.06738921,-0.1370221,0.8135173,2
0.7963386,1.474432,1.310865,1.821262,1.116345,1.111044,-0.4282507,-0.5272057,-0.8467104,2
0.4869465,-0.9879624,1.182875,0.9024047,-0.03683229,0.4093167,0.5125882,-0.1691457,-0.5814506,2
0.2578462,-0.08057221,0.9376819,0.118255,0.2919638,0.7457594,-1.0824,0.3201838,-1.033502,2
1.08164,-0.1423331,1.233432,1.960886,0.02263966,0.9231635,-0.118891,-0.5391798,0.5884377,2
0.5170433,0.5040712,1.264707,1.37766,0.1436564,0.6915073,-0.1185389,-3.026641,-0.2946604,2
0.8141801,0.4988561,0.8194942,0.3355339,0.73169,1.300883,-0.2506746,0.3136471,-5.082474,2
1.773096,-0.2600413,0.6985326,0.8975664,-0.1072025,0.9595752,-0.1347919,-0.07295075,0.4423288,2
1.549681,-0.3283032,0.4183351,0.03762902,0.2881828,1.039512,-0.245957,-0.08891891,-0.2486436,2
1.304295,-0.2714526,0.314156,1.207323,-0.2849796,0.3591616,0.3304381,2.114781,-0.3571591,2
0.4804153,-0.5736704,1.19362,1.31467,-0.8120003,0.9603705,-0.2637287,-0.09314218,-0.264429,2
0.2817692,-0.4442897,0.8747611,0.3069621,0.9433972,0.9095626,3.557787,-0.0851841,0.935676,2
0.8957947,-0.2571132,0.6626331,1.821363,0.2261569,0.297471,0.2316624,-0.05137453,-0.7875824,2
1.59657,-1.196032,1.034892,1.600152,-0.08157468,1.062441,-314.603,0.3751115,4.241503,2
1.445457,0.05128724,0.3270873,1.834609,0.2532275,0.2183586,0.8160582,0.172872,-0.9377876,2
0.505743,0.4011127,1.322648,0.6127281,0.1414675,1.315109,-1.273029,-0.1456976,-1.920383,2
1.086595,1.064146,1.060647,1.267698,1.237453,1.412517,-2.451572,-1.708207,-0.8511033,2
1.147776,-0.2520613,1.308209,1.86053,0.2677665,0.9430575,0.1256452,-0.3433078,-2.006524,2
0.3841332,-0.6631206,0.7569986,0.1640416,0.03171097,0.9324502,-0.02763326,-0.07551247,0.08072194,2
1.388471,-0.90547,1.38408,1.527931,-0.4066301,0.8782759,4.069581,-0.8550029,-0.9428002,2
1.4078,-0.36776,1.325522,1.739499,0.6029661,1.325935,-0.7119208,-0.5086236,-0.9227814,2
0.5026994,-0.4547085,0.7131112,0.4183771,1.236925,1.056992,-1.457885,0.0472909,0.2559036,2
1.135347,-0.7396168,0.984172,1.230232,1.380123,1.381812,-1.127017,-0.1020476,-0.3895981,2
0.3538604,-1.311244,1.372981,1.004828,-0.7319662,0.9786232,-0.4810597,-1.112006,-0.9703405,2
1.066258,-0.1824269,1.191133,1.574784,0.4056413,1.186518,-0.8726763,-0.4667522,-1.128129,2
0.6920163,-0.553313,0.8970236,0.5747638,0.7013044,1.393189,2.167463,-0.3109459,-1.509235,2
1.841843,-1.210071,1.175905,1.64103,0.4671341,0.9172738,1.092281,-0.09146249,-0.0262602,2
1.832855,-0.5643128,1.098293,0.8014491,0.9652488,1.024875,-1.21292,-0.1689759,-1.316409,2
0.7108535,-1.121596,1.114997,0.5959311,0.2322908,1.269283,3.182545,-0.0001335538,7.481966,2
1.553633,-0.63974,0.6940042,0.9724321,1.252789,1.330631,0.3554679,-0.06977223,-0.7101425,2
1.350026,-0.9873604,1.342067,0.5562733,0.2686599,1.263775,-0.7416518,-0.3558831,-0.8208417,2
0.4609393,-1.203384,1.059514,0.9425801,0.01419037,0.9582708,-1.408863,0.4216346,-3.326459,2
1.724369,0.05849658,1.375915,0.8469391,1.101822,0.9516599,-2.093627,1.40745,-1.783072,2
1.765221,-0.1992971,0.5462859,1.171232,0.7243997,0.9360055,0.1501904,-0.2066743,-0.5308155,2
1.639734,-0.6385232,0.7613587,1.01257,-0.280812,0.8898665,0.1203828,0.07287328,0.4789156,2
0.9307706,-0.4148492,0.5950489,1.22719,0.7234439,0.6874419,0.1538434,-0.0405917,0.006594587,2
0.7032765,-0.01832311,0.4446471,0.0698834,0.819486,0.8790357,-0.3903309,0.4642309,-0.6031535,2
0.721737,-0.7168695,0.6919652,1.020164,0.1275335,0.3645594,-0.08643876,-0.02735115,-0.1178188,2
1.89627,-0.04978282,0.6512326,0.4759367,1.206694,1.075826,-0.6687825,0.2441532,-3.691515,2
0.09445652,-0.1467918,0.6502118,0.2921665,-0.06567008,0.4589939,-0.2872587,-0.08331715,-0.5389773,2
1.272367,-0.5821483,0.6615371,1.69647,-0.196757,0.6209623,-1.021214,0.2801958,-7.17118,2
0.8538715,-1.33043,1.124423,0.4220578,0.8613361,1.170576,0.3216007,0.07847962,0.386236,2
0.7227883,-0.466624,1.259787,0.5833349,-0.1128293,1.238524,-0.8719504,-0.4741882,-1.036895,2
1.635347,0.1545301,1.384671,1.22241,0.7350126,0.9166906,-3.236052,1.24195,-1.697905,2
1.983041,-0.7239859,0.6337493,1.900355,0.08560008,0.2815887,-0.2835648,0.07262229,-0.06166382,2
0.7406772,-1.056538,0.9049457,0.8222058,-0.06970698,0.6625903,-3.875307,0.2141756,0.3991262,2
1.442978,-0.02477379,0.2505442,0.3787641,0.5380884,0.6796572,-0.04162184,-0.1607289,-0.3600024,2
1.686081,0.5436866,0.7045864,0.08771928,0.8656442,1.324145,-0.3485535,-0.7280443,-0.4683618,2
0.1670105,-1.111582,1.329146,0.9859362,0.1123987,0.823235,-0.7250789,0.04022825,-1.083873,2
1.833854,-0.5681981,0.6897217,1.958086,0.7985221,1.302296,-10.19167,-0.1807432,-1.17917,2
0.7433524,-0.03592978,0.7825645,0.8061237,0.2134257,0.5305852,3.414707,0.09456766,-0.9267245,2
1.268057,0.04284596,1.390566,1.764498,0.1640917,1.219091,-0.2732217,-0.3555987,-1.175689,2
0.1038084,-1.144797,1.038739,0.5795234,-0.8900142,0.7727852,-0.02189548,-0.03605868,-0.01756527,2
0.2754989,-0.3397416,1.248356,0.8879051,0.6460939,0.947815,-0.337295,-0.311017,-0.4623425,2
0.5892828,-0.5836564,0.5647321,0.3686527,0.3721576,0.7652625,0.5232694,-0.0530462,48.21085,2
1.263413,0.2325343,0.5265853,1.943286,0.6015227,0.715535,-0.5150527,-0.160243,-0.3429739,2
0.3946828,-0.4591666,1.17353,1.953075,0.6437293,0.9763633,-0.625796,-0.2972453,-0.721661,2
0.8514282,-0.4336295,1.340692,0.7758218,0.6256577,0.6372775,-10.30042,0.07889967,-1.490403,2
1.813974,-0.5016956,0.7298267,0.1328964,-0.3502424,1.394151,-0.3263481,-0.2267164,-0.6546647,2
0.7185221,-1.288426,1.147548,0.9958131,1.192547,1.013586,0.1470957,0.1469507,0.7536555,2
1.45731,-0.4242523,1.176298,1.771728,1.351851,1.25762,2.216875,-0.03297378,0.760634,2
1.438277,-0.8788202,1.06917,0.1628192,0.05000054,1.15949,-0.6034258,-0.1875758,-0.6498315,2
0.9680798,-1.073016,1.206671,1.904144,0.8521458,1.208924,-1.058398,-0.2404675,-1.187316,2
1.261181,-0.1613148,0.507189,0.227008,0.384478,0.7002918,-0.4203988,-0.13601,-0.5277945,2
0.5165159,-1.215876,1.182955,1.659639,-0.5513628,0.6601721,-0.2512567,-0.6158462,0.9347987,2
1.810321,0.1364699,0.4412517,0.0675614,0.7442543,1.287911,-0.3396606,-0.9872871,-0.3809598,2
0.557969,0.03570869,0.7616001,1.743556,1.301035,1.12831,-0.1761574,0.1661587,-0.1140202,2
1.908184,-0.9423069,1.188046,1.312592,-0.6408363,1.249856,-0.1527231,0.0001309064,-0.168954,2
0.09906045,-1.239215,1.366817,1.255314,-0.03614215,1.086654,-1.075384,13.35464,-1.405356,2
0.6021509,-1.01536,1.031724,0.01360451,0.7266241,1.277153,-0.5620924,0.3016904,-0.5294433,2
0.6243571,-0.6744202,1.304215,0.4925447,0.7942002,0.8202857,-3.69997,-0.1273626,-1.463314,2
1.673361,-1.237908,1.358827,1.977129,0.08403821,1.190087,-3.088214,-0.1036756,1.375094,2
1.471408,0.9605401,1.020428,0.7141662,0.6442422,1.140762,-0.1154614,0.0606162,-0.07564059,2
0.4823798,-0.3357511,0.6850453,0.1833578,0.04969472,0.5362509,-0.6434578,-0.1868871,-0.616186,2
0.1189437,-1.108784,1.171688,1.160215,-0.09340362,0.9220365,-0.889622,28.32205,-1.194704,2
0.4615541,-0.7263021,0.9641575,1.931142,-0.1474672,1.011263,-0.9310805,13.46103,-1.092889,2
0.2303149,-0.6336519,1.112944,0.6996009,-0.1983985,0.5629978,-0.1738883,-6.520464,-0.9192196,2
1.082082,-1.0369,1.413393,0.4549347,0.6104104,0.9550204,-1.209299,-0.2467883,-1.01174,2
1.257335,-0.2378146,1.083259,1.948782,0.1801888,1.099947,-1.053042,-0.35139,-1.261468,2
0.1572611,0.09266704,1.410412,1.225909,-0.2602768,0.5002949,-0.02126831,0.1364418,-5.103963,2
1.744011,0.6287292,1.194468,1.472708,0.4125575,1.22275,-0.3184262,-0.168206,-0.4998925,2
1.221137,0.2253819,0.885784,0.1406772,1.130965,1.275862,-0.7719427,-5.433101,-1.089821,2
0.3861638,-0.5501907,1.232422,0.6392512,1.024317,1.171849,-0.006919558,-0.2461957,-0.02390198,2
0.5294339,-0.0364015,0.7669901,1.314046,0.06912148,0.5809006,-0.279435,-0.302751,-0.6863115,2
0.3724016,-1.458206,1.29073,0.1726612,0.5547135,0.65444,-0.4327377,0.1498213,-0.2419032,2
0.6412451,-0.685277,1.154873,0.8015217,-1.15016,1.006266,1.593272,1.033928,4.226607,2
1.674537,-0.8773476,1.278776,1.193401,0.08239004,1.172186,-0.5432591,-0.3617464,-0.6296352,2
1.492348,0.8561603,0.8565661,1.322975,1.309343,1.287771,0.7340512,-0.5935904,-0.3626717,2
0.2137695,0.07475879,1.385066,1.547499,1.400563,1.397283,-0.5018562,-0.04193564,-0.508215,2
0.7240526,0.4660203,0.8235634,1.096604,0.9407568,1.180395,-1.194235,-0.4098463,-0.6642085,2
0.8691995,-1.091004,1.289942,0.728653,0.7702641,0.906009,-2.307915,-0.1673972,-0.8510935,2
0.9924788,-0.2217421,0.4376318,0.3019223,0.4280522,1.053418,0.03063919,-0.1482729,-1.225201,2
1.31677,-0.3591644,1.065165,0.3573688,1.471222,1.299986,-1.133021,0.07870882,-1.811755,2
0.6498971,-0.2898785,1.405401,0.3138486,0.8535877,1.301414,-1.615408,-0.1448152,-1.754914,2
0.4359097,-1.061289,1.29474,1.023836,-0.6031104,0.9167515,-0.4759999,-0.7722726,-1.081658,2
1.440407,0.4108305,0.7000632,0.5749838,0.6747335,0.6682572,-0.5696543,-1.902559,-0.71732,2
0.2649475,-0.6629717,1.127939,0.2400986,-0.1967639,0.9091623,-2.15323,-0.4298561,-0.7764436,2
0.3248861,-1.125098,0.9733558,0.8579591,-0.2350271,1.061428,-1.261729,3.137071,-1.568707,2
0.6330255,-0.6971646,0.789054,1.123113,-0.1401969,0.689892,-0.8289377,0.3020987,-2.319195,2
1.56968,0.1091201,0.9895413,0.8419252,0.5285437,1.340254,-0.4174962,-0.6592182,0.3431066,2
0.7666858,0.1213789,1.225087,1.714106,0.6240661,0.5600883,0.5782754,0.4603553,-2.261106,2
0.8407354,-0.3788946,0.7529722,1.46334,0.975295,1.181193,-0.984741,-0.1856228,-0.6869402,2
1.488908,-1.466253,1.352582,0.2289037,0.7960786,0.767027,-0.5031098,0.14959,-0.3750288,2
1.70665,-0.5449084,1.293084,1.207487,-0.9650463,1.270339,-1.579722,2.405513,-2.130778,2
1.483369,-0.5067065,1.074162,1.971785,0.6912729,1.123948,-0.761319,-0.3737186,-0.7862724,2
1.793496,-0.9241411,1.02039,0.8822799,-0.4884418,1.364191,0.1214253,0.2380058,1.248117,2
1.43736,-1.342664,1.394574,1.266839,-0.9339849,1.349815,1.285055,0.482649,0.5266517,2
1.855169,-0.7091739,0.6825332,1.527235,0.3536935,0.9076385,2.267798,-0.03837741,-3.216062,2
1.63287,-0.9807113,1.019912,0.6740667,0.1085692,1.318187,0.11344,-0.02749617,0.494486,2
0.5350834,-0.8091553,1.387055,0.4799191,0.5331882,0.5823489,-7.944015,-0.1224936,-1.220908,2
1.591577,-0.6656933,0.8005381,1.614075,0.9319134,1.256798,-31.5198,-0.1946989,-1.040442,2
1.430998,-0.2426288,1.249846,1.891985,0.6054083,0.847542,1.383062,-0.1100431,-2.143059,2
0.5655047,-1.291709,1.095926,0.05018493,1.478632,1.376033,-0.2401647,0.2077991,-0.133047,2
0.7469414,-0.9259066,0.9879232,0.2886452,0.1304899,1.220183,-0.01461151,-0.07678804,0.1054316,2
0.06305456,-0.195178,0.3530003,1.264108,-0.08935406,0.1810497,-0.129855,-0.3289415,-0.1745169,2
1.157576,0.1914574,0.4905905,0.1335681,0.8442757,1.153717,-0.3148573,-0.4830792,-0.2533555,2
1.622413,-0.03721799,0.9779011,0.7920588,0.5773351,1.129467,-0.8575969,-0.2149677,-1.3599,2
1.121987,-0.2396402,1.184262,1.141587,-0.2784216,1.170332,0.5438144,-0.1790488,-4.662427,2
1.419719,0.4522041,1.347256,1.660397,0.5911006,1.197319,0.4268813,0.2881378,-3.460264,2
1.223444,-0.6027802,1.17406,1.445859,0.6515027,1.233361,-1.320764,-0.4272296,-1.176024,2
0.8044254,-0.3021712,0.5917429,0.2069016,0.900551,1.07196,-0.3657988,-0.2175705,-0.9814246,2
1.212897,-0.9227885,1.370313,1.614302,-0.9613009,1.307467,-0.505566,-0.3032347,-0.6191331,2
0.2538106,-1.088643,0.9906223,0.131569,0.9458994,1.166165,0.1879082,-0.02270653,0.5128028,2
0.4342837,-0.4646839,1.323278,1.545352,-0.813816,0.7806332,0.008920143,0.3453775,0.5957647,2
1.408998,-1.099667,1.328687,1.271241,-0.5921297,0.8772451,-3.274768,-0.5893355,-0.6762058,2
1.422082,-1.087163,1.015805,1.173147,0.8133945,1.072744,1.338114,-0.06908975,1.712802,2
1.787363,-1.186509,1.065645,1.552772,0.4888275,1.251052,4.836766,0.007312898,76.5176,2
0.2712508,-0.4948366,1.371412,1.30311,1.267161,1.233531,-0.2994339,-0.0527061,-0.2845315,2
1.852125,-0.5368995,0.8717653,1.884057,-0.2376485,1.171273,-25.55407,0.8099159,-1.545964,2
0.7218532,-0.6068652,1.207287,1.150921,-0.5491976,0.8506469,0.1237125,0.9148815,-1.485143,2
1.843183,-0.1630788,0.7729422,1.300725,1.180225,1.025567,-1.67545,0.09685638,0.995108,2
1.588547,0.1381804,0.6411856,1.748284,1.385723,1.187922,1.112621,0.2073622,0.01637888,2
0.2424595,-0.4032972,1.093885,0.8398982,1.265494,1.081291,0.04863112,0.1214797,0.06794245,2
1.891685,-1.648143,1.411933,1.249946,0.1868114,0.6554799,-0.2095635,0.2196693,-0.1137548,2
0.7987368,-0.804711,1.359914,1.784276,-0.41288,0.747537,-0.03783251,3.05145,-1.101793,2
1.337899,-1.371118,1.31945,1.749017,1.352774,1.314089,-0.5771563,0.0001766393,-0.568587,2
1.810138,-0.4862669,0.9123252,1.006722,0.41763,0.9063486,-0.6988771,-0.318593,-0.800088,2
0.5991195,0.2960776,0.7587375,0.4484854,0.1421348,1.053037,1.021451,0.2075728,-1.112133,2
1.007296,-0.7193331,1.109341,0.7482443,-0.991847,1.049129,-1.444716,22.2482,-1.615731,2
1.571517,0.7894156,0.845413,0.4064396,1.266022,1.116148,-0.3076185,-0.7392865,-0.5657514,2
0.4981057,0.3658103,1.305293,1.685666,0.008901431,0.7072451,-0.06938473,-0.8227217,8.199271,2
1.180303,-0.08918751,1.052016,1.224475,0.6811072,0.8485282,12.07699,-0.01861699,-2.51995,2
0.6580797,0.211004,0.7135645,1.372802,0.5311767,0.6839694,-0.2344511,-0.1132159,-0.3088158,2
1.572082,-1.458247,1.408183,0.6788185,0.5326765,1.288945,-0.1679488,-0.06610733,-0.20542,2
1.398818,-1.121214,0.9546171,1.907991,0.3388934,0.7534245,-1.700632,0.03960588,1.202802,2
0.2856825,-0.7106115,1.133833,0.3296745,0.3077203,0.4796594,3.294212,-0.1581122,-0.9178504,2
1.384303,0.08055148,0.5957112,1.367282,1.225024,1.305429,31.72534,-0.1025549,-0.4927455,2
1.02866,0.2970732,1.308242,1.939953,0.1235099,1.044821,-0.3591727,-0.817784,-1.663157,2
1.116559,-0.4896903,0.6000453,0.3825787,1.128647,1.209244,-0.08621233,-0.1127848,-0.6852212,2
0.4093237,-1.522323,1.390174,1.694899,-0.8561379,1.214407,-0.7714651,-2.130038,-1.168686,2
1.983986,-1.210716,1.254623,1.695483,-0.8505651,0.8209674,-1.997791,-0.7511274,-0.5038764,2
0.1608303,-0.05148731,1.156315,0.5208836,0.4330744,1.061079,-0.7929829,-0.404783,-1.04346,2
1.983154,0.9778047,1.095625,1.915738,0.6732122,1.266718,10.00136,1.388253,-2.888163,2
1.390522,0.5224929,1.180278,1.979586,0.5732497,0.7408244,0.6855433,1.463376,-1.42822,2
0.6098168,-1.269971,1.22049,0.7595147,1.364731,1.155597,0.725916,0.119374,1.273282,2
1.054222,0.5382596,0.4693538,0.4472789,1.536962,1.369041,0.08745809,-0.6440683,-0.1476281,2
0.9960987,-1.00315,1.229731,1.729342,-0.8199962,0.9196129,-0.116729,0.3415141,-18.23895,2
0.5869616,-0.1672374,0.98299,0.07655789,0.7154431,0.9820259,-0.926591,0.9420563,-1.085564,2
1.595594,0.3318478,1.006996,1.815886,0.84267,0.9812533,1.692092,0.1593474,1.190284,2
1.690158,-0.3713355,1.128461,1.202397,-0.8004774,1.23281,-1.001176,0.437698,-3.432935,2
1.978727,-0.661132,1.180588,1.102037,-1.251588,1.385345,-0.9628377,9.295368,-3.34488,2
0.3378288,-0.6296468,0.6288364,0.4715668,0.2682305,0.3166121,0.180974,-0.01843978,-0.2338799,2
1.046328,0.1317844,0.8945099,0.9191426,1.237293,1.30703,-1.392302,-0.07947911,-0.1912695,2
0.541775,-0.7156262,1.004726,1.604382,1.065275,1.406064,-1.093675,-0.2213026,-0.9795117,2
1.805038,-1.038135,1.056786,1.588815,0.9090194,1.155254,1.592404,-0.1384541,30.07551,2
1.148654,0.1414735,1.033201,1.338167,0.8894466,1.145571,0.3831469,-0.1856249,-0.1972128,2
1.121167,-0.02541413,0.7494898,0.5836266,0.09056572,1.39181,0.4454243,1.003976,-1.316789,2
0.3254453,-0.96684,1.02609,1.392949,0.5398273,0.8420549,-0.6654775,-0.1593578,-0.8186551,2
1.079811,-0.8132904,0.9580973,1.885396,0.06354208,0.4743896,0.1001757,-0.1752934,-0.4236097,2
1.618823,-0.3522981,0.7826437,1.398288,-0.08855719,1.198734,2.658964,0.5598348,-1.40832,2
0.421837,-0.7602221,0.8758199,1.763042,0.8351197,1.067501,-0.7628401,-0.1373317,-0.7339759,2
0.893886,-0.781803,0.9557934,1.304343,-0.7467619,1.133754,-1.101447,-1.971425,-0.958321,2
1.531878,-0.3896248,0.9265099,1.068318,0.813252,0.9232895,-1.4524,-0.1843773,-2.10841,2
0.9306033,-0.6618593,0.6746057,1.789023,0.1263856,0.4466787,-0.4431121,-0.07244937,0.3080078,2
1.599059,-0.7168496,0.6511357,0.6382052,1.181142,1.030977,-0.0785147,0.08136896,1.477703,2
0.4487098,-0.1329276,1.110734,0.9038017,-0.253954,0.6876495,0.2462315,0.1776729,-1.062294,2
0.3083782,-0.9619641,0.9216962,0.7323549,-0.2609432,0.9043102,-1.003236,2.35145,-1.411898,2
1.363896,-0.2669371,0.4569597,1.080528,0.3568553,0.563426,0.07842023,-0.1629071,-0.5616449,2
1.388965,-0.8151699,1.276758,0.5784939,0.8231354,0.9371307,-1.290456,-0.1965855,-1.124692,2
0.3231385,-1.032816,1.168573,1.953248,-0.2098238,1.052574,-0.9638373,-16.34536,-1.254167,2
0.5780141,0.7682843,0.952562,0.1499851,1.32884,1.330955,-0.4329058,-0.9971484,-0.7380387,2
1.528628,-0.05119881,0.895094,1.192894,1.315083,1.212901,-2.126349,0.0882124,0.5498075,2
0.33014,-0.3724074,0.9978625,0.6369601,0.3542449,1.273909,-1.51827,-0.1884597,-1.350705,2
1.023797,-0.1234969,1.042598,1.93117,0.05693473,0.9647909,-0.7447041,-0.273829,-1.135424,2
1.70261,-1.109506,1.047745,1.727081,-0.6192916,1.103616,-30.11263,1.024193,22.18033,2
0.5830764,-0.460819,0.411856,1.384269,0.08578774,0.2932242,-0.3543436,0.01281332,10.09791,2
1.824945,0.2556444,0.2563548,0.5955094,0.4345363,0.5292264,0.0001769873,0.2314923,-0.5698665,2
1.491499,-1.09069,1.203553,0.9975321,-0.5344087,1.019274,-0.3524918,-0.1103541,-0.3724779,2
1.401053,0.8455369,0.9773067,0.6421027,0.7753583,1.393752,-0.07725594,0.3460681,1.277671,2
1.130416,0.4665677,1.336172,1.196133,1.281694,1.216262,10.98448,0.7350515,16.90037,2
1.476212,-0.483831,0.8044885,0.6301287,0.5723164,1.282781,-0.04891772,-0.3074697,-6.716925,2
0.4194583,-0.2132093,1.370995,1.867997,0.6770622,0.6606897,0.08601141,0.06372336,2.991608,2
0.9069164,0.2467071,0.496989,1.238826,0.4796009,0.6394212,-0.5954929,-0.2272511,-0.3740073,2
1.045855,-0.689477,1.238269,0.9254824,-0.8434494,1.182966,-2.03667,3.677763,-1.807844,2
1.768138,-1.38194,1.404412,0.6734807,0.7354897,1.405698,-0.3233822,-0.1464613,-0.3259775,2
1.469444,-1.148777,1.206571,0.7571201,0.8819073,1.251307,-0.2578703,-0.170557,-0.242547,2
1.421863,-0.1308626,0.3085139,0.9551739,0.4708512,0.7018472,0.4443868,-0.1232759,-0.5175399,2
0.227457,-0.6215038,1.399932,1.683269,0.563581,1.247183,-1.030293,-0.2431693,-1.162685,2
1.836806,-0.8731326,0.8324378,1.633719,0.3768317,1.109471,5.200401,-0.01387342,-3.246787,2
1.088573,-0.590054,1.010516,0.8753189,1.156369,1.024106,-2.820973,-0.03919091,-21.06842,2
1.402704,-1.091086,0.9414621,0.350872,0.6957679,1.395903,0.1542657,0.06157889,0.5452485,2
1.325561,-0.09165689,0.2135461,0.02499115,0.9840267,0.9286429,-0.1825981,0.05727065,-0.2563615,2
0.2560747,-0.4711444,0.9305257,0.1428458,0.7738107,1.128435,-0.6091416,-0.3334289,-1.247891,2
0.2581302,-1.004752,1.354739,0.3037311,-0.936843,1.315627,-0.796219,-1.199052,-1.230566,2
0.5769895,-0.1470436,0.7370369,1.442866,-0.01068362,0.3503966,0.1615106,-0.04359744,-0.6748827,2
0.7162327,-0.06566177,1.326121,1.77288,-0.7020693,0.8978982,-0.03316743,0.218497,-0.202359,2
0.9709491,-0.5174598,1.086005,0.8062657,-0.1470819,1.256018,0.656816,-0.1015784,-4.190062,2
0.5371411,-1.193467,1.081258,1.566279,-0.9586875,0.9167156,-0.1777931,-0.3619932,-0.2802333,2
0.7497807,-0.4632844,0.7079635,0.5333785,0.1883685,0.776798,0.03219123,-0.2189958,0.1641687,2
0.4331265,-0.2268465,0.9747655,0.802196,-0.0665681,0.962737,-0.8877346,0.7434151,-1.127704,2
0.8838687,-0.6766349,0.7103807,1.255133,0.2225404,0.4761567,-0.3194827,-0.1007965,-0.08907962,2
1.358856,0.2835757,0.4646423,1.911269,0.2930301,0.4803529,-0.380463,-0.3360039,-0.4200723,2
1.721669,-0.3823327,0.6250902,0.671837,0.3895908,1.154253,0.03992012,-0.1905492,-2.295205,2
1.93223,-0.3885028,0.4065177,0.3703279,-0.2871476,0.9271699,-0.01957465,0.1752917,1.800199,2
0.4650358,0.1801767,0.9587077,0.4355107,0.3243611,0.8281391,-3.694213,0.5272027,-1.220276,2
1.785295,-0.7707109,0.8453434,1.933103,-0.5301487,0.8664476,-2.798825,0.9455018,-5.469052,2
0.5438102,-1.3234,1.187204,0.8621823,0.8360686,0.7231289,0.2661997,0.1181471,-0.4029177,2
0.4523429,-0.9279823,0.9296973,1.770216,0.6331136,0.7796769,-0.5136027,-0.100997,-0.6011933,2
0.9019859,-0.1646971,1.169895,0.7918366,0.7367491,0.6604894,-7.159603,0.3432595,-1.600203,2
1.629975,-0.4270608,0.7029478,1.039428,0.2832645,0.6865041,-0.4417039,-0.238314,-0.4978374,2
0.5345792,-0.1475555,0.9525918,1.903233,0.7210519,0.9220447,-0.4589453,-0.218059,-0.5349871,2
0.6148084,-0.2653412,1.055128,1.951518,0.8829482,1.201507,-0.7821252,-0.2877178,-0.8040223,2
1.181252,0.1249913,1.004766,0.585539,0.6828824,1.219022,-0.8307721,-0.0474355,-1.57899,2
1.153354,0.1703572,0.5226983,0.2666492,0.3696198,1.376332,0.1426133,0.6950764,-1.153002,2
0.7021891,-0.8709724,0.8854213,1.711742,-0.1475731,0.5073627,-0.4280771,0.1595932,0.2068117,2
1.197757,0.4382611,1.21054,1.6806,0.2656614,1.226457,-1.202197,1.338575,-1.55032,2
0.8646329,-0.2632391,1.194651,1.684898,0.6554359,0.6438765,0.6471594,0.06971715,-2.698224,2
0.9674955,1.219344,1.124532,1.146477,1.098121,1.342453,-2.564911,-9.901591,-1.354193,2
1.008961,-0.5697834,1.018294,1.7083,0.9219338,1.114454,-0.5254814,-0.2457318,-0.5278885,2
0.7486945,0.1015726,0.8935483,1.785616,-0.1632788,0.7053964,-0.3562522,-0.1503292,-0.9744316,2
1.041099,1.051592,1.367334,1.162997,0.6321815,1.357476,-2.720859,0.8305652,-11.972,2
0.6779152,-0.3804058,1.40234,1.476343,-0.4608999,0.8780257,0.02138533,0.3997042,-2.094309,2
1.888047,-0.0696484,1.178524,0.6714223,0.501242,1.187841,-1.136765,0.2662946,-1.349657,2
1.541907,-0.4869416,0.4262686,1.508464,0.5193256,0.859104,24.77898,-0.03101746,-0.8876467,2
0.895547,-0.1561648,0.7578712,1.473227,1.394096,1.222188,-0.04620074,0.1280368,-0.08012225,2
0.7430297,-1.227471,1.205909,1.662825,-0.7329022,0.7600563,-0.1527718,-0.1119419,-0.383506,2
1.976212,-1.355587,1.236017,1.365131,-0.2842879,0.9404119,0.3982143,0.1647993,0.01460003,2
0.7760966,-0.8093741,0.9586058,0.9578005,0.6166065,0.6556053,0.9451501,-0.09958382,-0.8242348,2
1.263257,-0.8360767,1.063623,1.837625,1.001658,1.046577,-0.09701803,-0.1387662,-0.0786627,2
1.77538,-0.572057,0.7239542,0.694305,0.1937802,0.5647919,-0.473352,-0.1442309,-0.4403257,2
0.7999493,-1.154309,1.048592,1.193211,0.04121682,0.3213617,0.2227779,0.1094956,-0.1804683,2
1.02658,-0.3941145,0.6084881,1.195603,-0.05863056,0.689106,-1.845608,0.07106411,-1.21955,2
1.874921,0.1630688,0.6665393,0.6986623,0.9593004,1.178894,-0.4431354,-0.1352731,-0.1471194,2
0.8123751,-0.7323197,1.208068,1.911919,0.6070803,0.7535426,0.023209,-0.215047,-10.1784,2
0.8138512,-0.8021131,1.31896,1.258125,0.2610806,1.194731,-1.17879,-0.392682,-2.369195,2
1.843749,-0.2088203,1.136086,1.12672,0.7594746,1.379056,-0.8031229,-0.4573165,-3.503583,2
1.659607,-0.5310547,0.6227552,1.399262,0.7973958,1.253999,3.046251,-0.1590077,-1.137953,2
0.8266428,-1.207633,1.252827,0.7416991,-1.017655,1.21596,0.4579344,0.3311333,0.165068,2
0.1935104,-1.157065,1.291527,1.4842,0.4655337,1.064652,-0.9092608,-0.08915686,-1.070198,2
1.346331,0.3215994,1.065613,0.9159069,1.409458,1.195077,-2.209698,0.9360805,11.46595,2
1.50955,1.138526,1.169208,0.3918413,1.499403,1.328959,-0.3650842,-0.7865151,-0.556928,2
0.3797287,-0.3081839,0.3019519,1.515259,0.01870483,0.2965448,-0.3078322,0.2277126,-0.3841859,2
0.3990204,-0.3209226,1.104886,1.766066,0.187662,1.083661,-0.996883,0.1298794,-1.162806,2
1.532198,-0.8683217,1.149512,1.541166,0.2827683,0.9760303,-10.78918,-0.3068514,-0.3016181,2
0.5578246,-0.4885757,0.9522999,1.879201,-0.4113147,0.3895219,0.14628,0.5628295,-1.115813,2
1.562683,-0.618149,1.084124,0.4610452,-0.3568415,1.327194,-0.5397892,-0.3535086,-0.9548629,2
0.4127158,0.1550897,1.136236,1.812159,0.4168205,0.400181,0.1108084,0.3153759,-2.084338,2
0.4565718,-1.353222,1.195105,1.855502,0.3432091,0.6800537,-0.6059781,-0.03948065,-5.090882,2
1.459392,-0.1458147,0.4045738,0.8727221,0.4234626,0.7199336,0.1776136,-0.1844016,-0.6064246,2
0.9771848,0.07203258,1.018043,0.1525089,0.8289189,1.345056,-0.8624279,3.807332,-1.085359,2
1.255876,-0.3258624,0.5086713,0.2847436,0.3170685,0.3497197,-0.4320835,-0.05965101,-0.4139937,2
0.4123429,-0.598954,1.145023,0.08106224,1.21752,1.293052,-0.9929879,-0.1652005,-1.167835,2
1.527755,-0.4169683,0.5755203,1.1852,-0.1817604,0.4409001,-0.6161282,-0.1996921,-0.3434536,2
1.696651,0.4290124,0.9845354,1.527647,1.375179,1.240355,-4.361705,0.4821085,0.6248373,2
0.7262856,-0.7411315,1.162248,1.596924,1.403489,1.231318,0.08874248,0.05117518,0.08570513,2
0.2588165,-1.108003,1.133778,0.3784793,0.6391892,1.389659,-2.627762,-0.1514347,-2.028712,2
1.358076,-0.227528,1.296653,0.6435289,0.2817256,1.034431,-1.486853,0.03857725,-1.395755,2
0.5746812,-0.1690443,1.325753,0.6900834,0.4640205,0.8297717,2.609509,0.017636,-1.666592,2
1.179134,-0.07975232,0.9109293,1.147164,-0.4615122,0.9649574,-1.164126,-0.1758079,-0.04094288,2
0.3453702,0.5034236,1.267743,0.4358123,0.9724351,0.9865535,1.865256,0.7547444,-5.841593,2
0.8613735,0.09674741,1.350016,0.468547,0.7557099,1.286703,-1.546528,0.517976,-1.758567,2
1.441834,0.4813109,0.8213592,1.876754,0.6298642,1.106946,-2.018116,-1.036052,-0.926239,2
1.735333,-0.9254881,0.9526363,0.8094308,-1.335279,1.301638,-0.3018336,-0.224904,-1.390787,2
1.751544,-1.237997,1.324032,1.574088,-0.4254608,1.117783,1.604306,0.05969114,-0.01064718,2
1.229692,-0.8983902,0.8629566,1.904322,0.5602477,0.4749696,0.4127426,0.06046801,-0.4517624,2
1.731429,-0.09748671,1.061499,1.751789,0.4702937,1.201874,-11.88044,-0.4595141,-1.012873,2
0.1610515,-0.325101,0.9287954,0.1383473,0.5266075,0.4594038,-4.947918,0.08300401,-1.089009,2
0.803628,0.6430677,0.9738552,1.208154,0.8597327,1.220677,-1.249426,-0.7399422,-0.869392,2
1.346045,-1.636125,1.39337,0.2944388,0.3164629,1.239648,-0.120642,0.2043129,-0.06756082,2
1.784491,-0.04239704,0.929196,0.196927,1.374954,1.39351,-0.890109,1.925849,-1.26577,2
1.94007,-1.092039,1.086917,0.387391,0.2924297,0.7478315,-0.4627965,-0.002460032,-0.3994317,2
0.7091518,-0.1130595,1.182402,0.6506304,0.1980346,0.7834724,-6.492687,0.2255348,-1.274254,2
0.7332728,-1.012425,1.269518,1.501227,0.11954,0.3799044,0.335827,-0.1283011,-0.7207406,2
1.061784,0.949259,1.259996,1.248282,1.226935,1.077373,2.312853,1.495085,-18.86247,2
0.638755,-0.1098391,0.282703,0.03682877,0.4336726,1.137342,-0.07592652,-0.184156,3.846604,2
1.963423,0.647916,0.9159532,0.2550865,1.152992,1.182941,-0.5338857,-1.299523,-0.777084,2
0.7145087,-0.3012612,0.352913,0.08749009,0.5270852,0.6294001,-0.1744738,-0.06928939,-0.1658259,2
1.42295,-0.9497855,1.14302,1.430041,-0.01930716,0.5036615,85.73947,-0.1604594,-0.5970457,2
0.7593938,-0.111049,1.360702,1.598363,0.2850221,1.294321,-1.032037,-0.4784999,-1.420336,2
0.9977123,-0.09084821,1.064947,1.950073,0.4612229,1.337189,-1.487854,-0.3494099,-1.328193,2
0.8704001,0.6493241,1.114951,0.9949467,0.6688406,0.9751319,0.5109587,1.152728,-1.732402,2
0.4780352,1.047302,1.123053,1.612146,0.6494087,0.7434771,-0.2963301,-0.1467691,-0.9013289,2
0.5512749,0.04539904,0.910589,1.698508,1.272263,1.272638,-0.50023,-0.03215001,-0.4269173,2
0.03185426,-0.9505071,1.186489,1.293101,1.184413,1.070503,-0.4576994,0.436503,-0.3766971,2
1.327946,-0.8102593,0.8110369,1.950035,-0.6812924,0.8123938,-0.5477769,-1.359167,-0.7264487,2
0.9933318,-0.948457,1.08917,1.822503,1.156523,1.015478,0.1593008,0.03171862,0.2849374,2
1.995844,0.1246928,0.7902692,1.509511,0.5387609,1.373942,1.986221,-0.5790213,-1.207094,2
0.892713,-0.9481944,1.282977,0.246848,0.257508,0.9661918,-0.9141537,-0.2529123,-0.8759711,2
0.4262927,-1.150682,1.195088,0.1385945,-0.4158285,1.24325,-0.277466,-0.03173423,-0.350681,2
1.563655,0.3763181,0.8102094,1.252749,0.3790266,1.260837,2.464262,2.392873,-1.206202,2
0.9043857,-1.415198,1.401817,0.5504169,-0.7827817,1.091028,-0.4216169,-0.05983915,-0.3393887,2
0.9491092,-1.035748,1.016207,1.00675,-0.7840523,0.8608887,-0.8699247,0.1875445,-0.03627028,2
1.67378,-0.391319,0.9630048,1.102015,-0.3108243,1.282459,0.05373047,0.3969478,-1.96113,2
0.6476856,-0.7726575,1.018454,1.304124,0.3905621,0.5397367,0.09213768,-0.1654221,-0.8444038,2
0.8938337,-0.3790845,0.6618869,0.8589256,0.07161656,0.9119866,8.640096,-0.006786002,-1.264486,2
0.5469989,-0.4306811,0.8805211,1.30841,0.05241502,0.9361886,-0.9764207,0.2043904,-1.093059,2
1.801668,0.7558305,1.067737,1.829372,0.6635578,1.020046,-0.6929352,-0.1976736,-0.3334004,2
0.6416709,-0.4730226,0.467025,1.132395,1.118498,1.054044,-0.6936736,0.07370542,-0.3272057,2
0.4371769,-0.4003308,0.4556552,1.749245,0.4969957,0.5161663,-0.2566543,-0.02400496,-0.2304526,2
1.341521,-0.646735,0.6615365,1.892425,1.158953,1.03222,-0.4464363,0.08316674,-0.1883998,2
1.191636,-0.8354771,1.150191,1.399256,-1.090769,1.066164,1.176742,0.8910557,2.627721,2
1.230395,-0.08946628,0.7928369,1.896507,0.1281091,0.8011711,-0.7271327,-0.2706405,-0.899799,2
0.4594543,-0.5592323,0.9031227,0.8970838,-0.6527332,0.8743858,-0.3993957,-0.3761612,-0.4767998,2
0.422206,-0.5889563,1.329705,0.9126579,-0.02008758,1.362568,-1.389809,0.4565925,-1.621949,2
1.267469,-0.5014849,1.254501,1.896059,-0.4396802,0.8419716,0.5212489,1.6919,-1.254818,2
0.5379338,0.02333335,1.088843,1.353563,1.350194,1.246863,-0.07013631,0.07438433,-0.1204989,2
0.6255114,0.2496678,0.7113106,0.199285,0.2352634,1.031804,-0.3964176,-0.1807364,-0.7359147,2
0.8392055,0.02413946,0.7901893,1.540237,0.4371071,1.059489,-1.257015,-0.3157261,-0.9938726,2
1.22881,0.798285,1.277468,1.640864,0.738851,1.288838,-1.075102,-1.364919,-1.308614,2
1.055257,0.3529549,1.371529,1.137988,0.3618561,0.9824937,4.802659,9.2945,-1.442796,2
1.135914,-0.01951277,0.4093999,1.011595,0.6841898,0.7991751,1.650144,-0.1226055,-0.3752564,2
1.85135,-0.08918947,0.4689575,1.515849,0.3457282,0.5682573,-0.2308675,-0.1860118,-0.2178263,2
1.096155,1.024659,1.041505,1.23198,1.288643,1.238027,-0.3611969,-0.1425886,-0.2336202,2
1.677101,-1.109897,1.017815,1.339718,-1.289988,1.295057,0.4068605,3.060126,-0.9289974,2
0.7293217,-0.4276954,0.693276,1.814052,0.5047051,0.6002829,-0.2109869,-0.139692,-0.2204859,2
0.05988388,0.06510706,1.341676,1.514192,0.1584922,0.4647375,-0.3104166,-0.249295,-0.568968,2
1.436033,0.6876112,0.7605361,1.344169,1.434929,1.40031,2.844353,-0.3041712,-0.3467555,2
1.869885,-1.083468,1.142878,1.669979,0.6503921,0.7709728,-2.023747,-0.09110664,-0.5255869,2
1.17476,0.1135848,1.153014,1.614236,0.8693804,1.318659,-0.8421418,-0.3890279,-0.7740789,2
1.7643,-0.8803619,1.222721,1.302052,1.005019,1.278258,-0.8666857,-0.3045563,-1.214717,2
1.467779,0.1077117,1.007918,1.254783,0.6259734,1.151364,-0.724045,-0.3462313,-0.1991069,2
0.3586897,-1.108424,1.035092,1.226711,0.1467987,0.4016932,-0.2120273,-0.03460057,-0.07022777,2
1.878029,-0.1824825,0.4912426,0.9494429,1.344658,1.245062,-0.0909791,0.02474941,-0.1903243,2
1.110799,0.1900275,0.1838522,0.3554136,0.07030766,0.3628476,0.05867635,0.1460513,-2.84807,2
1.208332,-0.2032236,1.37457,1.60051,-0.1940371,1.222391,-0.342869,0.2755331,-1.383829,2
1.197048,-0.5324085,0.7528743,1.883903,-0.05065898,0.945611,-1.479016,0.4770127,-1.221081,2
0.03025186,-0.2487637,1.257072,0.2715701,1.130854,1.22188,-0.5818576,-0.109746,-0.5764269,2
1.821749,-0.1480089,1.168987,1.85555,0.2140342,0.7282128,27.81197,0.1328552,-1.256687,2
1.987207,-0.5980376,0.8503758,1.981021,-0.3462213,1.200047,148.3213,1.42225,-1.52566,2
0.522727,-0.3542623,1.258308,1.089546,-0.3072798,0.7335275,0.2170159,0.7334886,-1.232031,2
1.983725,-0.448556,1.170817,1.563954,-0.06634745,1.073782,-1.243139,-0.4717209,-1.055188,2
0.9537679,-0.5981448,1.303856,1.676906,-0.3250222,0.6754313,0.7403607,-13.31471,-1.071977,2
0.7345871,-0.201259,0.2644641,0.1054005,1.099099,1.008821,-0.06435277,0.004351681,-0.1668098,2
1.161477,0.2714463,1.180959,1.909248,0.6147735,1.329575,-1.267603,-0.5897009,-1.203694,2
1.302978,-0.3653014,0.3529911,1.372918,-0.1939064,0.2130456,0.508885,-0.06075443,-0.07751101,2
0.5902111,0.4098597,0.8827743,1.614821,0.7366298,0.9006479,-0.4184651,-0.1828999,-0.5045937,2
1.064419,0.5048907,1.13799,1.02448,1.085476,0.9576427,-16.56597,1.237331,-4.353848,2
1.161077,-0.5756068,1.231727,0.1325811,0.934186,1.205966,-1.064047,0.066385,-1.181971,2
1.903869,-0.8020807,1.224322,1.19889,0.6723894,1.207036,-0.8008231,-0.3818256,-0.883285,2
1.434236,-0.5358182,1.114612,0.9332016,0.7919814,0.8444887,-1.915245,-0.1362976,-1.368723,2
0.8219928,-0.1220443,0.9483987,1.452791,-0.2214903,0.7978051,-0.3736501,-0.1679749,-0.8750775,2
1.738278,-0.558352,0.5207617,1.152415,0.4687067,0.9803261,1.1162,-0.02550458,-1.434766,2
1.948455,-0.2385416,1.246898,1.190815,1.059622,1.160759,-1.988561,-0.008189482,-2.291165,2
1.903976,-1.111657,1.120685,1.653552,-0.39753,0.9905001,1.600246,0.1839765,0.2380448,2
1.740558,-1.121462,0.9571965,0.5921901,-0.2763882,1.204365,0.2461799,0.2890006,0.4681286,2
1.423149,-0.2345556,1.095875,1.69434,0.8941327,0.777831,4.018637,0.1538088,-3.67965,2
1.416038,0.2766502,0.5221488,0.859374,0.9156244,1.176193,0.6104989,-0.6505294,-0.630152,2
0.388321,-0.4211102,1.168215,0.869523,0.2392617,1.019631,-0.7907231,-0.3901924,-1.146152,2
1.710215,-1.049657,0.9972427,0.08812888,0.6119347,0.9430365,-0.3933157,0.1351775,-0.3363041,2
0.1239644,-0.6907943,0.9264815,1.375216,0.3678428,0.5273983,-0.3444714,-0.1352673,-0.3677517,2
0.5794775,-0.1486699,0.8557281,1.765446,-0.2790742,0.6077948,-0.311632,-0.1330707,-0.5808923,2
1.394392,-0.5802884,0.4945279,1.854636,1.145289,1.312413,-2.662887,-0.02135487,-0.7693971,2
1.79393,-0.9364102,0.9353427,1.061126,-0.6676312,1.035722,0.1016846,0.2512784,0.2524406,2
1.019472,-0.7042969,0.7389912,1.264029,-0.5991766,0.5325783,0.5079303,4.192867,-0.5286758,2
0.9864554,-1.252639,1.132101,0.8291256,-1.01553,1.37105,2.172644,1.698814,-6.097236,2
0.9779057,-0.4358056,0.9496605,1.852771,0.9280233,1.164931,-0.7435103,-0.2515958,-0.672337,2
0.4243275,-0.3363958,0.700565,0.8160779,0.4510178,0.8555201,-0.8610209,-0.2366263,-0.7835251,2
0.7413213,-0.07194278,1.094316,1.232112,0.7216137,0.8019236,0.5330971,0.00864202,15.29966,2
0.8702864,-0.7057799,1.26355,1.151029,-0.5242209,0.9402124,0.3158363,-18.89536,-1.099784,2
1.374155,0.2913273,0.6971405,0.6110843,0.9100602,0.899523,-0.6712308,1.518752,-2.688346,2
0.3376372,-0.375781,1.156315,1.934195,1.416409,1.365959,-0.4772437,0.01252242,-0.4207035,2
0.818194,-1.015214,1.004874,1.155041,0.5859709,1.41255,-3.16777,-0.07126058,-1.880103,2
1.198919,-1.102412,1.355278,1.684923,-0.1175541,1.300705,-2.067014,0.1205978,-4.908851,2
1.696971,-0.7738793,0.6630933,0.7067438,0.2670518,1.338017,0.625165,0.1906095,-4.200557,2
0.7020412,0.2082273,0.9740052,0.4241844,-0.007393719,1.054708,-0.626036,-0.329203,-1.135631,2
1.105284,-0.7174555,0.9615312,0.7093664,0.1212369,1.364889,0.6396009,-0.07280702,-4.582925,2
1.192964,-0.3598237,0.4188738,1.029742,1.189478,1.048366,0.5143076,0.1060276,-0.1668632,2
0.5108298,-0.1676638,0.7945418,0.6862841,0.7739267,0.7682511,0.8483852,-0.03223162,0.6524329,2
1.785355,-0.5160602,1.021365,0.1456813,0.9701904,1.152081,-0.8876034,0.2095586,-1.010648,2
1.701454,0.194907,1.143839,1.27087,0.02673846,1.412864,0.5278145,-0.2030356,-1.464459,2
0.8406027,0.005147794,0.345565,0.1228379,1.033284,1.32216,-0.04852241,-0.3743657,-0.7273755,2
0.4801437,-0.7401064,0.7548267,1.111439,-0.1093364,0.6489695,-0.7351959,0.524066,-1.449489,2
0.07212572,-0.8205757,1.360098,1.380491,0.8378308,0.930517,-0.47634,-0.08412949,-0.456087,2
1.179973,0.2217556,0.4831517,0.3583173,0.2322945,0.9657252,-0.01689216,0.2639969,-1.117492,2
1.783229,-0.6570402,0.6574469,1.8096,-0.2365557,0.9994449,-39.40361,0.9052005,-1.510899,2
1.254738,-0.4564297,1.14657,0.9586777,0.6266238,1.187545,-1.028672,-0.4268978,-1.545038,2
0.8144228,-0.5645522,0.861901,0.1986501,0.4762289,0.9255157,-0.6000837,-0.2392903,-0.6638829,2
1.874079,-0.8061333,0.7646782,1.803519,0.0112716,1.331643,23.0842,0.5547474,-1.944868,2
0.06919342,-0.3444436,1.388755,0.5014288,-0.4040082,0.8535838,-0.538901,-0.5647345,-0.7374385,2
1.500318,-0.3100853,0.8417484,1.887114,0.01304196,1.023129,-1.975165,0.09660948,-1.238546,2
1.477203,-1.136558,1.307804,0.791825,0.2852421,1.075317,-0.5773863,-0.227786,-0.5595884,2
0.2020882,-1.4401,1.265987,0.9449605,-0.9192979,1.018628,-0.4120215,-0.9627686,-0.6690084,2
1.438778,-0.6819152,0.8785735,1.041502,0.3434908,1.004565,0.3959975,-0.2282587,1.499048,2
1.379519,0.7601908,1.009652,0.3236848,1.051637,1.226733,-0.4942303,-0.9993012,-0.6864928,2
1.34422,-0.3610867,0.8448029,0.8533127,-0.08620728,0.9250016,-0.3568667,-0.2723971,-0.6078377,2
0.4713077,-0.9635938,0.9719942,1.670958,-0.3337721,0.5884615,-0.379911,-1.974872,-1.547175,2
1.886677,-0.09701534,1.185892,1.550203,-0.7553433,1.407798,-0.352231,-0.3181745,-0.03789499,2
1.433991,-0.3571569,1.327547,0.7400596,1.004847,1.338377,-1.534275,-0.2459798,-1.922165,2
0.1033967,-0.3940919,1.338913,0.9325904,0.150655,0.8133379,-0.6643738,-0.1183175,-0.8651485,2
0.2045083,-0.5801929,1.197557,1.966887,0.4043787,1.03377,-0.867401,-0.1003534,-0.983741,2
1.758139,0.6858904,0.7680461,0.480251,0.8925344,1.288919,-0.1516387,0.05636999,0.3674467,2
0.2022647,-1.245817,1.1894,0.7921586,-0.4791733,0.9999571,-0.8205634,-4.041503,-1.272201,2
1.492917,-0.7870503,0.8388141,1.82224,0.4149436,1.029673,-3.121312,-0.118911,-1.792453,2
0.04589821,-0.6744972,1.372299,1.772682,0.3592131,0.3280285,-0.01677308,-0.0005256029,0.286721,2
1.800046,-0.3605714,0.5465454,1.913944,-0.1990674,0.6390209,-3.212521,0.4410548,-1.011068,2
0.4071487,-0.2563043,0.9964671,0.2903542,-0.5042676,0.9583564,-1.182306,0.8217317,-1.363895,2
1.984156,0.8665026,1.013586,1.159385,1.116809,1.254208,-0.3369201,-0.3290553,-0.4932043,2
1.28807,-0.5895324,1.137584,1.303914,-0.618424,1.129361,0.9889012,0.2348573,4.713639,2
0.3241033,-1.080523,1.201629,0.6721545,0.4621398,0.6267994,-0.01546592,-0.1410713,-0.6336935,2
0.8001069,-0.7146674,1.122404,1.109628,0.6962354,1.152618,-1.023914,-0.3565187,-1.087197,2
1.793141,-0.8996573,1.255562,1.119139,0.3444731,1.322935,-0.2257731,-0.3615205,-0.3218396,2
1.491089,-0.8855705,0.8108275,1.067524,0.3178933,1.370221,2.234684,0.1388926,-2.763211,2
1.845915,-0.06891783,0.2842435,0.5033563,1.153322,1.129987,0.005118167,0.007975347,-0.2971258,2
1.740059,0.4165545,1.23355,1.820852,1.098027,1.176543,9.398124,0.4309801,5.487516,2
1.097723,-0.2496075,0.2540472,0.1083117,0.1790311,0.9210816,-0.0002482069,0.04714815,-5.670427,2
0.4186523,-0.8234349,1.36293,1.109621,-1.005891,0.8685591,0.2152059,0.6193224,1.914489,2
0.8186421,-0.5216476,0.4728935,0.07941598,0.2076907,1.280523,0.01731103,0.07828414,0.8107965,2
0.5044622,0.05136274,0.7916655,0.1979319,-0.1439189,1.314733,0.06355116,-0.5274531,-0.232653,2
0.774368,-0.2059593,0.7429443,0.9922776,-0.04515745,0.9938421,-2.028995,0.9424418,-1.097908,2
1.439573,-0.2028762,1.206172,1.757919,1.466972,1.371948,2.152879,0.02700459,0.4849415,2
0.9837494,-0.3066276,0.8049526,1.535715,1.006255,1.268679,-1.210543,-0.2317989,-0.7641856,2
0.5885456,0.2362093,0.5269146,0.08893759,0.5557433,0.8463888,-0.3501025,-0.7255127,-0.4626488,2
0.9089153,0.8029469,0.8532546,0.4303474,0.7014846,1.035047,-0.09531872,0.08411119,0.05177633,2
0.6142441,-0.4992071,1.057255,0.8918821,-0.3009639,0.8201951,-0.1508082,-1.61004,-0.8479244,2
1.608255,-1.521357,1.291211,1.182475,-0.1737005,0.6478048,-0.2222005,0.243526,-0.02526171,2
0.07038646,-0.201268,0.7385921,0.14487,0.7662769,1.042222,-0.8415843,-0.2284722,-0.6947044,2
0.2317495,-0.4578911,0.4910982,0.9195697,0.584438,0.5366657,-0.1720514,0.03093996,-0.1314213,2
0.2972682,-1.152066,1.39395,1.67917,-0.6796978,0.8835495,-0.3872918,-0.7233947,-0.5192765,2
1.834456,-0.1137741,0.5278335,1.414545,0.4023721,0.7700076,0.460816,-0.2485531,-0.6473987,2
1.568019,0.3312799,0.6626162,0.7983392,0.7220431,0.8900945,-0.4638653,1.453776,-12.5595,2
1.388396,0.230321,0.747399,1.056993,0.8597714,1.134877,0.0042921,-0.3370348,-0.5337571,2
1.460279,0.649662,0.926194,0.2551816,1.56582,1.384019,-0.5730443,-1.742655,-1.089085,2
0.4208508,0.06299969,1.386374,0.8599101,1.255303,1.26792,0.1681994,0.02017313,0.1993576,2
0.7823538,-1.015022,1.018405,0.2521812,0.5668234,0.7124159,-0.4877888,-0.0174368,-0.3954327,2
0.7516736,-1.333925,1.243359,0.6737075,-0.06512166,1.175877,5.028065,0.1932435,1.192942,2
1.657743,-0.6446381,0.7952166,1.758908,-0.3085549,0.7937012,-3.594697,0.2499851,5.614838,2
1.816245,-0.03483814,0.5212438,1.586902,1.018403,0.9106358,-1.178846,0.06932004,0.005171217,2
1.909866,-0.2069847,0.5578498,0.5176917,1.050026,1.061767,-0.4416934,-0.1223294,1.22277,2
0.8700836,-0.4896956,1.087653,1.927267,0.9003093,1.355948,-1.118605,-0.3433153,-1.034982,2
0.6561057,0.2089745,0.3196283,0.1885698,0.6799292,0.7771766,-0.1025297,1.406271,-0.3364155,2
1.556842,0.04543268,0.7165846,0.4186676,0.6521353,0.6804414,-0.7323582,1.340742,-0.8760643,2
0.5329522,-0.3938378,1.040426,1.715941,-0.3727316,0.8022735,-0.5085283,-0.4838861,-0.7157622,2
0.1436528,-1.026173,0.8956889,0.245814,-0.6789835,0.7359753,-0.4086549,-2.450954,-3.058233,2
0.4162768,0.8897091,1.182798,1.218534,1.32731,1.272519,-0.326621,0.003498716,-0.3329668,2
1.538658,-0.6393132,0.8745931,1.768292,0.5379744,0.4994358,2.860617,-0.05631343,-0.8756759,2
0.5716715,-1.334087,1.206892,1.968108,0.6207332,1.245495,-1.278557,-0.05867247,-1.471337,2
1.560346,-1.174537,1.213357,1.881336,0.01812779,0.5495503,1.147389,-0.06774581,-0.3989223,2
0.5851928,-1.179086,1.362567,1.428876,0.1053134,0.4027047,0.1844177,-0.1141309,-0.6544254,2
0.9791458,0.3334446,1.170093,0.8101863,0.782765,0.7560414,-4.130985,1.889217,-1.534668,2
0.8548461,-0.3253407,0.7780262,1.144358,-0.04465597,0.9515046,-1.625987,0.3412837,-1.145805,2
0.1491667,-1.514229,1.338129,1.422627,-0.006318039,0.3235644,-0.2403776,0.1439926,0.05773145,2
1.917109,-0.8189685,0.7569021,0.2042826,0.396941,0.8073407,-0.227165,0.03949501,-0.181037,2
0.252255,-0.9853376,1.375734,1.621372,0.3222772,1.329538,-1.202624,0.2162747,-1.381578,2
0.1929704,-0.1134593,0.760846,0.6140674,1.151979,1.005235,-0.1174477,0.1218838,-0.09293274,2
0.2965949,-0.2690229,1.287279,0.9019188,0.8997263,0.7857621,0.3172583,0.1232179,2.052903,2
1.807279,-0.8495521,0.8130462,1.597868,0.8186496,1.282397,4.929869,-0.1063946,-1.633969,2
0.1769591,-0.2744758,0.6411166,1.834044,0.3932906,0.6154373,-0.4505528,-0.112428,-0.480965,2
0.7570506,-0.5089971,1.221401,0.4871339,-0.09749062,1.073655,-1.258019,-0.4881968,-1.131985,2
1.124981,-0.5393118,1.143549,1.536011,-0.6150418,0.9207576,0.210761,0.5655775,-2.587891,2
1.914773,-0.05910569,0.4417729,0.4104337,1.262835,1.067895,-0.4206932,0.1501414,0.6504475,2
0.4456193,-0.3852995,1.337234,1.937438,0.2431341,0.8434772,-0.509731,-0.435186,-0.7986227,2
0.08900307,-1.415291,1.241338,1.683563,0.05311683,0.6442882,-0.6654279,2.338639,-1.013154,2
0.5217421,-0.1352821,0.6160091,0.2362873,0.1012963,0.7070385,-0.4196696,-0.2565183,-0.672084,2
0.867057,-0.4198409,0.7194265,0.980095,1.02571,1.144078,-1.840013,-0.1512348,-0.5359412,2
1.54029,-1.243684,1.108783,1.919756,-0.49853,0.5920165,-0.2516519,0.1339789,-0.05395444,2
1.134816,-0.01550749,1.155081,0.1885584,1.16448,1.195289,-1.155033,2.872436,-1.444648,2
1.606281,1.15349,1.059353,0.8356795,1.180434,1.18766,-0.01404715,0.03382096,0.05607527,2
1.897083,0.1901736,0.8414788,1.231296,0.3274013,0.7290108,-1.042052,5.496105,-0.9553051,2
0.6600132,0.5218871,1.105388,0.5955173,1.046278,0.9446713,-5.851325,1.423223,-3.289332,2
1.43164,-0.3488405,0.7396591,1.130722,-0.1854461,0.7767141,-0.2123518,-0.1702107,-0.3246434,2
0.8501548,-0.4829341,1.339511,1.55824,1.187843,1.083444,0.703558,0.008905584,1.672566,2
0.8783261,-1.287892,1.357861,1.325738,-1.036227,1.122066,-0.2916311,-0.2331546,-0.3962902,2
0.6250353,-0.8558029,0.8790697,0.4921784,-0.716214,1.16803,1.155124,1.290542,-2.351543,2
1.8812,-0.3163247,1.153906,1.899235,-0.01881746,0.8259809,45.40268,-0.3526673,-1.145762,2
0.1367708,-0.8315999,1.283025,0.02544644,0.8142818,0.8776774,-1.044381,-0.138271,-1.021198,2
0.6284054,0.9465342,1.02849,0.7882119,1.19899,1.207254,-0.4495857,-0.2144699,-0.3320675,2
0.5249121,-0.681501,1.103402,1.182935,0.327154,0.5802155,0.04963025,-0.2373611,-1.105046,2
1.277359,-0.8676122,1.015542,0.93609,-1.032357,0.9018564,-1.207397,-3.82275,-1.058537,2
0.3789285,-0.5950265,1.136374,1.596424,0.7676737,0.8762913,-0.3165187,-0.1822184,-0.3163579,2
1.933073,-0.9876395,0.8577726,0.01391079,0.9861702,1.402773,-0.3927933,0.543397,-0.3077817,2
1.290203,-0.7566078,1.291345,0.3215293,0.6802244,1.303888,-1.002297,-0.3468778,-1.097155,2
0.2026133,-0.6175339,1.005572,1.422716,-0.2910649,0.4885037,-0.2435487,-0.2195553,-0.1552874,2
1.726846,-0.145384,0.8437476,0.4703004,0.3581788,0.9055791,-0.7706708,-0.03372508,-0.9302842,2
0.7573776,-1.216156,1.056357,1.186219,0.6559755,1.076072,-1.809969,-0.03911876,-2.660885,2
1.643476,-0.6949162,0.9278433,1.706585,0.02759968,0.9015631,-6.476127,-0.1548189,1.610854,2
1.423639,-0.07431021,0.987824,1.503492,0.6399693,0.7250909,9.06566,0.08859058,-1.970336,2
1.632768,-1.021038,1.17872,0.4936611,0.7430166,0.6444025,-0.8956209,-0.03534909,-0.7007534,2
0.5551286,-0.09730087,0.6412134,1.530924,-0.2929899,0.3963491,-0.02758137,0.1104871,0.1397738,2
0.05668056,-0.6006771,0.8126544,0.6094327,0.3438447,0.5915584,-0.4468399,-0.1163855,-0.4991033,2
0.8144071,0.376233,0.6566828,0.3348487,1.607501,1.370892,-0.5440218,0.8396088,0.3190234,2
0.3778258,-1.255996,1.225415,1.038232,-0.3027837,0.9964384,-0.9802249,2.434907,-1.945129,2
1.388173,0.4332615,0.8706412,1.53914,0.4342785,0.8996255,-1.039739,-1.178011,-0.9208916,2
0.3756334,0.2944244,0.3941523,0.8068647,0.4373752,0.3825957,0.03705508,0.1107113,0.05108216,2
0.6862098,0.7638369,0.8321842,1.437307,1.034343,0.8772716,0.0434435,0.2214915,0.06431631,2
0.5636477,-0.7036563,0.9504524,0.06528912,0.6263371,1.283178,-0.5872629,-0.228097,-0.6303835,2
1.058178,-0.2435963,1.033017,1.816193,-0.5384024,0.6892807,0.4131072,0.4132984,-1.921175,2
1.790063,-0.8387784,1.158052,1.945418,0.2634202,1.143349,-3.892642,-0.2979611,9.564205,2
0.2487004,-0.7849489,1.030194,1.589785,-0.4182072,0.5059822,-0.1654145,-0.1776921,0.01150736,2
1.059484,-0.3673368,1.156312,0.5132483,0.2531579,1.133237,-1.023079,-0.3969012,-1.199947,2
1.918777,-0.6082115,0.7519526,0.2083506,0.4356318,1.014411,-0.4180287,-0.1543316,-0.4382523,2
1.001774,-0.470898,0.8273944,0.4819605,1.240212,1.082432,-0.9604226,-0.02980646,-23.02406,2
1.790984,-0.1293157,0.5860965,1.874976,0.599907,1.131534,-11.73014,-0.2329046,-0.9495255,2
1.147771,0.5485027,1.263634,1.713203,0.6667415,0.9796517,0.1165307,0.4348715,-4.865593,2
0.1804821,-1.035352,1.132434,1.556529,-0.2467804,0.2338792,0.007696021,0.3888234,-0.4955144,2
1.083828,0.6013178,0.777445,0.7518766,1.085484,1.250022,0.08290756,-1.054127,-0.5568495,2
0.9294803,-0.3674513,0.3129259,0.2642886,0.4905969,0.4319898,-0.04583705,0.05075926,-0.02770625,2
1.748842,-0.4023897,0.9785136,1.432202,1.472468,1.311667,-2.583156,0.00669314,0.6079525,2
1.633218,-0.1893798,1.314555,1.73114,0.2191009,1.29918,-0.6265105,-0.501772,-1.241654,2
0.6569194,-0.888983,1.255304,0.4495321,0.2181058,1.058972,-0.8500239,-0.3509009,-0.7373571,2
0.5226814,0.3850469,0.9732559,0.9007899,0.4387705,0.9410359,-0.6416932,-0.4535077,-0.9174007,2
0.9329795,0.7093626,0.755467,0.7685601,1.074337,1.18895,0.8225698,-1.457954,-0.5646502,2
1.925162,0.4096931,0.8826968,0.4161308,1.171214,1.022494,-0.76657,-3.996319,-1.175782,2
0.8977916,-0.2695003,1.189636,1.859461,-0.7547683,0.8895115,0.003091864,0.2452478,0.2449035,2
0.6334056,-0.9453078,1.197577,0.7787544,1.245884,1.094096,1.809715,-0.01072631,3.321506,2
1.514347,0.9509672,1.052235,0.7653465,0.2134259,1.394201,0.1402762,0.3653062,0.4487518,2
0.9478812,-0.9984059,0.8673721,0.363115,1.06738,1.01745,-0.1115602,0.08802632,-0.02635343,2
1.154345,-0.9221814,0.9404579,0.7846333,-1.102566,1.002785,-0.4878704,-1.036814,-0.9484437,2
1.330515,-0.7989676,0.8252662,0.4377125,-0.08418113,1.345526,0.1009657,0.1093206,1.575938,2
0.0590829,-0.05363697,0.954877,1.569499,0.1193475,0.408733,-0.3297072,-0.09549487,-0.44039,2
1.057523,-0.932924,1.326695,1.113262,0.8858672,1.356335,-2.4591,-0.3868513,-1.92711,2
1.359245,-0.9043549,1.113455,0.6089285,0.08222641,1.264891,-0.1964803,-0.2030828,-0.2443238,2
1.706362,0.5506558,0.7177576,1.033056,1.579893,1.35021,-0.5753054,0.6099173,0.1741871,2
1.722847,-0.8794264,1.117079,1.94478,-0.8833343,0.8276946,2.350186,4.164191,-1.184355,2
0.7523621,0.179022,0.3177449,0.2046728,0.318359,0.6382051,-0.09805833,0.1660015,-1.392745,2
1.567672,-0.8337655,0.749574,0.8074533,-0.4982206,1.271535,0.6222701,0.7285,-4.368249,2
0.4074028,-0.8315291,1.124809,0.9225777,0.5409713,1.119874,-1.077426,-0.2916217,-1.245561,2
1.384988,-0.5484456,1.25311,0.6501827,0.6468886,0.9892163,-1.407122,-0.2434927,-1.288513,2
1.179862,-0.03523314,1.006878,0.3428315,0.9078789,1.023097,-1.036212,0.6089415,-1.26667,2
0.9273929,-0.07288377,0.9751214,0.6930287,0.9461027,0.8935541,-2.573147,0.1952168,-3.254752,2
0.8806432,-0.9111159,1.032711,0.4509278,-0.08887804,0.7868755,-0.5371939,-0.1485593,-0.4486748,2
0.7852127,-0.2731745,0.9308963,1.736073,0.4594645,0.8725965,-0.5546765,-0.325272,-0.7099723,2
0.5345123,-0.6388992,1.364774,0.7481993,-0.7188194,0.8555565,1.368939,1.743818,-1.455424,2
1.184587,0.2004293,0.9931436,0.2510798,1.011182,1.37509,-0.8178042,16.967,-1.13646,2
0.9970853,0.2589523,0.695254,1.176847,0.0349783,0.5549529,0.3764583,-0.3374889,-0.4663332,2
0.7345751,-1.110297,1.053246,0.597182,-0.199775,1.182898,2.538943,0.3308022,3.847169,2
0.2639713,-0.09446186,1.312449,1.373297,0.483224,0.7614377,-0.2320382,-0.2217466,-0.3586065,2
0.7725444,-0.1254653,0.7884413,1.342354,0.2048114,0.9563319,-1.153831,-0.1565605,-1.022136,2
0.6082852,-0.9341596,0.9882826,1.755433,-0.153776,0.3186942,0.04341812,-0.2428262,-0.3212119,2
1.446724,-0.5252385,0.6685869,1.524477,0.1140025,0.8604936,-8.05425,-0.02015575,-1.519975,2
1.930241,-0.6081208,0.6895211,0.3772497,1.161447,1.259924,-0.2653157,-0.1211595,-0.2036534,2
1.593053,0.2707107,0.463565,0.4180643,0.6942214,1.281087,0.0928336,1.363297,-0.9805679,2
0.9899419,-0.1946321,1.358745,1.204833,0.4013186,1.142006,0.6716865,-0.3821953,-2.422384,2
0.5412253,-0.976218,1.00125,1.031742,-0.3923221,0.5370164,-0.1773729,-0.1396497,-0.2295853,2
1.07126,0.3742768,0.809593,0.7382424,1.27258,1.39014,-0.2485797,-0.1908798,-0.3992044,2
1.034706,-0.544879,1.145175,1.351652,-0.3480274,1.320872,-1.99073,3.837462,-1.55616,2
1.214619,-0.2065318,0.3735839,0.9334008,-0.09847111,0.3441617,-0.2862519,-0.1384789,-0.2680809,2
0.7448784,0.4228464,0.9697974,0.9938157,0.71854,1.065362,-0.6718538,-0.3361654,-0.6363582,2
1.764877,-1.248729,1.255508,1.151138,-1.170143,1.367418,-0.08600232,0.2190312,0.03677158,2
0.7089761,-1.32489,1.173875,0.7995796,1.524264,1.348901,-1.038337,0.1435889,-0.3285377,2
0.3989755,-1.182209,1.030424,0.1039014,-0.5249187,1.30571,0.05755404,0.2660376,0.1493041,2
0.8249775,-0.3659031,0.4326447,0.2029601,0.03783845,0.3771068,-0.2329892,-0.07175494,-0.2374438,2
0.7747742,0.05836434,1.127246,0.6390609,1.087707,0.9202886,-4.82307,0.5780787,-3.370729,2
0.08475182,-0.774589,1.035776,1.898764,-0.02086899,0.4846349,-0.4478906,10.05345,-0.5895231,2
1.084667,-0.1543089,0.7103205,0.3553503,0.3823813,0.7095485,-0.6895236,-0.06512606,-0.7979414,2
0.5513893,-0.9638541,1.184699,1.501514,0.8390937,1.297653,-1.124461,-0.2667283,-1.149581,2
0.0392386,-0.1005949,0.9193652,0.5437927,0.1705589,0.5483548,-0.4476048,-0.1177039,-0.5732078,2
1.047251,-0.463432,0.7323078,0.3745902,-0.3127212,1.318771,-0.07318082,0.2400196,-4.43132,2
1.816183,-0.8824366,1.108737,1.868051,-0.1288419,0.8713841,-2.259735,-0.2030541,-0.3173824,2
0.8995636,-0.8884435,1.036079,1.744795,-0.1241556,0.5799428,-0.2997175,-0.1781967,-0.3089478,2
0.3209197,-0.03500977,0.9757317,0.3724722,0.1620527,1.343333,-4.273501,0.155299,-1.412189,2
0.280491,-1.062074,1.035279,1.232542,-0.2439229,0.4168425,-0.233552,-15.93687,-0.06263373,2
1.037085,-0.6479117,1.044938,1.168974,1.095793,1.370432,-2.121522,-0.2882616,-0.8122121,2
1.740981,-0.8699549,1.236227,0.9168161,0.9460325,0.8444297,-1.583795,-0.08588656,-1.136751,2
1.090601,-0.3020104,0.4248261,0.638401,0.0972154,0.3429152,-0.320725,-0.1125108,-0.2779934,2
0.7266474,-0.01661513,0.7230771,0.2549039,0.7276977,0.6853355,-0.845996,0.4879438,-1.029589,2
0.9679645,-0.1225608,0.5426383,0.9113171,0.6154603,0.893668,3.882803,-0.2216296,-0.6062534,2
0.6667224,-0.808273,1.2583,0.5550991,-0.892195,1.265123,-1.050789,-2.18453,-1.413335,2
0.9489182,-0.4551895,0.8092222,1.818701,0.8172889,0.9370792,-0.4558177,-0.1667259,-0.4322094,2
0.3642673,-0.2303854,1.130174,0.5447435,0.396514,0.7189529,0.6057454,-0.1390523,-1.608689,2
0.6623334,-1.168812,1.223713,1.185173,-0.771849,1.181045,-0.9689426,-4.150373,-1.403821,2
0.7479542,-0.003694144,0.4930951,0.3312728,0.5223289,0.8044376,-0.2428479,-0.2597858,-0.3860186,2
1.464766,-0.4979342,1.317782,0.74206,0.292469,1.096661,-1.388783,-0.3622178,-1.310976,2
1.289847,-0.3048834,0.7325329,0.5485711,0.004581692,1.101668,-0.1239039,-0.1480457,1.341962,2
0.1342412,0.136939,0.799183,0.7135791,0.3935717,0.6284798,-0.3395963,-0.211872,-0.526776,2
1.175765,-1.208771,1.270033,1.814457,-0.1148336,1.068758,-1.589837,0.1820964,6.707111,2
0.7324421,1.12126,1.243076,0.5769009,0.6306846,1.305006,0.6109852,0.4268427,0.6771015,2
0.6987957,-0.9975202,1.157435,1.014008,-0.3099731,0.586385,0.3787808,-0.3953409,-0.4958799,2
1.398697,0.407831,0.938398,1.07798,0.6878922,1.249081,0.2138852,-1.295363,-0.9542477,2
1.01411,-0.1713651,0.6214069,0.7710677,0.7059223,0.8267034,-0.6100719,-0.1686075,-0.05146887,2
1.241551,-0.1421266,0.7351069,1.70345,0.7095051,1.041667,-1.260124,-0.2744741,-0.717814,2
1.00125,-0.6103696,1.081118,1.037444,0.2908747,0.4643253,14.93497,-0.1434414,-0.9263105,2
0.9473848,-1.393574,1.248067,1.274298,-1.086403,1.013009,-0.2019161,-1.179719,0.1616672,2
1.777451,-1.590991,1.40046,0.9462663,0.111681,1.220955,0.4015833,0.1530631,0.1685177,2
0.1263251,-0.2376931,1.380264,1.989108,0.6285648,0.9714647,-0.6810232,-0.229642,-0.7638313,2
0.8795685,0.5694876,1.113055,1.588073,1.435696,1.256932,0.3112366,0.3197373,0.1621154,2
0.06093231,-1.030722,1.226837,1.044538,1.070233,1.332548,-0.9390084,0.2402401,-0.9670909,2
1.924219,0.4968362,0.7569837,1.092371,0.2925469,0.8230371,-0.3151581,-0.1521116,-0.4250962,2
0.4127729,-0.6215443,1.047296,1.917902,0.5657884,0.8806887,-0.6118683,-0.2520277,-0.6927282,2
1.693587,-0.4804765,1.154974,0.9016901,-0.01043539,1.216712,-0.6863397,-0.4462606,-1.037105,2
1.32556,-0.3960308,1.342257,1.64978,-0.7047302,1.38199,-0.8595263,-0.4706014,-0.965129,2
0.7209692,-1.093255,1.109143,0.6654494,-0.9185014,1.29139,3.514712,1.88324,-3.118873,2
1.34477,-0.4080917,0.5978977,0.6787337,0.4466118,1.161995,0.3181727,-0.1518303,-1.515538,2
1.52972,0.448151,1.0135,1.331373,0.0351175,1.26341,2.637687,0.03183523,-1.518413,2
1.722051,-0.3995231,0.9226143,1.989254,0.9293668,0.9483506,1.806231,-0.1238963,0.6981843,2
0.8143866,-0.6267762,1.154634,1.788085,-0.2426473,1.33588,-1.421922,9.806763,-1.480335,2
1.068978,-0.04451805,0.8304561,1.920194,-0.04772857,0.7196483,-0.4111757,-0.1303209,-0.8883681,2
1.99894,-1.091945,1.070687,1.579679,0.550558,0.6156414,-1.094868,-0.0043368,-0.3834686,2
0.677503,0.2260013,0.5337899,0.1165612,0.6534855,0.9652234,-0.343581,-0.5547093,-0.4311682,2
0.9365406,-0.5322793,0.7603709,0.5868546,1.029691,1.299717,0.2354867,-0.2215223,-0.9284594,2
1.362479,0.3646609,0.6499733,0.8603698,0.67425,0.9760969,-0.06843319,-1.342915,-0.6123556,2
0.2467247,0.09606501,0.6860338,0.1318951,0.8968794,1.098519,-0.444837,-0.1941052,-0.2411213,2
0.4979464,-1.04995,0.9377554,1.272368,-0.005553604,1.067183,-1.350797,0.8621509,-1.53909,2
1.716356,0.4574474,0.6168659,1.368763,0.8008243,0.7510978,-0.8205448,0.6206753,0.5007824,2
1.255841,-0.3333167,0.5538715,0.3939663,0.4725821,1.127749,-0.01798991,-0.1984425,-2.174929,2
1.181552,-1.158693,1.26465,1.443304,0.5455028,0.8872609,-0.1205319,-0.1945626,-0.4010346,2
1.288856,1.251694,1.380427,1.759497,1.342502,1.26317,0.2543738,0.5928667,0.7966751,2
0.9662409,-0.9175426,1.284262,1.845625,0.6352609,0.8030764,0.1074154,-0.2260719,-1.711222,2
1.894335,-0.9993244,1.236907,1.799913,-1.305591,1.195062,-5.924641,2.30274,-13.15734,2
1.395513,0.06859098,1.350685,1.044842,-0.1611323,1.221842,-1.827544,-0.5928002,-1.531412,2
0.6858586,-0.4820838,0.566907,1.542016,-0.3104153,0.3539332,-0.06519283,0.1388669,-0.6317032,2
1.562424,-0.4134732,0.5942019,1.138075,0.3905826,0.9833559,0.9450825,-0.1580035,-1.253788,2
0.7082188,-0.4848647,1.167016,0.7715911,0.4478442,0.692461,5.749883,-0.1875308,-1.278285,2
0.8915194,-0.02671865,1.069746,1.296724,0.2016935,0.786231,0.2718562,-0.0799028,-1.420166,2
0.2211076,-0.4676477,1.398384,1.456587,0.3496204,0.9839147,-0.7755116,-0.3221671,-0.9808621,2
0.9508296,-1.491732,1.271593,0.3127564,-0.2806317,1.078678,0.008072473,0.2449762,0.0004027818,2
0.2250555,0.07075842,0.5468622,0.09559127,0.410454,0.6826453,-0.4622601,0.07855027,-0.8009922,2
1.346915,0.4298722,0.8255649,0.8884203,0.9545577,1.004514,-0.8832198,0.7910462,2.709278,2
0.1240083,-0.9133492,0.8580245,0.8055646,-0.009757494,0.7343906,-0.7426041,2.183612,-1.006395,2
1.814612,-0.6042862,0.7533308,1.933014,0.9389027,0.8314297,3.060417,-0.003017301,0.5143697,2
0.6975246,0.6508061,0.6667114,0.3549463,1.011627,1.094504,-0.02046935,0.7096092,-0.6887002,2
0.9266134,-0.4383254,0.780461,1.49412,-0.4810981,0.7506802,-0.415294,-0.3610769,-0.5198345,2
0.1853949,-0.9121978,0.7850286,1.746685,-0.3766479,0.438833,-0.1963915,-0.4940868,-0.3783554,2
1.926478,-1.195427,1.166407,1.7516,-0.1471525,0.8612524,1.973014,0.0440412,-0.02406682,2
0.6948519,0.4926969,0.7528265,1.139355,0.6337428,0.5898355,0.2871349,0.4169486,1.951448,2
1.904127,-0.5601673,0.611442,1.264632,1.282205,1.10881,-0.1746024,0.07793959,-0.02871799,2
0.9210398,-0.5033591,0.4997948,1.17411,0.4111311,0.4429728,-0.2097626,-0.0313189,1.192071,2
1.808286,-0.3959056,0.4337535,1.797271,1.010113,1.110762,64.69853,-0.04210833,-0.5756513,2
1.090711,0.0798805,0.7866264,0.2541467,0.3540429,1.188576,-0.5676181,6.881065,-0.8942849,2
1.261066,-0.583532,1.021644,1.876296,-0.1709307,1.302997,-2.023697,1.360916,-1.552939,2
0.7303402,-0.4969152,1.387945,0.9184813,-0.7784029,1.301908,-0.1275652,-0.001258203,-0.1337381,2
0.1522744,-0.5539296,1.11515,0.3358457,0.2067284,0.9726467,-0.8284041,-0.3256814,-1.20197,2
0.2726818,0.07103718,1.336154,1.516241,0.4425739,0.9823136,-0.643279,-0.4079712,-0.9831697,2
0.462283,-1.164351,1.111432,0.4941479,0.7333421,1.326563,-10.60553,-0.1205174,-3.295055,2
1.77776,-1.117107,1.230187,1.169691,-1.316864,1.272729,-0.7369389,-1.30231,-1.118301,2
1.776306,-1.134215,0.9936709,0.9001961,-0.006353009,0.4808549,-0.2731465,0.1441531,-0.1277954,2
1.579022,-0.8040782,1.27999,0.8143035,-0.04574744,1.05147,-1.051266,-0.3968733,-0.9547268,2
0.5740716,-0.3545119,1.156772,0.08743273,1.303615,1.209818,-1.152176,0.5522034,-1.397435,2
1.896092,-1.157638,1.145547,1.534467,-0.02470065,0.5248879,-1.429254,0.0003606378,-0.3420406,2
1.113442,-1.361641,1.39165,1.727601,0.188642,1.400122,-2.465922,0.08264957,-4.016046,2
1.45646,-1.347559,1.14052,1.235064,-0.4328736,1.408273,4.95853,0.9270691,-37.49512,2
0.1988911,-0.9582186,1.073015,0.7606641,-0.4899371,0.6064929,-0.2132789,-0.2685452,-0.07927918,2
0.8005226,0.5562146,0.8766905,0.7890079,0.4691852,0.8612528,1.118173,-0.006110755,-0.01799261,2
1.794615,-0.258591,1.039877,0.9459766,0.7703112,1.182629,-0.9871554,-0.3187011,-1.647692,2
0.8331059,0.03325962,1.056422,1.601691,0.7327019,0.7592378,0.3653558,0.09226764,2.997465,2
0.3434475,-0.3553682,0.975565,0.5148332,0.9664047,1.242042,-0.8845673,-0.2893368,-0.6985572,2
1.830868,0.7852975,0.932166,1.07041,0.7819898,0.8474401,-0.4772175,-0.7449785,-0.5186597,2
0.6605041,0.26011,1.260847,1.71846,0.9269376,1.347524,-0.8085848,-0.3945863,-0.9463341,2
0.9907467,-0.8804505,1.161973,1.942473,-0.1491388,1.003881,-1.036959,0.2744166,-2.017771,2
1.485141,-0.6216417,0.6782236,1.81764,-0.3752941,0.9263764,-2.44121,2.526035,-1.172074,2
1.700635,-0.4570136,0.7550949,0.5695685,0.3912495,0.5916492,-0.6716292,-0.1522306,-0.6448622,2
1.287722,-1.140372,1.234667,0.8774571,1.166891,1.051555,-1.382057,-0.02139535,-0.9888347,2
0.6932781,0.344487,1.23298,1.535707,0.9539399,1.239517,-0.5263457,-0.2542072,-0.6566022,2
0.1937522,-0.5845997,1.376958,1.543933,-0.4324054,0.8777554,-0.553851,-0.8876376,-0.716559,2
0.5517094,-1.099505,0.9979021,1.011696,1.34866,1.285853,-0.7709619,0.06412414,-0.5016679,2
1.143362,-0.0369716,0.1955276,0.1391701,1.398377,1.387323,0.003871075,0.05541754,-0.381214,2
1.635273,-0.06006659,1.054862,1.555452,0.377477,1.197727,2.306767,-0.4682422,-1.102391,2
1.413483,-0.2486455,0.6705561,0.5076451,0.7421663,1.000223,-0.4743461,-0.2587858,-1.198802,2
0.6074572,0.6859916,0.9347058,0.6456872,0.7654096,0.8517999,1.931647,1.207827,-2.467406,2
0.2977475,-1.323791,1.23043,0.7473921,-0.5076373,1.068205,-0.9929815,29.34168,-1.828445,2
1.526316,0.1317111,1.158551,0.3999909,0.9212126,1.049608,-1.142092,4.517597,-1.324559,2
1.125553,-0.6580614,0.8085192,1.572871,-0.2684013,0.3744533,0.7411391,-0.5659972,-0.4150547,2
1.225328,0.6557546,0.6920392,0.470391,0.3417964,0.9836381,-0.03131585,0.2087717,0.212052,2
0.6362767,-0.2654608,0.3428068,1.289979,0.7773504,0.7153497,-0.3086719,0.05414582,-0.1806231,2
1.430193,-0.862389,0.8101826,0.692192,1.28731,1.290063,0.093036,0.00338905,-1.399709,2
0.6314257,-0.6832373,0.9848227,0.6613771,-0.6008198,1.011376,-2.283785,1.575294,-1.833304,2
0.7361513,-0.7033789,0.9681886,0.799777,0.4321151,0.3967005,6.154982,-0.05527168,-0.7686216,2
0.6051717,-0.3718168,0.7091582,0.7226872,0.6503932,0.6490845,1.297796,-0.08429813,2.174687,2
1.234411,0.2367736,0.7222857,1.890806,0.6929013,0.6041917,0.7015663,0.3166525,1.440948,2
1.555068,-0.4169517,0.8824441,0.5249442,0.3503252,1.129882,-0.5011667,-0.3716638,-0.7231241,2
0.4889429,0.08400698,1.256796,1.426331,1.240908,1.224801,-0.1424817,-0.00109026,-0.1958268,2
1.583701,-0.1521625,0.2387861,0.08660686,0.3006064,1.37981,-0.04418044,0.07196682,-1.509644,2
0.5079166,-0.747649,1.086705,1.029612,-0.8764101,1.07246,-0.4074053,-0.412365,-0.4793596,2
0.6839831,-0.65662,0.9283426,1.86491,0.552951,1.082203,-1.043927,-0.2257021,-1.051791,2
1.01508,-0.2089202,1.017632,0.7659183,-0.0002049092,1.193704,0.02443345,-0.2662896,-2.987237,2
1.7788,-0.759711,1.167094,1.343416,-0.1533439,1.292606,0.3048528,-0.158098,0.994863,2
1.228373,-0.3699884,0.6844688,0.1698222,0.7543268,0.8321622,-0.5581257,-0.1026111,-0.6461314,2
0.9675391,-0.4274544,0.7072423,0.2266961,0.2001332,0.6280887,-0.5521821,-0.1743623,-0.5792815,2
1.277338,-0.2565223,0.2774398,0.3323732,1.466154,1.294666,-0.004580075,0.1304508,-0.197547,2
0.3872627,0.1464653,1.026718,0.8920051,1.01872,1.332499,-0.9316685,-0.3099954,-0.8211696,2
0.3022275,-1.159659,1.401382,0.3791994,-0.6018567,1.385992,-2.248219,1.111766,-4.64138,2
0.8850607,-0.681716,0.7281579,0.6103888,-0.659449,1.018653,0.4080151,0.9787816,-1.790624,2
0.4553139,-0.6623707,0.9499924,1.387374,-0.400781,0.7905077,-0.5369265,-1.012884,-0.7221027,2
1.633266,-0.7286946,0.7742077,1.862966,0.3964863,1.273847,-6.570912,0.005314785,-1.627177,2
0.3175813,-1.257767,1.156383,0.9169779,0.8651279,0.7747757,-0.08829836,0.06842052,0.02922428,2
1.626587,-0.1021348,1.186073,0.9638085,1.16079,1.162103,-1.934241,0.1966569,-2.798496,2
0.4054133,-0.6333907,0.866354,1.812182,0.3156525,0.7712127,-0.6838667,-0.1474202,-0.8057549,2
0.091732,-0.8012627,1.300607,0.7355755,-0.2647904,0.3918483,-0.1129194,0.2990071,-1.477759,2
0.5313196,0.5917513,0.8367743,0.7012917,1.176423,1.014447,0.6966162,0.3674699,0.2199317,2
1.380421,-0.3517672,0.8272109,0.3590511,-0.40062,1.150618,-0.4043685,-0.2999325,-0.9879694,2
0.1845155,-0.3218014,1.342851,1.876094,0.3038783,0.4818085,-0.1186031,-0.1489327,0.5297709,2
1.095911,-1.121127,0.957584,1.524271,-0.151568,0.6284147,-1.307105,0.2995464,0.3922148,2
1.298547,-0.991434,1.017599,1.982824,-0.7250381,1.319562,-1.740249,-10.43798,-1.372422,2
1.149959,-0.1719899,0.5502292,0.02983399,0.6156046,0.8861925,-0.5579918,0.9193988,-0.6804539,2
1.505943,-0.4527272,0.7810608,1.607927,0.8537779,1.267566,-6.868103,-0.2677686,-1.002812,2
0.9471404,-0.1825632,1.019251,1.249892,-0.1137848,0.7911825,0.5039564,-1.572725,-1.058367,2
0.03522874,-0.7763758,1.065876,0.6452836,0.9860976,0.839852,-0.1755923,0.1473836,-0.08870664,2
1.961054,-0.239477,1.294847,1.097146,0.7474332,1.291879,-1.428902,-0.2807374,-1.73749,2
0.8354886,-0.5538539,0.8363218,1.249267,1.126589,1.227965,-0.8837235,-0.1391738,-0.5655235,2
0.5346547,-0.2692375,0.9306687,0.1162004,0.5425398,1.24106,-0.751813,-0.2978629,-0.97972,2
1.275989,0.385792,0.8027086,0.3878074,1.564131,1.41217,-0.6368467,3.232652,3.567806,2
1.537172,-0.6129687,0.8648361,0.8374577,0.4109461,0.8786284,-0.4233913,-0.2608615,-0.4929144,2
1.82654,-0.2162603,0.6249976,1.223025,0.5332537,1.122072,0.62323,-0.2635448,-1.055396,2
1.389799,-0.7961633,1.060971,1.78042,0.5059104,0.7261612,0.535091,-0.2164796,-0.8395666,2
1.039466,0.03375793,0.680893,1.054013,0.3069796,0.7184148,-0.04157482,-0.2480489,-0.3211195,2
0.4380272,0.3545009,1.358165,1.228232,1.070858,1.249365,-0.3771484,-0.1468441,-0.5050073,2
1.954537,-0.8302709,0.9024324,1.081825,0.5273215,0.9514794,-0.06144839,-0.1616404,-0.06796327,2
0.1137594,-1.343029,1.15861,0.9281427,0.1088242,0.9004286,-0.9353372,1.535015,-1.318473,2
1.87262,-0.7955121,0.920437,1.268169,-0.2007894,0.9555033,0.2099971,-0.01335351,0.1563842,2
0.6912206,-0.3926126,0.5042525,0.2367082,-0.532343,1.050868,-0.03242887,0.5993227,-1.126379,2
1.689944,-1.093754,1.052064,1.834768,-0.1123923,1.340825,-10.58693,0.545006,-3.298282,2
1.843893,0.9275571,1.014916,1.550773,0.4439736,1.049133,1.00672,0.395002,0.8176495,2
1.158552,0.5823283,0.7791449,0.1886051,0.3025691,1.401685,-0.3073635,-0.1008879,-0.4011258,2
1.400701,-1.300907,1.300873,1.306203,0.742133,1.216569,4.144864,-0.1647208,0.7641636,2
0.1408619,-0.4065606,1.054374,0.7479278,-0.0880961,0.5423467,-0.3337492,1.024425,-0.4525681,2
0.7126473,-1.24656,1.242378,0.7262402,-0.1449627,1.055494,-21.95145,0.1067441,0.5344485,2
1.942968,-0.5824006,1.104132,1.635238,0.8725975,0.8571294,-3.8864,-0.1108198,-1.744727,2
0.6588221,-0.04267916,1.390113,1.822183,0.2191692,1.042074,-0.5204444,-0.4940456,-1.167266,2
0.5205299,-0.5894701,1.308751,0.9440319,-0.5155686,1.378735,-1.258519,-2.152017,-1.408443,2
0.6030412,-0.453017,0.7959216,0.2431619,-0.5236651,1.178749,-0.2575117,0.1260708,-0.4628513,2
1.743688,0.6174705,1.122803,1.245482,0.9845571,1.16572,-1.231783,3.254264,-2.208534,2
1.496471,-1.274207,1.406499,1.209301,0.1717442,0.8137575,-1.609806,-0.1635513,-0.59787,2
1.585579,-1.148686,1.219284,1.920595,0.9023715,1.057898,-0.4035998,-0.1467581,-0.02524195,2
1.456304,-1.071798,1.314316,0.7169907,0.7901721,1.200515,-0.7805083,-0.2719301,-0.7603476,2
1.523327,-0.5886095,1.073069,1.161436,-0.6153926,1.310948,0.04705454,1.016503,-1.78363,2
0.5927423,-0.1394919,0.7989992,0.2683172,-0.104885,0.9489183,-0.4318304,-0.3827215,-0.9693561,2
1.960943,-0.145514,0.6636908,1.47376,0.4736519,1.129602,1.094879,-0.2809781,-1.062268,2
0.3535954,-0.2508174,1.335387,0.4070964,0.2482597,1.407384,-1.955284,-0.4985451,-1.629193,2
1.331171,-0.3339247,1.136356,0.5498993,1.107215,1.320743,-1.170612,-0.2090944,-1.840231,2
0.646066,-1.188787,1.185744,1.066464,-0.7876561,0.7942942,-0.07389458,0.8836391,-0.4138569,2
1.810759,-1.034559,1.171705,1.102065,-0.2415739,1.039908,-0.2483696,-0.1214114,-0.3419719,2
0.8464267,-1.591413,1.370277,1.771978,0.956933,0.8631065,-0.06508872,0.1335988,0.04448256,2
1.175579,-0.02316035,0.1669297,0.581569,0.4892629,0.435631,-0.04546284,0.03228794,-0.0280561,2
1.212471,0.9896733,0.8398081,0.6846341,1.246969,1.275883,0.2726869,1.071318,-1.615159,2
1.760182,0.5809258,0.8389093,1.63784,0.3383529,0.8004985,0.3221395,-0.02884793,-0.1059272,2
1.831169,0.2916026,0.7917221,1.859034,0.8017971,0.7589648,24.40713,0.4366288,3.966188,2
1.717827,-0.9323634,1.284325,1.752589,-0.4941126,1.193356,-6.740846,-0.01865999,0.1950732,2
0.6010766,0.8377841,1.29882,0.9196195,0.4482155,1.094684,-0.6985095,0.3452844,-6.726029,2
0.8559234,0.6259464,1.116679,0.488834,0.8249358,1.122072,-0.9041453,-2.06506,-1.120017,2
1.373413,1.457829,1.368281,1.803146,1.215269,1.18531,-0.3337398,-0.7149754,1.818987,2
1.975344,-1.058306,1.096093,1.515607,-0.5628808,1.267554,1.201358,0.5332604,4.4038,2
1.624995,-0.4872803,0.7337109,1.510867,0.5297859,0.8762992,1.882096,-0.2417811,-1.0442,2
0.1216021,-0.6282787,0.9103564,0.0343851,0.8946031,1.200907,-0.5583695,-0.2650142,-0.6800673,2
1.040994,-0.02788145,0.6000936,0.2399512,0.3575394,1.300409,-0.1051265,-0.5903239,-2.307568,2
0.4315607,-0.9187945,0.9959701,0.3124453,0.9264609,1.325672,0.8067607,-0.1968357,-2.875347,2
0.2182081,-0.725476,1.288232,1.152221,0.8493848,1.254555,-0.894396,-0.2872769,-0.9531507,2
1.132445,-0.9313742,0.9292464,0.2534264,1.071026,0.9309475,-0.4693197,0.03466483,-0.4403447,2
1.269965,-0.3481607,1.111901,1.769975,-0.5772148,1.211367,-1.057642,-0.7686531,-1.029376,2
1.659817,-0.3416764,1.138352,1.157698,0.516124,0.6173859,-2.51347,0.04661734,-1.236354,2
1.415838,0.0323287,0.5452347,0.09469345,0.5802067,1.256515,-0.428325,5.509846,-0.501256,2
1.733244,-0.1588685,0.3007137,0.507722,0.9228463,1.0065,-0.0005810702,-0.0684866,-0.4415826,2
0.06378339,-0.6495516,1.044997,1.359627,0.6686263,0.8936179,-0.6324013,0.07505845,-0.6678086,2
1.616901,-0.6877636,0.9050089,1.609727,-0.2201813,1.205205,113.2308,0.5687656,-1.919815,2
1.373443,-0.595024,0.908739,1.121849,0.06514119,1.280881,1.96217,0.007362855,-2.124039,2
0.9706689,-1.310692,1.184848,1.085992,-0.6073855,1.367572,-6.836111,1.6039,-4.530817,2
1.813151,-0.2404856,0.3347942,0.160833,0.07467376,0.6184461,-0.1639247,-0.1045648,-0.2183072,2
1.71971,-0.631458,0.7104921,0.5908974,0.303651,1.165676,0.05717994,-0.08952552,1.944015,2
1.96298,-0.9229415,0.8678653,1.379333,-0.9874768,1.404649,0.9773169,2.717168,-1.575459,2
1.781431,-0.1459177,0.1733706,1.230196,0.05052379,0.3269666,0.3628782,0.02913057,-0.4512927,2
0.7301304,-1.466495,1.379662,0.4789242,0.3685631,0.5393732,-0.8919238,0.08352474,-0.3892264,2
1.447875,-0.3984334,0.5728443,1.556592,0.3575691,0.5902128,-1.150802,-0.1742423,-0.9399617,2
1.544603,-0.4184234,0.5944104,0.5506444,-0.5832987,1.027316,-0.1491511,0.3251675,-2.682513,2
0.7505192,-0.9580767,1.159333,0.7805756,0.4334744,0.6889475,6.523603,-0.1839704,-0.6892639,2
0.8874817,-0.6629975,0.7591453,0.7909479,-0.1202748,0.3921868,-2.679146,-0.1307718,-0.3445481,2
1.08187,-0.7221919,0.7523136,1.41002,0.2462742,0.2792784,0.6556702,-0.01196656,-0.3329232,2
0.4720457,-0.02877256,1.278316,1.816097,0.9729371,1.079745,-0.2675293,-0.135446,-0.3720022,2
0.2907459,-0.4961966,1.194879,0.8670465,0.2137261,0.4105443,0.1449262,-0.08860095,-1.14676,2
1.020856,-0.3381445,0.5976881,1.586831,0.3530193,0.3201688,0.6038008,-0.02017137,-0.861316,2
1.664826,0.6665807,0.8161848,1.217822,0.9513488,0.8951927,-0.7552729,6.904411,-4.611488,2
1.770079,-0.2305557,1.301007,1.404171,-0.4760977,1.205891,-1.932271,0.4577816,-1.6443,2
0.6260379,-1.388377,1.298902,1.292194,0.4684602,1.259094,-1.693719,-0.03440274,-2.519222,2
0.4331832,0.1699002,1.182641,0.5363884,0.1559201,1.105782,-0.4352734,-0.07532103,-1.346313,2
1.724036,1.012428,1.205003,1.791761,1.135638,1.122958,4.466334,1.872383,-5.061268,2
1.8756,-1.243914,1.149598,1.250179,-0.4221916,1.408019,1.267834,0.5283806,3.857508,2
0.3901102,-0.7073201,0.6459464,1.842143,0.534534,0.5214829,-0.2207524,0.01441101,-0.2241852,2
1.103177,-0.5161567,0.5178404,0.7992478,0.01625361,0.3050187,-0.3177645,-0.0190184,-0.1490414,2
1.375939,0.2568764,0.6075616,1.925893,0.506094,0.4580541,0.7155687,0.3883731,-8.38742,2
1.054699,-1.188383,1.027377,1.297012,0.6617926,1.064594,-3.224285,-0.02207583,-6.309464,2
1.788386,-0.1700887,0.3075598,1.631998,0.1086597,0.4553637,1.840321,-0.06060341,-0.5724495,2
1.627094,-0.6251596,1.250874,1.996224,-0.7191267,1.224123,-0.5665855,-0.3247682,-0.7411258,2
1.201864,0.4291635,1.116695,0.3647986,0.8302054,1.308856,-0.8553614,-2.042837,-1.120481,2
1.89583,-0.7855274,0.8111086,1.296501,-0.8228951,0.9466189,-0.0380119,0.2699712,0.5171306,2
1.876718,-0.05804721,0.5640126,1.110616,0.7952575,0.7144197,-0.933667,0.09741999,2.267022,2
0.100555,-0.1954875,1.301014,0.7909802,1.086818,1.163577,-0.4992729,-0.1190654,-0.5177538,2
1.339049,-0.1795807,0.5983314,1.657158,0.5542448,0.5466127,1.096064,-0.03289889,1.383617,2
1.816652,0.3604808,0.5481562,1.330326,0.02539442,0.6412729,0.2253447,0.06250297,0.6648307,2
1.256319,0.1797066,1.133243,0.9489566,1.13406,1.036166,-3.039455,0.6688688,-3.978188,2
0.3028677,-0.2576448,1.334034,0.5199148,0.1850973,0.8057727,0.378229,-0.1858364,-1.492491,2
1.095179,-0.1906551,1.263482,0.8748264,0.4127946,0.8891184,-3.100527,0.004164217,-1.456176,2
1.524095,0.4863734,1.150532,0.9197031,0.9902788,1.230477,-1.180992,2.611457,-1.982225,2
0.1722658,-1.130214,1.368202,0.4441024,0.07277845,1.043708,-1.022881,-0.05975505,-2.280292,2
1.555429,0.0351235,0.3511839,0.2225513,0.3392635,0.698325,-0.2566602,0.1303942,-0.3306265,2
1.593711,-1.053977,1.105005,1.893747,0.6705087,1.343231,-4.313203,-0.1857887,-2.294508,2
1.873958,-0.7401098,0.7481789,0.1560226,-0.3483874,1.326414,-0.1519596,-0.00508535,-0.289069,2
1.896134,-1.119652,1.107709,1.314198,-0.2962564,1.231507,0.967275,0.259798,1.368274,2
0.22254,0.7102286,1.219155,0.615247,0.2027425,0.7290364,-0.2872541,-1.403622,3.977594,2
1.043167,-0.1023392,1.287578,0.5295052,0.6127751,0.9449299,-1.70166,0.4608266,-1.477801,2
0.749461,0.4663208,1.374602,0.4073188,1.157946,1.199001,-1.746684,4.614131,-1.847906,2
1.30021,-0.1867389,1.285341,1.324271,-0.6036602,1.326667,1.323045,-0.2509991,-0.209537,2
0.7764888,-0.9264678,0.8988978,1.279591,0.8731403,1.117444,-1.328985,-0.1114738,-1.009507,2
0.7494028,0.1585492,0.9182429,0.638934,0.5315608,0.8120254,-2.292322,0.2665016,-1.560345,2
0.07653716,-0.2149356,1.239596,1.728638,-0.3793613,0.3899182,-0.08419056,-0.007376314,-0.03305259,2
0.6833046,-0.799971,1.00626,1.491321,0.5898473,0.8203285,-0.4573825,-0.2196342,-0.641376,2
1.11193,-0.458988,0.6592088,0.6485273,-0.7960631,0.7824859,-0.5311535,25.3564,-2.875122,2
0.3256269,-0.4294292,0.7838411,0.7601821,0.1906684,0.8686702,-0.9330991,-0.08491619,-0.9929485,2
0.0915044,-0.9192157,1.36306,0.5549396,0.08238549,0.6543286,-0.4776137,-0.3084703,-0.6042717,2
0.6260731,-0.8491035,1.318469,1.851181,-0.8811007,1.04952,-0.3126589,-0.2464975,-0.3160977,2
1.751093,0.4160208,1.124117,1.825091,0.2427376,1.007627,1.650509,-0.6695683,-0.8940917,2
1.587886,-0.58298,0.6335855,0.4028794,0.6353348,0.6202343,-0.3676776,-0.03312288,-0.356276,2
0.1997853,-0.8797836,1.179549,0.6012149,-0.3017929,1.12119,-1.011632,-40.16025,-1.270202,2
1.943319,0.2563296,1.223411,0.963309,-0.06544916,1.372234,-0.8177591,-0.4279971,-1.481446,2
0.9057736,-0.01196942,0.8694728,1.418452,0.661647,0.8723258,-0.1399092,-0.1863965,-0.2405922,2
1.452482,-0.4068651,0.374985,0.1266712,-0.5274676,1.079983,-0.02966461,0.1827359,0.1130824,2
1.017748,-0.3255268,0.586039,0.5144826,0.6670433,1.141548,0.1877854,-0.2340153,-1.099201,2
0.4604723,-1.52722,1.298495,1.409858,0.8494363,0.7746471,-0.1531649,0.1113018,-1.849882,2
1.788925,0.3751563,1.150979,1.672269,0.8446207,1.180082,-3.648323,0.1121276,3.63939,2
0.1607385,-0.8524342,1.237992,1.589246,0.7922623,0.7491496,-0.2003656,-0.02017724,-0.1089692,2
0.7263324,0.6496729,0.9535642,0.2238194,0.2939095,1.339207,-0.3875899,-0.1155287,-0.5887927,2
1.01442,-1.218122,1.064684,0.4575624,1.424962,1.226361,-0.2627218,0.1528731,-0.2768991,2
0.2774011,0.5864857,0.5786551,0.1032152,0.3745542,0.75867,-0.01695098,0.1308108,0.1095798,2
0.3951896,0.06847651,1.141426,1.528741,0.6816851,1.133523,-0.7821854,-0.3687312,-0.9355667,2
1.032701,0.9931903,1.068394,1.367542,0.7861447,0.7474738,0.3508378,5.827331,-0.6862047,2
1.82419,0.1070663,1.094306,0.2874333,1.277545,1.146687,-1.125233,8.577156,-1.483588,2
0.1170041,-0.652145,1.320529,0.2537093,0.5754581,0.936408,-0.1558037,-0.3586433,1.206294,2
1.557648,0.5690578,1.399839,0.7551539,1.029444,1.378822,-1.309385,-8.404137,-1.585849,2
1.436012,-0.01130699,1.057006,1.395561,0.7636521,0.865022,-18.68902,0.1190767,-2.704356,2
0.602318,0.1346865,0.630406,0.1233001,0.8101938,1.218566,-0.4378285,0.1856399,-0.6280809,2
0.4809515,-0.5394624,1.103611,0.7963724,-0.6711212,0.9129642,-0.1468306,0.1349183,0.1460554,2
1.115219,-1.019906,1.028412,0.333176,-0.05926355,1.198481,-0.1158344,-0.01316308,-0.1396935,2
1.166678,-0.6142641,0.6460662,1.180749,1.214534,1.23359,-25.92967,-0.01834709,-0.5367757,2
0.7567415,-0.03999369,0.7138789,0.6006076,0.04747707,0.6428323,-1.044999,-0.06336237,-0.8110043,2
1.790579,0.09969199,1.243189,1.975812,1.464855,1.390565,5.262201,0.1658203,0.787312,2
1.841931,0.260411,1.198766,1.869886,0.7137368,1.128531,15.93345,0.04038597,-8.067146,2
1.053371,0.3542397,1.183844,1.020733,0.5617321,0.9709818,-10.739,1.116324,-1.589888,2
0.4467704,-0.8807361,0.9181609,0.4594537,-0.4381778,0.7312851,-3.746414,0.09879245,-0.03918246,2
0.8008527,0.04538298,0.8805377,0.381043,0.2225797,1.394745,0.1339605,-0.9171373,-1.468191,2
1.895218,-0.9610105,1.07427,1.111084,1.006208,1.13703,-0.5022799,-0.1518215,-0.5565392,2
1.815887,-1.160042,1.217428,0.6589063,-0.5752167,1.405605,-0.1954398,0.0386535,-0.2279525,2
1.406722,0.6329414,0.8437368,1.378053,0.6189287,0.9237772,4.270287,3.588798,-1.107142,2
1.860954,-0.7379075,1.019761,1.343086,0.0729126,1.301556,0.8057996,-0.1104046,-8.547214,2
1.318811,-0.4455479,0.4961405,0.9632149,0.5862468,1.096594,1.508874,-0.09779799,-1.109123,2
0.9969023,-0.9993161,0.9796594,0.07414968,0.7430271,1.04785,-0.3931054,0.0214897,-0.342955,2
1.794066,-0.7762626,0.8489448,0.8339782,0.8972364,1.329681,0.1509568,-0.1770585,-7.524797,2
1.064658,-0.6917915,0.6215392,0.8243731,0.008371481,0.867502,1.911999,0.2281671,-3.98583,2
1.15664,-0.2316349,0.9898298,1.877346,0.5582891,0.7416553,0.2927291,-0.1604115,104.472,2
1.645398,-1.186333,1.199647,1.654478,-0.08282083,1.136428,-91.68919,0.1157479,1.594906,2
1.115383,-0.03767646,0.3750795,0.7141765,1.039316,1.031528,0.2892829,-0.004719314,-0.2963982,2
1.84342,0.489445,0.5925997,0.8231834,0.959756,1.409742,0.4040619,5.090632,-0.951884,2
1.947014,-0.2216744,1.018933,1.960504,-0.4614574,0.8761895,39.78816,0.3445251,-1.430277,2
1.362567,0.0259928,0.3538919,0.4007903,0.02203257,0.8246981,0.1043164,-1.096569,-0.6322152,2
0.5381981,-0.4968593,1.332639,0.7648185,-0.5649276,0.9439223,0.6760319,1.001389,-1.550367,2
0.1745214,0.2013085,0.7706926,0.3452339,1.472373,1.28131,-0.2304352,0.1914472,-0.09784985,2
0.9302654,-0.3317818,0.5715322,0.706193,0.2939348,0.9059983,0.944544,-0.1552047,-1.137782,2
1.597181,0.3390579,0.8231546,1.550245,0.6261956,0.9670178,0.7704696,-0.320364,-0.4974068,2
1.595548,-0.7410613,0.7497863,1.786814,0.8106259,0.934607,-2.445758,-0.08392177,-0.7953673,2
1.602342,0.164215,0.7581593,1.92899,1.430726,1.359779,-0.7942596,0.03415646,-0.2545653,2
0.9208285,0.6420661,1.054765,1.015076,0.6567915,1.16847,-2.181832,-2.347875,-1.135953,2
1.080504,0.06781697,0.7405271,1.655308,0.005000481,0.6615366,-0.2907623,-0.1697588,-0.870669,2
1.924052,1.147425,1.284455,1.395982,1.272835,1.340774,-0.5850876,-0.9800749,-0.8507266,2
0.6009507,-0.3752224,1.145489,1.713479,0.7749978,0.8872442,-0.1128448,-0.1728834,-0.03471084,2
1.078801,-0.2928653,1.365504,1.62718,-0.5807905,0.9332681,0.8477595,0.5165575,-1.679928,2
0.9496102,-1.205182,1.164886,1.472913,-0.3887353,1.275457,-2.134725,1.642532,-2.511401,2
0.3085492,0.3673568,0.6813477,0.1731496,0.09496202,0.968648,0.1672097,0.1283103,-1.753266,2
1.482152,-1.418926,1.312258,0.8391103,0.4508002,0.6814945,-0.5339983,0.07077996,-0.317998,2
0.4658996,-0.8546691,1.063437,1.847678,-0.3460286,1.092403,-0.9450855,-4.442337,-1.15174,2
0.5845503,-0.3515743,1.299727,1.048784,-0.05766699,0.8787181,0.08439504,-0.7527819,-1.316692,2
0.5001056,0.1797932,1.068875,0.222127,0.9724863,0.8375878,-1.434716,2.10957,-1.447495,2
1.101159,-0.246198,1.38936,0.7904485,0.9949524,0.9353386,-3.587763,0.2852208,-2.000341,2
0.5387508,0.4426719,1.290621,1.681244,0.7774688,1.283345,-0.8118679,-0.4743526,-1.086119,2
1.159716,0.04157958,1.30982,1.855811,1.489564,1.407592,0.5966874,0.09373999,0.2442982,2
1.014747,-0.004822142,0.9118946,0.9450688,0.7948888,0.8547351,-6.465983,0.06654789,-12.78409,2
1.819926,0.3238747,0.7852735,0.6834574,-0.2371783,1.18593,-0.09240481,-0.02361856,-1.735672,2
1.002811,1.422644,1.204051,0.7184386,1.172044,1.159358,0.4237869,0.4774544,0.3721173,2
0.6997531,-0.09023073,0.5827885,1.531304,0.3414566,0.3544309,0.1765728,0.01498203,-7.760177,2
1.057847,-0.1089221,1.005582,0.732739,1.249385,1.186799,-1.963593,0.07743536,3.549636,2
0.3763993,0.1543748,0.5947194,1.387594,0.5558133,0.4933706,0.02064982,0.0947258,0.04653373,2
1.009541,1.161813,1.354777,0.6032182,1.510836,1.402065,-0.8535851,-2.537229,-1.330713,2
1.168536,0.46779,1.26396,0.4880246,1.492478,1.393007,-1.319656,4.652918,-2.243628,2
0.09120519,-0.8091208,1.398337,0.196447,-0.900978,0.9781036,-0.003824824,0.4302413,1.708097,2
1.382653,0.1196851,1.224264,0.9802469,0.8001391,1.185043,-1.804757,0.1589473,-2.189811,2
1.97181,0.06400736,0.9319504,1.927155,0.3143806,1.04404,4.647494,-0.4477638,-0.9574969,2
1.136527,-0.4866245,1.341609,0.5752482,0.874934,0.8756468,-1.967278,0.02246927,-1.516606,2
0.9328115,1.304696,1.350853,1.801342,0.9138504,1.038892,-0.4263614,-0.4600441,-1.923514,2
0.8913614,-0.4038197,0.9156554,1.060724,0.304234,0.768851,0.331075,-0.3190042,-1.042709,2
0.5405256,0.5134098,0.7596592,0.8703133,0.2123182,0.5914525,-0.3385114,-0.05788545,1.248966,2
0.7707481,-0.6768815,1.021403,0.570663,0.01690687,0.9421943,-0.4250264,-0.2931327,-0.5033165,2
0.2415178,-0.4407496,1.036682,1.079942,0.5308433,0.6396387,-0.1223522,-0.1641967,-0.00821835,2
1.839758,-0.8521521,1.305776,0.9144685,0.7414522,1.185941,-1.07278,-0.3510054,-1.068715,2
0.5812134,-0.9080988,1.010579,0.9331251,-0.9683994,0.8535593,0.2516523,0.5165823,0.9465468,2
1.791135,-1.018462,1.075414,0.8592757,0.167112,0.6338868,-0.6109151,-0.07151901,-0.4452764,2
0.8824612,0.407634,1.215538,0.4012173,1.104848,0.9801849,-1.491797,8.660067,-1.552287,2
0.2858564,-0.6045221,1.096044,1.307126,0.6158889,1.114652,-0.904815,-0.26465,-0.9809734,2
0.1748832,-0.9589145,1.063394,1.331398,0.06836139,0.5946568,-0.5180697,0.130589,-0.789989,2
0.6152674,-1.365586,1.165206,0.5871683,0.8331504,0.8603159,1.270432,0.1036951,0.06076807,2
0.6808417,0.643953,0.8956624,0.7360462,1.09154,1.117568,0.455319,0.03943519,-0.1572501,2
1.667249,-1.442259,1.219361,0.798057,0.2999731,0.7641997,-0.03369605,0.1827685,-0.03842095,2
0.3783979,-0.8302209,1.26931,0.501938,1.22152,1.258953,0.4924145,-0.1832259,0.3950804,2
0.2414747,-0.9725224,0.9199986,1.728316,-0.04761781,0.4220762,-0.3588697,0.554112,-1.419509,2
0.3123173,-1.24492,1.114947,0.8759366,-0.2259668,1.2324,-1.419493,3.388067,-1.710879,2
1.820391,0.3706864,1.402148,1.431538,1.147018,1.336429,-2.91913,0.7176425,-3.789024,2
0.915067,-0.2129334,0.673803,0.1581748,0.8210859,1.139757,-0.5394924,-0.2195736,-0.7468221,2
0.8941731,-0.5136895,0.8899256,1.841267,0.7342239,1.114799,-0.9915755,-0.2697594,-0.8884155,2
1.118428,0.122388,1.04335,1.572437,0.2542592,0.8351239,0.07475478,0.01811185,-1.816235,2
1.641815,-1.093309,0.9299138,1.707496,0.9038432,1.163181,-14.98976,-0.009547496,-2.150123,2
1.041168,-0.7257181,1.365703,1.833134,-0.857566,1.192382,-0.4076334,-0.1444323,-0.4679785,2
0.4845069,0.8665082,1.065369,0.3496502,0.7611254,1.235788,0.05538154,0.409284,1.534119,2
1.771424,-0.5113947,1.071,0.640353,0.8766015,1.219692,-0.9127651,-0.3159397,-1.166987,2
1.693353,-0.0298701,0.9729778,1.845493,0.7143704,1.40647,-6.180063,-0.463585,-1.175947,2
1.254947,-0.6784807,1.371537,1.598697,1.106025,1.085374,2.207822,-0.1231628,-9.443963,2
1.263671,0.73268,0.6892882,0.4129516,0.4482115,1.157563,0.07272021,0.3968316,1.101775,2
1.221132,-0.2737635,1.026729,1.332769,1.45205,1.284691,5.200286,0.06970122,0.4500568,2
1.949867,0.4612695,1.254916,0.7657788,1.284245,1.331918,-1.201095,14.50752,-1.69059,2
1.896988,0.1827148,1.326322,1.471802,1.309609,1.254605,-3.616465,0.5878576,-6.000765,2
1.033154,-0.7188838,0.6846094,0.5903007,0.008035764,1.039881,0.7071481,0.1821798,-9.739337,2
0.3088736,-0.9067495,0.9566321,0.8020971,-0.1875508,0.2858455,0.1872527,-0.3310281,-0.3180785,2
1.250574,-0.8516076,1.094594,1.009705,1.001403,1.039395,-1.662282,-0.1547939,-1.568554,2
1.510997,-0.231373,1.259322,1.979686,0.3961785,0.7696911,1.439419,-0.07508195,-1.547871,2
0.8071334,0.1764472,1.342412,0.8259184,1.189576,1.27029,24.74201,0.2178603,9.087906,2
0.5057827,-0.04524906,1.071474,0.4856121,0.05158443,0.883924,-7.482313,0.1090048,-1.185885,2
1.324926,-0.5637642,0.8376409,0.1510774,0.3137797,1.188984,-0.5295143,-0.248119,-0.6158962,2
1.807462,-1.405263,1.200503,1.154637,1.191734,1.240517,0.2948052,0.09210653,0.4244527,2
1.029407,0.2272641,1.403589,1.731048,0.3721141,1.092293,-0.1918817,-0.03619041,1.267542,2
1.911633,1.233698,1.335989,1.515013,1.465201,1.313995,-1.272587,-7.381453,-1.804658,2
1.514966,-1.352151,1.291886,1.299831,0.946896,1.269401,1.617734,-0.1060071,0.9078457,2
0.9728934,0.03612208,0.8211733,0.4941396,1.129777,1.109984,-1.019363,0.161674,3.86625,2
0.9614619,-1.442349,1.325978,0.3227126,-0.2595573,1.409495,0.00970863,0.1518483,-0.001851405,2
0.6527745,0.1620871,1.061283,1.327099,0.732424,0.9932511,-0.3156126,-0.1976695,-0.433347,2
1.175624,-0.175206,0.3639387,1.949254,0.2423663,0.5372493,-0.7343979,-0.1100312,-0.518446,2
0.03839973,-1.360868,1.190678,1.164721,0.4359671,1.020261,-1.083075,1.4292,-1.303447,2
0.3947457,0.06958946,1.413272,1.390643,0.9252551,0.8472449,0.1786094,0.1955355,1.310982,2
0.9911305,-0.6855676,1.34727,0.9884677,1.498428,1.318373,-276.6504,-0.01277837,6.051013,2
1.886879,0.1684096,0.8521723,0.2997519,0.8263134,1.263664,-0.6742776,-4.894847,-0.8848082,2
0.5416059,-0.9195611,1.167859,0.3567412,0.4398342,1.150858,-0.2255384,-0.3026172,-0.3350646,2
0.9785773,-1.493966,1.335644,1.773201,-1.052717,1.365527,-1.102079,-4.107199,-1.51122,2
1.320009,-0.962845,1.259287,1.248121,1.015107,1.39392,2.138619,-0.3263621,-1.687058,2
0.330126,-1.019775,1.222436,0.4529032,0.6504025,0.9828597,-0.426886,-0.2608051,-0.2192429,2
0.8537579,-0.6828322,1.065029,0.6377019,-1.107467,1.217677,-0.9822565,1.406792,4.846875,2
0.5023661,-1.250485,1.203929,0.5425976,0.2510241,1.326751,-10.59273,0.05631513,-11.53753,2
0.9687038,-0.7604403,0.6946602,0.1029899,-0.2874046,0.844921,-0.1137511,0.05265356,-0.1679111,2
1.585725,0.2324771,0.9143606,1.035171,1.266223,1.412784,-0.7066656,-0.1076428,-0.2141251,2
0.639049,-0.1773161,0.5119248,0.66355,0.702756,0.8792771,-5.889937,-0.1627145,-0.5032911,2
0.2473278,0.7904128,1.095624,0.7921804,0.383145,0.6491922,-0.2973307,0.1018722,-2.956309,2
0.01303768,-0.6498381,0.6508937,0.8490921,0.09637949,0.4256066,-0.4896877,1.660768,-0.6211556,2
0.5600261,-0.6901464,1.053341,1.760418,0.2200424,0.7799535,-0.6371743,-0.2649558,-0.9804163,2
0.181868,-1.159721,1.037222,0.6781322,0.5377014,1.28309,-1.34498,0.03887286,-1.39556,2
1.492451,1.275598,1.188471,1.316778,1.042391,1.269407,1.676995,1.233418,3.848238,2
0.5344428,-1.105335,1.162376,1.610272,-0.1247557,0.839819,-0.8166651,0.6053842,-2.047548,2
1.934743,0.8421154,1.260003,1.992394,0.7352883,1.265726,-2.992556,0.8840661,-5.440632,2
1.288483,-1.546416,1.341038,0.6396017,0.616962,0.8202648,-0.2532612,0.15091,-0.1555322,2
1.344897,-0.1526462,1.19758,1.417405,0.8008709,0.7114321,16.13593,0.3084949,-1.954376,2
1.761974,-1.242082,1.324172,1.349582,-1.05641,1.115527,-0.8884747,-0.6381367,-0.5964265,2
1.363192,-0.6326428,1.324247,1.432978,0.6871657,0.8898833,10.95911,-0.2369695,-1.622019,2
1.441802,-0.5688996,0.8608363,0.8821148,-0.1550166,1.006745,-0.0647245,-0.1134965,0.1390082,2
1.070693,-0.4813052,1.104887,0.8241249,1.383967,1.191809,-3.075572,0.03265633,8.554028,2
0.2438325,0.0894244,0.7133438,0.04160189,1.347666,1.182742,-0.684594,1.871494,-1.599211,2
0.676826,-0.4999716,1.13773,1.185684,-0.4375789,1.121354,-0.9270256,-1.363319,-1.154165,2
0.2274206,-0.9678223,1.242489,0.3166266,0.3925358,0.7917508,0.2038783,-0.2723276,-0.7293072,2
1.61111,-0.7432636,1.138679,1.15489,-0.2352584,0.8459333,-1.414405,-0.4129453,-0.7928005,2
1.781758,-0.5390122,0.4748535,0.5624093,-0.1122807,1.023237,0.2443162,0.282087,-5.003807,2
0.5392635,-1.040718,1.355918,0.7647483,-0.08816022,0.8635827,-0.1480101,-0.3467033,-0.6028887,2
1.543509,0.4031996,0.6402133,0.5764102,0.4167872,0.9896602,-0.1987689,0.08700034,0.1471667,2
0.9585577,-0.7602383,1.216202,1.050528,-0.1860776,1.356388,-4.920955,0.1480081,-2.650065,2
1.082108,-1.264317,1.138888,1.491981,-0.3459522,0.8080814,-1.388743,0.452468,0.501639,2
0.04660798,-1.251702,1.296082,1.525754,0.2081874,0.7509233,-0.7844364,1.485995,-0.9982101,2
1.365541,-0.5063843,1.28649,1.881679,0.8436387,0.7868237,2.022689,-0.005322212,-2.494083,2
1.732626,0.9999818,0.8708817,1.029692,0.6466051,1.181783,0.5815997,0.8418145,5.538327,2
1.682686,0.7066795,0.6395752,0.2308747,1.113244,1.278391,-0.02429622,0.04070507,0.2362332,2
1.682715,-0.5060276,1.311379,1.337772,-0.6705456,1.275106,-1.507486,5.660106,-1.688687,2
1.956862,0.5907683,0.6537024,0.1352725,0.992934,1.147022,-0.2326082,-0.4725704,-0.3175424,2
0.9869846,-0.8047596,0.8260438,1.39604,-0.4534308,0.6467789,-0.5197995,0.6148508,0.3381021,2
1.900772,-0.1782041,0.4279213,1.620486,1.002501,0.8594599,-0.5376824,0.08849774,-0.0005591398,2
1.49312,-1.025481,1.073579,1.191443,-0.8089991,1.285625,1.066344,0.9726217,-9.719611,2
0.5289603,0.5321333,1.391751,1.151835,0.6417086,0.8360445,0.06341455,0.5137919,-3.269522,2
0.7400379,0.6675836,1.166937,0.9762832,0.7609215,1.282575,-1.267332,-0.955016,-1.08758,2
1.198343,-0.951533,1.083807,1.363079,0.3761148,0.614803,1.320351,-0.1445781,-0.5511251,2
0.7699081,-0.07947107,0.686622,1.3406,0.641165,0.8203952,-0.4524891,-0.1888917,-0.4281384,2
0.6400025,0.2827099,1.209575,1.692658,-0.2388904,0.6940812,0.2979142,-0.1434959,0.6341956,2
0.8151814,-0.4432788,0.916292,1.073529,0.4036525,0.6800873,0.4895264,-0.249828,-1.263675,2
0.6145784,-1.036598,1.135265,0.8550397,-0.3044719,1.334457,-2.618325,1.140498,-2.262371,2
1.830497,0.1044259,1.220662,0.7392935,0.4204353,1.261419,-1.124634,2.296132,-1.399749,2
1.869691,-1.302225,1.119092,0.7200526,-0.3349537,1.038065,0.1179562,0.242289,0.08469281,2
0.8521066,0.04699768,1.359154,1.936537,0.7677955,0.8178741,0.3233104,0.1600089,-23.50879,2
0.5114276,-0.1443406,1.262717,1.422448,-0.003679862,0.6247066,0.1607299,0.1909482,-1.174776,2
1.588893,-0.102097,0.637808,0.8412592,0.7368325,1.064937,-0.1407786,-0.3117745,-0.6116475,2
0.4350546,-0.6592228,1.090059,0.7453974,-0.3849262,1.059667,-0.9875915,-1123.9,-1.295866,2
0.4232871,-0.5197836,1.034398,1.636726,0.9326479,0.9867129,-0.3635276,-0.1212676,-0.3600409,2
1.845188,0.3333354,0.6827292,0.9183617,0.4584552,0.8943679,-0.3350364,-0.1120149,-0.5379426,2
1.576299,-0.5002287,1.025918,0.6711069,1.109416,1.035015,-1.211643,-0.07812739,-1.554667,2
1.193962,-0.2784766,1.07265,1.296253,0.8101413,0.9437965,4.735896,-0.1524898,-10.45601,2
0.8012062,-0.6842544,0.7930191,1.554009,0.8943188,0.9116353,-0.4183485,-0.06168624,-0.3500689,2
0.1152001,-0.2247792,1.02645,1.78851,0.6614119,0.8311826,-0.5036062,-0.1321864,-0.5262301,2
0.6853306,-0.6633718,0.7876282,1.738929,-0.5912397,0.5411914,0.04146559,0.2075068,0.5759483,2
0.4297932,-0.891872,1.076745,1.901241,0.9167104,1.149836,-0.7677827,-0.1683408,-0.7673399,2
1.862615,-0.7031695,1.339781,0.9931085,-0.6915964,1.385836,-0.9266111,-0.7212158,-1.302408,2
0.5692136,-0.1411913,1.045732,1.728592,-0.220635,0.875989,-0.6580371,-0.6290153,-0.9792349,2
0.05137692,-0.4903883,1.201331,1.144931,-0.3500276,0.4799247,-0.2346486,-0.3960483,-0.2715354,2
0.9220243,-0.2451271,0.7002123,0.2742243,-0.1744347,0.8023685,-0.4857713,-0.3296477,-0.7731408,2
0.3167763,-0.4314756,1.092729,1.759971,1.205603,1.256047,-0.5601026,-0.07859758,-0.5242799,2
1.740471,0.3932898,0.496868,0.2307686,1.150697,1.031087,-0.2427911,-0.6748054,-0.6535999,2
1.433616,-0.256981,0.2737244,0.1286042,0.814889,0.9065719,-0.0384961,-0.04559598,6.686714,2
1.671348,0.4146097,0.7006028,1.918225,0.5697697,0.6588167,0.6527733,0.304138,1.437218,2
0.464819,-0.6382364,1.296225,0.5397431,-0.4082418,1.199951,-0.7908511,-0.2668313,1.421646,2
1.361615,-0.706885,0.969555,1.852458,-0.6764622,0.8191206,-0.02512839,0.4195084,-36.38795,2
1.718416,0.1448885,1.004953,0.7925423,0.4209951,1.367861,-0.4936065,-1.176531,-1.17609,2
1.304342,-0.1232115,1.170786,1.244113,0.6816646,0.7217948,-16.02584,0.2471808,-1.659078,2
0.7177706,-0.9166271,1.051118,0.3979708,-0.3146652,1.348078,0.2459382,0.1428701,1.624016,2
1.935037,-0.9802455,1.262323,0.9449667,0.1489378,0.9238926,-0.9072483,-0.2652344,-0.7615664,2
0.8160092,-0.8792749,1.328395,0.1867496,1.01278,1.25012,-1.04524,-0.2416328,-1.090473,2
0.7077364,-0.955321,1.351216,1.812585,-0.1871961,0.7927865,-0.4552119,-0.3931404,-0.4651951,2
1.6299,-0.3810824,0.8904217,1.831028,0.4430919,0.8998051,-0.6041793,-0.3353392,-0.6788737,2
0.3341956,-0.1684796,1.054961,0.1207657,0.9208778,1.31842,-0.9703535,-0.2067408,-1.517089,2
1.039409,0.4363337,1.28793,0.8040438,0.6487951,1.159079,-1.842495,4.072497,-1.581031,2
0.3668439,-1.280742,1.321337,0.1926277,0.8688214,0.7391692,-1.170023,0.03517895,-0.6535902,2
0.8211371,0.8027049,1.088422,1.613987,0.4166878,0.7751403,-0.3910439,0.3087435,2.95953,2
1.274809,-0.4496561,0.7625859,1.356743,-0.3792332,1.0256,-5.513503,5.964415,-1.125911,2
1.577149,-0.1706991,1.411407,1.323081,0.1507369,1.409065,-1.238197,-0.5180734,-1.613191,2
1.959838,-0.6182774,1.051505,1.951907,0.4328402,0.4428046,-153.8226,-0.08044043,-0.948187,2
0.6092219,-0.8860999,1.257906,1.460828,0.6425661,1.033478,-0.6573511,-0.3342257,-0.8879596,2
0.6208584,-1.090056,1.260493,0.7284815,0.5612605,0.5818429,2.621489,-0.07553346,-0.78535,2
0.3616397,-0.587052,0.8620868,1.943967,0.5429584,0.5183334,-0.05063571,-0.03897227,0.1023225,2
1.012044,-1.483419,1.403977,0.8406789,0.459935,0.6574031,-1.330422,0.03950787,-0.3872429,2
0.9888342,0.6615012,1.226154,1.055953,1.411733,1.354697,5.421315,0.5232844,0.7302658,2
0.8765904,0.4106723,0.5865687,1.619783,0.3035557,0.4789246,-0.2432535,-0.1775949,-0.6238056,2
0.2917818,-0.9530557,0.9763591,0.9953846,0.7409643,1.044085,-0.8593304,-0.1460661,-0.8899886,2
0.1189939,-0.3596905,0.7389639,1.622446,0.4982553,0.6533033,-0.4173426,-0.09810861,-0.4316056,2
1.481559,-1.55215,1.322948,1.825621,0.8428773,1.133963,-2.590713,0.01868901,2.127963,2
0.6227024,-0.9190335,1.136539,1.221745,-0.2598715,1.154177,-1.32152,1.512461,-1.656548,2
1.291184,-0.3177658,1.37312,1.999034,1.486994,1.401856,0.8178208,-0.003974,0.490065,2
0.3463317,0.2446546,0.739913,0.7552737,0.7852025,0.7722112,-0.04869753,0.04172998,-0.08777916,2
1.398249,-0.6275086,0.8390248,1.733517,0.6928475,0.9896111,-1.424996,-0.2291447,-0.8876714,2
1.052939,-0.3282255,0.9526666,1.870375,0.3279711,1.281364,-1.671326,-0.1359324,-1.356405,2
1.992256,0.0979367,0.6181394,1.877715,0.08302085,0.5278055,-2.490724,-1.624058,-0.6702481,2
0.9866958,1.000416,1.336155,1.690657,0.5086043,1.173465,-0.9439034,2.596946,-2.609824,2
1.796047,0.008685076,0.4030444,0.1781438,-0.140153,1.138149,-0.0693914,0.09147267,-1.143664,2
1.654666,0.965872,0.8845463,0.4293171,1.533876,1.382624,-0.09594386,-0.1834424,-0.1398613,2
1.657634,0.3556952,1.344383,0.4400565,1.020522,1.320975,-1.183497,-8.430023,-1.421745,2
0.3517058,0.1142259,1.055812,0.3792779,0.2653905,1.304595,-5.99158,-0.5662896,-1.362545,2
0.2134303,0.289982,0.9400453,0.5241496,0.7939456,0.8635536,-0.1520005,-0.0224642,-0.1941981,2
0.888996,0.00954959,0.7682745,0.5274228,0.5205374,1.266123,0.4389187,-0.5129037,-1.130568,2
1.960671,0.1282601,1.266997,1.768035,0.6975985,1.121699,-4.352712,0.1030319,-2.336539,2
0.3297161,-0.5546284,0.8844667,1.2134,-0.005156859,0.7478709,-0.6852811,0.3889305,-0.8913908,2
0.152436,-0.9425471,0.8550727,0.9651626,-0.4036962,0.3988378,-0.08459437,-0.1794965,-0.189102,2
1.346834,-1.181135,1.115629,0.9521152,0.9068146,0.8776329,-0.6815991,0.03235409,-0.3693132,2
0.08153644,-0.9102683,1.172252,0.8638169,0.4000796,0.6069157,-0.4020242,-0.1782237,-0.4333953,2
1.910223,-0.790765,0.8546872,0.6413723,0.2027888,0.9354361,-0.1706942,-0.1141804,-0.2243762,2
0.3670149,-0.609148,0.7729949,1.741188,0.09203897,0.3932534,-0.2877977,-0.160476,-0.7702511,2
0.1095344,-0.5797728,1.292632,0.3610479,0.9571537,1.31777,-0.8366268,-0.3370999,-0.8942422,2
0.6286812,-0.05209273,1.291449,1.608942,0.01393029,1.072383,-0.744285,-0.3052137,-1.312059,2
1.708202,0.6699212,1.116991,1.379101,0.9532089,0.9281922,-2.361069,5.441205,-1.570852,2
1.115619,-0.08002874,0.6209962,1.070192,-0.312066,0.7423632,1.920641,-0.3521655,-0.5238214,2
1.018936,-0.3927201,0.4514775,0.2666046,0.2041101,0.2678897,-0.2934979,-0.03412266,-0.2522027,2
1.128144,-0.2791612,0.9812482,1.51378,1.244789,1.2679,0.005632856,-0.1168575,-0.2194344,2
0.1041273,0.2132677,0.9898127,0.3079582,0.4192756,0.7897264,-0.3667291,-0.2437396,-0.6856323,2
0.9501409,-1.117472,1.118348,1.831116,0.9414382,1.079006,-0.7469608,-0.1090129,-0.8600059,2
0.3342817,-0.1041583,0.230457,1.717505,0.4309087,0.3791259,-0.09737539,0.05209884,-0.06722851,2
0.3604006,-0.0959077,0.7838431,1.042697,-0.06865694,0.6637963,-0.5186869,-0.8754521,-0.7814824,2
1.888157,0.4637248,0.609071,1.915717,0.3270197,0.7805553,-20.9084,1.199878,-0.9566632,2
1.39198,0.9023098,1.10783,1.44509,0.5234033,1.089897,-5.420823,0.4946743,2.6903,2
1.059052,-0.6062797,1.291601,1.430018,-0.5754421,1.011097,0.2336869,1.170819,-1.568186,2
0.7858291,-0.6854456,1.348275,1.898007,0.1630531,0.7300497,0.03519376,-0.4192327,-1.269698,2
1.92277,-0.9486985,1.065953,1.591003,1.031852,1.286567,0.77757,-0.1989104,-1.902291,2
1.440554,0.7083753,1.366455,1.893453,0.9813358,0.8367576,2.286592,1.869176,-2.21802,2
1.473555,0.853115,1.359347,1.340755,0.6801161,1.3561,-0.1770996,-0.1054789,-0.3475538,2
0.04091837,-0.9322587,1.106207,1.498756,1.265299,1.085644,-0.3761569,0.4758687,-0.2709845,2
1.47631,-1.491237,1.287766,1.324133,0.4456594,1.040291,4.125722,0.06503527,0.5067406,2
1.565457,-0.7403356,1.087502,1.484837,-0.4438231,0.8190784,-4.328393,-0.6491731,-0.7220203,2
0.4348732,-1.359432,1.166454,0.4729433,0.1334451,1.381437,-12.56644,0.3589089,-7.124754,2
0.6008715,-0.7265703,1.389128,0.2592119,1.186209,1.136548,-1.658152,-0.1184279,-1.583018,2
1.341416,0.04459844,0.8334997,0.7113662,0.6459255,1.26351,-0.2222417,-0.5359171,-0.9132939,2
1.919876,-0.5632769,1.002921,0.2724976,0.9563726,1.174847,-0.7999276,-0.1803437,-0.9005426,2
1.636609,-1.225926,1.181224,0.9972246,-0.3302809,0.6906019,-0.6427094,-0.004830028,-0.2866286,2
0.9055939,0.2367328,1.017291,0.8352716,0.5165311,0.9575822,-2.859179,0.1551675,-1.975438,2
0.1270126,-0.3359566,1.40078,0.8217332,0.7106686,1.18078,-0.8344495,-0.3506881,-0.9674563,2
1.38856,-0.4517351,1.10013,0.7838498,1.033884,1.343908,-0.9461517,-0.3530875,-3.464054,2
0.820124,-0.1688227,1.337773,1.159739,1.004005,0.9934355,1.626012,0.08729506,-13.86951,2
1.154602,0.2887928,0.9956051,0.7313746,-0.3087483,1.171177,-0.1718812,-0.1623871,-1.829966,2
1.958334,-1.05346,1.00641,1.741074,-0.6270104,0.9745386,2.003034,0.5233852,0.7973597,2
0.6383705,-1.17936,1.147542,0.428006,0.372786,1.082127,0.5016505,-0.07395062,0.2074556,2
1.414919,0.6742771,0.9273889,0.6015552,1.335651,1.335455,-0.5154531,-2.219683,-4.946728,2
1.996207,-0.0001446977,1.014195,0.9874365,1.162694,1.343797,-1.055769,-0.05048583,-264.5312,2
0.3216766,-0.989621,1.277945,0.420889,1.09496,0.9718193,1.659165,-0.03568827,-4.00808,2
0.810118,-0.3662222,0.4974732,0.7312424,1.14924,1.29543,3.809583,-0.08378523,-0.6793916,2
1.686177,0.299893,0.752679,0.762021,0.7418498,1.259026,-0.2181865,-2.764946,-0.9350302,2
0.3217858,-0.1537953,0.6940045,0.5692644,0.3096169,0.4810618,0.1123236,-0.1223747,-2.831,2
0.2474037,-0.2262485,0.5503402,0.2710685,0.4160342,0.8917489,-4.398777,-0.1982303,-0.8448598,2
1.47111,0.01580277,0.6935176,1.556188,-0.1784208,0.6953836,-0.316199,-0.1830481,-0.4671401,2
1.471152,-0.9300082,1.40269,1.603106,0.4029819,1.345374,-3.069388,-0.4356029,3.085974,2
0.4343322,-0.8387973,0.950766,1.21587,1.106019,0.9864513,-0.1841612,0.05385205,-0.1149025,2
0.7701863,0.09941714,1.378655,0.7691934,0.7785395,0.9602187,-534.6589,0.4785358,-2.101549,2
1.898391,0.2442083,0.4975026,0.4117174,0.4523405,1.013859,-0.2179436,0.08683119,0.4989614,2
0.02147042,-1.643098,1.395979,0.3876524,-0.3901094,0.5534569,-0.3410443,-0.9830426,-0.7407081,2
1.651907,-0.8625547,0.9699483,0.1872987,0.6301876,1.159734,-0.493972,-0.1241551,-0.4864898,2
0.6697621,-0.5808962,0.6371251,0.5704507,-0.0004906193,0.3019513,-1.310153,-0.05617947,-0.2736145,2
1.49247,0.01085118,0.4590773,0.6688661,1.39078,1.243462,-0.1750271,0.1015635,-0.07688247,2
1.068276,-0.5013773,0.5859736,1.017033,-0.3432346,0.8646675,6.953602,1.42462,-1.105443,2
0.1062294,0.2345812,0.8386644,0.3169804,0.8626611,0.8053821,-0.03832806,0.08291389,-0.0538183,2
1.863178,0.5795818,0.7016509,0.8242368,0.7555625,0.8646989,-0.2627614,-0.356495,-0.3519322,2
1.162366,-0.2314355,1.012207,1.50573,1.266795,1.299644,0.1520008,-0.1216831,-0.2025632,2
1.952159,-0.5604887,0.7129094,1.734725,0.7734665,0.9084346,0.5845811,-0.1516155,-0.5569095,2
0.3925653,-1.263064,1.320059,0.7839875,1.01543,1.001513,-0.08437279,-0.05466176,0.4678851,2
0.634084,-1.39796,1.299385,1.806032,-0.2610821,0.539435,-0.3379935,0.2705459,-0.04952369,2
1.191237,-0.6931854,0.9225078,1.699476,-0.804707,0.7553864,0.3905272,0.679453,4.599077,2
0.63011,-0.6456054,1.250429,0.3726659,0.4902235,1.191835,-1.030063,-0.4351444,-1.108525,2
1.355085,-0.1142184,1.094624,0.9135791,-0.5070444,1.269244,-0.515853,-0.2941645,-3.432757,2
0.8506868,-1.146391,1.05063,1.034138,0.6006308,1.129115,-3.575322,-0.07097595,-4.377909,2
0.4063731,-1.476508,1.355928,1.969944,-0.7057289,1.089113,-0.7358404,-2.213284,-1.16634,2
0.2431734,0.2368778,1.24241,0.0817137,0.2191168,1.412776,-1.004131,-1.315457,-1.398513,2
1.126268,-0.3801688,0.934378,0.9502493,0.05917158,0.5442134,-3.053747,-0.1878221,-0.8576467,2
1.666372,-0.519883,0.8503162,0.6297215,1.020909,1.1627,-0.6000694,-0.2307685,-1.18527,2
1.05185,0.3316869,0.345532,0.3564356,1.202063,1.087548,-0.02116567,-0.1730637,-0.1213145,2
1.049927,-0.7867141,0.946408,1.169318,-0.3730569,0.9109527,-2.419131,0.3106044,3.58419,2
0.7189298,-0.3198775,0.8828705,1.252616,0.8057508,1.227683,-1.211493,-0.3072623,-0.9299806,2
0.8781947,-0.4702696,1.378885,0.9870464,-0.4644893,0.9618544,4.550259,5.545698,-1.355937,2
1.856928,-1.193685,1.140916,1.735602,1.248791,1.074692,-3.17824,0.08983782,-1.65738,2
0.4227702,-0.2224072,1.099838,1.304725,1.342826,1.360367,-0.4785172,-0.0751262,-0.4545843,2
1.256846,-0.4716913,0.6549987,0.6613806,0.3193446,0.5604919,-0.4985834,-0.1627125,-0.4631092,2
1.136687,-0.1757964,0.6985036,1.640322,0.4135852,0.8420787,-0.9600678,-0.2790003,-0.7480532,2
1.69091,-1.473727,1.405849,1.435212,0.4258783,1.044091,0.8120333,-0.06457074,-0.06713033,2
1.108222,-0.6205856,0.5961004,1.084634,0.8567571,1.303867,34.00929,-0.09607559,-1.157849,2
0.6224256,-0.2359088,1.403896,1.448625,0.1924361,0.6325709,0.2521381,0.09095817,-1.447429,2
1.19273,-0.8781144,1.202976,1.163655,0.8258448,0.8392015,-20.33845,-0.1381368,-1.271588,2
1.250288,-1.021561,1.195458,1.066995,-0.1183473,0.9937675,0.3087851,-0.157891,-0.2546219,2
1.493461,-0.2735781,0.5553728,0.9406136,0.3310243,0.3743552,-0.9112296,-0.06956117,-0.5951571,2
1.657936,-1.220136,1.274093,1.822642,0.1131182,1.007104,-3.583656,-0.1048312,0.1919124,2
0.1965816,0.1666785,0.8101798,1.858344,0.2387527,0.2271481,0.003945021,0.163695,-3.441273,2
0.2805533,-1.204775,1.095042,1.903865,0.5728264,0.5422592,-0.151735,0.02409777,-0.1791082,2
0.3937612,0.1741427,0.9156685,0.473486,0.262281,1.118332,-2.566988,-0.6755158,-1.16608,2
0.9751251,-0.7647662,0.9243449,1.857558,-0.1609917,0.7427321,-0.7511434,0.2220867,-3.546856,2
0.2689947,-0.2541918,0.6674348,1.854303,0.1030087,0.4445578,-0.3633372,-0.1039829,-0.4675458,2
1.327945,0.9218158,1.018223,1.923924,1.365238,1.226275,0.0261068,0.1774767,-0.03005217,2
1.109632,-0.9728073,1.158215,0.4304515,-0.02897819,0.8509359,-0.7095964,-0.1931216,-0.6232519,2
1.644066,1.133553,1.012346,0.4984798,1.290835,1.357075,0.00426112,0.0743955,0.1524617,2
1.05013,-0.790863,0.7209555,1.495598,1.436964,1.309812,-1.020915,0.1211203,-0.3553825,2
0.2337575,-1.255122,1.325276,0.8982398,-0.8369624,0.7513539,0.00915591,0.1647157,0.7563795,2
0.7609354,0.1839669,0.924484,0.1023967,0.9571076,1.351255,-0.7612882,-6.113129,-1.012122,2
0.8264876,0.3822872,1.331252,1.851331,1.100987,1.255442,-0.2667635,-0.08883963,-0.3501992,2
0.8307765,-0.03042269,0.4582839,0.5871344,0.5163894,0.518241,-0.8794496,0.02498272,3.193901,2
1.180591,0.08124442,0.9003144,0.8296198,0.3582592,1.047602,-0.4429306,-0.4082844,-2.308465,2
1.726252,0.2516773,1.084823,1.163007,0.3285804,1.371971,-0.0585935,2.163883,-1.538627,2
0.1983921,0.04873519,1.189225,0.4764747,-0.3813619,0.8930514,-0.3380404,-0.09945741,-1.066115,2
0.574516,-0.4264251,1.305559,1.751355,0.9994159,0.9523102,0.1094934,-0.02348739,0.4703667,2
1.63366,-1.507963,1.393388,1.047917,-0.3950559,0.7619853,-0.7099531,0.06902501,-0.2486826,2
0.2690474,0.8532208,1.391811,0.7330475,0.5935729,0.9668717,-0.4233927,-0.06279895,-1.196971,2
1.241457,-1.381634,1.287942,0.9459407,1.242644,1.243283,-0.2214803,0.01505685,-0.1463836,2
1.198741,-0.8181477,1.327132,0.8575351,0.6371552,1.26728,-0.9633108,-0.4341048,-0.9929363,2
1.092151,-1.153208,1.023009,1.474119,1.308779,1.132245,-0.3360477,0.1441893,-0.1552011,2
0.1050821,-1.101196,1.336584,0.2541485,-0.517736,1.01192,-0.715803,-3.631567,-1.503802,2
1.289344,0.01456804,0.4534769,0.3737226,0.08231229,1.13038,0.1420545,4.217064,-0.9158617,2
0.3687836,0.5852468,1.129226,0.155241,1.11175,1.357475,-0.8346441,-2.994138,-1.345892,2
1.691471,-0.508161,0.4447814,0.9515511,1.082653,1.076323,0.4023192,0.04515423,-0.4994416,2
0.6959941,0.03268531,1.085326,0.8938237,1.172111,1.013932,2.364868,0.2820237,1.934421,2
0.5361038,-0.2846462,1.212177,1.255277,0.9402779,0.8963011,0.2931861,0.009949294,1.076718,2
0.3987958,-0.667859,1.352334,1.576728,0.7575418,1.343804,-1.059526,-0.3676799,-1.165434,2
0.6047863,0.6428779,1.027612,0.5764399,0.8834818,1.09079,-2.318511,0.3142049,0.5281221,2
1.310022,-0.1305416,0.7645081,1.571121,1.429283,1.214872,1.178765,0.1644133,0.09959993,2
0.1891086,0.1093719,1.318635,1.245095,0.9126652,1.193034,-0.6792255,-0.2821856,-0.804232,2
1.806625,-0.07776497,0.8508584,0.5402558,0.3949141,1.090538,-0.681315,-0.1989499,-0.9831459,2
1.988523,-1.653452,1.410744,1.334105,0.4711343,0.5987199,-0.4004015,0.2195082,-0.152904,2
1.500625,0.9114573,0.9393008,0.5383213,1.01103,1.224954,-0.1456298,-0.1066662,-0.0549563,2
1.033675,1.211912,1.355024,1.031539,1.118899,1.091509,-99.82572,-4.855846,-0.9878967,2
1.606759,0.6074285,0.6285962,1.116713,1.011078,1.189672,0.6887212,-3.213764,-0.6421964,2
1.597031,0.708662,0.9240639,1.017912,1.186253,1.166957,-0.6474953,4.267386,1.902073,2
1.690171,-0.134093,1.057205,1.526263,1.084934,0.9919896,-7.016186,0.1445693,-44.31782,2
0.7176548,0.1039648,0.5924779,1.729148,0.1524907,0.5062973,-0.2770359,-0.2210929,-0.56969,2
0.24865,-1.14943,1.330278,1.853631,0.2796465,1.135447,-1.053483,0.4442565,-1.279515,2
1.541713,-0.2231784,0.9681872,0.3956072,0.8691809,0.892477,-1.001163,0.1914955,-1.133093,2
1.123603,-0.3631122,0.6894028,0.8129206,0.6260927,1.230773,0.9950617,-0.2574292,-1.206526,2
0.4265792,0.3857224,1.127823,1.18854,0.514351,0.8708112,-0.3696903,-0.1844822,-0.6939988,2
0.3980357,-1.042318,1.307361,1.536953,-0.2920157,0.711794,-0.460554,-2.46044,-1.801783,2
0.6132588,-0.04390174,0.5285723,1.674761,0.9972607,0.9323003,-0.3288367,0.05515335,-0.2331375,2
0.1661929,-0.9860813,1.373156,1.946671,-0.3010481,0.3007855,-0.01705935,0.3140856,-1.258906,2
1.226348,-0.4732944,1.224923,0.4717056,1.032556,0.9966323,-1.4666,-0.005461188,-1.460736,2
0.2222585,-0.6800681,1.193662,0.8088307,0.9979228,1.385887,-0.9993501,-0.2883719,-0.998045,2
0.3318859,-1.061511,0.902536,0.1811257,-1.171781,1.11598,0.08343616,0.3693424,0.4601387,2
0.6836379,-0.1357838,0.4185879,0.9630256,-0.1996642,0.2815289,0.3670905,0.2849874,-0.4971774,2
1.832208,-0.3522767,0.6872714,1.717766,-0.4556361,0.7914857,0.5151474,-0.7681683,-0.571648,2
0.3019494,-0.8719807,1.301537,1.726778,0.327619,1.141298,-1.023966,-0.04409549,-1.204905,2
1.707442,-0.2543572,0.3833672,1.882657,0.3522208,0.7399833,-4.21068,-0.09908067,-0.7138308,2
0.33017,-1.551274,1.334228,1.355101,0.6340876,1.256043,-1.238469,-0.02029671,-1.541874,2
0.876024,-0.1966971,1.24541,0.6907459,-0.7805974,1.390039,-0.9315591,-0.1183108,5.370515,2
0.6033577,0.4786738,0.9198014,0.2613198,0.2759568,1.265332,-0.3116207,-0.01701761,-0.6047319,2
1.443093,-0.257233,0.7481245,1.480346,0.3827549,0.3820836,19.04312,0.01967654,-0.8943052,2
1.512337,0.7180835,1.231989,1.601928,0.5265469,1.239169,-2.485108,0.4503574,-4.108255,2
0.875838,-0.2657737,1.296126,1.664237,1.420897,1.31574,0.3626782,0.03207177,0.236968,2
1.322227,-1.273461,1.125555,1.632118,-0.5978965,1.274395,-3.679269,1.94712,-3.551568,2
0.03792443,-0.6514616,0.5774845,0.5976138,0.2646084,0.4244145,-0.3659416,0.1333727,-0.4337805,2
1.577732,-1.370053,1.292688,0.8446057,0.4565221,0.5239558,-0.7550586,0.08592791,-0.3892861,2
0.4555333,-0.12492,1.060703,0.5686935,0.66708,1.261949,-1.558369,-0.4402635,-0.9907481,2
1.809553,-1.244217,1.083155,1.69045,-1.197087,1.176864,2.049862,2.285333,-3.815079,2
1.813311,0.2189198,1.327935,1.053973,1.423008,1.410097,-1.965711,0.7704611,-4.238278,2
1.066987,-0.7494366,1.246738,0.7046397,0.1428064,1.213474,-0.6062623,-0.4095834,-0.7475897,2
0.9981455,0.2208881,0.726059,1.371129,0.09203873,0.8067515,-1.137213,0.1355035,-0.9478438,2
1.19087,-0.4266076,0.7642561,1.039784,0.07187964,0.455825,-2.564384,-0.1946777,-0.6236418,2
1.694964,-0.580636,0.5594189,1.56767,0.7097748,0.9251267,4.964486,-0.07251683,-0.8645396,2
0.4683002,-0.6550065,1.328133,0.7812486,-1.194034,1.188426,0.216442,0.409492,0.4056897,2
1.637107,-0.08883505,0.2427353,1.750086,0.2481454,0.2767893,0.6280672,-0.05104998,0.01920257,2
0.9594858,0.6378664,1.133655,0.6971202,1.139178,1.238353,-1.354049,1.631075,-7.898195,2
1.568028,-0.7594965,0.9004918,1.562256,-0.3275606,0.4958243,-79.4278,-0.376989,-0.4390887,2
1.564039,0.1237594,0.5396847,1.327977,0.7671192,0.664919,-2.139147,0.2455934,0.6103434,2
0.7403329,0.7709226,1.064336,0.7992523,0.4044743,0.9436654,-1.176565,-0.02570106,0.006386222,2
0.7512802,-0.6258251,1.266584,1.571126,-0.3361216,0.5742337,0.5631357,5.323284,-0.993657,2
1.279196,-1.359207,1.234323,1.570455,0.5754941,1.224177,-3.789348,-0.05075867,-54.2496,2
1.848472,-0.09433297,1.063975,1.452706,-0.7627768,1.279586,-0.4879798,-0.2120348,0.3282756,2
0.3884106,-0.7685785,1.411131,1.18317,-0.09684733,1.401815,-1.346193,2.067482,-1.597328,2
1.946919,-0.6969758,0.8557407,1.078961,1.002403,1.108371,-0.3295331,-0.1616249,-0.9970422,2
0.9035062,-1.103992,1.086403,0.5369419,0.8167403,1.28197,0.3794771,-0.1268827,1.088931,2
1.658532,0.3636123,1.33284,1.366664,1.373249,1.161577,-5.157844,1.194432,-5.174877,2
0.02342772,-0.1934534,0.7720174,1.203699,0.1410764,0.3666838,-0.3277841,0.2195102,-0.3886115,2
1.906977,-0.7338361,0.6316186,1.683438,0.2872273,0.6309575,2.682335,0.02316464,1.099216,2
1.032699,-0.05031175,1.159483,0.3431676,0.3850486,1.108655,-1.128793,0.6602199,-1.289537,2
1.332448,-0.3279431,0.8990712,0.7972208,-0.6653562,1.080679,-0.5641609,0.3427598,-2.755254,2
1.336159,-0.3400462,0.3801204,1.353495,0.6156353,0.8155662,-28.58627,-0.08414879,-0.6013365,2
1.441614,-0.9263713,1.327025,0.6275522,-0.3609664,1.353168,-0.651869,-0.3460456,-0.8497613,2
0.3693956,0.04225021,1.195043,0.4023451,-0.4097388,1.320181,-2.612498,-0.4720329,-1.155863,2
1.780062,-1.2392,1.086684,0.4037705,1.078322,1.230761,-0.1923961,0.08625404,-0.09138856,2
0.6654481,-0.777279,0.7380057,0.09357618,-0.6535745,1.132407,-0.1240493,0.08547401,-0.2146596,2
0.3245988,-0.1987359,0.4135877,0.8808502,0.9465899,0.8046901,-0.141123,0.1380869,-0.07970426,2
1.776991,-0.1353557,0.730822,0.3216437,-0.07619595,1.022896,-0.5457979,-0.3025268,-0.8854266,2
1.359349,-0.3644288,0.9973844,1.530403,0.6731061,0.9944674,0.5916899,-0.3153735,0.2695298,2
1.285912,-0.4859189,1.335929,1.820012,0.01430814,0.8495596,0.955298,-0.4620446,-1.246935,2
0.8663274,-0.5523725,1.222804,1.030191,1.02389,1.222816,0.9088745,-0.2907027,0.4973128,2
1.81165,-0.2123181,0.7458799,0.08511979,0.7865624,0.9606937,-0.7476959,1.140164,-0.9126244,2
0.4697458,-0.3857197,1.3563,1.232962,0.6388537,0.8689938,-0.03614856,-0.2228604,2.043054,2
1.109756,-0.942762,1.033244,1.40032,-0.009686488,1.246963,-3.485963,0.2918218,-2.42808,2
1.157783,0.3420054,1.03259,1.318277,0.3809025,1.178719,-2.516371,-1.556691,-1.2315,2
1.394002,-0.6738928,1.315679,0.4615952,0.9742877,0.851145,-1.457975,-0.02702402,-1.29437,2
0.0165111,-1.161555,1.291754,0.5284945,-0.6426359,0.6349081,-0.1563969,-0.3112039,-0.2079487,2
1.686127,-0.1696954,0.8272948,0.07929776,0.8488223,1.395724,-0.768229,1.144279,-0.9433652,2
1.578073,-1.428212,1.248745,1.309086,-0.7383568,1.235635,2.368675,0.7875145,1.334402,2
0.7444452,-0.7182401,0.8130105,1.428861,-0.3302923,0.4182993,-0.001011836,-1.32692,-0.3535176,2
1.828586,-0.5347775,0.7805775,1.120278,-0.2780735,1.166092,0.3180836,0.3409364,-2.30973,2
1.589089,-0.2588203,1.128319,0.8271562,-0.1064395,1.194578,-0.8047278,-0.4942276,-1.259127,2
0.7295836,-0.7089807,0.6695961,0.1991526,0.2819582,0.5445697,-0.1996937,0.008283379,-0.1698037,2
1.526801,-0.1922329,1.370643,1.050995,0.1403418,1.400027,-1.091735,-0.5038995,-1.551692,2
0.7048668,-0.7844871,0.7276536,1.807555,0.3203599,0.6191233,-0.6621775,-0.05857725,-1.160013,2
1.834939,-0.9248477,0.9929575,1.106185,0.2878813,1.023699,0.1639309,-0.1374081,0.1063937,2
1.730671,-1.016113,0.9506922,1.609333,0.2464095,1.410154,12.37967,0.1916798,-2.849037,2
1.569409,0.1709988,1.342698,1.63462,0.8227361,1.347699,4.132932,-0.2407948,1.151281,2
1.137421,-1.272532,1.380264,1.666899,-1.332033,1.15864,0.4867269,0.954469,2.779069,2
0.4749514,-0.346087,0.8172819,0.3800794,-0.6822435,0.8344556,-1.218655,0.6552912,-3.272211,2
1.722524,-0.5671779,0.7480788,1.277787,0.5785192,1.236572,1.316434,-0.2025256,-1.547672,2
0.5369786,-0.8424807,0.9379054,1.204927,-0.48903,1.090264,-1.036484,-4.544775,-1.115093,2
1.901242,-0.9665225,1.244145,0.4608644,0.7138969,0.9712338,-0.8774128,-0.1802089,-0.8372134,2
1.989974,0.5323743,0.650252,0.9001244,1.240174,1.357748,-0.05183254,-4.523562,-0.5407609,2
0.770931,-0.7457045,1.107972,1.333065,1.102634,1.216145,-0.4844777,-0.1953565,-0.466701,2
0.1958618,-0.06801981,0.7656593,0.9287274,0.01036188,0.5933947,-0.4857841,0.6698313,-0.6950425,2
1.234625,-0.5051216,1.247918,0.7825219,0.1525586,1.085598,-1.310162,-0.4351416,-1.186265,2
0.6987334,-1.086586,1.32846,1.284966,0.2480637,0.8829288,-0.5767255,-0.3018483,-0.1659504,2
1.692617,-0.6885152,0.8729525,0.7662337,0.6121759,0.9353657,-0.4293634,-0.2168076,-0.4749788,2
1.60612,-0.9630551,1.087949,1.370924,0.4121808,0.6489096,-1.781361,-0.1344138,-0.5555595,2
1.569747,-0.1762864,0.9791867,1.315615,1.199486,1.193999,-2.69242,-0.05703635,0.7460797,2
0.1802519,-1.461909,1.272116,0.153632,0.1307422,1.399845,5.242615,0.2659629,4.881568,2
1.439148,-0.5230955,0.8881433,1.732123,0.2705718,0.5714756,1.06345,-0.2281894,-0.781576,2
1.31102,0.4838763,0.8066193,0.1197475,1.125361,1.340797,-0.521114,-1.312978,-0.748272,2
0.3324226,0.1580587,0.7173458,1.392941,0.544239,0.7396271,-0.4371633,-0.1946674,-0.5151894,2
1.225112,0.4490414,1.096929,0.8534431,0.5374988,1.156416,-0.8141058,-1.264566,-1.20078,2
0.4142874,0.554545,1.066568,0.2521852,1.521586,1.398864,-1.282959,1.243627,2.234833,2
1.799439,-1.00045,1.052852,0.5329139,-0.01657415,1.285734,-0.1453145,-0.05760428,-0.1654948,2
0.8882771,-0.5620722,0.7072673,0.7268329,-0.5196312,0.7669084,0.0224578,0.2151893,0.6130894,2
1.558387,-1.489961,1.380845,1.701202,-0.2636374,1.021965,-5.031407,0.246882,0.3195768,2
0.8507785,0.02554173,1.228135,0.5070719,0.4944096,0.9235984,-1.749464,0.795179,-1.413817,2
0.2405341,0.6990605,0.9414019,0.147266,0.5024695,1.291593,0.2306639,0.5218124,-4.362246,2
0.6247714,-0.6893343,0.9471807,0.4346432,0.3262325,1.189121,0.5095103,-0.2422922,-63.46021,2
1.372956,-1.015416,1.26631,1.251432,-0.3850646,1.307676,2.97758,0.1467874,2.2613,2
1.60819,-0.5840816,0.7563959,0.6837644,-0.3208132,1.037369,-0.1045966,0.03728551,0.1945247,2
0.6254194,0.2831976,0.9435171,0.6248322,-0.01922139,1.056091,243.1903,-0.1525077,-1.308516,2
1.730696,-0.135879,0.7239833,0.6209207,0.6775756,1.22832,-0.3147238,-0.4177432,-1.338489,2
0.3548813,-0.4768752,0.9608859,0.4742501,0.4999399,0.472147,1.716862,-0.03278605,-1.151569,2
1.585289,-0.3764634,0.9463079,1.018624,0.03876583,0.9052657,-0.7677752,-0.3648195,-0.8690437,2
1.203091,0.08323623,0.5930457,1.734937,0.6892745,0.7534346,-0.1708635,-0.07711936,-0.214507,2
0.831385,-1.131638,1.324188,1.183087,-1.443425,1.23558,0.6871596,0.8428693,1.044814,2
0.8995125,-0.8623822,0.7305,0.6529856,0.1620979,0.7391257,1.196658,0.1058426,0.7829671,2
0.3655146,-1.339951,1.30309,1.381898,-0.7062331,0.9365081,-0.4954966,-1.306012,-0.9120143,2
0.6832277,-0.03063771,0.633665,1.911056,0.3886849,0.3421999,0.1931555,0.1117095,17.86741,2
0.415307,-0.04811557,0.2800264,0.8168374,-0.05427667,0.1958986,-0.02187631,0.05513171,-0.4747862,2
0.9339371,0.1002137,1.120291,1.666118,0.4763057,0.5119314,0.7043086,0.4949582,-1.482693,2
1.666365,-1.374301,1.26718,1.11432,-0.1059667,0.9222064,0.1999799,0.09278708,-0.06754329,2
1.073063,0.1155296,0.7845359,1.181347,0.5994903,1.069228,-3.525567,-0.4164356,-0.8139455,2
0.2585953,0.4169471,0.9848739,0.8929982,0.1339685,0.5112634,-0.1415523,4.396782,0.9199998,2
1.698955,-1.320638,1.402893,1.359694,0.220484,0.7011889,-1.673953,-0.09767091,-0.5733111,2
1.78627,-1.04817,1.396122,1.288447,-0.3428214,1.035746,-1.358243,-0.4078201,-0.8014532,2
0.5769646,0.5444023,1.364824,1.948882,0.8803462,1.3293,-0.7807029,-0.448838,-1.061932,2
0.2236871,-0.410255,0.9441906,0.8391827,0.5822517,0.6044449,-0.01807538,-0.08180604,0.2832206,2
1.98243,-1.440249,1.312688,0.9524069,-0.03942672,0.9719102,-0.1225293,0.0970085,-0.1439673,2
1.582127,-0.3736424,0.9575769,1.305277,1.010838,1.372104,0.5189386,-0.3519898,-0.7959795,2
1.813654,0.5062099,0.6183335,0.5938978,0.4531068,1.217134,0.04452777,0.4398207,-2.495855,2
0.09440315,-1.260079,1.075853,0.9320238,-0.4517436,0.8845262,-0.723173,-2.475372,-1.058022,2
0.9259657,0.4715304,0.9721456,1.556963,0.9352872,1.027368,-0.1782531,-0.03064096,-0.242594,2
0.8757557,-0.0275167,0.8648865,0.8647722,0.1465991,1.321306,45.96841,0.4114489,-1.348621,2
0.4764197,0.1145159,0.9967721,0.9244933,0.9815717,1.280685,-0.8999348,-0.3010482,-0.7541458,2
1.022139,0.1699908,0.5505539,0.5051981,0.296486,0.6194233,-0.4356502,-1.511258,-0.6356309,2
0.5566215,-1.060918,1.339261,1.501688,1.312791,1.25021,-0.2525507,-0.04993397,-0.1843564,2
1.684755,-0.7345603,1.069998,1.785161,1.366125,1.191524,6.787102,0.002219865,0.9110955,2
1.62651,-0.7224859,0.644756,1.420129,0.3613445,0.5506091,1.102613,-0.00650357,0.2120784,2
0.9831532,-1.085237,1.032659,1.519288,0.4111604,0.8332899,-1.164087,-0.0914504,2.535902,2
0.25096,-0.472407,0.497466,1.395854,0.5409201,0.465266,-0.09540028,0.06212765,-0.05086142,2
1.063061,-1.168586,1.371186,1.819963,-0.894031,1.044947,-0.2550163,0.09671922,-12.79368,2
0.1315092,-0.5674095,1.134384,0.5548697,1.11753,1.000514,-0.08554341,0.03639625,-0.03098356,2
0.3952449,-1.607353,1.365438,0.7036823,-0.1241451,0.7771817,-1.099586,0.3660337,0.4775867,2
1.544404,0.8224592,1.087632,1.467801,1.61996,1.371565,-7.630685,0.8800872,0.6557036,2
0.5283852,0.01519523,1.007511,1.815211,0.6577266,0.9793258,-0.577539,-0.29247,-0.7123128,2
1.284672,-1.12474,1.175477,0.8792305,-0.4293014,1.367238,0.8226644,0.3194076,2.052033,2
0.8601905,-1.047715,1.228185,0.04313426,1.084662,1.227458,-0.8240141,0.2669544,-0.8374529,2
0.06529512,-1.281233,1.379935,0.05768329,0.5572284,0.6959472,-3.356887,-0.08479608,-0.670664,2
1.151749,-0.8089738,0.8350872,1.015664,-0.5339586,0.5871258,-0.9896462,-0.2882708,-0.2874146,2
0.6264129,1.290942,1.384336,1.540316,1.354735,1.254308,-0.19568,0.09056649,-0.2152659,2
0.5087066,-0.4340289,0.5749807,0.857841,1.542717,1.403641,-0.6815684,0.1304504,-0.3257016,2
0.757286,-0.7602057,0.8295275,1.087888,0.0774332,0.7854998,-1.388924,-0.01344256,-4.666684,2
1.058097,0.05289668,1.30294,1.209579,1.081899,1.339387,1.788494,-0.1613206,0.5177862,2
1.59244,-0.2757626,0.7188012,1.763438,0.6114454,0.8830107,-1.242809,-0.2550864,-0.5372563,2
0.5106894,-1.433325,1.225254,1.191359,0.5292377,1.103638,-1.388215,0.005160654,-2.491502,2
0.8225704,-1.02221,1.249446,0.5202219,0.6837209,1.115255,-0.6934334,-0.2731218,-0.64964,2
1.655989,-0.5695108,1.374078,1.157237,1.13177,1.137266,-2.807959,-0.1141459,-2.220661,2
0.3752526,0.511851,1.206625,1.818741,0.560954,0.8404775,-0.3666589,-0.1957661,-0.7427608,2
0.3455441,-0.7311381,1.00745,1.906657,-0.08045822,0.730129,-0.618783,2.19464,-0.8241692,2
1.590838,-0.1457918,0.846367,0.8180954,0.678205,1.110475,-0.6037909,-0.3392608,-2.793205,2
0.8722483,-0.8553061,0.8854415,0.1781367,-0.4042308,1.331722,-0.1442777,0.05040001,-0.1511582,2
0.799698,0.1945095,1.135263,1.516034,1.022207,0.8972099,0.6439364,0.3157288,1.523758,2
1.709241,0.2931061,1.067861,0.4932478,0.6660151,1.372512,-0.8244491,-2.010666,-1.145782,2
0.6540935,-0.6304296,1.293866,1.439883,0.484679,1.108177,-0.7598864,-0.4400815,-1.06814,2
1.874286,-0.6001516,0.6106231,1.163107,0.4698996,0.5794474,-0.1631997,-0.05934112,-0.1493536,2
0.6141075,-0.01665227,1.22466,1.754433,0.5437366,0.9538899,-0.3621944,-0.3054771,-0.630673,2
1.185214,-1.639053,1.395113,0.8593042,0.6066637,1.147163,1.097712,0.09591843,0.3608971,2
1.381574,-1.097917,1.050367,1.237513,0.3673042,0.6754607,-0.1410199,-0.03643831,-0.1924308,2
0.5956506,-0.2860759,0.6806723,0.5419903,0.8243777,1.382123,5.651949,-0.2625735,-1.125249,2
0.5139858,-0.07394473,0.4102173,0.1192412,0.344257,0.5273547,-0.366575,-0.03640577,-0.4811906,2
1.003763,-0.5642657,1.001017,0.8767931,-0.006822598,1.216716,1.976984,-0.101435,-2.585714,2
0.2315786,-0.9317897,1.263719,1.33485,0.7471821,1.027894,-0.6791626,-0.2296058,-0.7399492,2
0.1646747,-0.4119858,0.8927024,1.396174,1.039012,0.9211919,-0.2226282,0.0974937,-0.1586588,2
1.112017,-0.8210032,1.302401,1.280295,-0.5465971,1.117124,-0.2773926,-0.5499938,-0.6482704,2
1.601198,-0.5140615,0.5744073,0.3981159,0.4028618,0.532159,-0.3129949,-0.06563381,-0.2990602,2
0.7293007,-0.291284,0.3045932,1.872954,0.3487499,0.3552938,-0.1845186,-0.01199965,-0.1562403,2
1.932073,-0.8049864,0.8154868,0.6825002,0.1073735,0.8349486,-0.1155819,-0.04964767,-0.1563305,2
0.3407097,0.9313415,0.7939631,0.4334857,0.6936063,0.6782075,-0.472273,3.032559,0.9596496,2
0.726824,-0.008516943,1.228531,1.391842,0.6293719,0.7861137,0.3183173,0.04648795,-5.273516,2
0.8152375,-0.0213949,1.082157,1.445614,0.5017901,1.01755,-0.5039573,-0.3618563,-0.7567651,2
0.5612481,-0.5350911,1.046113,0.07053646,0.9969039,0.8780625,-0.99239,0.3325243,-1.090256,2
0.6885102,-0.7693748,0.6834001,0.6060935,-0.7164734,1.053384,3.058625,3.630603,-1.207052,2
1.992237,-0.5891156,1.219089,1.522942,0.7996085,1.404697,-0.393162,-0.4692258,-1.216037,2
1.147898,-0.8589086,1.000209,0.1860424,0.5338764,0.9172215,-0.5711582,-0.1242211,-0.5588189,2
0.1515999,-0.2644866,1.190403,0.6186345,0.671795,1.357282,-1.158505,-0.3330055,-1.230366,2
1.330842,-0.6013746,0.6001682,0.8170191,1.0855,1.356944,0.80694,-0.08723595,-1.043502,2
1.519933,-0.9854044,1.238155,1.880134,0.1878601,1.099599,-1.864798,-0.2527076,1.804227,2
1.5009,0.2447733,0.6835793,0.7198712,0.07722672,1.20988,0.5283055,0.04783721,-1.015652,2
0.8418974,-0.9100865,0.9328192,0.8750015,-0.9016213,0.7715839,4.372434,10.2868,-0.9099127,2
0.4105482,-0.6953257,1.046139,0.8778277,0.0720657,0.385166,0.2759819,-0.1870483,-0.7217238,2
0.8367417,-1.018993,0.9133514,1.994596,0.2767514,1.331004,-1.812077,0.3967297,-1.607231,2
0.927604,-1.313198,1.117617,0.2792895,1.524333,1.362581,-0.1891271,0.1737445,-0.1040353,2
1.643383,-0.3809022,0.6183206,0.4643214,1.233568,1.079612,-0.5073303,-0.03690533,38.61243,2
0.4529608,-0.694451,1.40878,0.6627923,0.3679129,0.6699003,1.141901,-0.2225462,-1.33543,2
0.03075521,-0.6715177,1.120048,0.6566,-0.3927017,0.4393924,-0.1468288,-0.2378567,-0.1187524,2
1.278799,0.08878735,0.7904782,1.661119,0.5085002,0.7684607,0.05139176,-0.1503627,-0.02546172,2
0.4477167,-0.4778322,0.8794019,0.4323775,0.117386,0.4873512,-10.94783,-0.2005075,-0.7357155,2
0.8811429,0.2370165,0.8548707,0.13565,1.041137,0.9876525,-0.7973312,-7.249472,-1.111352,2
0.6742172,-0.2316703,0.83318,1.299072,-0.3418395,0.5034266,0.2430542,0.3635224,-1.013074,2
1.889603,0.3853673,1.288358,1.282552,0.4725966,1.321999,-1.078382,-2.042893,-1.455573,2
0.483371,0.06389894,0.8522616,1.214174,0.1850071,0.7856665,-0.5972456,-0.330619,-0.8831941,2
0.2917774,-0.496862,1.289727,0.5802357,-0.1281648,1.358536,-1.399363,1.599951,-1.578866,2
0.2646832,0.06262288,0.6502715,1.197184,0.5669045,0.672751,-0.3321408,-0.1201095,-0.3739775,2
1.606774,-1.171777,1.413294,1.242504,-0.7632069,1.068731,-1.398402,-0.6002489,-0.7386169,2
1.810132,-0.505704,0.7295018,0.1820701,0.8896193,1.293321,-0.4618207,-0.2116777,-0.4870625,2
0.2336755,-0.8576842,1.309566,0.7658474,-0.5004071,1.138556,-0.8338899,-1.729806,-1.076917,2
0.438527,-1.019255,1.399437,1.54349,-0.8451173,1.168206,-0.5570065,-0.890976,-0.7218767,2
0.6679267,-0.8230497,1.262072,0.2480801,0.008278529,1.066779,-0.9366465,-0.3607381,-0.946932,2
0.9662209,-1.55099,1.365348,1.883102,0.1090503,0.5502874,-0.2246521,0.1070571,-0.04449032,2
1.344695,0.8809674,1.269365,1.789526,1.06626,1.322125,-0.5715746,-0.3077899,-0.6096392,2
1.664453,0.05010722,0.6052107,1.520267,1.178681,1.229963,2.928393,-0.09192819,-0.4062072,2
1.33673,-0.2371956,1.175382,1.439745,0.835618,1.347145,-1.138089,-0.4384377,-0.71934,2
1.776384,0.05692891,0.3637181,0.5820284,-0.01294492,0.5713969,-0.1125654,-0.008055129,-0.5771594,2
1.852785,0.4417151,1.214317,1.179406,-0.1858269,1.36496,-0.4421999,-0.2054722,-1.397465,2
0.4682082,-0.7664037,0.8322032,1.84973,0.3643915,0.4656195,-0.2026668,-0.1075659,-0.2388295,2
0.7261622,0.5147098,1.36013,0.7852206,-0.1736843,1.308631,-0.8161203,-0.2411318,3.369998,2
0.3510013,-0.3099554,1.009923,1.825565,1.502433,1.380175,-0.4102621,0.09911763,-0.3286877,2
0.7949383,0.2653234,0.3211174,0.02070346,1.025286,1.342542,-0.1326215,-0.217478,0.05651069,2
0.9227455,0.683964,1.017832,0.9487319,1.319136,1.374684,0.4807519,-0.06220209,-0.2924205,2
1.254731,0.6436388,1.281588,1.357846,0.5977474,1.134859,0.9275287,43.84037,-1.32512,2
1.211902,-0.4057654,0.9406362,1.165041,0.6512854,1.297809,8.634935,-0.3769945,-1.256206,2
0.9291825,-0.6249212,0.588531,0.4599175,0.7509421,0.724848,-0.1103222,0.010412,-0.08068974,2
0.4970105,0.1478094,0.856888,0.602989,1.463162,1.271596,1.347126,0.218627,0.1106029,2
0.2061081,0.4396896,1.333827,0.5524758,1.124038,1.286341,-0.4071981,-0.1405006,-0.5216497,2
1.077879,-0.7475812,1.195038,0.8737443,0.1640858,1.394028,1.070618,-0.2853568,-15.8258,2
0.9941697,-0.9460632,1.06978,0.6938867,0.3448883,0.8209308,-0.5340354,-0.1806416,-0.4332307,2
1.681953,-1.061621,0.9882147,1.934331,-0.5261058,1.151515,-4.463011,1.524017,-2.954333,2
1.610838,-0.1656281,0.777553,1.389932,0.2581327,0.585753,-2.355168,-0.1237081,-0.9202345,2
1.044606,-0.5869331,0.9024424,0.4727216,0.530469,1.383431,-0.004969887,-0.3046602,-42.00974,2
1.096541,-1.1946,1.085056,1.910942,-0.3835298,0.7081075,-0.739127,0.6438931,0.4762625,2
0.7150996,-0.3361416,0.819953,0.6358354,0.4704079,0.8345473,-1.030809,-0.2966236,-2.138868,2
1.252028,0.6714153,1.194106,0.429374,0.6409848,1.402901,-0.7205075,-0.7596737,-0.9341523,2
0.3393756,-1.041497,1.288039,1.011697,-0.0599504,1.065567,-1.0409,0.5044198,-1.574965,2
1.161569,-0.5120083,1.062553,1.359852,-0.6577401,0.8547135,1.401187,0.9789262,-1.689431,2
0.3653707,-0.3765664,1.023304,0.02441583,1.172358,1.414072,-0.9424241,0.5522596,-1.134782,2
1.059845,-0.1506763,0.8187194,1.674386,0.7882594,0.9997977,-0.5671482,-0.2292805,-0.5045597,2
0.7697399,-0.3295439,0.6532323,1.029418,0.4217596,0.7742578,-0.9796931,-0.2378671,-0.7186153,2
0.3751437,-0.9975947,1.299055,1.276703,-0.4590004,0.8783574,-0.5479437,-1.065998,-0.8611608,2
1.878951,-0.2797871,1.007634,1.890052,0.1218185,1.086118,-24.44414,-0.346422,-1.586487,2
1.349625,-0.6055534,0.6354715,1.653657,1.302751,1.141219,-0.6084954,0.1134124,-0.16906,2
1.572242,-0.8376274,0.9754862,1.448257,-0.675557,0.8458784,-0.9015482,-0.4026257,-0.4410283,2
0.7846514,-0.02586754,0.8826484,0.8820989,0.6634287,1.002597,-0.3142577,-0.2886579,-0.4318089,2
0.1702927,-0.343049,1.267468,1.809458,0.9670333,1.218381,-0.7495384,-0.1914203,-0.7724747,2
0.8631662,-0.4837562,1.404377,0.3160968,1.561838,1.334247,-1.741679,0.1486827,-2.117035,2
1.797274,-0.7815683,0.7846096,1.172736,-0.797134,0.8548338,-0.140297,0.01795483,-0.1399142,2
0.44898,-0.4038003,1.275563,0.8789141,0.395687,0.8911411,-0.06830929,-0.3637389,-8.559343,2
1.597409,0.1920015,0.536682,1.569684,0.3853745,0.5266359,-6.42593,0.108708,5.754407,2
0.6962499,0.428328,1.203432,1.038903,0.4391552,1.28361,-1.315224,-1.094767,-1.376271,2
1.863019,-0.3164988,1.201029,0.7723561,0.3904046,1.371738,-0.9093497,-0.4691878,-1.293098,2
0.3515075,-0.2086444,1.088129,0.6395339,-0.627878,0.8958127,-0.1420544,0.05882724,-0.2439349,2
1.095606,-0.1260255,1.065251,1.475712,1.517348,1.323556,1.308775,0.1513285,0.3059011,2
0.5552217,-0.04078267,0.7794641,1.739246,0.7097151,1.007568,-0.7443633,-0.2379106,-0.7146238,2
0.5417261,-0.5073695,0.8790445,0.7599348,0.7202451,0.7040987,0.7918203,-0.08492312,20.54726,2
1.070722,-0.7906629,1.128379,0.2054812,1.165088,1.114513,-0.8817521,-0.1244329,-0.9427605,2
1.957281,0.1405172,1.036368,0.4863639,1.208121,1.295504,-0.9589816,1.889819,-1.409821,2
0.2559825,-0.618684,0.7963117,0.8635457,-0.5199212,0.4789844,0.02044128,0.1749188,0.5846246,2
1.878738,-0.3827805,0.861172,0.6514568,0.3539936,0.7785581,-0.7872781,-0.2213212,-0.8347229,2
0.4354765,0.3591589,0.4363199,1.708715,0.2898274,0.271811,-0.03368689,0.07371908,-0.02679162,2
1.703244,-0.5426767,1.148907,0.337356,0.6506849,1.184315,-0.9698606,-0.2506233,-1.079549,2
1.914549,0.1009233,0.6017441,0.3849394,0.2398065,0.9935126,-0.4080032,-0.3129046,-0.676956,2
0.5968634,-1.356074,1.178135,1.91685,-0.6941464,0.9232261,-0.5796572,-2.015035,-1.197414,2
0.7576063,-1.154771,1.153998,1.119701,-0.3990468,0.7319216,-0.5892872,0.1504341,-0.05686857,2
1.09621,-0.8969712,1.053289,1.271391,0.03445564,0.417188,2.187647,-0.1164214,-0.5306926,2
1.750268,0.08156563,0.8765646,0.1810364,0.8018541,1.137142,-0.7923717,286.1114,-1.01746,2
1.51534,-0.2272002,1.080055,0.3808366,0.02949704,1.269581,-0.8759751,-0.3210695,-1.216325,2
0.3770391,0.9112246,1.149913,0.2309809,1.217017,1.168234,-0.8435619,-2.821757,-1.22578,2
1.680881,0.1995088,0.4388063,1.646739,0.7884567,0.8307769,7.842164,-0.1099394,-0.27632,2
0.1579679,-1.038193,0.9011323,1.418025,0.8605263,0.9776045,-0.6151815,0.0620715,-0.6093885,2
1.576805,-0.3210063,1.244391,1.769355,-0.7855572,1.162158,1.441164,0.2150194,3.49198,2
1.15074,-1.0402,1.08318,0.5276508,0.5906899,1.085353,-0.2104616,-0.1446497,-0.2259336,2
0.3651179,0.7216266,1.248986,0.639905,0.9493724,1.393787,-1.050289,-0.6499465,-1.02994,2
0.7602533,-0.3540478,1.34883,1.933531,0.4092631,1.131065,-0.7390784,-0.479086,-1.093925,2
1.111522,-0.05315158,0.9831408,1.595041,-0.01639271,0.8118137,0.009058443,-0.5855766,-1.206299,2
1.851423,0.04042573,1.074381,1.959842,1.075413,0.9159874,12.95429,0.3916286,-48.59011,2
0.8517754,0.0203347,1.31541,0.7538997,0.2574406,1.165213,-2.936277,-0.007197039,-1.585844,2
1.483509,-0.005932603,0.6292855,0.4500751,-0.5737322,1.17428,-0.1122821,-0.5574631,2.890929,2
0.4208129,-0.576114,1.38,0.5566943,-0.2349482,1.336005,-1.301192,-0.004439203,-2.014163,2
1.998385,-0.6936775,0.8814434,0.394385,-0.2971678,1.167911,-0.3251856,-0.1663637,-0.5431345,2
1.522437,-0.50784,0.4573123,0.29938,-0.6419413,0.9970405,0.004089241,0.2917045,0.94296,2
1.663394,-0.8595467,0.9424226,1.465905,-0.7099541,1.022565,1.010247,0.707069,7.823854,2
0.8095616,-0.4717583,0.6475103,1.697721,0.9178002,0.9124086,-0.4088951,-0.03331294,-0.3154917,2
0.3720692,-0.5623779,0.7406369,0.7913379,-0.7052826,0.6314203,0.09882293,0.2127192,0.2426508,2
1.623826,-0.3286056,1.384049,1.456573,1.027283,1.023524,-8.482926,0.05581021,-2.565718,2
0.2314699,-0.7218176,0.6928982,0.3544148,-0.09725117,0.7791004,-1.484314,0.4924695,-1.629572,2
1.931373,-0.8554788,1.050003,1.846966,0.886048,0.9750717,-3.899423,-0.1619315,-1.416106,2
1.379574,-0.1532468,1.384597,1.859681,0.2780784,0.9008961,1.101796,-0.03843143,-1.608336,2
0.6958262,-0.8295178,1.254702,0.9430104,0.5897056,0.5117344,2.122052,-0.04080765,-1.160545,2
0.3369058,0.4017294,1.001703,0.9101964,0.7072689,0.8692951,-0.2879619,-0.1027354,-0.4029098,2
1.251479,-0.01811348,1.184274,0.997722,0.1779041,1.159141,-1.252453,-0.2709677,-1.426613,2
1.418954,0.06740115,0.8150364,0.7466453,-0.1170237,1.358175,0.3751138,-0.9322658,-1.091691,2
0.9429736,0.4440227,1.150671,0.1447627,1.52066,1.3472,-1.032145,-5.466505,-1.50021,2
0.206233,0.03001402,0.6107583,0.1308871,0.01546183,0.9621716,0.482523,-1.955436,-0.9162586,2
0.4743558,-0.06915457,0.8499962,1.737395,1.05247,0.9419993,-0.09851527,0.08134386,-0.1015369,2
1.995039,-0.7280777,0.7200622,1.584193,-0.1176054,0.786944,1.292227,0.1511635,1.523548,2
1.415051,1.347769,1.394779,0.7390947,1.56779,1.378181,-0.600067,-1.32346,-0.8181483,2
0.6601644,-0.6763266,1.194779,1.033189,-0.2730946,0.6641375,0.6167624,-1.190605,-0.8933173,2
0.5513788,0.133246,0.7426385,0.3761846,0.4742459,0.9310556,-0.3545367,-0.341884,-0.2535242,2
1.319625,0.372052,0.9440478,0.7816478,0.5746433,1.155282,-0.5185184,-0.266096,-1.182151,2
1.117366,-1.128356,1.092328,1.269753,-0.3499804,1.338199,-6.362391,1.013457,-3.164186,2
1.38357,0.3794478,0.9707816,1.93508,0.5104982,0.610662,0.7643204,0.9091102,-1.344783,2
0.801945,-0.4280338,0.6808542,0.1903942,-0.509364,1.259923,-0.2184681,0.1105878,-0.444409,2
1.431026,-0.6108183,1.329492,0.3222518,0.5072721,1.089923,-1.190128,-0.2128336,-1.236296,2
0.6408857,0.2316317,1.193404,1.583302,0.1247106,1.063363,-0.7670017,-1.077801,-1.335751,2
0.007176232,-0.9965842,1.243695,0.6773862,0.7822444,0.9158916,-0.744937,0.6300049,-0.7750651,2
1.111857,0.2178261,1.204393,0.8794054,0.5164198,0.9186478,-2.562236,1.4139,-1.442819,2
1.888214,-0.6358343,1.309026,1.434991,0.3783064,1.198073,-1.265072,-0.4716735,-1.134172,2
0.273848,-0.5637974,0.7669634,1.724409,0.07686607,0.2516713,-0.06923083,-0.1674689,-0.5706332,2
0.5944766,-0.7725401,0.9933715,1.182709,-0.5462497,0.4948904,0.2962146,1.457316,-0.794244,2
1.426337,0.7015061,0.8131659,1.595741,1.100129,1.186135,-1.935893,-0.4947377,-0.4762792,2
1.528412,0.5235878,1.074713,1.098794,1.321385,1.308976,-1.525764,0.7606653,1.729143,2
1.384825,-0.1458024,0.1806563,0.04606382,1.456996,1.347779,-0.04295481,0.0008142744,-0.2969675,2
1.452978,-0.8941377,1.022707,1.493783,1.345898,1.197685,5.980537,0.01284155,0.3408613,2
1.603469,-0.5760708,0.6461009,0.0558832,0.4788357,0.7636427,-0.3918506,0.1092006,-0.39009,2
1.077273,-0.2086907,0.7277533,1.109908,-0.1546332,0.6657825,1.970473,-0.574099,-0.7269938,2
0.9264167,-0.7381337,0.8392619,1.972346,0.7181551,0.8087657,-0.4281294,-0.1126489,-0.4480361,2
1.406796,0.3974137,0.9489746,1.824242,0.3181569,0.6561248,0.471035,12.75517,-0.9102064,2
0.4073919,1.42245,1.220188,0.4022906,1.086438,1.282969,26.46505,2.098939,22.96114,2
0.2503553,0.2050711,1.086298,1.570515,0.8210839,0.7435471,-0.03488128,0.1066233,-0.01466845,2
0.7551283,0.03378348,0.6090124,1.459488,0.007926205,0.3483721,0.1485404,-2.491894,-0.540485,2
1.44464,-0.3778986,0.9329341,0.933498,0.05430081,0.7655429,-1.104098,-0.3154283,-0.8820119,2
1.470713,0.1445811,0.352277,0.1601619,-0.03748107,1.048339,-0.04882915,0.08382569,-1.693208,2
1.702902,0.06028704,1.149657,1.004954,-0.380207,1.280224,-0.6138703,-0.2280528,-1.771751,2
0.07844675,-1.39764,1.323822,0.2025448,-0.7362101,0.8498753,-0.3342636,-1.00675,-182.5305,2
1.857891,0.2533667,1.098257,1.234145,0.9533395,1.141655,-1.537827,0.4981385,-2.895488,2
0.08717553,-0.3884706,1.00984,1.852302,-0.05119773,0.2292437,-0.1232807,0.2529199,2.561277,2
1.885308,0.4930243,0.6220021,1.156271,1.045919,0.9229509,-0.4946492,0.9946428,0.3689877,2
1.471796,-0.8502301,0.863746,0.6779643,0.319888,0.6721634,-0.3049845,-0.0655036,-0.2771111,2
1.98134,-0.1949432,0.8744113,1.419099,0.293397,1.02743,-0.1860986,-0.3845772,3.935476,2
1.919696,-0.2742946,0.8118791,1.385695,-0.8037422,0.9845442,-0.7454481,0.1975496,1.225869,2
0.1346349,-0.7686318,1.162408,0.899229,0.7835134,0.7697656,-0.204407,-0.06184232,-0.1252363,2
0.2270796,-0.1075295,0.4098914,0.4387267,0.62556,0.624829,-0.2474295,-0.02412564,-0.1930343,2
0.2366048,-1.180097,1.09397,1.374002,1.174364,1.287082,-0.7513897,-0.03407971,-0.7009834,2
1.857346,-0.3394323,1.194517,1.778404,-0.8104696,1.234578,-3.844141,0.09727846,1.574832,2
0.8802849,-0.2132747,0.5499725,1.048295,0.05062273,0.3855035,0.7515662,-0.1789885,-0.5237895,2
0.8118535,-0.5279258,0.9117033,0.909583,1.173595,1.279142,-1.164291,-0.1821065,-0.4852782,2
0.8675611,0.4711706,0.6293221,0.2944321,0.4462091,0.9171824,-0.2055126,-0.02339214,-0.1279379,2
0.2696967,-0.1536541,0.5861526,0.1841475,0.4394202,1.153241,0.9181084,-0.1894579,-1.095789,2
0.8460045,-0.05361528,1.221524,1.398961,0.6034771,1.388498,-1.345701,-0.5049406,-1.273152,2
0.5489135,-0.3884896,1.084244,0.2094754,-0.1936564,1.154481,-0.7816003,-0.4797077,-1.141494,2
0.8695303,0.1533672,0.99375,1.211978,-0.1199789,1.053907,-1.177984,-0.3807159,-1.216453,2
0.4126571,-1.098492,0.937738,0.2688238,0.6542535,1.167125,1.172552,0.0258775,3.996906,2
0.9737806,-0.4650493,1.01937,1.562053,-0.4202152,0.8255395,-0.2755414,0.1117216,-0.1102352,2
0.07090157,-1.296405,1.270223,1.110016,0.3543083,0.4280977,-0.2224205,-0.07494178,-0.2286832,2
1.79153,-0.7522145,0.884351,0.1920193,0.5787119,1.006062,-0.4959843,-0.1198841,-0.4959629,2
1.277612,-0.2906069,0.4342355,0.2260324,0.08325711,0.767606,-0.1274008,-0.1252584,-0.1794384,2
0.3582509,-0.7369635,0.7331211,1.971716,0.1499967,0.4867702,-0.4489245,-0.01046593,-0.7166406,2
0.9279776,-0.5226279,1.124849,0.1643731,1.326209,1.159656,-1.06918,0.09922599,-1.265435,2
0.5644133,-0.9769139,1.222791,1.101879,-0.7235783,0.869281,-0.2006063,0.1780125,-25.18348,2
1.338823,-0.8725752,1.344474,1.856893,0.4714448,1.025471,-0.08373542,-0.4021239,-0.9494624,2
1.830014,-0.8309517,0.880652,0.1830764,-0.310793,1.244559,-0.2658652,-0.08125715,-0.4141879,2
0.6876528,-0.4387695,0.6690127,0.1828703,0.5588918,0.8626021,-0.4206087,-0.2121604,-0.5004858,2
1.797719,-0.6488773,1.38632,1.370902,-0.1340663,1.182129,-1.698587,-0.5575734,-1.179747,2
1.486881,-0.9400228,0.9310445,0.682451,-0.1609133,1.268915,0.3029883,0.1684328,1.406987,2
0.6677443,-0.3716448,1.062021,1.10059,0.3066393,0.5797123,0.4719909,-0.1648226,-1.225842,2
1.081024,-0.05432008,0.6948107,1.947866,0.8553697,1.172854,-1.194518,-0.2376899,-0.7786945,2
1.381796,-0.3331844,1.204573,0.5096843,0.9719449,0.947651,-1.453344,0.1496669,-1.4456,2
0.8457496,-0.0835276,1.353502,1.328511,-0.1485056,1.203472,-0.6264504,-0.3124736,-1.459949,2
0.7040966,-0.3720323,0.5755764,0.7702259,-0.5809209,0.6345707,0.4753032,0.09917288,0.00819013,2
0.8978008,0.1432465,1.029538,0.7785291,1.406628,1.379516,-2.971771,0.08995539,0.2551225,2
1.964144,-0.4909349,0.4308872,1.415141,-0.1228618,0.2290947,-0.1239405,0.05703681,-0.03280636,2
0.3274617,0.1434065,1.301403,1.387409,1.286275,1.247163,-0.228761,0.01080699,-0.2932846,2
1.290473,-0.283976,0.9651273,0.6114187,1.443823,1.259659,-1.315044,0.07903526,423.3817,2
1.165361,0.6184848,1.307353,1.51512,0.5300477,1.380037,-1.585385,-3.503829,-1.568952,2
1.340244,-1.009277,1.273034,0.2717148,-0.08745696,1.260687,-0.7022611,-0.2731083,-0.7951976,2
1.858455,-0.04055411,1.233772,1.482263,0.2083145,0.9328421,-2.665266,0.4096302,-1.365402,2
1.451958,-0.5254737,1.123905,1.189495,0.7887399,0.8189603,-3.569974,-0.1183048,-1.554742,2
1.828209,-0.2938097,1.313843,1.825443,-0.7895089,1.400856,-31.92857,-0.2037128,-0.1813507,2
0.5820682,-0.2770395,1.166593,0.6587994,1.003472,1.407642,-1.082786,-0.3986413,-0.7011703,2
1.631028,0.4536536,0.890201,1.357211,0.3476907,1.14723,1.345424,0.7795437,-1.349543,2
1.319609,-0.5634449,0.6501449,1.171042,0.8757397,0.8021768,-0.8423027,-0.01389553,0.1683986,2
1.063755,-0.5136016,0.5407296,1.366503,0.2355703,0.6100287,-1.50091,-0.07195208,-1.301646,2
1.225243,-0.7571632,0.7742614,1.541487,1.382535,1.355364,-1.630637,0.01393339,-0.5165577,2
1.384505,0.0005777491,1.126526,0.5559344,0.1113567,1.355099,-0.7852103,-0.2555666,-1.366451,2
0.9952236,-0.7085533,0.6819878,0.723531,-0.2506879,0.7150028,0.6471875,0.2053124,0.5942571,2
0.8109893,-1.162504,1.213543,0.8452487,0.3187333,1.328549,-16.35289,-0.08336074,-12.26955,2
1.31123,-0.6092563,0.9771653,1.345785,-1.124964,0.9579712,14.02687,1.087338,2.843803,2
0.9358122,0.003307965,1.019624,1.400919,1.134622,1.320346,-0.6317025,-0.2217508,-0.5319967,2
1.912147,-1.375892,1.293149,0.596885,0.0945358,1.068945,-0.2770289,0.03482362,-0.2678842,2
0.854408,-1.557832,1.322715,1.89404,0.5829255,1.214845,-1.594746,0.01558718,-2.840199,2
0.4219543,-0.2152425,0.3692952,1.998569,0.2181882,0.2257096,-0.02632718,-0.0350589,0.04022098,2
0.649929,-0.9106703,1.0532,1.187021,-0.9905328,0.8853923,0.1701694,0.3818319,0.5583411,2
1.276741,0.2994798,0.4775157,1.61648,0.6854567,0.591292,0.5676569,0.2136248,0.1412221,2
1.256883,-0.4520782,0.8385078,1.393261,-0.3900372,0.7211702,0.529602,-3.399967,-0.7739393,2
0.5519415,0.6761582,1.187619,0.277013,0.8041033,1.123318,-0.9182249,-1.65774,-1.042737,2
1.450965,-0.5458487,0.9041182,1.578503,-0.2420274,1.147438,-5.20138,0.7901059,-1.541936,2
1.871808,-0.9152804,1.251302,1.282248,-0.4368038,1.082008,-0.7856621,-0.3527743,-0.7027689,2
1.919941,-0.8047484,1.162448,1.073093,1.317437,1.320566,-1.108481,-0.1838302,-2.291494,2
0.2401907,-1.321653,1.253239,1.641755,1.376843,1.183414,-0.2824883,0.1910184,-0.1709335,2
