epoch,loss,mae,val_loss,val_mae
0,1.943790078163147,1.943790078163147,2.0619707107543945,2.0619707107543945
1,1.8692004680633545,1.8692004680633545,2.0599074363708496,2.0599074363708496
2,1.8531265258789062,1.8531265258789062,2.05428409576416,2.05428409576416
3,1.8408323526382446,1.8408323526382446,2.049248218536377,2.049248218536377
4,1.831276535987854,1.831276535987854,2.0435702800750732,2.0435702800750732
5,1.824600338935852,1.824600338935852,2.040571928024292,2.040571928024292
6,1.8199721574783325,1.8199721574783325,2.037339925765991,2.037339925765991
7,1.815949559211731,1.815949559211731,2.035764455795288,2.035764455795288
8,1.8135262727737427,1.8135262727737427,2.033921003341675,2.033921003341675
9,1.8122228384017944,1.8122228384017944,2.0335724353790283,2.0335724353790283
10,1.8107064962387085,1.8107064962387085,2.02945613861084,2.02945613861084
11,1.8100203275680542,1.8100203275680542,2.028204917907715,2.028204917907715
12,1.8084356784820557,1.8084356784820557,2.0281190872192383,2.0281190872192383
13,1.8073949813842773,1.8073949813842773,2.0276706218719482,2.0276706218719482
14,1.8067060708999634,1.8067060708999634,2.025413751602173,2.025413751602173
15,1.80549955368042,1.80549955368042,2.0247180461883545,2.0247180461883545
16,1.8041679859161377,1.8041679859161377,2.024134397506714,2.024134397506714
17,1.8032965660095215,1.8032965660095215,2.0231170654296875,2.0231170654296875
18,1.8021743297576904,1.8021743297576904,2.0245940685272217,2.0245940685272217
19,1.8011106252670288,1.8011106252670288,2.022233724594116,2.022233724594116
20,1.8005460500717163,1.8005460500717163,2.021317481994629,2.021317481994629
21,1.7995868921279907,1.7995868921279907,2.018765449523926,2.018765449523926
22,1.7979927062988281,1.7979927062988281,2.0186781883239746,2.0186781883239746
23,1.796828031539917,1.796828031539917,2.0173068046569824,2.0173068046569824
24,1.7956652641296387,1.7956652641296387,2.0144619941711426,2.0144619941711426
25,1.7948474884033203,1.7948474884033203,2.014925479888916,2.014925479888916
26,1.7934541702270508,1.7934541702270508,2.0125768184661865,2.0125768184661865
27,1.7926748991012573,1.7926748991012573,2.0115084648132324,2.0115084648132324
28,1.7911763191223145,1.7911763191223145,2.013949394226074,2.013949394226074
29,1.7899627685546875,1.7899627685546875,2.0092954635620117,2.0092954635620117
30,1.7889524698257446,1.7889524698257446,2.0092499256134033,2.0092499256134033
31,1.7878239154815674,1.7878239154815674,2.0069782733917236,2.0069782733917236
32,1.7860966920852661,1.7860966920852661,2.0077109336853027,2.0077109336853027
33,1.7853337526321411,1.7853337526321411,2.006361246109009,2.006361246109009
34,1.7844444513320923,1.7844444513320923,2.0046615600585938,2.0046615600585938
35,1.7828341722488403,1.7828341722488403,2.003161907196045,2.003161907196045
36,1.781665325164795,1.781665325164795,2.0032198429107666,2.0032198429107666
37,1.7799720764160156,1.7799720764160156,2.0023131370544434,2.0023131370544434
38,1.779427409172058,1.779427409172058,2.0004141330718994,2.0004141330718994
39,1.7783576250076294,1.7783576250076294,1.997452735900879,1.997452735900879
40,1.776162028312683,1.776162028312683,1.9985580444335938,1.9985580444335938
41,1.7752267122268677,1.7752267122268677,1.996488332748413,1.996488332748413
42,1.7739180326461792,1.7739180326461792,1.9969873428344727,1.9969873428344727
43,1.7722941637039185,1.7722941637039185,1.9948464632034302,1.9948464632034302
44,1.7713278532028198,1.7713278532028198,1.9922168254852295,1.9922168254852295
45,1.7700510025024414,1.7700510025024414,1.9907304048538208,1.9907304048538208
46,1.768550992012024,1.768550992012024,1.9912532567977905,1.9912532567977905
47,1.7676947116851807,1.7676947116851807,1.9900585412979126,1.9900585412979126
48,1.7663500308990479,1.7663500308990479,1.9918732643127441,1.9918732643127441
49,1.7659199237823486,1.7659199237823486,1.9884347915649414,1.9884347915649414
50,1.7635135650634766,1.7635135650634766,1.9849247932434082,1.9849247932434082
51,1.7628324031829834,1.7628324031829834,1.9845315217971802,1.9845315217971802
52,1.7621243000030518,1.7621243000030518,1.982653260231018,1.982653260231018
53,1.7608752250671387,1.7608752250671387,1.9821292161941528,1.9821292161941528
54,1.759669303894043,1.759669303894043,1.9801836013793945,1.9801836013793945
55,1.7589211463928223,1.7589211463928223,1.9804471731185913,1.9804471731185913
56,1.7576406002044678,1.7576406002044678,1.980544924736023,1.980544924736023
57,1.7571128606796265,1.7571128606796265,1.9800422191619873,1.9800422191619873
58,1.756269097328186,1.756269097328186,1.977993130683899,1.977993130683899
59,1.754868745803833,1.754868745803833,1.9755595922470093,1.9755595922470093
60,1.7546019554138184,1.7546019554138184,1.9754573106765747,1.9754573106765747
61,1.7533066272735596,1.7533066272735596,1.9728978872299194,1.9728978872299194
62,1.7524902820587158,1.7524902820587158,1.973738193511963,1.973738193511963
63,1.7523894309997559,1.7523894309997559,1.971339464187622,1.971339464187622
64,1.7513816356658936,1.7513816356658936,1.9718611240386963,1.9718611240386963
65,1.7509058713912964,1.7509058713912964,1.9728026390075684,1.9728026390075684
66,1.75088369846344,1.75088369846344,1.970613956451416,1.970613956451416
67,1.7499301433563232,1.7499301433563232,1.9697264432907104,1.9697264432907104
68,1.750079870223999,1.750079870223999,1.9689587354660034,1.9689587354660034
69,1.7489510774612427,1.7489510774612427,1.9680531024932861,1.9680531024932861
70,1.748456597328186,1.748456597328186,1.9688911437988281,1.9688911437988281
71,1.7484768629074097,1.7484768629074097,1.9675371646881104,1.9675371646881104
72,1.7483878135681152,1.7483878135681152,1.9666788578033447,1.9666788578033447
73,1.7478505373001099,1.7478505373001099,1.9675166606903076,1.9675166606903076
74,1.7475508451461792,1.7475508451461792,1.9685529470443726,1.9685529470443726
75,1.7468860149383545,1.7468860149383545,1.9672760963439941,1.9672760963439941
76,1.7473382949829102,1.7473382949829102,1.9667457342147827,1.9667457342147827
77,1.7469608783721924,1.7469608783721924,1.967602014541626,1.967602014541626
78,1.7463971376419067,1.7463971376419067,1.964022159576416,1.964022159576416
79,1.7461148500442505,1.7461148500442505,1.963244915008545,1.963244915008545
80,1.7464661598205566,1.7464661598205566,1.9655187129974365,1.9655187129974365
81,1.7460639476776123,1.7460639476776123,1.963769555091858,1.963769555091858
82,1.7452448606491089,1.7452448606491089,1.9632632732391357,1.9632632732391357
83,1.7452255487442017,1.7452255487442017,1.9657434225082397,1.9657434225082397
84,1.7449859380722046,1.7449859380722046,1.9639718532562256,1.9639718532562256
85,1.7443729639053345,1.7443729639053345,1.964218020439148,1.964218020439148
86,1.7449535131454468,1.7449535131454468,1.964363694190979,1.964363694190979
87,1.7444512844085693,1.7444512844085693,1.962506651878357,1.962506651878357
88,1.7445793151855469,1.7445793151855469,1.9624598026275635,1.9624598026275635
89,1.744360327720642,1.744360327720642,1.961624026298523,1.961624026298523
90,1.7440602779388428,1.7440602779388428,1.9614771604537964,1.9614771604537964
91,1.7440295219421387,1.7440295219421387,1.9605733156204224,1.9605733156204224
92,1.7437611818313599,1.7437611818313599,1.9615095853805542,1.9615095853805542
93,1.7435729503631592,1.7435729503631592,1.9619885683059692,1.9619885683059692
94,1.7435871362686157,1.7435871362686157,1.9638947248458862,1.9638947248458862
95,1.7439863681793213,1.7439863681793213,1.960740566253662,1.960740566253662
96,1.7429689168930054,1.7429689168930054,1.9650602340698242,1.9650602340698242
97,1.7432969808578491,1.7432969808578491,1.961810827255249,1.961810827255249
98,1.7430946826934814,1.7430946826934814,1.9611849784851074,1.9611849784851074
99,1.7431021928787231,1.7431021928787231,1.9598677158355713,1.9598677158355713
100,1.7427890300750732,1.7427890300750732,1.9612932205200195,1.9612932205200195
101,1.7430963516235352,1.7430963516235352,1.9630228281021118,1.9630228281021118
102,1.7420161962509155,1.7420161962509155,1.9618380069732666,1.9618380069732666
103,1.7428191900253296,1.7428191900253296,1.9618412256240845,1.9618412256240845
104,1.7430399656295776,1.7430399656295776,1.96271812915802,1.96271812915802
105,1.7419015169143677,1.7419015169143677,1.960475206375122,1.960475206375122
106,1.7419769763946533,1.7419769763946533,1.961647629737854,1.961647629737854
107,1.7425215244293213,1.7425215244293213,1.9614417552947998,1.9614417552947998
108,1.7420384883880615,1.7420384883880615,1.9625366926193237,1.9625366926193237
109,1.741590976715088,1.741590976715088,1.9604055881500244,1.9604055881500244
110,1.7416467666625977,1.7416467666625977,1.9586889743804932,1.9586889743804932
111,1.7418450117111206,1.7418450117111206,1.9588727951049805,1.9588727951049805
112,1.7420653104782104,1.7420653104782104,1.9586095809936523,1.9586095809936523
113,1.7415754795074463,1.7415754795074463,1.9599312543869019,1.9599312543869019
114,1.7414294481277466,1.7414294481277466,1.9604687690734863,1.9604687690734863
115,1.7413387298583984,1.7413387298583984,1.9590349197387695,1.9590349197387695
116,1.7411614656448364,1.7411614656448364,1.959060549736023,1.959060549736023
117,1.7408136129379272,1.7408136129379272,1.9602593183517456,1.9602593183517456
118,1.7406402826309204,1.7406402826309204,1.9589810371398926,1.9589810371398926
119,1.7412314414978027,1.7412314414978027,1.9591703414916992,1.9591703414916992
120,1.7405145168304443,1.7405145168304443,1.9597225189208984,1.9597225189208984
121,1.7403777837753296,1.7403777837753296,1.9592796564102173,1.9592796564102173
122,1.7403732538223267,1.7403732538223267,1.9583617448806763,1.9583617448806763
123,1.7401398420333862,1.7401398420333862,1.9582089185714722,1.9582089185714722
124,1.7401896715164185,1.7401896715164185,1.9584741592407227,1.9584741592407227
125,1.740159273147583,1.740159273147583,1.9584813117980957,1.9584813117980957
126,1.7413158416748047,1.7413158416748047,1.9606995582580566,1.9606995582580566
127,1.739723801612854,1.739723801612854,1.957302212715149,1.957302212715149
128,1.7413746118545532,1.7413746118545532,1.9594868421554565,1.9594868421554565
129,1.7403652667999268,1.7403652667999268,1.9559093713760376,1.9559093713760376
130,1.7405946254730225,1.7405946254730225,1.9580707550048828,1.9580707550048828
131,1.7397346496582031,1.7397346496582031,1.9582499265670776,1.9582499265670776
132,1.739434838294983,1.739434838294983,1.9574450254440308,1.9574450254440308
133,1.7395294904708862,1.7395294904708862,1.957736849784851,1.957736849784851
134,1.7400726079940796,1.7400726079940796,1.9586234092712402,1.9586234092712402
135,1.7392328977584839,1.7392328977584839,1.9590511322021484,1.9590511322021484
136,1.739489197731018,1.739489197731018,1.9570423364639282,1.9570423364639282
137,1.7398006916046143,1.7398006916046143,1.9574589729309082,1.9574589729309082
138,1.7392194271087646,1.7392194271087646,1.9584795236587524,1.9584795236587524
139,1.7387572526931763,1.7387572526931763,1.9581234455108643,1.9581234455108643
140,1.7390466928482056,1.7390466928482056,1.9585397243499756,1.9585397243499756
141,1.7392315864562988,1.7392315864562988,1.9575817584991455,1.9575817584991455
142,1.738816261291504,1.738816261291504,1.9577209949493408,1.9577209949493408
143,1.739044427871704,1.739044427871704,1.9574881792068481,1.9574881792068481
144,1.738559603691101,1.738559603691101,1.9559231996536255,1.9559231996536255
145,1.7390797138214111,1.7390797138214111,1.9572067260742188,1.9572067260742188
146,1.7383546829223633,1.7383546829223633,1.9582195281982422,1.9582195281982422
147,1.7384380102157593,1.7384380102157593,1.958636999130249,1.958636999130249
148,1.7383111715316772,1.7383111715316772,1.9579280614852905,1.9579280614852905
149,1.7384562492370605,1.7384562492370605,1.958115577697754,1.958115577697754
150,1.7384419441223145,1.7384419441223145,1.9568616151809692,1.9568616151809692
151,1.738677978515625,1.738677978515625,1.9565328359603882,1.9565328359603882
152,1.7383840084075928,1.7383840084075928,1.9567371606826782,1.9567371606826782
153,1.737968921661377,1.737968921661377,1.9566582441329956,1.9566582441329956
154,1.7382686138153076,1.7382686138153076,1.9569761753082275,1.9569761753082275
155,1.7376874685287476,1.7376874685287476,1.956283450126648,1.956283450126648
156,1.7375214099884033,1.7375214099884033,1.9560010433197021,1.9560010433197021
157,1.7378126382827759,1.7378126382827759,1.9564391374588013,1.9564391374588013
158,1.7380931377410889,1.7380931377410889,1.9580684900283813,1.9580684900283813
159,1.7377309799194336,1.7377309799194336,1.9557616710662842,1.9557616710662842
160,1.737135887145996,1.737135887145996,1.9577629566192627,1.9577629566192627
161,1.737247109413147,1.737247109413147,1.9583033323287964,1.9583033323287964
162,1.7377619743347168,1.7377619743347168,1.9569151401519775,1.9569151401519775
163,1.7371093034744263,1.7371093034744263,1.9550387859344482,1.9550387859344482
164,1.7382198572158813,1.7382198572158813,1.9565107822418213,1.9565107822418213
165,1.737636923789978,1.737636923789978,1.9553842544555664,1.9553842544555664
166,1.7373461723327637,1.7373461723327637,1.9542908668518066,1.9542908668518066
167,1.7365975379943848,1.7365975379943848,1.9547808170318604,1.9547808170318604
168,1.7370493412017822,1.7370493412017822,1.954648494720459,1.954648494720459
169,1.736901044845581,1.736901044845581,1.9568440914154053,1.9568440914154053
170,1.7376585006713867,1.7376585006713867,1.955263614654541,1.955263614654541
171,1.7370103597640991,1.7370103597640991,1.955596923828125,1.955596923828125
172,1.7365326881408691,1.7365326881408691,1.9574146270751953,1.9574146270751953
173,1.7367253303527832,1.7367253303527832,1.955542802810669,1.955542802810669
174,1.736533761024475,1.736533761024475,1.9557783603668213,1.9557783603668213
175,1.736374855041504,1.736374855041504,1.954353928565979,1.954353928565979
176,1.7371246814727783,1.7371246814727783,1.9553097486495972,1.9553097486495972
177,1.7363067865371704,1.7363067865371704,1.9560049772262573,1.9560049772262573
178,1.736704707145691,1.736704707145691,1.9540294408798218,1.9540294408798218
179,1.7362053394317627,1.7362053394317627,1.95554780960083,1.95554780960083
180,1.7361252307891846,1.7361252307891846,1.9548087120056152,1.9548087120056152
181,1.7362325191497803,1.7362325191497803,1.9545269012451172,1.9545269012451172
182,1.73562490940094,1.73562490940094,1.953587293624878,1.953587293624878
183,1.7357473373413086,1.7357473373413086,1.9538216590881348,1.9538216590881348
184,1.7355836629867554,1.7355836629867554,1.9547513723373413,1.9547513723373413
185,1.7361299991607666,1.7361299991607666,1.9559407234191895,1.9559407234191895
186,1.7354552745819092,1.7354552745819092,1.9544450044631958,1.9544450044631958
187,1.7349541187286377,1.7349541187286377,1.9557026624679565,1.9557026624679565
188,1.7363903522491455,1.7363903522491455,1.9531347751617432,1.9531347751617432
189,1.7354400157928467,1.7354400157928467,1.9540653228759766,1.9540653228759766
190,1.7351675033569336,1.7351675033569336,1.9534406661987305,1.9534406661987305
191,1.7362067699432373,1.7362067699432373,1.9551007747650146,1.9551007747650146
192,1.7347527742385864,1.7347527742385864,1.9526596069335938,1.9526596069335938
193,1.7354657649993896,1.7354657649993896,1.9547419548034668,1.9547419548034668
194,1.7350682020187378,1.7350682020187378,1.9540650844573975,1.9540650844573975
195,1.7343851327896118,1.7343851327896118,1.9531151056289673,1.9531151056289673
196,1.7346488237380981,1.7346488237380981,1.9529714584350586,1.9529714584350586
197,1.735455870628357,1.735455870628357,1.9559857845306396,1.9559857845306396
198,1.7348730564117432,1.7348730564117432,1.9534814357757568,1.9534814357757568
199,1.7347992658615112,1.7347992658615112,1.9553431272506714,1.9553431272506714
200,1.7343981266021729,1.7343981266021729,1.9536477327346802,1.9536477327346802
201,1.7343262434005737,1.7343262434005737,1.9533995389938354,1.9533995389938354
202,1.7341681718826294,1.7341681718826294,1.9548231363296509,1.9548231363296509
203,1.7341657876968384,1.7341657876968384,1.9524544477462769,1.9524544477462769
204,1.7346230745315552,1.7346230745315552,1.9512248039245605,1.9512248039245605
205,1.733618140220642,1.733618140220642,1.9519968032836914,1.9519968032836914
206,1.7333811521530151,1.7333811521530151,1.9523552656173706,1.9523552656173706
207,1.733528733253479,1.733528733253479,1.9516631364822388,1.9516631364822388
208,1.7334909439086914,1.7334909439086914,1.9512804746627808,1.9512804746627808
209,1.7334227561950684,1.7334227561950684,1.9517357349395752,1.9517357349395752
210,1.7332255840301514,1.7332255840301514,1.9533202648162842,1.9533202648162842
211,1.733506679534912,1.733506679534912,1.952340841293335,1.952340841293335
212,1.733447790145874,1.733447790145874,1.9513553380966187,1.9513553380966187
213,1.7331568002700806,1.7331568002700806,1.9525320529937744,1.9525320529937744
214,1.7330073118209839,1.7330073118209839,1.952181339263916,1.952181339263916
215,1.7328063249588013,1.7328063249588013,1.9527497291564941,1.9527497291564941
216,1.73333740234375,1.73333740234375,1.9528629779815674,1.9528629779815674
217,1.733193278312683,1.733193278312683,1.9509981870651245,1.9509981870651245
218,1.7330766916275024,1.7330766916275024,1.9520639181137085,1.9520639181137085
219,1.732757329940796,1.732757329940796,1.9510917663574219,1.9510917663574219
220,1.732825517654419,1.732825517654419,1.9502116441726685,1.9502116441726685
221,1.7323527336120605,1.7323527336120605,1.9519041776657104,1.9519041776657104
222,1.7326122522354126,1.7326122522354126,1.9522632360458374,1.9522632360458374
223,1.7320586442947388,1.7320586442947388,1.9516348838806152,1.9516348838806152
224,1.7325537204742432,1.7325537204742432,1.950142741203308,1.950142741203308
225,1.732156753540039,1.732156753540039,1.9511029720306396,1.9511029720306396
226,1.7322789430618286,1.7322789430618286,1.9486249685287476,1.9486249685287476
227,1.7319444417953491,1.7319444417953491,1.9507787227630615,1.9507787227630615
228,1.7321927547454834,1.7321927547454834,1.9501862525939941,1.9501862525939941
229,1.7313923835754395,1.7313923835754395,1.9502094984054565,1.9502094984054565
230,1.7319188117980957,1.7319188117980957,1.9498742818832397,1.9498742818832397
231,1.731650471687317,1.731650471687317,1.9505884647369385,1.9505884647369385
232,1.7316125631332397,1.7316125631332397,1.9511502981185913,1.9511502981185913
233,1.732690453529358,1.732690453529358,1.949824571609497,1.949824571609497
234,1.7320622205734253,1.7320622205734253,1.9491747617721558,1.9491747617721558
235,1.7312909364700317,1.7312909364700317,1.9483407735824585,1.9483407735824585
236,1.7310514450073242,1.7310514450073242,1.9497648477554321,1.9497648477554321
237,1.7312109470367432,1.7312109470367432,1.9497325420379639,1.9497325420379639
238,1.731642484664917,1.731642484664917,1.9491163492202759,1.9491163492202759
239,1.730446457862854,1.730446457862854,1.949044942855835,1.949044942855835
240,1.7305291891098022,1.7305291891098022,1.9483574628829956,1.9483574628829956
241,1.7306517362594604,1.7306517362594604,1.9503198862075806,1.9503198862075806
242,1.7310892343521118,1.7310892343521118,1.9485570192337036,1.9485570192337036
243,1.7308627367019653,1.7308627367019653,1.949449062347412,1.949449062347412
244,1.7299028635025024,1.7299028635025024,1.9484806060791016,1.9484806060791016
245,1.7312524318695068,1.7312524318695068,1.9502661228179932,1.9502661228179932
246,1.7306954860687256,1.7306954860687256,1.949414849281311,1.949414849281311
247,1.7299587726593018,1.7299587726593018,1.9481745958328247,1.9481745958328247
248,1.7299860715866089,1.7299860715866089,1.9469910860061646,1.9469910860061646
249,1.7296578884124756,1.7296578884124756,1.9522942304611206,1.9522942304611206
250,1.7301738262176514,1.7301738262176514,1.9499282836914062,1.9499282836914062
251,1.7296490669250488,1.7296490669250488,1.9486372470855713,1.9486372470855713
252,1.7301737070083618,1.7301737070083618,1.9474983215332031,1.9474983215332031
253,1.7291866540908813,1.7291866540908813,1.9475092887878418,1.9475092887878418
254,1.7291313409805298,1.7291313409805298,1.9476053714752197,1.9476053714752197
255,1.7292585372924805,1.7292585372924805,1.9472901821136475,1.9472901821136475
256,1.7290400266647339,1.7290400266647339,1.9475703239440918,1.9475703239440918
257,1.7291473150253296,1.7291473150253296,1.9462183713912964,1.9462183713912964
258,1.729434609413147,1.729434609413147,1.9474271535873413,1.9474271535873413
259,1.7287695407867432,1.7287695407867432,1.9474393129348755,1.9474393129348755
260,1.728510856628418,1.728510856628418,1.9478553533554077,1.9478553533554077
261,1.7287311553955078,1.7287311553955078,1.9481467008590698,1.9481467008590698
262,1.7289613485336304,1.7289613485336304,1.9490206241607666,1.9490206241607666
263,1.728467345237732,1.728467345237732,1.9472229480743408,1.9472229480743408
264,1.7284364700317383,1.7284364700317383,1.9484363794326782,1.9484363794326782
265,1.7284462451934814,1.7284462451934814,1.9468656778335571,1.9468656778335571
266,1.7285076379776,1.7285076379776,1.9459882974624634,1.9459882974624634
267,1.7289671897888184,1.7289671897888184,1.9466454982757568,1.9466454982757568
268,1.727043628692627,1.727043628692627,1.9481067657470703,1.9481067657470703
269,1.7276073694229126,1.7276073694229126,1.9469481706619263,1.9469481706619263
270,1.727651596069336,1.727651596069336,1.9467625617980957,1.9467625617980957
271,1.7278341054916382,1.7278341054916382,1.9466475248336792,1.9466475248336792
272,1.728095293045044,1.728095293045044,1.9450916051864624,1.9450916051864624
273,1.7270350456237793,1.7270350456237793,1.9475170373916626,1.9475170373916626
274,1.7280242443084717,1.7280242443084717,1.9448946714401245,1.9448946714401245
275,1.7272359132766724,1.7272359132766724,1.945529818534851,1.945529818534851
276,1.7271946668624878,1.7271946668624878,1.9477119445800781,1.9477119445800781
277,1.727308988571167,1.727308988571167,1.945055365562439,1.945055365562439
278,1.7268555164337158,1.7268555164337158,1.9438512325286865,1.9438512325286865
279,1.7267229557037354,1.7267229557037354,1.943927526473999,1.943927526473999
280,1.7270698547363281,1.7270698547363281,1.9446711540222168,1.9446711540222168
281,1.7266989946365356,1.7266989946365356,1.9442750215530396,1.9442750215530396
282,1.726194977760315,1.726194977760315,1.9473730325698853,1.9473730325698853
283,1.7264412641525269,1.7264412641525269,1.9447451829910278,1.9447451829910278
284,1.7273085117340088,1.7273085117340088,1.9438432455062866,1.9438432455062866
285,1.726104974746704,1.726104974746704,1.945641279220581,1.945641279220581
286,1.7260615825653076,1.7260615825653076,1.9442462921142578,1.9442462921142578
287,1.7258986234664917,1.7258986234664917,1.9458223581314087,1.9458223581314087
288,1.7257591485977173,1.7257591485977173,1.9446862936019897,1.9446862936019897
289,1.7257124185562134,1.7257124185562134,1.9429444074630737,1.9429444074630737
290,1.726468563079834,1.726468563079834,1.9447335004806519,1.9447335004806519
291,1.726215124130249,1.726215124130249,1.9440892934799194,1.9440892934799194
292,1.7252833843231201,1.7252833843231201,1.943862795829773,1.943862795829773
293,1.7248245477676392,1.7248245477676392,1.9461523294448853,1.9461523294448853
294,1.7254643440246582,1.7254643440246582,1.943842887878418,1.943842887878418
295,1.725135326385498,1.725135326385498,1.9434716701507568,1.9434716701507568
296,1.7252445220947266,1.7252445220947266,1.9460045099258423,1.9460045099258423
297,1.7251578569412231,1.7251578569412231,1.9431366920471191,1.9431366920471191
298,1.7244515419006348,1.7244515419006348,1.943551778793335,1.943551778793335
299,1.724774956703186,1.724774956703186,1.9437248706817627,1.9437248706817627
300,1.7245614528656006,1.7245614528656006,1.9434367418289185,1.9434367418289185
301,1.7251741886138916,1.7251741886138916,1.9436182975769043,1.9436182975769043
302,1.7248506546020508,1.7248506546020508,1.9412813186645508,1.9412813186645508
303,1.7240546941757202,1.7240546941757202,1.9429048299789429,1.9429048299789429
304,1.7246345281600952,1.7246345281600952,1.9425688982009888,1.9425688982009888
305,1.72370445728302,1.72370445728302,1.9408503770828247,1.9408503770828247
306,1.7241673469543457,1.7241673469543457,1.9436613321304321,1.9436613321304321
307,1.724142074584961,1.724142074584961,1.9413224458694458,1.9413224458694458
308,1.7235907316207886,1.7235907316207886,1.9411039352416992,1.9411039352416992
309,1.7238892316818237,1.7238892316818237,1.941597580909729,1.941597580909729
310,1.7232166528701782,1.7232166528701782,1.9419629573822021,1.9419629573822021
311,1.7233927249908447,1.7233927249908447,1.942367672920227,1.942367672920227
312,1.7231214046478271,1.7231214046478271,1.9423868656158447,1.9423868656158447
313,1.7237119674682617,1.7237119674682617,1.9412966966629028,1.9412966966629028
314,1.7231812477111816,1.7231812477111816,1.941969394683838,1.941969394683838
315,1.7230174541473389,1.7230174541473389,1.9448888301849365,1.9448888301849365
316,1.7226091623306274,1.7226091623306274,1.9411929845809937,1.9411929845809937
317,1.7229931354522705,1.7229931354522705,1.9396320581436157,1.9396320581436157
318,1.7227137088775635,1.7227137088775635,1.941194772720337,1.941194772720337
319,1.7222164869308472,1.7222164869308472,1.9408459663391113,1.9408459663391113
320,1.7225821018218994,1.7225821018218994,1.9393795728683472,1.9393795728683472
321,1.722018837928772,1.722018837928772,1.9398571252822876,1.9398571252822876
322,1.7223052978515625,1.7223052978515625,1.9389054775238037,1.9389054775238037
323,1.7220550775527954,1.7220550775527954,1.9400219917297363,1.9400219917297363
324,1.7216635942459106,1.7216635942459106,1.940954566001892,1.940954566001892
325,1.7220966815948486,1.7220966815948486,1.9414482116699219,1.9414482116699219
326,1.7218852043151855,1.7218852043151855,1.9388023614883423,1.9388023614883423
327,1.7217532396316528,1.7217532396316528,1.9392796754837036,1.9392796754837036
328,1.7220737934112549,1.7220737934112549,1.9395593404769897,1.9395593404769897
329,1.721544861793518,1.721544861793518,1.9393986463546753,1.9393986463546753
330,1.7210837602615356,1.7210837602615356,1.9386523962020874,1.9386523962020874
331,1.72135329246521,1.72135329246521,1.9383310079574585,1.9383310079574585
332,1.720851182937622,1.720851182937622,1.939092993736267,1.939092993736267
333,1.7210019826889038,1.7210019826889038,1.9381442070007324,1.9381442070007324
334,1.7207159996032715,1.7207159996032715,1.9386892318725586,1.9386892318725586
335,1.7204502820968628,1.7204502820968628,1.9374703168869019,1.9374703168869019
336,1.7208967208862305,1.7208967208862305,1.9383621215820312,1.9383621215820312
337,1.7204736471176147,1.7204736471176147,1.9378632307052612,1.9378632307052612
338,1.7203741073608398,1.7203741073608398,1.936870813369751,1.936870813369751
339,1.7205876111984253,1.7205876111984253,1.9386396408081055,1.9386396408081055
340,1.7200853824615479,1.7200853824615479,1.940384030342102,1.940384030342102
341,1.720680832862854,1.720680832862854,1.9372344017028809,1.9372344017028809
342,1.7194974422454834,1.7194974422454834,1.9380019903182983,1.9380019903182983
343,1.7202342748641968,1.7202342748641968,1.938127875328064,1.938127875328064
344,1.7200357913970947,1.7200357913970947,1.9380040168762207,1.9380040168762207
345,1.7200090885162354,1.7200090885162354,1.9372541904449463,1.9372541904449463
346,1.7200400829315186,1.7200400829315186,1.9379159212112427,1.9379159212112427
347,1.7193633317947388,1.7193633317947388,1.9374027252197266,1.9374027252197266
348,1.7191916704177856,1.7191916704177856,1.9361417293548584,1.9361417293548584
349,1.7192394733428955,1.7192394733428955,1.9378471374511719,1.9378471374511719
350,1.7188856601715088,1.7188856601715088,1.9369348287582397,1.9369348287582397
351,1.7189457416534424,1.7189457416534424,1.9362722635269165,1.9362722635269165
352,1.7190953493118286,1.7190953493118286,1.9367512464523315,1.9367512464523315
353,1.7188363075256348,1.7188363075256348,1.9375805854797363,1.9375805854797363
354,1.71929931640625,1.71929931640625,1.935845971107483,1.935845971107483
355,1.7188904285430908,1.7188904285430908,1.9375044107437134,1.9375044107437134
356,1.7182811498641968,1.7182811498641968,1.9383488893508911,1.9383488893508911
357,1.718181848526001,1.718181848526001,1.9354455471038818,1.9354455471038818
358,1.7185721397399902,1.7185721397399902,1.934857964515686,1.934857964515686
359,1.717419981956482,1.717419981956482,1.9343066215515137,1.9343066215515137
360,1.7174623012542725,1.7174623012542725,1.9352967739105225,1.9352967739105225
361,1.718265175819397,1.718265175819397,1.9351065158843994,1.9351065158843994
362,1.7182047367095947,1.7182047367095947,1.933708906173706,1.933708906173706
363,1.7179882526397705,1.7179882526397705,1.9349504709243774,1.9349504709243774
364,1.7172672748565674,1.7172672748565674,1.9353138208389282,1.9353138208389282
365,1.7176417112350464,1.7176417112350464,1.9353512525558472,1.9353512525558472
366,1.7173675298690796,1.7173675298690796,1.9353437423706055,1.9353437423706055
367,1.717415452003479,1.717415452003479,1.9366247653961182,1.9366247653961182
368,1.7172538042068481,1.7172538042068481,1.9361743927001953,1.9361743927001953
369,1.716774821281433,1.716774821281433,1.935059905052185,1.935059905052185
370,1.7167553901672363,1.7167553901672363,1.9355863332748413,1.9355863332748413
371,1.7164392471313477,1.7164392471313477,1.9345635175704956,1.9345635175704956
372,1.7168225049972534,1.7168225049972534,1.93504798412323,1.93504798412323
373,1.7169461250305176,1.7169461250305176,1.9332584142684937,1.9332584142684937
374,1.7160714864730835,1.7160714864730835,1.9351322650909424,1.9351322650909424
375,1.7164957523345947,1.7164957523345947,1.935826301574707,1.935826301574707
376,1.716654896736145,1.716654896736145,1.9343122243881226,1.9343122243881226
377,1.7166131734848022,1.7166131734848022,1.9331694841384888,1.9331694841384888
378,1.7156175374984741,1.7156175374984741,1.9330252408981323,1.9330252408981323
379,1.7153972387313843,1.7153972387313843,1.9343359470367432,1.9343359470367432
380,1.7160457372665405,1.7160457372665405,1.9328685998916626,1.9328685998916626
381,1.7161295413970947,1.7161295413970947,1.9341670274734497,1.9341670274734497
382,1.7155307531356812,1.7155307531356812,1.9336438179016113,1.9336438179016113
383,1.715701937675476,1.715701937675476,1.9345918893814087,1.9345918893814087
384,1.715222954750061,1.715222954750061,1.9318057298660278,1.9318057298660278
385,1.715296983718872,1.715296983718872,1.9329078197479248,1.9329078197479248
386,1.7150309085845947,1.7150309085845947,1.9329402446746826,1.9329402446746826
387,1.7146141529083252,1.7146141529083252,1.933228850364685,1.933228850364685
388,1.7145414352416992,1.7145414352416992,1.93393874168396,1.93393874168396
389,1.7146137952804565,1.7146137952804565,1.931260108947754,1.931260108947754
390,1.7143986225128174,1.7143986225128174,1.9336092472076416,1.9336092472076416
391,1.7143868207931519,1.7143868207931519,1.9330644607543945,1.9330644607543945
392,1.714597225189209,1.714597225189209,1.932755470275879,1.932755470275879
393,1.7145230770111084,1.7145230770111084,1.9322974681854248,1.9322974681854248
394,1.7143267393112183,1.7143267393112183,1.9305254220962524,1.9305254220962524
395,1.7141083478927612,1.7141083478927612,1.9324190616607666,1.9324190616607666
396,1.7135065793991089,1.7135065793991089,1.9304755926132202,1.9304755926132202
397,1.7139827013015747,1.7139827013015747,1.9309111833572388,1.9309111833572388
398,1.7141510248184204,1.7141510248184204,1.9329125881195068,1.9329125881195068
399,1.7141754627227783,1.7141754627227783,1.9314448833465576,1.9314448833465576
400,1.7136393785476685,1.7136393785476685,1.930946946144104,1.930946946144104
401,1.7130049467086792,1.7130049467086792,1.931047797203064,1.931047797203064
402,1.7133066654205322,1.7133066654205322,1.9320803880691528,1.9320803880691528
403,1.7134740352630615,1.7134740352630615,1.9302799701690674,1.9302799701690674
404,1.7130390405654907,1.7130390405654907,1.9310767650604248,1.9310767650604248
405,1.7129067182540894,1.7129067182540894,1.93173348903656,1.93173348903656
406,1.7125452756881714,1.7125452756881714,1.931505560874939,1.931505560874939
407,1.7125170230865479,1.7125170230865479,1.9299954175949097,1.9299954175949097
408,1.712559700012207,1.712559700012207,1.933001160621643,1.933001160621643
409,1.712815523147583,1.712815523147583,1.9300024509429932,1.9300024509429932
410,1.7124629020690918,1.7124629020690918,1.9301398992538452,1.9301398992538452
411,1.7125533819198608,1.7125533819198608,1.9316996335983276,1.9316996335983276
412,1.7123346328735352,1.7123346328735352,1.9306164979934692,1.9306164979934692
413,1.7119321823120117,1.7119321823120117,1.9298909902572632,1.9298909902572632
414,1.7117682695388794,1.7117682695388794,1.9305557012557983,1.9305557012557983
415,1.7121548652648926,1.7121548652648926,1.9311532974243164,1.9311532974243164
416,1.711792230606079,1.711792230606079,1.9289560317993164,1.9289560317993164
417,1.7109936475753784,1.7109936475753784,1.9316415786743164,1.9316415786743164
418,1.711479902267456,1.711479902267456,1.9308568239212036,1.9308568239212036
419,1.7109075784683228,1.7109075784683228,1.9315550327301025,1.9315550327301025
420,1.711303472518921,1.711303472518921,1.9292631149291992,1.9292631149291992
421,1.7111116647720337,1.7111116647720337,1.929502248764038,1.929502248764038
422,1.7116914987564087,1.7116914987564087,1.9294551610946655,1.9294551610946655
423,1.7106480598449707,1.7106480598449707,1.9299043416976929,1.9299043416976929
424,1.7113929986953735,1.7113929986953735,1.9287967681884766,1.9287967681884766
425,1.710967779159546,1.710967779159546,1.9290721416473389,1.9290721416473389
426,1.7105371952056885,1.7105371952056885,1.9284443855285645,1.9284443855285645
427,1.7102093696594238,1.7102093696594238,1.92843759059906,1.92843759059906
428,1.7104381322860718,1.7104381322860718,1.929730772972107,1.929730772972107
429,1.7104848623275757,1.7104848623275757,1.9293664693832397,1.9293664693832397
430,1.710923433303833,1.710923433303833,1.929502248764038,1.929502248764038
431,1.7108827829360962,1.7108827829360962,1.928362488746643,1.928362488746643
432,1.7099289894104004,1.7099289894104004,1.9280664920806885,1.9280664920806885
433,1.7100698947906494,1.7100698947906494,1.9276403188705444,1.9276403188705444
434,1.709484338760376,1.709484338760376,1.9270251989364624,1.9270251989364624
435,1.7098323106765747,1.7098323106765747,1.9260730743408203,1.9260730743408203
436,1.7094358205795288,1.7094358205795288,1.9266409873962402,1.9266409873962402
437,1.7092751264572144,1.7092751264572144,1.9277018308639526,1.9277018308639526
438,1.7094775438308716,1.7094775438308716,1.9279401302337646,1.9279401302337646
439,1.7107001543045044,1.7107001543045044,1.9288700819015503,1.9288700819015503
440,1.7089911699295044,1.7089911699295044,1.9271631240844727,1.9271631240844727
441,1.709298014640808,1.709298014640808,1.9267781972885132,1.9267781972885132
442,1.7087898254394531,1.7087898254394531,1.9266620874404907,1.9266620874404907
443,1.7087243795394897,1.7087243795394897,1.9266544580459595,1.9266544580459595
444,1.7087171077728271,1.7087171077728271,1.9262380599975586,1.9262380599975586
445,1.7085932493209839,1.7085932493209839,1.9258208274841309,1.9258208274841309
446,1.708634853363037,1.708634853363037,1.9270199537277222,1.9270199537277222
447,1.7076669931411743,1.7076669931411743,1.925885558128357,1.925885558128357
448,1.7086704969406128,1.7086704969406128,1.9286797046661377,1.9286797046661377
449,1.7082526683807373,1.7082526683807373,1.9262011051177979,1.9262011051177979
450,1.7077192068099976,1.7077192068099976,1.9263778924942017,1.9263778924942017
451,1.7081332206726074,1.7081332206726074,1.9312846660614014,1.9312846660614014
452,1.707456111907959,1.707456111907959,1.9251207113265991,1.9251207113265991
453,1.7080997228622437,1.7080997228622437,1.9262707233428955,1.9262707233428955
454,1.7075445652008057,1.7075445652008057,1.9247193336486816,1.9247193336486816
455,1.7082635164260864,1.7082635164260864,1.925216555595398,1.925216555595398
456,1.7077728509902954,1.7077728509902954,1.9257763624191284,1.9257763624191284
457,1.7068372964859009,1.7068372964859009,1.9253877401351929,1.9253877401351929
458,1.7076133489608765,1.7076133489608765,1.9295214414596558,1.9295214414596558
459,1.7073390483856201,1.7073390483856201,1.9262312650680542,1.9262312650680542
460,1.7070311307907104,1.7070311307907104,1.9258301258087158,1.9258301258087158
461,1.7061431407928467,1.7061431407928467,1.9251000881195068,1.9251000881195068
462,1.70674729347229,1.70674729347229,1.925223708152771,1.925223708152771
463,1.706655502319336,1.706655502319336,1.9225126504898071,1.9225126504898071
464,1.7062923908233643,1.7062923908233643,1.92872953414917,1.92872953414917
465,1.7073649168014526,1.7073649168014526,1.9237574338912964,1.9237574338912964
466,1.7063506841659546,1.7063506841659546,1.9255614280700684,1.9255614280700684
467,1.7057011127471924,1.7057011127471924,1.9261776208877563,1.9261776208877563
468,1.7057509422302246,1.7057509422302246,1.923224687576294,1.923224687576294
469,1.7066881656646729,1.7066881656646729,1.9237890243530273,1.9237890243530273
470,1.7063424587249756,1.7063424587249756,1.922914743423462,1.922914743423462
471,1.7052768468856812,1.7052768468856812,1.9277775287628174,1.9277775287628174
472,1.706097960472107,1.706097960472107,1.9235584735870361,1.9235584735870361
473,1.7061463594436646,1.7061463594436646,1.9239877462387085,1.9239877462387085
474,1.705613613128662,1.705613613128662,1.9272236824035645,1.9272236824035645
475,1.7056310176849365,1.7056310176849365,1.92223060131073,1.92223060131073
476,1.7053853273391724,1.7053853273391724,1.9233736991882324,1.9233736991882324
477,1.7049707174301147,1.7049707174301147,1.9238507747650146,1.9238507747650146
478,1.7047266960144043,1.7047266960144043,1.9227463006973267,1.9227463006973267
479,1.7043814659118652,1.7043814659118652,1.9209671020507812,1.9209671020507812
480,1.7044267654418945,1.7044267654418945,1.9311835765838623,1.9311835765838623
481,1.7049092054367065,1.7049092054367065,1.9225199222564697,1.9225199222564697
482,1.7045518159866333,1.7045518159866333,1.9237735271453857,1.9237735271453857
483,1.7042049169540405,1.7042049169540405,1.9225085973739624,1.9225085973739624
484,1.7045108079910278,1.7045108079910278,1.921831727027893,1.921831727027893
485,1.704491376876831,1.704491376876831,1.9228479862213135,1.9228479862213135
486,1.7043490409851074,1.7043490409851074,1.9278723001480103,1.9278723001480103
487,1.7041561603546143,1.7041561603546143,1.9215202331542969,1.9215202331542969
488,1.7047752141952515,1.7047752141952515,1.9231737852096558,1.9231737852096558
489,1.7036207914352417,1.7036207914352417,1.92312490940094,1.92312490940094
490,1.7034640312194824,1.7034640312194824,1.919998049736023,1.919998049736023
491,1.7030636072158813,1.7030636072158813,1.9210665225982666,1.9210665225982666
492,1.7037081718444824,1.7037081718444824,1.9222826957702637,1.9222826957702637
493,1.7032550573349,1.7032550573349,1.9210759401321411,1.9210759401321411
494,1.703175663948059,1.703175663948059,1.921255350112915,1.921255350112915
495,1.702720046043396,1.702720046043396,1.921635389328003,1.921635389328003
496,1.7026737928390503,1.7026737928390503,1.922682285308838,1.922682285308838
497,1.7029536962509155,1.7029536962509155,1.9207595586776733,1.9207595586776733
498,1.7023574113845825,1.7023574113845825,1.9210395812988281,1.9210395812988281
499,1.702368140220642,1.702368140220642,1.9222640991210938,1.9222640991210938
500,1.702820062637329,1.702820062637329,1.9216594696044922,1.9216594696044922
501,1.7023636102676392,1.7023636102676392,1.919523000717163,1.919523000717163
502,1.702457308769226,1.702457308769226,1.9195339679718018,1.9195339679718018
503,1.7028238773345947,1.7028238773345947,1.921079397201538,1.921079397201538
504,1.7017258405685425,1.7017258405685425,1.9182230234146118,1.9182230234146118
505,1.7022074460983276,1.7022074460983276,1.920469045639038,1.920469045639038
506,1.7013965845108032,1.7013965845108032,1.9190707206726074,1.9190707206726074
507,1.7015440464019775,1.7015440464019775,1.920485019683838,1.920485019683838
508,1.701846718788147,1.701846718788147,1.9191641807556152,1.9191641807556152
509,1.7015444040298462,1.7015444040298462,1.9212535619735718,1.9212535619735718
510,1.701255202293396,1.701255202293396,1.9188473224639893,1.9188473224639893
511,1.7013466358184814,1.7013466358184814,1.9196358919143677,1.9196358919143677
512,1.7010681629180908,1.7010681629180908,1.918032169342041,1.918032169342041
513,1.701494574546814,1.701494574546814,1.91878080368042,1.91878080368042
514,1.7007949352264404,1.7007949352264404,1.9201138019561768,1.9201138019561768
515,1.7013094425201416,1.7013094425201416,1.917863368988037,1.917863368988037
516,1.7007519006729126,1.7007519006729126,1.9192399978637695,1.9192399978637695
517,1.7007801532745361,1.7007801532745361,1.9173599481582642,1.9173599481582642
518,1.7000905275344849,1.7000905275344849,1.9209192991256714,1.9209192991256714
519,1.7000874280929565,1.7000874280929565,1.9179377555847168,1.9179377555847168
520,1.7011595964431763,1.7011595964431763,1.91776442527771,1.91776442527771
521,1.700446605682373,1.700446605682373,1.9186371564865112,1.9186371564865112
522,1.7002712488174438,1.7002712488174438,1.9173839092254639,1.9173839092254639
523,1.6995749473571777,1.6995749473571777,1.918848991394043,1.918848991394043
524,1.6997690200805664,1.6997690200805664,1.9186259508132935,1.9186259508132935
525,1.6998536586761475,1.6998536586761475,1.9181112051010132,1.9181112051010132
526,1.6994621753692627,1.6994621753692627,1.9202649593353271,1.9202649593353271
527,1.6995729207992554,1.6995729207992554,1.9169822931289673,1.9169822931289673
528,1.69912588596344,1.69912588596344,1.918910264968872,1.918910264968872
529,1.6990143060684204,1.6990143060684204,1.9162524938583374,1.9162524938583374
530,1.698585867881775,1.698585867881775,1.9179452657699585,1.9179452657699585
531,1.698683261871338,1.698683261871338,1.918053388595581,1.918053388595581
532,1.6986595392227173,1.6986595392227173,1.92213773727417,1.92213773727417
533,1.6990246772766113,1.6990246772766113,1.9176688194274902,1.9176688194274902
534,1.698876142501831,1.698876142501831,1.9142729043960571,1.9142729043960571
535,1.698489785194397,1.698489785194397,1.9177038669586182,1.9177038669586182
536,1.6990368366241455,1.6990368366241455,1.9172269105911255,1.9172269105911255
537,1.6981717348098755,1.6981717348098755,1.9196099042892456,1.9196099042892456
538,1.6981433629989624,1.6981433629989624,1.915953278541565,1.915953278541565
539,1.6979148387908936,1.6979148387908936,1.9173599481582642,1.9173599481582642
540,1.6987160444259644,1.6987160444259644,1.9164507389068604,1.9164507389068604
541,1.6974172592163086,1.6974172592163086,1.9163782596588135,1.9163782596588135
542,1.6973377466201782,1.6973377466201782,1.9186023473739624,1.9186023473739624
543,1.697920560836792,1.697920560836792,1.9146605730056763,1.9146605730056763
544,1.6976717710494995,1.6976717710494995,1.9156389236450195,1.9156389236450195
545,1.6975693702697754,1.6975693702697754,1.9154947996139526,1.9154947996139526
546,1.6977249383926392,1.6977249383926392,1.91688072681427,1.91688072681427
547,1.6973360776901245,1.6973360776901245,1.916548728942871,1.916548728942871
548,1.6968878507614136,1.6968878507614136,1.9154406785964966,1.9154406785964966
549,1.6970365047454834,1.6970365047454834,1.9170914888381958,1.9170914888381958
550,1.6976327896118164,1.6976327896118164,1.9176251888275146,1.9176251888275146
551,1.6968297958374023,1.6968297958374023,1.924288034439087,1.924288034439087
552,1.6973793506622314,1.6973793506622314,1.9166984558105469,1.9166984558105469
553,1.6965100765228271,1.6965100765228271,1.915993571281433,1.915993571281433
554,1.696382761001587,1.696382761001587,1.9160184860229492,1.9160184860229492
555,1.6967110633850098,1.6967110633850098,1.9161299467086792,1.9161299467086792
556,1.69672429561615,1.69672429561615,1.91483736038208,1.91483736038208
557,1.6962405443191528,1.6962405443191528,1.914803147315979,1.914803147315979
558,1.6962875127792358,1.6962875127792358,1.9145206212997437,1.9145206212997437
559,1.6962412595748901,1.6962412595748901,1.9139822721481323,1.9139822721481323
560,1.6957519054412842,1.6957519054412842,1.9173113107681274,1.9173113107681274
561,1.6960209608078003,1.6960209608078003,1.9158706665039062,1.9158706665039062
562,1.6968004703521729,1.6968004703521729,1.9168521165847778,1.9168521165847778
563,1.6957720518112183,1.6957720518112183,1.9138438701629639,1.9138438701629639
564,1.6956090927124023,1.6956090927124023,1.9130170345306396,1.9130170345306396
565,1.6961174011230469,1.6961174011230469,1.9140242338180542,1.9140242338180542
566,1.694854497909546,1.694854497909546,1.912948727607727,1.912948727607727
567,1.6951457262039185,1.6951457262039185,1.9150582551956177,1.9150582551956177
568,1.6947544813156128,1.6947544813156128,1.914229393005371,1.914229393005371
569,1.695021390914917,1.695021390914917,1.9132153987884521,1.9132153987884521
570,1.6948541402816772,1.6948541402816772,1.9123318195343018,1.9123318195343018
571,1.6947824954986572,1.6947824954986572,1.9130958318710327,1.9130958318710327
572,1.6946033239364624,1.6946033239364624,1.9143619537353516,1.9143619537353516
573,1.6946914196014404,1.6946914196014404,1.9136601686477661,1.9136601686477661
574,1.6938813924789429,1.6938813924789429,1.9128512144088745,1.9128512144088745
575,1.6940834522247314,1.6940834522247314,1.9134571552276611,1.9134571552276611
576,1.693796157836914,1.693796157836914,1.9132243394851685,1.9132243394851685
577,1.6940945386886597,1.6940945386886597,1.9159395694732666,1.9159395694732666
578,1.695204257965088,1.695204257965088,1.9131433963775635,1.9131433963775635
579,1.6944663524627686,1.6944663524627686,1.9132450819015503,1.9132450819015503
580,1.6937381029129028,1.6937381029129028,1.9133340120315552,1.9133340120315552
581,1.6938300132751465,1.6938300132751465,1.9149935245513916,1.9149935245513916
582,1.6937615871429443,1.6937615871429443,1.9146106243133545,1.9146106243133545
583,1.6937121152877808,1.6937121152877808,1.914905071258545,1.914905071258545
584,1.6931730508804321,1.6931730508804321,1.9143749475479126,1.9143749475479126
585,1.6928998231887817,1.6928998231887817,1.912624478340149,1.912624478340149
586,1.6928907632827759,1.6928907632827759,1.9152274131774902,1.9152274131774902
587,1.6932282447814941,1.6932282447814941,1.914206624031067,1.914206624031067
588,1.6929062604904175,1.6929062604904175,1.9124109745025635,1.9124109745025635
589,1.6923483610153198,1.6923483610153198,1.9113060235977173,1.9113060235977173
590,1.6924420595169067,1.6924420595169067,1.9122278690338135,1.9122278690338135
591,1.6930183172225952,1.6930183172225952,1.9141651391983032,1.9141651391983032
592,1.6925867795944214,1.6925867795944214,1.912929654121399,1.912929654121399
593,1.6929118633270264,1.6929118633270264,1.9118921756744385,1.9118921756744385
594,1.6922593116760254,1.6922593116760254,1.9128490686416626,1.9128490686416626
595,1.6920075416564941,1.6920075416564941,1.9100501537322998,1.9100501537322998
596,1.6920887231826782,1.6920887231826782,1.9138532876968384,1.9138532876968384
597,1.691934585571289,1.691934585571289,1.9113012552261353,1.9113012552261353
598,1.6915974617004395,1.6915974617004395,1.9121907949447632,1.9121907949447632
599,1.6913821697235107,1.6913821697235107,1.911663293838501,1.911663293838501
600,1.6914294958114624,1.6914294958114624,1.9108341932296753,1.9108341932296753
601,1.6911609172821045,1.6911609172821045,1.9110167026519775,1.9110167026519775
602,1.69080650806427,1.69080650806427,1.9110708236694336,1.9110708236694336
603,1.6915693283081055,1.6915693283081055,1.9124032258987427,1.9124032258987427
604,1.6908975839614868,1.6908975839614868,1.9118363857269287,1.9118363857269287
605,1.6908236742019653,1.6908236742019653,1.9110952615737915,1.9110952615737915
606,1.690990686416626,1.690990686416626,1.9118717908859253,1.9118717908859253
607,1.6909574270248413,1.6909574270248413,1.9122211933135986,1.9122211933135986
608,1.6910022497177124,1.6910022497177124,1.9100000858306885,1.9100000858306885
609,1.6907660961151123,1.6907660961151123,1.9106355905532837,1.9106355905532837
610,1.6903573274612427,1.6903573274612427,1.9098538160324097,1.9098538160324097
611,1.6903260946273804,1.6903260946273804,1.911487340927124,1.911487340927124
612,1.6902672052383423,1.6902672052383423,1.9150776863098145,1.9150776863098145
613,1.6902579069137573,1.6902579069137573,1.9095674753189087,1.9095674753189087
614,1.6903492212295532,1.6903492212295532,1.9092737436294556,1.9092737436294556
615,1.6891889572143555,1.6891889572143555,1.9109227657318115,1.9109227657318115
616,1.6903334856033325,1.6903334856033325,1.91008460521698,1.91008460521698
617,1.6892025470733643,1.6892025470733643,1.908929467201233,1.908929467201233
618,1.6901241540908813,1.6901241540908813,1.9159581661224365,1.9159581661224365
619,1.690354347229004,1.690354347229004,1.909630537033081,1.909630537033081
620,1.6905957460403442,1.6905957460403442,1.9125267267227173,1.9125267267227173
621,1.6894346475601196,1.6894346475601196,1.9095938205718994,1.9095938205718994
622,1.6892402172088623,1.6892402172088623,1.9112765789031982,1.9112765789031982
623,1.6893188953399658,1.6893188953399658,1.909930944442749,1.909930944442749
624,1.689659595489502,1.689659595489502,1.9083532094955444,1.9083532094955444
625,1.6888184547424316,1.6888184547424316,1.9096345901489258,1.9096345901489258
626,1.6883163452148438,1.6883163452148438,1.9083309173583984,1.9083309173583984
627,1.6888576745986938,1.6888576745986938,1.9121170043945312,1.9121170043945312
628,1.689163327217102,1.689163327217102,1.9080842733383179,1.9080842733383179
629,1.6880989074707031,1.6880989074707031,1.911630392074585,1.911630392074585
630,1.6888160705566406,1.6888160705566406,1.9068950414657593,1.9068950414657593
631,1.6882938146591187,1.6882938146591187,1.9103096723556519,1.9103096723556519
632,1.6885027885437012,1.6885027885437012,1.9077132940292358,1.9077132940292358
633,1.6880667209625244,1.6880667209625244,1.906739592552185,1.906739592552185
634,1.6876887083053589,1.6876887083053589,1.9091157913208008,1.9091157913208008
635,1.687589168548584,1.687589168548584,1.9088257551193237,1.9088257551193237
636,1.6880062818527222,1.6880062818527222,1.907849669456482,1.907849669456482
637,1.6879347562789917,1.6879347562789917,1.9092985391616821,1.9092985391616821
638,1.6878622770309448,1.6878622770309448,1.9068876504898071,1.9068876504898071
639,1.687142252922058,1.687142252922058,1.9102609157562256,1.9102609157562256
640,1.6880027055740356,1.6880027055740356,1.9054280519485474,1.9054280519485474
641,1.6875925064086914,1.6875925064086914,1.906937599182129,1.906937599182129
642,1.68715500831604,1.68715500831604,1.907517910003662,1.907517910003662
643,1.6880214214324951,1.6880214214324951,1.9073179960250854,1.9073179960250854
644,1.6863950490951538,1.6863950490951538,1.9088069200515747,1.9088069200515747
645,1.6867820024490356,1.6867820024490356,1.9083329439163208,1.9083329439163208
646,1.6865310668945312,1.6865310668945312,1.9083138704299927,1.9083138704299927
647,1.687124252319336,1.687124252319336,1.9065937995910645,1.9065937995910645
648,1.686517596244812,1.686517596244812,1.909947395324707,1.909947395324707
649,1.687103033065796,1.687103033065796,1.9077836275100708,1.9077836275100708
650,1.6863493919372559,1.6863493919372559,1.9078129529953003,1.9078129529953003
651,1.6874561309814453,1.6874561309814453,1.9060779809951782,1.9060779809951782
652,1.6860978603363037,1.6860978603363037,1.9056216478347778,1.9056216478347778
653,1.6858946084976196,1.6858946084976196,1.905512809753418,1.905512809753418
654,1.6856662034988403,1.6856662034988403,1.905641794204712,1.905641794204712
655,1.6859347820281982,1.6859347820281982,1.9156417846679688,1.9156417846679688
656,1.686359167098999,1.686359167098999,1.9047551155090332,1.9047551155090332
657,1.6853783130645752,1.6853783130645752,1.9060050249099731,1.9060050249099731
658,1.685227394104004,1.685227394104004,1.9063785076141357,1.9063785076141357
659,1.6846901178359985,1.6846901178359985,1.907537817955017,1.907537817955017
660,1.6860765218734741,1.6860765218734741,1.905397891998291,1.905397891998291
661,1.685280203819275,1.685280203819275,1.907222867012024,1.907222867012024
662,1.684953212738037,1.684953212738037,1.9062594175338745,1.9062594175338745
663,1.6846944093704224,1.6846944093704224,1.9078048467636108,1.9078048467636108
664,1.6853092908859253,1.6853092908859253,1.9050004482269287,1.9050004482269287
665,1.684914469718933,1.684914469718933,1.90599524974823,1.90599524974823
666,1.6845409870147705,1.6845409870147705,1.9047504663467407,1.9047504663467407
667,1.6845219135284424,1.6845219135284424,1.9041732549667358,1.9041732549667358
668,1.684073805809021,1.684073805809021,1.9070825576782227,1.9070825576782227
669,1.6841768026351929,1.6841768026351929,1.9071778059005737,1.9071778059005737
670,1.6850847005844116,1.6850847005844116,1.9051005840301514,1.9051005840301514
671,1.6844722032546997,1.6844722032546997,1.9036295413970947,1.9036295413970947
672,1.684034824371338,1.684034824371338,1.9070813655853271,1.9070813655853271
673,1.6838117837905884,1.6838117837905884,1.902596354484558,1.902596354484558
674,1.6838798522949219,1.6838798522949219,1.9067386388778687,1.9067386388778687
675,1.6833268404006958,1.6833268404006958,1.904505968093872,1.904505968093872
676,1.6836315393447876,1.6836315393447876,1.9064433574676514,1.9064433574676514
677,1.683644413948059,1.683644413948059,1.9075788259506226,1.9075788259506226
678,1.6843411922454834,1.6843411922454834,1.9042309522628784,1.9042309522628784
679,1.6842795610427856,1.6842795610427856,1.9059770107269287,1.9059770107269287
680,1.6837550401687622,1.6837550401687622,1.9031609296798706,1.9031609296798706
681,1.6834661960601807,1.6834661960601807,1.9025992155075073,1.9025992155075073
682,1.6832332611083984,1.6832332611083984,1.903416633605957,1.903416633605957
683,1.6829754114151,1.6829754114151,1.9053726196289062,1.9053726196289062
684,1.6832396984100342,1.6832396984100342,1.9080696105957031,1.9080696105957031
685,1.6841058731079102,1.6841058731079102,1.9071463346481323,1.9071463346481323
686,1.6834683418273926,1.6834683418273926,1.9050533771514893,1.9050533771514893
687,1.6836063861846924,1.6836063861846924,1.9053955078125,1.9053955078125
688,1.6827826499938965,1.6827826499938965,1.9039818048477173,1.9039818048477173
689,1.682416558265686,1.682416558265686,1.9031380414962769,1.9031380414962769
690,1.6831246614456177,1.6831246614456177,1.9041948318481445,1.9041948318481445
691,1.6823898553848267,1.6823898553848267,1.9027849435806274,1.9027849435806274
692,1.6823235750198364,1.6823235750198364,1.902982234954834,1.902982234954834
693,1.68173086643219,1.68173086643219,1.9028352499008179,1.9028352499008179
694,1.6822115182876587,1.6822115182876587,1.9037946462631226,1.9037946462631226
695,1.6820577383041382,1.6820577383041382,1.9035956859588623,1.9035956859588623
696,1.6818875074386597,1.6818875074386597,1.9035872220993042,1.9035872220993042
697,1.6818357706069946,1.6818357706069946,1.9055185317993164,1.9055185317993164
698,1.68149733543396,1.68149733543396,1.9044591188430786,1.9044591188430786
699,1.6817350387573242,1.6817350387573242,1.9021215438842773,1.9021215438842773
700,1.6820142269134521,1.6820142269134521,1.9019979238510132,1.9019979238510132
701,1.6820145845413208,1.6820145845413208,1.902881383895874,1.902881383895874
702,1.6811821460723877,1.6811821460723877,1.9051663875579834,1.9051663875579834
703,1.681075930595398,1.681075930595398,1.9019266366958618,1.9019266366958618
704,1.6813912391662598,1.6813912391662598,1.9018652439117432,1.9018652439117432
705,1.680822730064392,1.680822730064392,1.9031200408935547,1.9031200408935547
706,1.6812669038772583,1.6812669038772583,1.901002287864685,1.901002287864685
707,1.680658221244812,1.680658221244812,1.9037593603134155,1.9037593603134155
708,1.6806436777114868,1.6806436777114868,1.9020206928253174,1.9020206928253174
709,1.6804876327514648,1.6804876327514648,1.9030264616012573,1.9030264616012573
710,1.6814336776733398,1.6814336776733398,1.9028003215789795,1.9028003215789795
711,1.6811721324920654,1.6811721324920654,1.902938723564148,1.902938723564148
712,1.6803897619247437,1.6803897619247437,1.9038829803466797,1.9038829803466797
713,1.680645227432251,1.680645227432251,1.901843547821045,1.901843547821045
714,1.6802208423614502,1.6802208423614502,1.9030901193618774,1.9030901193618774
715,1.6813491582870483,1.6813491582870483,1.9013060331344604,1.9013060331344604
716,1.6797517538070679,1.6797517538070679,1.901951789855957,1.901951789855957
717,1.679954171180725,1.679954171180725,1.9023237228393555,1.9023237228393555
718,1.6799396276474,1.6799396276474,1.9013267755508423,1.9013267755508423
719,1.6803972721099854,1.6803972721099854,1.9016118049621582,1.9016118049621582
720,1.6802719831466675,1.6802719831466675,1.902206540107727,1.902206540107727
721,1.6797376871109009,1.6797376871109009,1.9024207592010498,1.9024207592010498
722,1.6803385019302368,1.6803385019302368,1.9035165309906006,1.9035165309906006
723,1.6798619031906128,1.6798619031906128,1.906284213066101,1.906284213066101
724,1.6795650720596313,1.6795650720596313,1.9030005931854248,1.9030005931854248
725,1.6796404123306274,1.6796404123306274,1.9056950807571411,1.9056950807571411
726,1.6794053316116333,1.6794053316116333,1.901149868965149,1.901149868965149
727,1.6794730424880981,1.6794730424880981,1.9012105464935303,1.9012105464935303
728,1.6792482137680054,1.6792482137680054,1.9026806354522705,1.9026806354522705
729,1.680302619934082,1.680302619934082,1.9002230167388916,1.9002230167388916
730,1.6788581609725952,1.6788581609725952,1.9000064134597778,1.9000064134597778
731,1.679166555404663,1.679166555404663,1.9024853706359863,1.9024853706359863
732,1.6788371801376343,1.6788371801376343,1.9018484354019165,1.9018484354019165
733,1.6788150072097778,1.6788150072097778,1.9052350521087646,1.9052350521087646
734,1.6786969900131226,1.6786969900131226,1.8994017839431763,1.8994017839431763
735,1.678101658821106,1.678101658821106,1.9021093845367432,1.9021093845367432
736,1.6783194541931152,1.6783194541931152,1.8999994993209839,1.8999994993209839
737,1.6781474351882935,1.6781474351882935,1.9069947004318237,1.9069947004318237
738,1.67802095413208,1.67802095413208,1.9020434617996216,1.9020434617996216
739,1.677795648574829,1.677795648574829,1.8999879360198975,1.8999879360198975
740,1.6793454885482788,1.6793454885482788,1.8996081352233887,1.8996081352233887
741,1.6781185865402222,1.6781185865402222,1.9009164571762085,1.9009164571762085
742,1.677842140197754,1.677842140197754,1.901368498802185,1.901368498802185
743,1.678667664527893,1.678667664527893,1.8987702131271362,1.8987702131271362
744,1.6774295568466187,1.6774295568466187,1.9025158882141113,1.9025158882141113
745,1.6785609722137451,1.6785609722137451,1.9021178483963013,1.9021178483963013
746,1.6778696775436401,1.6778696775436401,1.899928092956543,1.899928092956543
747,1.67788827419281,1.67788827419281,1.8992524147033691,1.8992524147033691
748,1.67767333984375,1.67767333984375,1.902182936668396,1.902182936668396
749,1.6772005558013916,1.6772005558013916,1.90144681930542,1.90144681930542
750,1.6766347885131836,1.6766347885131836,1.9019986391067505,1.9019986391067505
751,1.6771332025527954,1.6771332025527954,1.9001944065093994,1.9001944065093994
752,1.6773520708084106,1.6773520708084106,1.8998128175735474,1.8998128175735474
753,1.6773394346237183,1.6773394346237183,1.9019910097122192,1.9019910097122192
754,1.6775377988815308,1.6775377988815308,1.9012922048568726,1.9012922048568726
755,1.6769318580627441,1.6769318580627441,1.9043041467666626,1.9043041467666626
756,1.6766550540924072,1.6766550540924072,1.8975656032562256,1.8975656032562256
757,1.6768598556518555,1.6768598556518555,1.8985012769699097,1.8985012769699097
758,1.6762807369232178,1.6762807369232178,1.8992778062820435,1.8992778062820435
759,1.6762347221374512,1.6762347221374512,1.8978822231292725,1.8978822231292725
760,1.6764063835144043,1.6764063835144043,1.900346279144287,1.900346279144287
761,1.6761189699172974,1.6761189699172974,1.899889588356018,1.899889588356018
762,1.6767128705978394,1.6767128705978394,1.9000835418701172,1.9000835418701172
763,1.6767840385437012,1.6767840385437012,1.8996707201004028,1.8996707201004028
764,1.676146388053894,1.676146388053894,1.8980005979537964,1.8980005979537964
765,1.67584228515625,1.67584228515625,1.9001837968826294,1.9001837968826294
766,1.6759681701660156,1.6759681701660156,1.9014225006103516,1.9014225006103516
767,1.6752914190292358,1.6752914190292358,1.8977742195129395,1.8977742195129395
768,1.6761868000030518,1.6761868000030518,1.898909568786621,1.898909568786621
769,1.6758874654769897,1.6758874654769897,1.8985086679458618,1.8985086679458618
770,1.6753965616226196,1.6753965616226196,1.9000638723373413,1.9000638723373413
771,1.6759130954742432,1.6759130954742432,1.8995540142059326,1.8995540142059326
772,1.674889326095581,1.674889326095581,1.900277018547058,1.900277018547058
773,1.6757830381393433,1.6757830381393433,1.8998558521270752,1.8998558521270752
774,1.674980878829956,1.674980878829956,1.9034693241119385,1.9034693241119385
775,1.675735354423523,1.675735354423523,1.8971924781799316,1.8971924781799316
776,1.6751229763031006,1.6751229763031006,1.899357557296753,1.899357557296753
777,1.6748151779174805,1.6748151779174805,1.8987966775894165,1.8987966775894165
778,1.6767902374267578,1.6767902374267578,1.9000643491744995,1.9000643491744995
779,1.6746306419372559,1.6746306419372559,1.8967883586883545,1.8967883586883545
780,1.675533652305603,1.675533652305603,1.8969775438308716,1.8969775438308716
781,1.6746528148651123,1.6746528148651123,1.898909091949463,1.898909091949463
782,1.6743437051773071,1.6743437051773071,1.8987610340118408,1.8987610340118408
783,1.6750099658966064,1.6750099658966064,1.9013172388076782,1.9013172388076782
784,1.675601840019226,1.675601840019226,1.8979235887527466,1.8979235887527466
785,1.6743104457855225,1.6743104457855225,1.8980635404586792,1.8980635404586792
786,1.6747475862503052,1.6747475862503052,1.8987805843353271,1.8987805843353271
787,1.6748138666152954,1.6748138666152954,1.8978238105773926,1.8978238105773926
788,1.6744778156280518,1.6744778156280518,1.8972724676132202,1.8972724676132202
789,1.6739959716796875,1.6739959716796875,1.8970093727111816,1.8970093727111816
790,1.6738449335098267,1.6738449335098267,1.8983402252197266,1.8983402252197266
791,1.6737890243530273,1.6737890243530273,1.8989795446395874,1.8989795446395874
792,1.674037218093872,1.674037218093872,1.8973637819290161,1.8973637819290161
793,1.6741650104522705,1.6741650104522705,1.8967151641845703,1.8967151641845703
794,1.673831820487976,1.673831820487976,1.9024500846862793,1.9024500846862793
795,1.6742812395095825,1.6742812395095825,1.895618200302124,1.895618200302124
796,1.673203706741333,1.673203706741333,1.8966833353042603,1.8966833353042603
797,1.6734262704849243,1.6734262704849243,1.8984981775283813,1.8984981775283813
798,1.674237847328186,1.674237847328186,1.898893117904663,1.898893117904663
799,1.6729698181152344,1.6729698181152344,1.897456407546997,1.897456407546997
800,1.6732889413833618,1.6732889413833618,1.896519660949707,1.896519660949707
801,1.67310631275177,1.67310631275177,1.897445559501648,1.897445559501648
802,1.673478364944458,1.673478364944458,1.8965880870819092,1.8965880870819092
803,1.6732873916625977,1.6732873916625977,1.898694634437561,1.898694634437561
804,1.6726608276367188,1.6726608276367188,1.9031599760055542,1.9031599760055542
805,1.6729081869125366,1.6729081869125366,1.8952913284301758,1.8952913284301758
806,1.672540545463562,1.672540545463562,1.9023315906524658,1.9023315906524658
807,1.6726984977722168,1.6726984977722168,1.8985804319381714,1.8985804319381714
808,1.673326015472412,1.673326015472412,1.897018313407898,1.897018313407898
809,1.672776222229004,1.672776222229004,1.8964893817901611,1.8964893817901611
810,1.6722255945205688,1.6722255945205688,1.8961410522460938,1.8961410522460938
811,1.6727901697158813,1.6727901697158813,1.898232102394104,1.898232102394104
812,1.67302405834198,1.67302405834198,1.8980109691619873,1.8980109691619873
813,1.6719764471054077,1.6719764471054077,1.9018968343734741,1.9018968343734741
814,1.6722663640975952,1.6722663640975952,1.8964579105377197,1.8964579105377197
815,1.6739482879638672,1.6739482879638672,1.8979061841964722,1.8979061841964722
816,1.6726182699203491,1.6726182699203491,1.905824065208435,1.905824065208435
817,1.6721547842025757,1.6721547842025757,1.898267149925232,1.898267149925232
818,1.6721465587615967,1.6721465587615967,1.8960347175598145,1.8960347175598145
819,1.6723716259002686,1.6723716259002686,1.9004336595535278,1.9004336595535278
820,1.6718336343765259,1.6718336343765259,1.8966118097305298,1.8966118097305298
821,1.672033429145813,1.672033429145813,1.9050871133804321,1.9050871133804321
822,1.6722941398620605,1.6722941398620605,1.8958710432052612,1.8958710432052612
823,1.671321988105774,1.671321988105774,1.8989249467849731,1.8989249467849731
824,1.6713535785675049,1.6713535785675049,1.896195411682129,1.896195411682129
825,1.671431064605713,1.671431064605713,1.8963396549224854,1.8963396549224854
826,1.6716810464859009,1.6716810464859009,1.8983776569366455,1.8983776569366455
827,1.6711034774780273,1.6711034774780273,1.8974254131317139,1.8974254131317139
828,1.6714955568313599,1.6714955568313599,1.8990232944488525,1.8990232944488525
829,1.6713749170303345,1.6713749170303345,1.8993685245513916,1.8993685245513916
830,1.6715953350067139,1.6715953350067139,1.8948731422424316,1.8948731422424316
831,1.6709544658660889,1.6709544658660889,1.8988815546035767,1.8988815546035767
832,1.6714023351669312,1.6714023351669312,1.89823579788208,1.89823579788208
833,1.6709980964660645,1.6709980964660645,1.8974207639694214,1.8974207639694214
834,1.6714047193527222,1.6714047193527222,1.8947447538375854,1.8947447538375854
835,1.6711735725402832,1.6711735725402832,1.8962174654006958,1.8962174654006958
836,1.6708152294158936,1.6708152294158936,1.8952698707580566,1.8952698707580566
837,1.6708718538284302,1.6708718538284302,1.8951650857925415,1.8951650857925415
838,1.671012043952942,1.671012043952942,1.8971879482269287,1.8971879482269287
839,1.670488715171814,1.670488715171814,1.8947150707244873,1.8947150707244873
840,1.670945167541504,1.670945167541504,1.893902063369751,1.893902063369751
841,1.6705702543258667,1.6705702543258667,1.8973332643508911,1.8973332643508911
842,1.670459270477295,1.670459270477295,1.8951337337493896,1.8951337337493896
843,1.6698753833770752,1.6698753833770752,1.8946975469589233,1.8946975469589233
844,1.670992136001587,1.670992136001587,1.8942406177520752,1.8942406177520752
845,1.6700297594070435,1.6700297594070435,1.8963167667388916,1.8963167667388916
846,1.6699855327606201,1.6699855327606201,1.8960827589035034,1.8960827589035034
847,1.669728398323059,1.669728398323059,1.894590973854065,1.894590973854065
848,1.6706432104110718,1.6706432104110718,1.8940379619598389,1.8940379619598389
849,1.6702561378479004,1.6702561378479004,1.8949002027511597,1.8949002027511597
850,1.6693421602249146,1.6693421602249146,1.8996635675430298,1.8996635675430298
851,1.6696027517318726,1.6696027517318726,1.894513487815857,1.894513487815857
852,1.669327735900879,1.669327735900879,1.9021015167236328,1.9021015167236328
853,1.6695376634597778,1.6695376634597778,1.8946821689605713,1.8946821689605713
854,1.6689883470535278,1.6689883470535278,1.893784999847412,1.893784999847412
855,1.6696761846542358,1.6696761846542358,1.8958349227905273,1.8958349227905273
856,1.6689265966415405,1.6689265966415405,1.89666748046875,1.89666748046875
857,1.6690024137496948,1.6690024137496948,1.8939322233200073,1.8939322233200073
858,1.6687531471252441,1.6687531471252441,1.8938078880310059,1.8938078880310059
859,1.6694306135177612,1.6694306135177612,1.8979679346084595,1.8979679346084595
860,1.6688013076782227,1.6688013076782227,1.8938398361206055,1.8938398361206055
861,1.668737769126892,1.668737769126892,1.898021936416626,1.898021936416626
862,1.6686474084854126,1.6686474084854126,1.8942985534667969,1.8942985534667969
863,1.6689960956573486,1.6689960956573486,1.893103837966919,1.893103837966919
864,1.6694883108139038,1.6694883108139038,1.8953380584716797,1.8953380584716797
865,1.6681842803955078,1.6681842803955078,1.8957794904708862,1.8957794904708862
866,1.6688963174819946,1.6688963174819946,1.8938826322555542,1.8938826322555542
867,1.6681936979293823,1.6681936979293823,1.897167444229126,1.897167444229126
868,1.6699564456939697,1.6699564456939697,1.8962651491165161,1.8962651491165161
869,1.6687825918197632,1.6687825918197632,1.8948246240615845,1.8948246240615845
870,1.6683294773101807,1.6683294773101807,1.8959524631500244,1.8959524631500244
871,1.6687945127487183,1.6687945127487183,1.8957585096359253,1.8957585096359253
872,1.6682686805725098,1.6682686805725098,1.8940576314926147,1.8940576314926147
873,1.6682612895965576,1.6682612895965576,1.894873023033142,1.894873023033142
874,1.6679627895355225,1.6679627895355225,1.8943270444869995,1.8943270444869995
875,1.6678675413131714,1.6678675413131714,1.8952864408493042,1.8952864408493042
876,1.6674237251281738,1.6674237251281738,1.8960188627243042,1.8960188627243042
877,1.6682971715927124,1.6682971715927124,1.895247459411621,1.895247459411621
878,1.66825270652771,1.66825270652771,1.892499327659607,1.892499327659607
879,1.667110562324524,1.667110562324524,1.8920986652374268,1.8920986652374268
880,1.6678621768951416,1.6678621768951416,1.894850730895996,1.894850730895996
881,1.6670558452606201,1.6670558452606201,1.8933056592941284,1.8933056592941284
882,1.6694817543029785,1.6694817543029785,1.8943395614624023,1.8943395614624023
883,1.6673955917358398,1.6673955917358398,1.899130940437317,1.899130940437317
884,1.667711615562439,1.667711615562439,1.896401047706604,1.896401047706604
885,1.667132019996643,1.667132019996643,1.8952287435531616,1.8952287435531616
886,1.6676766872406006,1.6676766872406006,1.8929908275604248,1.8929908275604248
887,1.6671158075332642,1.6671158075332642,1.8943250179290771,1.8943250179290771
888,1.6671980619430542,1.6671980619430542,1.893373966217041,1.893373966217041
889,1.6671026945114136,1.6671026945114136,1.8926713466644287,1.8926713466644287
890,1.6667206287384033,1.6667206287384033,1.892857313156128,1.892857313156128
891,1.667270302772522,1.667270302772522,1.8922066688537598,1.8922066688537598
892,1.6668775081634521,1.6668775081634521,1.8939367532730103,1.8939367532730103
893,1.6685956716537476,1.6685956716537476,1.8916141986846924,1.8916141986846924
894,1.6664670705795288,1.6664670705795288,1.8924775123596191,1.8924775123596191
895,1.6668907403945923,1.6668907403945923,1.8922327756881714,1.8922327756881714
896,1.6664263010025024,1.6664263010025024,1.8941646814346313,1.8941646814346313
897,1.6668254137039185,1.6668254137039185,1.8927323818206787,1.8927323818206787
898,1.6667039394378662,1.6667039394378662,1.892946481704712,1.892946481704712
899,1.6663038730621338,1.6663038730621338,1.8950532674789429,1.8950532674789429
900,1.6664444208145142,1.6664444208145142,1.8927226066589355,1.8927226066589355
901,1.6657606363296509,1.6657606363296509,1.8981572389602661,1.8981572389602661
902,1.6659190654754639,1.6659190654754639,1.8917433023452759,1.8917433023452759
903,1.6659327745437622,1.6659327745437622,1.892803430557251,1.892803430557251
904,1.6658557653427124,1.6658557653427124,1.8955681324005127,1.8955681324005127
905,1.6670745611190796,1.6670745611190796,1.8966108560562134,1.8966108560562134
906,1.6670055389404297,1.6670055389404297,1.8941495418548584,1.8941495418548584
907,1.6658143997192383,1.6658143997192383,1.8941752910614014,1.8941752910614014
908,1.6655752658843994,1.6655752658843994,1.89517343044281,1.89517343044281
909,1.666213035583496,1.666213035583496,1.8947913646697998,1.8947913646697998
910,1.6659709215164185,1.6659709215164185,1.8910681009292603,1.8910681009292603
911,1.6657441854476929,1.6657441854476929,1.8928252458572388,1.8928252458572388
912,1.665336012840271,1.665336012840271,1.8974459171295166,1.8974459171295166
913,1.6660412549972534,1.6660412549972534,1.8911466598510742,1.8911466598510742
914,1.6651216745376587,1.6651216745376587,1.8945435285568237,1.8945435285568237
915,1.6665072441101074,1.6665072441101074,1.8926846981048584,1.8926846981048584
916,1.6659672260284424,1.6659672260284424,1.8960883617401123,1.8960883617401123
917,1.6653274297714233,1.6653274297714233,1.8935753107070923,1.8935753107070923
918,1.6655994653701782,1.6655994653701782,1.8910257816314697,1.8910257816314697
919,1.6647419929504395,1.6647419929504395,1.8922500610351562,1.8922500610351562
920,1.6645864248275757,1.6645864248275757,1.8942562341690063,1.8942562341690063
921,1.6652249097824097,1.6652249097824097,1.8937101364135742,1.8937101364135742
922,1.6648293733596802,1.6648293733596802,1.8950406312942505,1.8950406312942505
923,1.6648095846176147,1.6648095846176147,1.8950313329696655,1.8950313329696655
924,1.6647675037384033,1.6647675037384033,1.893844485282898,1.893844485282898
925,1.6647084951400757,1.6647084951400757,1.8910225629806519,1.8910225629806519
926,1.664476990699768,1.664476990699768,1.893905758857727,1.893905758857727
927,1.6648776531219482,1.6648776531219482,1.8919954299926758,1.8919954299926758
928,1.6641993522644043,1.6641993522644043,1.8909529447555542,1.8909529447555542
929,1.665045976638794,1.665045976638794,1.8920499086380005,1.8920499086380005
930,1.6645472049713135,1.6645472049713135,1.89091956615448,1.89091956615448
931,1.6647437810897827,1.6647437810897827,1.8901504278182983,1.8901504278182983
932,1.6642491817474365,1.6642491817474365,1.8910002708435059,1.8910002708435059
933,1.663550853729248,1.663550853729248,1.8943710327148438,1.8943710327148438
934,1.6637881994247437,1.6637881994247437,1.8940681219100952,1.8940681219100952
935,1.6639748811721802,1.6639748811721802,1.8916585445404053,1.8916585445404053
936,1.664315938949585,1.664315938949585,1.8918107748031616,1.8918107748031616
937,1.6639989614486694,1.6639989614486694,1.8893013000488281,1.8893013000488281
938,1.6634997129440308,1.6634997129440308,1.8912402391433716,1.8912402391433716
939,1.6640129089355469,1.6640129089355469,1.8920772075653076,1.8920772075653076
940,1.6638591289520264,1.6638591289520264,1.8955879211425781,1.8955879211425781
941,1.6638801097869873,1.6638801097869873,1.8898957967758179,1.8898957967758179
942,1.663309097290039,1.663309097290039,1.8917620182037354,1.8917620182037354
943,1.662966012954712,1.662966012954712,1.8911151885986328,1.8911151885986328
944,1.6631954908370972,1.6631954908370972,1.894094705581665,1.894094705581665
945,1.6631463766098022,1.6631463766098022,1.8896825313568115,1.8896825313568115
946,1.6637839078903198,1.6637839078903198,1.8905720710754395,1.8905720710754395
947,1.6645642518997192,1.6645642518997192,1.892990231513977,1.892990231513977
948,1.6630324125289917,1.6630324125289917,1.8888589143753052,1.8888589143753052
949,1.662807583808899,1.662807583808899,1.89180588722229,1.89180588722229
950,1.6629424095153809,1.6629424095153809,1.8913570642471313,1.8913570642471313
951,1.6630226373672485,1.6630226373672485,1.8896273374557495,1.8896273374557495
952,1.6625189781188965,1.6625189781188965,1.8916821479797363,1.8916821479797363
953,1.6632922887802124,1.6632922887802124,1.8893147706985474,1.8893147706985474
954,1.6635830402374268,1.6635830402374268,1.8931083679199219,1.8931083679199219
955,1.6624521017074585,1.6624521017074585,1.889595627784729,1.889595627784729
956,1.6629530191421509,1.6629530191421509,1.8904987573623657,1.8904987573623657
957,1.6623039245605469,1.6623039245605469,1.890863060951233,1.890863060951233
958,1.6624460220336914,1.6624460220336914,1.8892863988876343,1.8892863988876343
959,1.6635977029800415,1.6635977029800415,1.890602946281433,1.890602946281433
960,1.6623530387878418,1.6623530387878418,1.8883289098739624,1.8883289098739624
961,1.6624908447265625,1.6624908447265625,1.8894599676132202,1.8894599676132202
962,1.6626726388931274,1.6626726388931274,1.8891470432281494,1.8891470432281494
963,1.6627992391586304,1.6627992391586304,1.891603708267212,1.891603708267212
964,1.662674069404602,1.662674069404602,1.8941138982772827,1.8941138982772827
965,1.6619693040847778,1.6619693040847778,1.8916796445846558,1.8916796445846558
966,1.6624327898025513,1.6624327898025513,1.8901909589767456,1.8901909589767456
967,1.6618320941925049,1.6618320941925049,1.8922439813613892,1.8922439813613892
968,1.6621485948562622,1.6621485948562622,1.889443278312683,1.889443278312683
969,1.661463737487793,1.661463737487793,1.8936271667480469,1.8936271667480469
970,1.6633920669555664,1.6633920669555664,1.8904032707214355,1.8904032707214355
971,1.6616332530975342,1.6616332530975342,1.8889559507369995,1.8889559507369995
972,1.661695122718811,1.661695122718811,1.889615535736084,1.889615535736084
973,1.6620266437530518,1.6620266437530518,1.8884398937225342,1.8884398937225342
974,1.661942958831787,1.661942958831787,1.8958711624145508,1.8958711624145508
975,1.6630439758300781,1.6630439758300781,1.890969157218933,1.890969157218933
976,1.6620466709136963,1.6620466709136963,1.8925249576568604,1.8925249576568604
977,1.6638014316558838,1.6638014316558838,1.8888819217681885,1.8888819217681885
978,1.661657691001892,1.661657691001892,1.890083909034729,1.890083909034729
979,1.6612138748168945,1.6612138748168945,1.8901607990264893,1.8901607990264893
980,1.661544919013977,1.661544919013977,1.8884742259979248,1.8884742259979248
981,1.6614470481872559,1.6614470481872559,1.8897827863693237,1.8897827863693237
982,1.6623716354370117,1.6623716354370117,1.892667293548584,1.892667293548584
983,1.6620513200759888,1.6620513200759888,1.8887028694152832,1.8887028694152832
984,1.6614121198654175,1.6614121198654175,1.8892594575881958,1.8892594575881958
985,1.6610804796218872,1.6610804796218872,1.8893171548843384,1.8893171548843384
986,1.661413550376892,1.661413550376892,1.8889700174331665,1.8889700174331665
987,1.6615558862686157,1.6615558862686157,1.8901891708374023,1.8901891708374023
988,1.6612865924835205,1.6612865924835205,1.8899743556976318,1.8899743556976318
989,1.6608871221542358,1.6608871221542358,1.889904499053955,1.889904499053955
990,1.6605936288833618,1.6605936288833618,1.8887324333190918,1.8887324333190918
991,1.6608320474624634,1.6608320474624634,1.8950142860412598,1.8950142860412598
992,1.6606515645980835,1.6606515645980835,1.888422966003418,1.888422966003418
993,1.6610291004180908,1.6610291004180908,1.8884040117263794,1.8884040117263794
994,1.660381555557251,1.660381555557251,1.8910478353500366,1.8910478353500366
995,1.660801649093628,1.660801649093628,1.8886927366256714,1.8886927366256714
996,1.6607691049575806,1.6607691049575806,1.8885290622711182,1.8885290622711182
997,1.660239577293396,1.660239577293396,1.88975191116333,1.88975191116333
998,1.6614426374435425,1.6614426374435425,1.8873733282089233,1.8873733282089233
999,1.6603180170059204,1.6603180170059204,1.8876338005065918,1.8876338005065918
1000,1.660086989402771,1.660086989402771,1.8897647857666016,1.8897647857666016
1001,1.6604580879211426,1.6604580879211426,1.8869303464889526,1.8869303464889526
1002,1.660453200340271,1.660453200340271,1.889973521232605,1.889973521232605
1003,1.6599454879760742,1.6599454879760742,1.8898242712020874,1.8898242712020874
1004,1.6596068143844604,1.6596068143844604,1.8901150226593018,1.8901150226593018
1005,1.660311222076416,1.660311222076416,1.8884029388427734,1.8884029388427734
1006,1.6605507135391235,1.6605507135391235,1.890272617340088,1.890272617340088
1007,1.660078763961792,1.660078763961792,1.8885034322738647,1.8885034322738647
1008,1.6602007150650024,1.6602007150650024,1.8883285522460938,1.8883285522460938
1009,1.6596055030822754,1.6596055030822754,1.8868404626846313,1.8868404626846313
1010,1.659658432006836,1.659658432006836,1.8881462812423706,1.8881462812423706
1011,1.659505844116211,1.659505844116211,1.8890783786773682,1.8890783786773682
1012,1.6595659255981445,1.6595659255981445,1.891343116760254,1.891343116760254
1013,1.6600124835968018,1.6600124835968018,1.8893611431121826,1.8893611431121826
1014,1.6591230630874634,1.6591230630874634,1.8893356323242188,1.8893356323242188
1015,1.6593772172927856,1.6593772172927856,1.8875808715820312,1.8875808715820312
1016,1.6594384908676147,1.6594384908676147,1.8881726264953613,1.8881726264953613
1017,1.6591194868087769,1.6591194868087769,1.8884719610214233,1.8884719610214233
1018,1.6601519584655762,1.6601519584655762,1.8944827318191528,1.8944827318191528
1019,1.6590847969055176,1.6590847969055176,1.887298583984375,1.887298583984375
1020,1.659354329109192,1.659354329109192,1.8896387815475464,1.8896387815475464
1021,1.6599987745285034,1.6599987745285034,1.8872689008712769,1.8872689008712769
1022,1.6587713956832886,1.6587713956832886,1.8907766342163086,1.8907766342163086
1023,1.6589220762252808,1.6589220762252808,1.88865065574646,1.88865065574646
1024,1.659026026725769,1.659026026725769,1.889830231666565,1.889830231666565
1025,1.659194827079773,1.659194827079773,1.887915015220642,1.887915015220642
1026,1.6589255332946777,1.6589255332946777,1.8874146938323975,1.8874146938323975
1027,1.6588095426559448,1.6588095426559448,1.8865740299224854,1.8865740299224854
1028,1.6586991548538208,1.6586991548538208,1.8873388767242432,1.8873388767242432
1029,1.6587753295898438,1.6587753295898438,1.8870387077331543,1.8870387077331543
1030,1.6589887142181396,1.6589887142181396,1.888407826423645,1.888407826423645
1031,1.6597193479537964,1.6597193479537964,1.8862451314926147,1.8862451314926147
1032,1.6592780351638794,1.6592780351638794,1.8881293535232544,1.8881293535232544
1033,1.6583096981048584,1.6583096981048584,1.8923217058181763,1.8923217058181763
1034,1.658935546875,1.658935546875,1.8880172967910767,1.8880172967910767
1035,1.6582952737808228,1.6582952737808228,1.8864518404006958,1.8864518404006958
1036,1.6583067178726196,1.6583067178726196,1.8881051540374756,1.8881051540374756
1037,1.6584258079528809,1.6584258079528809,1.8883891105651855,1.8883891105651855
1038,1.659246563911438,1.659246563911438,1.889297604560852,1.889297604560852
1039,1.6586390733718872,1.6586390733718872,1.887985348701477,1.887985348701477
1040,1.6579082012176514,1.6579082012176514,1.886591911315918,1.886591911315918
1041,1.6584664583206177,1.6584664583206177,1.8866934776306152,1.8866934776306152
1042,1.6578272581100464,1.6578272581100464,1.8866273164749146,1.8866273164749146
1043,1.6581945419311523,1.6581945419311523,1.8860721588134766,1.8860721588134766
1044,1.6579480171203613,1.6579480171203613,1.8868329524993896,1.8868329524993896
1045,1.6581065654754639,1.6581065654754639,1.8853764533996582,1.8853764533996582
1046,1.657615303993225,1.657615303993225,1.887351155281067,1.887351155281067
1047,1.657477617263794,1.657477617263794,1.885859489440918,1.885859489440918
1048,1.6577305793762207,1.6577305793762207,1.8868858814239502,1.8868858814239502
1049,1.6574289798736572,1.6574289798736572,1.8863279819488525,1.8863279819488525
1050,1.6579816341400146,1.6579816341400146,1.891057014465332,1.891057014465332
1051,1.6577500104904175,1.6577500104904175,1.8850712776184082,1.8850712776184082
1052,1.6574225425720215,1.6574225425720215,1.8856991529464722,1.8856991529464722
1053,1.6579160690307617,1.6579160690307617,1.885196566581726,1.885196566581726
1054,1.6573301553726196,1.6573301553726196,1.8861738443374634,1.8861738443374634
1055,1.657499074935913,1.657499074935913,1.8849971294403076,1.8849971294403076
1056,1.6570589542388916,1.6570589542388916,1.8846951723098755,1.8846951723098755
1057,1.6569738388061523,1.6569738388061523,1.889355182647705,1.889355182647705
1058,1.6577397584915161,1.6577397584915161,1.887402057647705,1.887402057647705
1059,1.6574571132659912,1.6574571132659912,1.8873265981674194,1.8873265981674194
1060,1.6571836471557617,1.6571836471557617,1.8861490488052368,1.8861490488052368
1061,1.6570402383804321,1.6570402383804321,1.887050747871399,1.887050747871399
1062,1.6575766801834106,1.6575766801834106,1.8974418640136719,1.8974418640136719
1063,1.6573331356048584,1.6573331356048584,1.8869898319244385,1.8869898319244385
1064,1.6571812629699707,1.6571812629699707,1.8872097730636597,1.8872097730636597
1065,1.6573430299758911,1.6573430299758911,1.884780764579773,1.884780764579773
1066,1.6576366424560547,1.6576366424560547,1.8854081630706787,1.8854081630706787
1067,1.6570011377334595,1.6570011377334595,1.8841605186462402,1.8841605186462402
1068,1.656760334968567,1.656760334968567,1.8851040601730347,1.8851040601730347
1069,1.656449317932129,1.656449317932129,1.8886897563934326,1.8886897563934326
1070,1.6570563316345215,1.6570563316345215,1.8858582973480225,1.8858582973480225
1071,1.65664541721344,1.65664541721344,1.8856396675109863,1.8856396675109863
1072,1.6571590900421143,1.6571590900421143,1.8871403932571411,1.8871403932571411
1073,1.657392978668213,1.657392978668213,1.885388970375061,1.885388970375061
1074,1.6583019495010376,1.6583019495010376,1.8884456157684326,1.8884456157684326
1075,1.656450867652893,1.656450867652893,1.8857333660125732,1.8857333660125732
1076,1.6565762758255005,1.6565762758255005,1.885738492012024,1.885738492012024
1077,1.6562516689300537,1.6562516689300537,1.8851581811904907,1.8851581811904907
1078,1.6569905281066895,1.6569905281066895,1.884777307510376,1.884777307510376
1079,1.6564735174179077,1.6564735174179077,1.8845933675765991,1.8845933675765991
1080,1.6568992137908936,1.6568992137908936,1.8870089054107666,1.8870089054107666
1081,1.6562777757644653,1.6562777757644653,1.8874222040176392,1.8874222040176392
1082,1.6559277772903442,1.6559277772903442,1.884569764137268,1.884569764137268
1083,1.6569510698318481,1.6569510698318481,1.8858264684677124,1.8858264684677124
1084,1.6566263437271118,1.6566263437271118,1.8846635818481445,1.8846635818481445
1085,1.6560838222503662,1.6560838222503662,1.8842638731002808,1.8842638731002808
1086,1.6557996273040771,1.6557996273040771,1.884660243988037,1.884660243988037
1087,1.6568045616149902,1.6568045616149902,1.8854867219924927,1.8854867219924927
1088,1.6560972929000854,1.6560972929000854,1.8850317001342773,1.8850317001342773
1089,1.6565901041030884,1.6565901041030884,1.8854707479476929,1.8854707479476929
1090,1.6556274890899658,1.6556274890899658,1.8832992315292358,1.8832992315292358
1091,1.6562446355819702,1.6562446355819702,1.885697364807129,1.885697364807129
1092,1.656243085861206,1.656243085861206,1.8852393627166748,1.8852393627166748
1093,1.6553263664245605,1.6553263664245605,1.8850927352905273,1.8850927352905273
1094,1.6560245752334595,1.6560245752334595,1.8843286037445068,1.8843286037445068
1095,1.6558358669281006,1.6558358669281006,1.8858180046081543,1.8858180046081543
1096,1.656158447265625,1.656158447265625,1.8856686353683472,1.8856686353683472
1097,1.655893325805664,1.655893325805664,1.8855923414230347,1.8855923414230347
1098,1.655884027481079,1.655884027481079,1.8852070569992065,1.8852070569992065
1099,1.655990719795227,1.655990719795227,1.883872151374817,1.883872151374817
1100,1.655880093574524,1.655880093574524,1.8881677389144897,1.8881677389144897
1101,1.6559253931045532,1.6559253931045532,1.8832857608795166,1.8832857608795166
1102,1.6548666954040527,1.6548666954040527,1.8855183124542236,1.8855183124542236
1103,1.656856656074524,1.656856656074524,1.8952025175094604,1.8952025175094604
1104,1.6561740636825562,1.6561740636825562,1.883281946182251,1.883281946182251
1105,1.655382513999939,1.655382513999939,1.88595449924469,1.88595449924469
1106,1.6556851863861084,1.6556851863861084,1.8848763704299927,1.8848763704299927
1107,1.654737949371338,1.654737949371338,1.8834826946258545,1.8834826946258545
1108,1.6556142568588257,1.6556142568588257,1.8884414434432983,1.8884414434432983
1109,1.6550099849700928,1.6550099849700928,1.886582374572754,1.886582374572754
1110,1.6547414064407349,1.6547414064407349,1.8881274461746216,1.8881274461746216
1111,1.6554958820343018,1.6554958820343018,1.8902876377105713,1.8902876377105713
1112,1.6551761627197266,1.6551761627197266,1.8873698711395264,1.8873698711395264
1113,1.6549313068389893,1.6549313068389893,1.8855589628219604,1.8855589628219604
1114,1.6547856330871582,1.6547856330871582,1.8848628997802734,1.8848628997802734
1115,1.6547061204910278,1.6547061204910278,1.884479284286499,1.884479284286499
1116,1.654888391494751,1.654888391494751,1.882908821105957,1.882908821105957
1117,1.6547921895980835,1.6547921895980835,1.8836325407028198,1.8836325407028198
1118,1.654822587966919,1.654822587966919,1.8831828832626343,1.8831828832626343
1119,1.6543500423431396,1.6543500423431396,1.8835457563400269,1.8835457563400269
1120,1.6545714139938354,1.6545714139938354,1.8872944116592407,1.8872944116592407
1121,1.654475212097168,1.654475212097168,1.883275032043457,1.883275032043457
1122,1.654293417930603,1.654293417930603,1.8817408084869385,1.8817408084869385
1123,1.654255986213684,1.654255986213684,1.8849925994873047,1.8849925994873047
1124,1.654984474182129,1.654984474182129,1.8885208368301392,1.8885208368301392
1125,1.654581904411316,1.654581904411316,1.884944200515747,1.884944200515747
1126,1.6541517972946167,1.6541517972946167,1.882707118988037,1.882707118988037
1127,1.6545275449752808,1.6545275449752808,1.884231686592102,1.884231686592102
1128,1.6544101238250732,1.6544101238250732,1.8883073329925537,1.8883073329925537
1129,1.654331922531128,1.654331922531128,1.884283423423767,1.884283423423767
1130,1.653831958770752,1.653831958770752,1.88277268409729,1.88277268409729
1131,1.654287338256836,1.654287338256836,1.883612036705017,1.883612036705017
1132,1.6545910835266113,1.6545910835266113,1.8831403255462646,1.8831403255462646
1133,1.6541297435760498,1.6541297435760498,1.8815267086029053,1.8815267086029053
1134,1.6538190841674805,1.6538190841674805,1.8852440118789673,1.8852440118789673
1135,1.6544665098190308,1.6544665098190308,1.8825163841247559,1.8825163841247559
1136,1.6542788743972778,1.6542788743972778,1.891280174255371,1.891280174255371
1137,1.6541792154312134,1.6541792154312134,1.8871313333511353,1.8871313333511353
1138,1.6545976400375366,1.6545976400375366,1.8819342851638794,1.8819342851638794
1139,1.6541662216186523,1.6541662216186523,1.8820626735687256,1.8820626735687256
1140,1.655277132987976,1.655277132987976,1.8821967840194702,1.8821967840194702
1141,1.6548678874969482,1.6548678874969482,1.884127140045166,1.884127140045166
1142,1.6540818214416504,1.6540818214416504,1.8826816082000732,1.8826816082000732
1143,1.6538400650024414,1.6538400650024414,1.8821651935577393,1.8821651935577393
1144,1.6536831855773926,1.6536831855773926,1.8822053670883179,1.8822053670883179
1145,1.6538515090942383,1.6538515090942383,1.8868257999420166,1.8868257999420166
1146,1.6544963121414185,1.6544963121414185,1.882028341293335,1.882028341293335
1147,1.6541378498077393,1.6541378498077393,1.8828331232070923,1.8828331232070923
1148,1.6538265943527222,1.6538265943527222,1.881758213043213,1.881758213043213
1149,1.6540271043777466,1.6540271043777466,1.8817007541656494,1.8817007541656494
1150,1.6535784006118774,1.6535784006118774,1.8848708868026733,1.8848708868026733
1151,1.6534433364868164,1.6534433364868164,1.8813012838363647,1.8813012838363647
1152,1.6530389785766602,1.6530389785766602,1.8853638172149658,1.8853638172149658
1153,1.6534956693649292,1.6534956693649292,1.8827074766159058,1.8827074766159058
1154,1.6532542705535889,1.6532542705535889,1.883122444152832,1.883122444152832
1155,1.6530674695968628,1.6530674695968628,1.8905619382858276,1.8905619382858276
1156,1.6542465686798096,1.6542465686798096,1.8854914903640747,1.8854914903640747
1157,1.6535526514053345,1.6535526514053345,1.881677269935608,1.881677269935608
1158,1.6533493995666504,1.6533493995666504,1.8814969062805176,1.8814969062805176
1159,1.6534677743911743,1.6534677743911743,1.8817015886306763,1.8817015886306763
1160,1.6532793045043945,1.6532793045043945,1.8821601867675781,1.8821601867675781
1161,1.6535487174987793,1.6535487174987793,1.8827470541000366,1.8827470541000366
1162,1.6529781818389893,1.6529781818389893,1.882642388343811,1.882642388343811
1163,1.653043508529663,1.653043508529663,1.8846477270126343,1.8846477270126343
1164,1.6529231071472168,1.6529231071472168,1.8809232711791992,1.8809232711791992
1165,1.6524124145507812,1.6524124145507812,1.884068250656128,1.884068250656128
1166,1.652904748916626,1.652904748916626,1.8807250261306763,1.8807250261306763
1167,1.6545606851577759,1.6545606851577759,1.8843798637390137,1.8843798637390137
1168,1.6533993482589722,1.6533993482589722,1.8812646865844727,1.8812646865844727
1169,1.652940034866333,1.652940034866333,1.8876283168792725,1.8876283168792725
1170,1.6530956029891968,1.6530956029891968,1.8814529180526733,1.8814529180526733
1171,1.6528184413909912,1.6528184413909912,1.8811033964157104,1.8811033964157104
1172,1.6525607109069824,1.6525607109069824,1.881088376045227,1.881088376045227
1173,1.6523017883300781,1.6523017883300781,1.8843058347702026,1.8843058347702026
1174,1.6524001359939575,1.6524001359939575,1.8828829526901245,1.8828829526901245
1175,1.6521387100219727,1.6521387100219727,1.8838227987289429,1.8838227987289429
1176,1.6526637077331543,1.6526637077331543,1.8847646713256836,1.8847646713256836
1177,1.6531325578689575,1.6531325578689575,1.8818118572235107,1.8818118572235107
1178,1.65230393409729,1.65230393409729,1.8822021484375,1.8822021484375
1179,1.65225350856781,1.65225350856781,1.881641149520874,1.881641149520874
1180,1.6521614789962769,1.6521614789962769,1.8809980154037476,1.8809980154037476
1181,1.6522471904754639,1.6522471904754639,1.88043212890625,1.88043212890625
1182,1.6522568464279175,1.6522568464279175,1.8796597719192505,1.8796597719192505
1183,1.6528658866882324,1.6528658866882324,1.8814690113067627,1.8814690113067627
1184,1.652681827545166,1.652681827545166,1.8822181224822998,1.8822181224822998
1185,1.6524218320846558,1.6524218320846558,1.8810197114944458,1.8810197114944458
1186,1.6520971059799194,1.6520971059799194,1.884506106376648,1.884506106376648
1187,1.652217149734497,1.652217149734497,1.880876898765564,1.880876898765564
1188,1.6533361673355103,1.6533361673355103,1.8807308673858643,1.8807308673858643
1189,1.6518558263778687,1.6518558263778687,1.8834213018417358,1.8834213018417358
1190,1.651472806930542,1.651472806930542,1.881353735923767,1.881353735923767
1191,1.652071237564087,1.652071237564087,1.8840038776397705,1.8840038776397705
1192,1.6517256498336792,1.6517256498336792,1.8844200372695923,1.8844200372695923
1193,1.6522148847579956,1.6522148847579956,1.8805160522460938,1.8805160522460938
1194,1.652170181274414,1.652170181274414,1.8845921754837036,1.8845921754837036
1195,1.6517058610916138,1.6517058610916138,1.8810932636260986,1.8810932636260986
1196,1.6522284746170044,1.6522284746170044,1.8800127506256104,1.8800127506256104
1197,1.6523979902267456,1.6523979902267456,1.880918025970459,1.880918025970459
1198,1.6520682573318481,1.6520682573318481,1.8815361261367798,1.8815361261367798
1199,1.651546597480774,1.651546597480774,1.8786725997924805,1.8786725997924805
1200,1.6519578695297241,1.6519578695297241,1.8829748630523682,1.8829748630523682
1201,1.6515076160430908,1.6515076160430908,1.8800979852676392,1.8800979852676392
1202,1.651461124420166,1.651461124420166,1.8823994398117065,1.8823994398117065
1203,1.6514073610305786,1.6514073610305786,1.8798832893371582,1.8798832893371582
1204,1.652026891708374,1.652026891708374,1.881523847579956,1.881523847579956
1205,1.6520442962646484,1.6520442962646484,1.8800859451293945,1.8800859451293945
1206,1.6510775089263916,1.6510775089263916,1.8818790912628174,1.8818790912628174
1207,1.651747226715088,1.651747226715088,1.8830835819244385,1.8830835819244385
1208,1.6513899564743042,1.6513899564743042,1.8820860385894775,1.8820860385894775
1209,1.651352047920227,1.651352047920227,1.8795288801193237,1.8795288801193237
1210,1.651193380355835,1.651193380355835,1.8859496116638184,1.8859496116638184
1211,1.6512528657913208,1.6512528657913208,1.8801209926605225,1.8801209926605225
1212,1.6509267091751099,1.6509267091751099,1.8924343585968018,1.8924343585968018
1213,1.6519824266433716,1.6519824266433716,1.880024790763855,1.880024790763855
1214,1.651286244392395,1.651286244392395,1.8793420791625977,1.8793420791625977
1215,1.6521170139312744,1.6521170139312744,1.8796167373657227,1.8796167373657227
1216,1.6514055728912354,1.6514055728912354,1.881030797958374,1.881030797958374
1217,1.651515007019043,1.651515007019043,1.884319543838501,1.884319543838501
1218,1.650618553161621,1.650618553161621,1.8828656673431396,1.8828656673431396
1219,1.651190996170044,1.651190996170044,1.8799018859863281,1.8799018859863281
1220,1.6515687704086304,1.6515687704086304,1.8817265033721924,1.8817265033721924
1221,1.65110445022583,1.65110445022583,1.8840173482894897,1.8840173482894897
1222,1.6513572931289673,1.6513572931289673,1.8795948028564453,1.8795948028564453
1223,1.651149868965149,1.651149868965149,1.8801195621490479,1.8801195621490479
1224,1.65060555934906,1.65060555934906,1.8798927068710327,1.8798927068710327
1225,1.6514716148376465,1.6514716148376465,1.8791618347167969,1.8791618347167969
1226,1.6505242586135864,1.6505242586135864,1.8793869018554688,1.8793869018554688
1227,1.6506015062332153,1.6506015062332153,1.8775250911712646,1.8775250911712646
1228,1.6508625745773315,1.6508625745773315,1.878515601158142,1.878515601158142
1229,1.6505013704299927,1.6505013704299927,1.8845630884170532,1.8845630884170532
1230,1.6507909297943115,1.6507909297943115,1.8786985874176025,1.8786985874176025
1231,1.6505842208862305,1.6505842208862305,1.882698893547058,1.882698893547058
1232,1.650964379310608,1.650964379310608,1.8789615631103516,1.8789615631103516
1233,1.6507014036178589,1.6507014036178589,1.8810608386993408,1.8810608386993408
1234,1.6510329246520996,1.6510329246520996,1.8813188076019287,1.8813188076019287
1235,1.6504231691360474,1.6504231691360474,1.8797804117202759,1.8797804117202759
1236,1.6509405374526978,1.6509405374526978,1.878949522972107,1.878949522972107
1237,1.6499133110046387,1.6499133110046387,1.8776004314422607,1.8776004314422607
1238,1.6505595445632935,1.6505595445632935,1.878440260887146,1.878440260887146
1239,1.650696039199829,1.650696039199829,1.8782044649124146,1.8782044649124146
1240,1.6503517627716064,1.6503517627716064,1.8811134099960327,1.8811134099960327
1241,1.650438904762268,1.650438904762268,1.8801480531692505,1.8801480531692505
1242,1.6499807834625244,1.6499807834625244,1.8788292407989502,1.8788292407989502
1243,1.6503167152404785,1.6503167152404785,1.8780760765075684,1.8780760765075684
1244,1.6507246494293213,1.6507246494293213,1.8776111602783203,1.8776111602783203
1245,1.6504355669021606,1.6504355669021606,1.878002405166626,1.878002405166626
1246,1.6502773761749268,1.6502773761749268,1.878314733505249,1.878314733505249
1247,1.6497987508773804,1.6497987508773804,1.877611756324768,1.877611756324768
1248,1.6498578786849976,1.6498578786849976,1.8783432245254517,1.8783432245254517
1249,1.6502881050109863,1.6502881050109863,1.8805679082870483,1.8805679082870483
1250,1.650191307067871,1.650191307067871,1.879054069519043,1.879054069519043
1251,1.650802493095398,1.650802493095398,1.8798844814300537,1.8798844814300537
1252,1.649837613105774,1.649837613105774,1.8787517547607422,1.8787517547607422
1253,1.6497035026550293,1.6497035026550293,1.877503752708435,1.877503752708435
1254,1.6500499248504639,1.6500499248504639,1.8776565790176392,1.8776565790176392
1255,1.650312900543213,1.650312900543213,1.8793964385986328,1.8793964385986328
1256,1.6496068239212036,1.6496068239212036,1.8824024200439453,1.8824024200439453
1257,1.6498284339904785,1.6498284339904785,1.8787450790405273,1.8787450790405273
1258,1.6501442193984985,1.6501442193984985,1.87776517868042,1.87776517868042
1259,1.650315523147583,1.650315523147583,1.8771017789840698,1.8771017789840698
1260,1.6494531631469727,1.6494531631469727,1.878892421722412,1.878892421722412
1261,1.6497611999511719,1.6497611999511719,1.8798290491104126,1.8798290491104126
1262,1.6495486497879028,1.6495486497879028,1.8778785467147827,1.8778785467147827
1263,1.6494113206863403,1.6494113206863403,1.879606008529663,1.879606008529663
1264,1.6508468389511108,1.6508468389511108,1.8780708312988281,1.8780708312988281
1265,1.6511921882629395,1.6511921882629395,1.877982258796692,1.877982258796692
1266,1.6506922245025635,1.6506922245025635,1.8802255392074585,1.8802255392074585
1267,1.6499419212341309,1.6499419212341309,1.8767142295837402,1.8767142295837402
1268,1.6492258310317993,1.6492258310317993,1.8772178888320923,1.8772178888320923
1269,1.6492624282836914,1.6492624282836914,1.8769996166229248,1.8769996166229248
1270,1.6492254734039307,1.6492254734039307,1.878385305404663,1.878385305404663
1271,1.6495692729949951,1.6495692729949951,1.8790360689163208,1.8790360689163208
1272,1.6495810747146606,1.6495810747146606,1.877371907234192,1.877371907234192
1273,1.6492682695388794,1.6492682695388794,1.876582145690918,1.876582145690918
1274,1.6490366458892822,1.6490366458892822,1.8784019947052002,1.8784019947052002
1275,1.6494747400283813,1.6494747400283813,1.8772737979888916,1.8772737979888916
1276,1.649349570274353,1.649349570274353,1.8821139335632324,1.8821139335632324
1277,1.6495795249938965,1.6495795249938965,1.8770756721496582,1.8770756721496582
1278,1.6491239070892334,1.6491239070892334,1.8814932107925415,1.8814932107925415
1279,1.649532437324524,1.649532437324524,1.8759490251541138,1.8759490251541138
1280,1.6491135358810425,1.6491135358810425,1.8773776292800903,1.8773776292800903
1281,1.6492328643798828,1.6492328643798828,1.8766400814056396,1.8766400814056396
1282,1.6488500833511353,1.6488500833511353,1.8777779340744019,1.8777779340744019
1283,1.6491492986679077,1.6491492986679077,1.8804532289505005,1.8804532289505005
1284,1.6492159366607666,1.6492159366607666,1.8757165670394897,1.8757165670394897
1285,1.6489473581314087,1.6489473581314087,1.8790082931518555,1.8790082931518555
1286,1.6496137380599976,1.6496137380599976,1.8802987337112427,1.8802987337112427
1287,1.6490966081619263,1.6490966081619263,1.8805601596832275,1.8805601596832275
1288,1.6495178937911987,1.6495178937911987,1.877223253250122,1.877223253250122
1289,1.6488415002822876,1.6488415002822876,1.8780518770217896,1.8780518770217896
1290,1.6486788988113403,1.6486788988113403,1.8773194551467896,1.8773194551467896
1291,1.6483896970748901,1.6483896970748901,1.8787736892700195,1.8787736892700195
1292,1.6486374139785767,1.6486374139785767,1.87786865234375,1.87786865234375
1293,1.648218035697937,1.648218035697937,1.8757202625274658,1.8757202625274658
1294,1.6483242511749268,1.6483242511749268,1.8766049146652222,1.8766049146652222
1295,1.6488205194473267,1.6488205194473267,1.8762019872665405,1.8762019872665405
1296,1.6488722562789917,1.6488722562789917,1.8782567977905273,1.8782567977905273
1297,1.648897647857666,1.648897647857666,1.8772435188293457,1.8772435188293457
1298,1.6490073204040527,1.6490073204040527,1.875303030014038,1.875303030014038
1299,1.6484992504119873,1.6484992504119873,1.8755468130111694,1.8755468130111694
1300,1.6486167907714844,1.6486167907714844,1.876960039138794,1.876960039138794
1301,1.648518681526184,1.648518681526184,1.879205346107483,1.879205346107483
1302,1.6480950117111206,1.6480950117111206,1.8765898942947388,1.8765898942947388
1303,1.648418664932251,1.648418664932251,1.878441572189331,1.878441572189331
1304,1.6485885381698608,1.6485885381698608,1.8774867057800293,1.8774867057800293
1305,1.6479614973068237,1.6479614973068237,1.877524733543396,1.877524733543396
1306,1.6483714580535889,1.6483714580535889,1.875164270401001,1.875164270401001
1307,1.648573398590088,1.648573398590088,1.8755120038986206,1.8755120038986206
1308,1.6482174396514893,1.6482174396514893,1.8757731914520264,1.8757731914520264
1309,1.6482336521148682,1.6482336521148682,1.8775546550750732,1.8775546550750732
1310,1.6493061780929565,1.6493061780929565,1.878761887550354,1.878761887550354
1311,1.6499724388122559,1.6499724388122559,1.8761341571807861,1.8761341571807861
1312,1.6482737064361572,1.6482737064361572,1.8772608041763306,1.8772608041763306
1313,1.6481432914733887,1.6481432914733887,1.8774925470352173,1.8774925470352173
1314,1.648500919342041,1.648500919342041,1.8753994703292847,1.8753994703292847
1315,1.6481600999832153,1.6481600999832153,1.8783470392227173,1.8783470392227173
1316,1.648238182067871,1.648238182067871,1.8781057596206665,1.8781057596206665
1317,1.6485177278518677,1.6485177278518677,1.8793367147445679,1.8793367147445679
1318,1.647995114326477,1.647995114326477,1.877288818359375,1.877288818359375
1319,1.648533582687378,1.648533582687378,1.8761796951293945,1.8761796951293945
1320,1.6479090452194214,1.6479090452194214,1.875364899635315,1.875364899635315
1321,1.6475281715393066,1.6475281715393066,1.8757550716400146,1.8757550716400146
1322,1.647897720336914,1.647897720336914,1.8749091625213623,1.8749091625213623
1323,1.6489557027816772,1.6489557027816772,1.8780593872070312,1.8780593872070312
1324,1.6481997966766357,1.6481997966766357,1.876560926437378,1.876560926437378
1325,1.64847993850708,1.64847993850708,1.8785440921783447,1.8785440921783447
1326,1.6476526260375977,1.6476526260375977,1.8756484985351562,1.8756484985351562
1327,1.6479429006576538,1.6479429006576538,1.878546953201294,1.878546953201294
1328,1.6473218202590942,1.6473218202590942,1.8751391172409058,1.8751391172409058
1329,1.64846670627594,1.64846670627594,1.8767735958099365,1.8767735958099365
1330,1.6477001905441284,1.6477001905441284,1.8750052452087402,1.8750052452087402
1331,1.647636890411377,1.647636890411377,1.8751651048660278,1.8751651048660278
1332,1.6475898027420044,1.6475898027420044,1.8756083250045776,1.8756083250045776
1333,1.6479586362838745,1.6479586362838745,1.8781083822250366,1.8781083822250366
1334,1.6473815441131592,1.6473815441131592,1.8753149509429932,1.8753149509429932
1335,1.647783637046814,1.647783637046814,1.8748809099197388,1.8748809099197388
1336,1.6482945680618286,1.6482945680618286,1.8766602277755737,1.8766602277755737
1337,1.6476421356201172,1.6476421356201172,1.8812922239303589,1.8812922239303589
1338,1.647192358970642,1.647192358970642,1.8803569078445435,1.8803569078445435
1339,1.6478829383850098,1.6478829383850098,1.8739941120147705,1.8739941120147705
1340,1.6481319665908813,1.6481319665908813,1.8762887716293335,1.8762887716293335
1341,1.6471439599990845,1.6471439599990845,1.875516653060913,1.875516653060913
1342,1.6482590436935425,1.6482590436935425,1.8774726390838623,1.8774726390838623
1343,1.6476207971572876,1.6476207971572876,1.8753712177276611,1.8753712177276611
1344,1.6474547386169434,1.6474547386169434,1.875741720199585,1.875741720199585
1345,1.6476415395736694,1.6476415395736694,1.8768974542617798,1.8768974542617798
1346,1.6471495628356934,1.6471495628356934,1.8756182193756104,1.8756182193756104
1347,1.6476154327392578,1.6476154327392578,1.8776452541351318,1.8776452541351318
1348,1.6474802494049072,1.6474802494049072,1.879298448562622,1.879298448562622
1349,1.6473314762115479,1.6473314762115479,1.8761188983917236,1.8761188983917236
1350,1.646867036819458,1.646867036819458,1.8753446340560913,1.8753446340560913
1351,1.6467493772506714,1.6467493772506714,1.8748314380645752,1.8748314380645752
1352,1.6465530395507812,1.6465530395507812,1.8749747276306152,1.8749747276306152
1353,1.6468448638916016,1.6468448638916016,1.8776005506515503,1.8776005506515503
1354,1.646551251411438,1.646551251411438,1.8746427297592163,1.8746427297592163
1355,1.6465986967086792,1.6465986967086792,1.8752806186676025,1.8752806186676025
1356,1.6473503112792969,1.6473503112792969,1.8752148151397705,1.8752148151397705
1357,1.6474055051803589,1.6474055051803589,1.8767263889312744,1.8767263889312744
1358,1.646719217300415,1.646719217300415,1.8740087747573853,1.8740087747573853
1359,1.646781325340271,1.646781325340271,1.8794363737106323,1.8794363737106323
1360,1.6464675664901733,1.6464675664901733,1.8755384683609009,1.8755384683609009
1361,1.6468915939331055,1.6468915939331055,1.8785521984100342,1.8785521984100342
1362,1.6473541259765625,1.6473541259765625,1.87727952003479,1.87727952003479
1363,1.6470162868499756,1.6470162868499756,1.87357497215271,1.87357497215271
1364,1.6467514038085938,1.6467514038085938,1.8759008646011353,1.8759008646011353
1365,1.6462887525558472,1.6462887525558472,1.8763558864593506,1.8763558864593506
1366,1.6468311548233032,1.6468311548233032,1.874619960784912,1.874619960784912
1367,1.6462093591690063,1.6462093591690063,1.877118706703186,1.877118706703186
1368,1.6466609239578247,1.6466609239578247,1.8757081031799316,1.8757081031799316
1369,1.6464266777038574,1.6464266777038574,1.8744120597839355,1.8744120597839355
1370,1.6472395658493042,1.6472395658493042,1.8744125366210938,1.8744125366210938
1371,1.6468318700790405,1.6468318700790405,1.8727052211761475,1.8727052211761475
1372,1.6466468572616577,1.6466468572616577,1.8742247819900513,1.8742247819900513
1373,1.6463662385940552,1.6463662385940552,1.875645637512207,1.875645637512207
1374,1.6467026472091675,1.6467026472091675,1.8754560947418213,1.8754560947418213
1375,1.6469191312789917,1.6469191312789917,1.8764293193817139,1.8764293193817139
1376,1.6460994482040405,1.6460994482040405,1.8803870677947998,1.8803870677947998
1377,1.646572232246399,1.646572232246399,1.8769843578338623,1.8769843578338623
1378,1.6458712816238403,1.6458712816238403,1.873960256576538,1.873960256576538
1379,1.6469876766204834,1.6469876766204834,1.8750373125076294,1.8750373125076294
1380,1.6463229656219482,1.6463229656219482,1.8737232685089111,1.8737232685089111
1381,1.646215558052063,1.646215558052063,1.8744577169418335,1.8744577169418335
1382,1.6465568542480469,1.6465568542480469,1.8771194219589233,1.8771194219589233
1383,1.6456667184829712,1.6456667184829712,1.874127745628357,1.874127745628357
1384,1.6460593938827515,1.6460593938827515,1.8751803636550903,1.8751803636550903
1385,1.645861029624939,1.645861029624939,1.8747655153274536,1.8747655153274536
1386,1.646134614944458,1.646134614944458,1.8790669441223145,1.8790669441223145
1387,1.6457585096359253,1.6457585096359253,1.8727388381958008,1.8727388381958008
1388,1.645520806312561,1.645520806312561,1.8734066486358643,1.8734066486358643
1389,1.6460682153701782,1.6460682153701782,1.8735848665237427,1.8735848665237427
1390,1.6459723711013794,1.6459723711013794,1.8722904920578003,1.8722904920578003
1391,1.6454435586929321,1.6454435586929321,1.8744235038757324,1.8744235038757324
1392,1.6458861827850342,1.6458861827850342,1.8734688758850098,1.8734688758850098
1393,1.6461615562438965,1.6461615562438965,1.8735733032226562,1.8735733032226562
1394,1.645978569984436,1.645978569984436,1.8736631870269775,1.8736631870269775
1395,1.6455882787704468,1.6455882787704468,1.873950719833374,1.873950719833374
1396,1.6451407670974731,1.6451407670974731,1.8804330825805664,1.8804330825805664
1397,1.6456924676895142,1.6456924676895142,1.8722374439239502,1.8722374439239502
1398,1.646031141281128,1.646031141281128,1.8729536533355713,1.8729536533355713
1399,1.6453250646591187,1.6453250646591187,1.8732939958572388,1.8732939958572388
1400,1.6456621885299683,1.6456621885299683,1.8746733665466309,1.8746733665466309
1401,1.6452518701553345,1.6452518701553345,1.872412085533142,1.872412085533142
1402,1.6456010341644287,1.6456010341644287,1.874269962310791,1.874269962310791
1403,1.6452889442443848,1.6452889442443848,1.8755897283554077,1.8755897283554077
1404,1.6459524631500244,1.6459524631500244,1.8735054731369019,1.8735054731369019
1405,1.6453638076782227,1.6453638076782227,1.8732376098632812,1.8732376098632812
1406,1.64520263671875,1.64520263671875,1.8733817338943481,1.8733817338943481
1407,1.645420789718628,1.645420789718628,1.8726518154144287,1.8726518154144287
1408,1.6454901695251465,1.6454901695251465,1.874743103981018,1.874743103981018
1409,1.6450300216674805,1.6450300216674805,1.8730887174606323,1.8730887174606323
1410,1.645155906677246,1.645155906677246,1.8764400482177734,1.8764400482177734
1411,1.6445401906967163,1.6445401906967163,1.8788485527038574,1.8788485527038574
1412,1.6447324752807617,1.6447324752807617,1.8742434978485107,1.8742434978485107
1413,1.6450610160827637,1.6450610160827637,1.8729968070983887,1.8729968070983887
1414,1.6450974941253662,1.6450974941253662,1.8752092123031616,1.8752092123031616
1415,1.6453614234924316,1.6453614234924316,1.8776077032089233,1.8776077032089233
1416,1.645066261291504,1.645066261291504,1.872994065284729,1.872994065284729
1417,1.6447603702545166,1.6447603702545166,1.8730782270431519,1.8730782270431519
1418,1.6450237035751343,1.6450237035751343,1.8728843927383423,1.8728843927383423
1419,1.645637035369873,1.645637035369873,1.874523401260376,1.874523401260376
1420,1.6450865268707275,1.6450865268707275,1.8719364404678345,1.8719364404678345
1421,1.64536452293396,1.64536452293396,1.873781442642212,1.873781442642212
1422,1.644657850265503,1.644657850265503,1.8730109930038452,1.8730109930038452
1423,1.644610047340393,1.644610047340393,1.8743559122085571,1.8743559122085571
1424,1.6445797681808472,1.6445797681808472,1.8738911151885986,1.8738911151885986
1425,1.6448876857757568,1.6448876857757568,1.8761030435562134,1.8761030435562134
1426,1.6446243524551392,1.6446243524551392,1.8729768991470337,1.8729768991470337
1427,1.6447545289993286,1.6447545289993286,1.8717321157455444,1.8717321157455444
1428,1.6445353031158447,1.6445353031158447,1.874295949935913,1.874295949935913
1429,1.6443454027175903,1.6443454027175903,1.8708720207214355,1.8708720207214355
1430,1.6449462175369263,1.6449462175369263,1.8724205493927002,1.8724205493927002
1431,1.644366979598999,1.644366979598999,1.8731220960617065,1.8731220960617065
1432,1.6447265148162842,1.6447265148162842,1.8729541301727295,1.8729541301727295
1433,1.645002007484436,1.645002007484436,1.8734595775604248,1.8734595775604248
1434,1.6450496912002563,1.6450496912002563,1.8714675903320312,1.8714675903320312
1435,1.6452414989471436,1.6452414989471436,1.8734498023986816,1.8734498023986816
1436,1.646084189414978,1.646084189414978,1.8730205297470093,1.8730205297470093
1437,1.644216537475586,1.644216537475586,1.8720399141311646,1.8720399141311646
1438,1.6441594362258911,1.6441594362258911,1.872170329093933,1.872170329093933
1439,1.6438411474227905,1.6438411474227905,1.8728880882263184,1.8728880882263184
1440,1.6441909074783325,1.6441909074783325,1.870705485343933,1.870705485343933
1441,1.644241213798523,1.644241213798523,1.8733078241348267,1.8733078241348267
1442,1.6447659730911255,1.6447659730911255,1.8728532791137695,1.8728532791137695
1443,1.6442950963974,1.6442950963974,1.872908115386963,1.872908115386963
1444,1.644538164138794,1.644538164138794,1.8717786073684692,1.8717786073684692
1445,1.6437009572982788,1.6437009572982788,1.8714983463287354,1.8714983463287354
1446,1.6443531513214111,1.6443531513214111,1.8720407485961914,1.8720407485961914
1447,1.6444157361984253,1.6444157361984253,1.8749796152114868,1.8749796152114868
1448,1.6443201303482056,1.6443201303482056,1.8727988004684448,1.8727988004684448
1449,1.6444263458251953,1.6444263458251953,1.8719580173492432,1.8719580173492432
1450,1.644201636314392,1.644201636314392,1.872666835784912,1.872666835784912
1451,1.6442867517471313,1.6442867517471313,1.8734911680221558,1.8734911680221558
1452,1.6438353061676025,1.6438353061676025,1.8734936714172363,1.8734936714172363
1453,1.643984317779541,1.643984317779541,1.8714879751205444,1.8714879751205444
1454,1.6440935134887695,1.6440935134887695,1.8709239959716797,1.8709239959716797
1455,1.6440714597702026,1.6440714597702026,1.8731743097305298,1.8731743097305298
1456,1.6455037593841553,1.6455037593841553,1.872307538986206,1.872307538986206
1457,1.6436798572540283,1.6436798572540283,1.8714680671691895,1.8714680671691895
1458,1.643640398979187,1.643640398979187,1.8708195686340332,1.8708195686340332
1459,1.643647313117981,1.643647313117981,1.8734376430511475,1.8734376430511475
1460,1.6434502601623535,1.6434502601623535,1.8724361658096313,1.8724361658096313
1461,1.6445975303649902,1.6445975303649902,1.8715136051177979,1.8715136051177979
1462,1.6442896127700806,1.6442896127700806,1.8727563619613647,1.8727563619613647
1463,1.6436954736709595,1.6436954736709595,1.8719271421432495,1.8719271421432495
1464,1.6440867185592651,1.6440867185592651,1.8742904663085938,1.8742904663085938
1465,1.643784761428833,1.643784761428833,1.8723242282867432,1.8723242282867432
1466,1.6446768045425415,1.6446768045425415,1.876539707183838,1.876539707183838
1467,1.6432734727859497,1.6432734727859497,1.8723547458648682,1.8723547458648682
1468,1.6436704397201538,1.6436704397201538,1.8705854415893555,1.8705854415893555
1469,1.643273115158081,1.643273115158081,1.8723381757736206,1.8723381757736206
1470,1.6439988613128662,1.6439988613128662,1.8766051530838013,1.8766051530838013
1471,1.6438764333724976,1.6438764333724976,1.8721264600753784,1.8721264600753784
1472,1.6438071727752686,1.6438071727752686,1.8739681243896484,1.8739681243896484
1473,1.6448291540145874,1.6448291540145874,1.8733720779418945,1.8733720779418945
1474,1.6438336372375488,1.6438336372375488,1.8704849481582642,1.8704849481582642
1475,1.6432188749313354,1.6432188749313354,1.8717296123504639,1.8717296123504639
1476,1.643289566040039,1.643289566040039,1.872119665145874,1.872119665145874
1477,1.643272876739502,1.643272876739502,1.8732565641403198,1.8732565641403198
1478,1.6435705423355103,1.6435705423355103,1.8717024326324463,1.8717024326324463
1479,1.6428425312042236,1.6428425312042236,1.8749356269836426,1.8749356269836426
1480,1.6434049606323242,1.6434049606323242,1.8730899095535278,1.8730899095535278
1481,1.643094778060913,1.643094778060913,1.8723653554916382,1.8723653554916382
1482,1.643303632736206,1.643303632736206,1.8701732158660889,1.8701732158660889
1483,1.6427515745162964,1.6427515745162964,1.8742151260375977,1.8742151260375977
1484,1.643099069595337,1.643099069595337,1.8697879314422607,1.8697879314422607
1485,1.6430244445800781,1.6430244445800781,1.8699673414230347,1.8699673414230347
1486,1.6431230306625366,1.6431230306625366,1.8710731267929077,1.8710731267929077
1487,1.6429994106292725,1.6429994106292725,1.8712109327316284,1.8712109327316284
1488,1.6427417993545532,1.6427417993545532,1.8727487325668335,1.8727487325668335
1489,1.6430575847625732,1.6430575847625732,1.8757398128509521,1.8757398128509521
1490,1.6428990364074707,1.6428990364074707,1.8700761795043945,1.8700761795043945
1491,1.6437045335769653,1.6437045335769653,1.8769501447677612,1.8769501447677612
1492,1.6426184177398682,1.6426184177398682,1.870836615562439,1.870836615562439
1493,1.642204761505127,1.642204761505127,1.8729597330093384,1.8729597330093384
1494,1.6433907747268677,1.6433907747268677,1.8705897331237793,1.8705897331237793
1495,1.6429166793823242,1.6429166793823242,1.8702670335769653,1.8702670335769653
1496,1.6427117586135864,1.6427117586135864,1.8720568418502808,1.8720568418502808
1497,1.6429200172424316,1.6429200172424316,1.8708240985870361,1.8708240985870361
1498,1.6425517797470093,1.6425517797470093,1.8711596727371216,1.8711596727371216
1499,1.6421269178390503,1.6421269178390503,1.8699581623077393,1.8699581623077393
1500,1.6423897743225098,1.6423897743225098,1.8701465129852295,1.8701465129852295
1501,1.6427279710769653,1.6427279710769653,1.8710192441940308,1.8710192441940308
1502,1.6424504518508911,1.6424504518508911,1.8707414865493774,1.8707414865493774
1503,1.6429531574249268,1.6429531574249268,1.8695675134658813,1.8695675134658813
1504,1.6425554752349854,1.6425554752349854,1.8702059984207153,1.8702059984207153
1505,1.643206238746643,1.643206238746643,1.8723686933517456,1.8723686933517456
1506,1.6423118114471436,1.6423118114471436,1.8702753782272339,1.8702753782272339
1507,1.6431312561035156,1.6431312561035156,1.8713431358337402,1.8713431358337402
1508,1.6430050134658813,1.6430050134658813,1.8721058368682861,1.8721058368682861
1509,1.6443679332733154,1.6443679332733154,1.8728755712509155,1.8728755712509155
1510,1.642741084098816,1.642741084098816,1.8687204122543335,1.8687204122543335
1511,1.6419332027435303,1.6419332027435303,1.8695913553237915,1.8695913553237915
1512,1.6420297622680664,1.6420297622680664,1.8697502613067627,1.8697502613067627
1513,1.6428192853927612,1.6428192853927612,1.8705025911331177,1.8705025911331177
1514,1.6429086923599243,1.6429086923599243,1.8710737228393555,1.8710737228393555
1515,1.6427139043807983,1.6427139043807983,1.8697651624679565,1.8697651624679565
1516,1.64217209815979,1.64217209815979,1.8718245029449463,1.8718245029449463
1517,1.6417598724365234,1.6417598724365234,1.8715184926986694,1.8715184926986694
1518,1.6427192687988281,1.6427192687988281,1.8704129457473755,1.8704129457473755
1519,1.641800880432129,1.641800880432129,1.8698582649230957,1.8698582649230957
1520,1.6427360773086548,1.6427360773086548,1.8722875118255615,1.8722875118255615
1521,1.6418020725250244,1.6418020725250244,1.871403455734253,1.871403455734253
1522,1.6424416303634644,1.6424416303634644,1.8724498748779297,1.8724498748779297
1523,1.6423922777175903,1.6423922777175903,1.8699299097061157,1.8699299097061157
1524,1.6417549848556519,1.6417549848556519,1.8707584142684937,1.8707584142684937
1525,1.641761064529419,1.641761064529419,1.8748326301574707,1.8748326301574707
1526,1.642490267753601,1.642490267753601,1.8749035596847534,1.8749035596847534
1527,1.641772985458374,1.641772985458374,1.8707653284072876,1.8707653284072876
1528,1.6414320468902588,1.6414320468902588,1.8714367151260376,1.8714367151260376
1529,1.642117977142334,1.642117977142334,1.8722119331359863,1.8722119331359863
1530,1.6418886184692383,1.6418886184692383,1.869088053703308,1.869088053703308
1531,1.6414929628372192,1.6414929628372192,1.869354248046875,1.869354248046875
1532,1.641771912574768,1.641771912574768,1.8708771467208862,1.8708771467208862
1533,1.6418578624725342,1.6418578624725342,1.871445655822754,1.871445655822754
1534,1.6418410539627075,1.6418410539627075,1.8694223165512085,1.8694223165512085
1535,1.6416188478469849,1.6416188478469849,1.8694605827331543,1.8694605827331543
1536,1.6431317329406738,1.6431317329406738,1.8697799444198608,1.8697799444198608
1537,1.6423759460449219,1.6423759460449219,1.870736002922058,1.870736002922058
1538,1.641760230064392,1.641760230064392,1.8680042028427124,1.8680042028427124
1539,1.6417529582977295,1.6417529582977295,1.8711254596710205,1.8711254596710205
1540,1.6418697834014893,1.6418697834014893,1.8702806234359741,1.8702806234359741
1541,1.6415809392929077,1.6415809392929077,1.8762781620025635,1.8762781620025635
1542,1.6420460939407349,1.6420460939407349,1.8699586391448975,1.8699586391448975
1543,1.6413196325302124,1.6413196325302124,1.8704755306243896,1.8704755306243896
1544,1.6416858434677124,1.6416858434677124,1.8716000318527222,1.8716000318527222
1545,1.6413941383361816,1.6413941383361816,1.8683096170425415,1.8683096170425415
1546,1.6414741277694702,1.6414741277694702,1.875171184539795,1.875171184539795
1547,1.6415531635284424,1.6415531635284424,1.8709746599197388,1.8709746599197388
1548,1.6408799886703491,1.6408799886703491,1.8693897724151611,1.8693897724151611
1549,1.6413136720657349,1.6413136720657349,1.8693006038665771,1.8693006038665771
1550,1.6413694620132446,1.6413694620132446,1.8699482679367065,1.8699482679367065
1551,1.6413270235061646,1.6413270235061646,1.8699374198913574,1.8699374198913574
1552,1.6406463384628296,1.6406463384628296,1.870051622390747,1.870051622390747
1553,1.6415269374847412,1.6415269374847412,1.8694572448730469,1.8694572448730469
1554,1.6410572528839111,1.6410572528839111,1.8687092065811157,1.8687092065811157
1555,1.6411762237548828,1.6411762237548828,1.8691846132278442,1.8691846132278442
1556,1.640855312347412,1.640855312347412,1.869128942489624,1.869128942489624
1557,1.640737533569336,1.640737533569336,1.8690961599349976,1.8690961599349976
1558,1.6413651704788208,1.6413651704788208,1.8671605587005615,1.8671605587005615
1559,1.641150712966919,1.641150712966919,1.8688111305236816,1.8688111305236816
1560,1.6405869722366333,1.6405869722366333,1.878002643585205,1.878002643585205
1561,1.6414341926574707,1.6414341926574707,1.8755420446395874,1.8755420446395874
1562,1.6414878368377686,1.6414878368377686,1.8712588548660278,1.8712588548660278
1563,1.6407086849212646,1.6407086849212646,1.8701614141464233,1.8701614141464233
1564,1.6411300897598267,1.6411300897598267,1.8709131479263306,1.8709131479263306
1565,1.640887975692749,1.640887975692749,1.8701841831207275,1.8701841831207275
1566,1.6405688524246216,1.6405688524246216,1.8711010217666626,1.8711010217666626
1567,1.6405274868011475,1.6405274868011475,1.8694945573806763,1.8694945573806763
1568,1.640515685081482,1.640515685081482,1.8701220750808716,1.8701220750808716
1569,1.6404997110366821,1.6404997110366821,1.8676456212997437,1.8676456212997437
1570,1.6405787467956543,1.6405787467956543,1.8681023120880127,1.8681023120880127
1571,1.6406872272491455,1.6406872272491455,1.8690544366836548,1.8690544366836548
1572,1.6396934986114502,1.6396934986114502,1.8717237710952759,1.8717237710952759
1573,1.6406580209732056,1.6406580209732056,1.872231364250183,1.872231364250183
1574,1.6403663158416748,1.6403663158416748,1.8688443899154663,1.8688443899154663
1575,1.6403331756591797,1.6403331756591797,1.8696528673171997,1.8696528673171997
1576,1.6407757997512817,1.6407757997512817,1.871259093284607,1.871259093284607
1577,1.6399816274642944,1.6399816274642944,1.8695402145385742,1.8695402145385742
1578,1.6402915716171265,1.6402915716171265,1.869396686553955,1.869396686553955
1579,1.6405761241912842,1.6405761241912842,1.8691632747650146,1.8691632747650146
1580,1.6401697397232056,1.6401697397232056,1.8700438737869263,1.8700438737869263
1581,1.6407362222671509,1.6407362222671509,1.8728572130203247,1.8728572130203247
1582,1.639958381652832,1.639958381652832,1.872992753982544,1.872992753982544
1583,1.64031982421875,1.64031982421875,1.8663355112075806,1.8663355112075806
1584,1.641409158706665,1.641409158706665,1.8681432008743286,1.8681432008743286
1585,1.6404274702072144,1.6404274702072144,1.868780493736267,1.868780493736267
1586,1.641353726387024,1.641353726387024,1.8675134181976318,1.8675134181976318
1587,1.6398831605911255,1.6398831605911255,1.868546962738037,1.868546962738037
1588,1.6404975652694702,1.6404975652694702,1.8688157796859741,1.8688157796859741
1589,1.640320897102356,1.640320897102356,1.869881272315979,1.869881272315979
1590,1.640049934387207,1.640049934387207,1.8696186542510986,1.8696186542510986
1591,1.6396894454956055,1.6396894454956055,1.8710925579071045,1.8710925579071045
1592,1.6397422552108765,1.6397422552108765,1.867019534111023,1.867019534111023
1593,1.6405173540115356,1.6405173540115356,1.8667782545089722,1.8667782545089722
1594,1.6397515535354614,1.6397515535354614,1.871045470237732,1.871045470237732
1595,1.6399229764938354,1.6399229764938354,1.8682734966278076,1.8682734966278076
1596,1.6394233703613281,1.6394233703613281,1.8699630498886108,1.8699630498886108
1597,1.640137791633606,1.640137791633606,1.868105411529541,1.868105411529541
1598,1.6397508382797241,1.6397508382797241,1.8671460151672363,1.8671460151672363
1599,1.6400376558303833,1.6400376558303833,1.8688089847564697,1.8688089847564697
1600,1.639696717262268,1.639696717262268,1.866158366203308,1.866158366203308
1601,1.6397727727890015,1.6397727727890015,1.866992712020874,1.866992712020874
1602,1.6397837400436401,1.6397837400436401,1.8664757013320923,1.8664757013320923
1603,1.6395952701568604,1.6395952701568604,1.8694908618927002,1.8694908618927002
1604,1.639587163925171,1.639587163925171,1.8675181865692139,1.8675181865692139
1605,1.6402655839920044,1.6402655839920044,1.8675410747528076,1.8675410747528076
1606,1.6397700309753418,1.6397700309753418,1.874103307723999,1.874103307723999
1607,1.6405261754989624,1.6405261754989624,1.8669706583023071,1.8669706583023071
1608,1.6393733024597168,1.6393733024597168,1.8691694736480713,1.8691694736480713
1609,1.6390353441238403,1.6390353441238403,1.8680360317230225,1.8680360317230225
1610,1.639445185661316,1.639445185661316,1.8673908710479736,1.8673908710479736
1611,1.6396572589874268,1.6396572589874268,1.8686589002609253,1.8686589002609253
1612,1.6406831741333008,1.6406831741333008,1.8746565580368042,1.8746565580368042
1613,1.6387931108474731,1.6387931108474731,1.867023229598999,1.867023229598999
1614,1.6390525102615356,1.6390525102615356,1.866152286529541,1.866152286529541
1615,1.639319658279419,1.639319658279419,1.8664387464523315,1.8664387464523315
1616,1.639264464378357,1.639264464378357,1.8696471452713013,1.8696471452713013
1617,1.6391836404800415,1.6391836404800415,1.8678901195526123,1.8678901195526123
1618,1.639000654220581,1.639000654220581,1.8685885667800903,1.8685885667800903
1619,1.6400609016418457,1.6400609016418457,1.8673373460769653,1.8673373460769653
1620,1.6404485702514648,1.6404485702514648,1.867710828781128,1.867710828781128
1621,1.6396700143814087,1.6396700143814087,1.8673856258392334,1.8673856258392334
1622,1.6389456987380981,1.6389456987380981,1.8666722774505615,1.8666722774505615
1623,1.6395580768585205,1.6395580768585205,1.8676764965057373,1.8676764965057373
1624,1.6389468908309937,1.6389468908309937,1.8668521642684937,1.8668521642684937
1625,1.6389812231063843,1.6389812231063843,1.8742928504943848,1.8742928504943848
1626,1.6399999856948853,1.6399999856948853,1.8674070835113525,1.8674070835113525
1627,1.6391385793685913,1.6391385793685913,1.8664299249649048,1.8664299249649048
1628,1.6385776996612549,1.6385776996612549,1.8665682077407837,1.8665682077407837
1629,1.6388674974441528,1.6388674974441528,1.8658711910247803,1.8658711910247803
1630,1.639960765838623,1.639960765838623,1.8668937683105469,1.8668937683105469
1631,1.6390095949172974,1.6390095949172974,1.8682719469070435,1.8682719469070435
1632,1.6390262842178345,1.6390262842178345,1.8656755685806274,1.8656755685806274
1633,1.6390657424926758,1.6390657424926758,1.8686130046844482,1.8686130046844482
1634,1.638530969619751,1.638530969619751,1.8668732643127441,1.8668732643127441
1635,1.6383922100067139,1.6383922100067139,1.8694959878921509,1.8694959878921509
1636,1.638721227645874,1.638721227645874,1.8684351444244385,1.8684351444244385
1637,1.638902187347412,1.638902187347412,1.8667157888412476,1.8667157888412476
1638,1.6384389400482178,1.6384389400482178,1.8650643825531006,1.8650643825531006
1639,1.638547658920288,1.638547658920288,1.8685545921325684,1.8685545921325684
1640,1.6389644145965576,1.6389644145965576,1.867160677909851,1.867160677909851
1641,1.639159083366394,1.639159083366394,1.8658316135406494,1.8658316135406494
1642,1.6389265060424805,1.6389265060424805,1.867599606513977,1.867599606513977
1643,1.6384860277175903,1.6384860277175903,1.8658052682876587,1.8658052682876587
1644,1.638431191444397,1.638431191444397,1.8674596548080444,1.8674596548080444
1645,1.6387213468551636,1.6387213468551636,1.866137146949768,1.866137146949768
1646,1.6385244131088257,1.6385244131088257,1.8702316284179688,1.8702316284179688
1647,1.6383566856384277,1.6383566856384277,1.86521315574646,1.86521315574646
1648,1.6383262872695923,1.6383262872695923,1.866125464439392,1.866125464439392
1649,1.6382783651351929,1.6382783651351929,1.8656885623931885,1.8656885623931885
1650,1.638870120048523,1.638870120048523,1.867020606994629,1.867020606994629
1651,1.6383198499679565,1.6383198499679565,1.8656177520751953,1.8656177520751953
1652,1.6389144659042358,1.6389144659042358,1.8698511123657227,1.8698511123657227
1653,1.6379740238189697,1.6379740238189697,1.866982340812683,1.866982340812683
1654,1.6386799812316895,1.6386799812316895,1.8674384355545044,1.8674384355545044
1655,1.638906478881836,1.638906478881836,1.8665152788162231,1.8665152788162231
1656,1.6382662057876587,1.6382662057876587,1.8691108226776123,1.8691108226776123
1657,1.6389268636703491,1.6389268636703491,1.8656491041183472,1.8656491041183472
1658,1.6377710103988647,1.6377710103988647,1.8700542449951172,1.8700542449951172
1659,1.6384176015853882,1.6384176015853882,1.8714172840118408,1.8714172840118408
1660,1.6380034685134888,1.6380034685134888,1.8684532642364502,1.8684532642364502
1661,1.6387453079223633,1.6387453079223633,1.8656692504882812,1.8656692504882812
1662,1.6377546787261963,1.6377546787261963,1.8654577732086182,1.8654577732086182
1663,1.6381579637527466,1.6381579637527466,1.8674662113189697,1.8674662113189697
1664,1.6379060745239258,1.6379060745239258,1.866540551185608,1.866540551185608
1665,1.6378288269042969,1.6378288269042969,1.8665796518325806,1.8665796518325806
1666,1.6379398107528687,1.6379398107528687,1.8738843202590942,1.8738843202590942
1667,1.6381263732910156,1.6381263732910156,1.8665833473205566,1.8665833473205566
1668,1.6373852491378784,1.6373852491378784,1.8676329851150513,1.8676329851150513
1669,1.6375612020492554,1.6375612020492554,1.867724061012268,1.867724061012268
1670,1.6384602785110474,1.6384602785110474,1.866326093673706,1.866326093673706
1671,1.6386431455612183,1.6386431455612183,1.8646759986877441,1.8646759986877441
1672,1.637386679649353,1.637386679649353,1.866044521331787,1.866044521331787
1673,1.6378130912780762,1.6378130912780762,1.865289330482483,1.865289330482483
1674,1.637578010559082,1.637578010559082,1.8683363199234009,1.8683363199234009
1675,1.637771725654602,1.637771725654602,1.8672484159469604,1.8672484159469604
1676,1.6379588842391968,1.6379588842391968,1.864667296409607,1.864667296409607
1677,1.637414574623108,1.637414574623108,1.8673185110092163,1.8673185110092163
1678,1.63724684715271,1.63724684715271,1.8744107484817505,1.8744107484817505
1679,1.6377737522125244,1.6377737522125244,1.865134596824646,1.865134596824646
1680,1.6375070810317993,1.6375070810317993,1.8677361011505127,1.8677361011505127
1681,1.637188196182251,1.637188196182251,1.8649044036865234,1.8649044036865234
1682,1.638179898262024,1.638179898262024,1.866524338722229,1.866524338722229
1683,1.637771725654602,1.637771725654602,1.8677444458007812,1.8677444458007812
1684,1.6378298997879028,1.6378298997879028,1.8687399625778198,1.8687399625778198
1685,1.6376278400421143,1.6376278400421143,1.8648415803909302,1.8648415803909302
1686,1.6370618343353271,1.6370618343353271,1.8657211065292358,1.8657211065292358
1687,1.63737952709198,1.63737952709198,1.8664408922195435,1.8664408922195435
1688,1.6378458738327026,1.6378458738327026,1.8729194402694702,1.8729194402694702
1689,1.6374009847640991,1.6374009847640991,1.8688408136367798,1.8688408136367798
1690,1.6382575035095215,1.6382575035095215,1.8657612800598145,1.8657612800598145
1691,1.637030839920044,1.637030839920044,1.8668936491012573,1.8668936491012573
1692,1.6369000673294067,1.6369000673294067,1.8658785820007324,1.8658785820007324
1693,1.6376179456710815,1.6376179456710815,1.8698742389678955,1.8698742389678955
1694,1.6377588510513306,1.6377588510513306,1.8664827346801758,1.8664827346801758
1695,1.6377370357513428,1.6377370357513428,1.8663240671157837,1.8663240671157837
1696,1.63686203956604,1.63686203956604,1.8662859201431274,1.8662859201431274
1697,1.637067198753357,1.637067198753357,1.8678019046783447,1.8678019046783447
1698,1.6368772983551025,1.6368772983551025,1.8656806945800781,1.8656806945800781
1699,1.6373810768127441,1.6373810768127441,1.866402268409729,1.866402268409729
1700,1.6371138095855713,1.6371138095855713,1.8654377460479736,1.8654377460479736
1701,1.6373376846313477,1.6373376846313477,1.875855803489685,1.875855803489685
1702,1.6379518508911133,1.6379518508911133,1.8716593980789185,1.8716593980789185
1703,1.638185977935791,1.638185977935791,1.8666576147079468,1.8666576147079468
1704,1.6367197036743164,1.6367197036743164,1.8645861148834229,1.8645861148834229
1705,1.6370658874511719,1.6370658874511719,1.8675004243850708,1.8675004243850708
1706,1.6374784708023071,1.6374784708023071,1.8639634847640991,1.8639634847640991
1707,1.6366137266159058,1.6366137266159058,1.8643147945404053,1.8643147945404053
1708,1.6368364095687866,1.6368364095687866,1.864353060722351,1.864353060722351
1709,1.6369082927703857,1.6369082927703857,1.8648672103881836,1.8648672103881836
1710,1.6366394758224487,1.6366394758224487,1.8667263984680176,1.8667263984680176
1711,1.6363532543182373,1.6363532543182373,1.8659863471984863,1.8659863471984863
1712,1.6375116109848022,1.6375116109848022,1.8653666973114014,1.8653666973114014
1713,1.6369729042053223,1.6369729042053223,1.8663593530654907,1.8663593530654907
1714,1.6376339197158813,1.6376339197158813,1.8646501302719116,1.8646501302719116
1715,1.6367316246032715,1.6367316246032715,1.8643523454666138,1.8643523454666138
1716,1.636803388595581,1.636803388595581,1.8643394708633423,1.8643394708633423
1717,1.6369529962539673,1.6369529962539673,1.8690894842147827,1.8690894842147827
1718,1.6362117528915405,1.6362117528915405,1.8701268434524536,1.8701268434524536
1719,1.6363686323165894,1.6363686323165894,1.8642899990081787,1.8642899990081787
1720,1.636574387550354,1.636574387550354,1.8645650148391724,1.8645650148391724
1721,1.6362098455429077,1.6362098455429077,1.8662655353546143,1.8662655353546143
1722,1.6361629962921143,1.6361629962921143,1.865398645401001,1.865398645401001
1723,1.6369922161102295,1.6369922161102295,1.868870496749878,1.868870496749878
1724,1.6364549398422241,1.6364549398422241,1.8646636009216309,1.8646636009216309
1725,1.636521816253662,1.636521816253662,1.8669636249542236,1.8669636249542236
1726,1.6365253925323486,1.6365253925323486,1.8652384281158447,1.8652384281158447
1727,1.6361572742462158,1.6361572742462158,1.8648194074630737,1.8648194074630737
1728,1.6369353532791138,1.6369353532791138,1.8631680011749268,1.8631680011749268
1729,1.6365810632705688,1.6365810632705688,1.8646985292434692,1.8646985292434692
1730,1.6365970373153687,1.6365970373153687,1.8654942512512207,1.8654942512512207
1731,1.636094331741333,1.636094331741333,1.8638184070587158,1.8638184070587158
1732,1.636429786682129,1.636429786682129,1.8646436929702759,1.8646436929702759
1733,1.6365492343902588,1.6365492343902588,1.8694400787353516,1.8694400787353516
1734,1.63631010055542,1.63631010055542,1.8643040657043457,1.8643040657043457
1735,1.635859727859497,1.635859727859497,1.8642487525939941,1.8642487525939941
1736,1.6361652612686157,1.6361652612686157,1.864976406097412,1.864976406097412
1737,1.6359946727752686,1.6359946727752686,1.8649173974990845,1.8649173974990845
1738,1.6363505125045776,1.6363505125045776,1.8642487525939941,1.8642487525939941
1739,1.6362804174423218,1.6362804174423218,1.866042971611023,1.866042971611023
1740,1.6352170705795288,1.6352170705795288,1.8645585775375366,1.8645585775375366
1741,1.6362106800079346,1.6362106800079346,1.8661296367645264,1.8661296367645264
1742,1.6358174085617065,1.6358174085617065,1.864245057106018,1.864245057106018
1743,1.6359087228775024,1.6359087228775024,1.8670471906661987,1.8670471906661987
1744,1.635466456413269,1.635466456413269,1.8702757358551025,1.8702757358551025
1745,1.6368709802627563,1.6368709802627563,1.8665457963943481,1.8665457963943481
1746,1.6360756158828735,1.6360756158828735,1.8642150163650513,1.8642150163650513
1747,1.6359398365020752,1.6359398365020752,1.865718960762024,1.865718960762024
1748,1.6367638111114502,1.6367638111114502,1.8651701211929321,1.8651701211929321
1749,1.6357680559158325,1.6357680559158325,1.8641618490219116,1.8641618490219116
1750,1.6358522176742554,1.6358522176742554,1.8634544610977173,1.8634544610977173
1751,1.636168122291565,1.636168122291565,1.8630892038345337,1.8630892038345337
1752,1.6360759735107422,1.6360759735107422,1.8675965070724487,1.8675965070724487
1753,1.6362955570220947,1.6362955570220947,1.863911509513855,1.863911509513855
1754,1.635785460472107,1.635785460472107,1.8636683225631714,1.8636683225631714
1755,1.6356110572814941,1.6356110572814941,1.8660660982131958,1.8660660982131958
1756,1.6360224485397339,1.6360224485397339,1.8629260063171387,1.8629260063171387
1757,1.6357312202453613,1.6357312202453613,1.8646610975265503,1.8646610975265503
1758,1.6357141733169556,1.6357141733169556,1.8661797046661377,1.8661797046661377
1759,1.6354053020477295,1.6354053020477295,1.863736629486084,1.863736629486084
1760,1.6361266374588013,1.6361266374588013,1.8644609451293945,1.8644609451293945
1761,1.635941505432129,1.635941505432129,1.866487979888916,1.866487979888916
1762,1.6359505653381348,1.6359505653381348,1.8662281036376953,1.8662281036376953
1763,1.6354950666427612,1.6354950666427612,1.863808512687683,1.863808512687683
1764,1.635424256324768,1.635424256324768,1.8670138120651245,1.8670138120651245
1765,1.6359912157058716,1.6359912157058716,1.8660279512405396,1.8660279512405396
1766,1.6356594562530518,1.6356594562530518,1.862858772277832,1.862858772277832
1767,1.6351333856582642,1.6351333856582642,1.8650951385498047,1.8650951385498047
1768,1.6354950666427612,1.6354950666427612,1.865565538406372,1.865565538406372
1769,1.6360114812850952,1.6360114812850952,1.8636490106582642,1.8636490106582642
1770,1.6356518268585205,1.6356518268585205,1.867790937423706,1.867790937423706
1771,1.635056495666504,1.635056495666504,1.8647091388702393,1.8647091388702393
1772,1.635028600692749,1.635028600692749,1.863054633140564,1.863054633140564
1773,1.634903073310852,1.634903073310852,1.862382411956787,1.862382411956787
1774,1.634942650794983,1.634942650794983,1.866345763206482,1.866345763206482
1775,1.635827898979187,1.635827898979187,1.8651484251022339,1.8651484251022339
1776,1.63540518283844,1.63540518283844,1.8672034740447998,1.8672034740447998
1777,1.6347873210906982,1.6347873210906982,1.8631014823913574,1.8631014823913574
1778,1.6351646184921265,1.6351646184921265,1.8644518852233887,1.8644518852233887
1779,1.634766697883606,1.634766697883606,1.8692708015441895,1.8692708015441895
1780,1.634788155555725,1.634788155555725,1.8652359247207642,1.8652359247207642
1781,1.63533353805542,1.63533353805542,1.8629118204116821,1.8629118204116821
1782,1.6347538232803345,1.6347538232803345,1.864303469657898,1.864303469657898
1783,1.6348756551742554,1.6348756551742554,1.8657066822052002,1.8657066822052002
1784,1.6350131034851074,1.6350131034851074,1.8632076978683472,1.8632076978683472
1785,1.6351221799850464,1.6351221799850464,1.8649791479110718,1.8649791479110718
1786,1.6345505714416504,1.6345505714416504,1.864574909210205,1.864574909210205
1787,1.6350829601287842,1.6350829601287842,1.8620715141296387,1.8620715141296387
1788,1.6351072788238525,1.6351072788238525,1.8625280857086182,1.8625280857086182
1789,1.634406328201294,1.634406328201294,1.8631175756454468,1.8631175756454468
1790,1.6354786157608032,1.6354786157608032,1.8631389141082764,1.8631389141082764
1791,1.6348474025726318,1.6348474025726318,1.8633227348327637,1.8633227348327637
1792,1.634526252746582,1.634526252746582,1.8644825220108032,1.8644825220108032
1793,1.634067416191101,1.634067416191101,1.8632564544677734,1.8632564544677734
1794,1.6348711252212524,1.6348711252212524,1.8785250186920166,1.8785250186920166
1795,1.636094570159912,1.636094570159912,1.8645836114883423,1.8645836114883423
1796,1.6352208852767944,1.6352208852767944,1.8615487813949585,1.8615487813949585
1797,1.6346547603607178,1.6346547603607178,1.8622506856918335,1.8622506856918335
1798,1.6355527639389038,1.6355527639389038,1.86393404006958,1.86393404006958
1799,1.6344581842422485,1.6344581842422485,1.8622801303863525,1.8622801303863525
1800,1.6345734596252441,1.6345734596252441,1.8630750179290771,1.8630750179290771
1801,1.6344510316848755,1.6344510316848755,1.8702242374420166,1.8702242374420166
1802,1.634416103363037,1.634416103363037,1.8667540550231934,1.8667540550231934
1803,1.6351591348648071,1.6351591348648071,1.8633979558944702,1.8633979558944702
1804,1.6355894804000854,1.6355894804000854,1.8626465797424316,1.8626465797424316
1805,1.6348508596420288,1.6348508596420288,1.8650879859924316,1.8650879859924316
1806,1.6342113018035889,1.6342113018035889,1.863577961921692,1.863577961921692
1807,1.6353003978729248,1.6353003978729248,1.862999677658081,1.862999677658081
1808,1.6351618766784668,1.6351618766784668,1.8656724691390991,1.8656724691390991
1809,1.6344168186187744,1.6344168186187744,1.8632283210754395,1.8632283210754395
1810,1.6349440813064575,1.6349440813064575,1.8638296127319336,1.8638296127319336
1811,1.6341825723648071,1.6341825723648071,1.8628315925598145,1.8628315925598145
1812,1.6347377300262451,1.6347377300262451,1.8627270460128784,1.8627270460128784
1813,1.6341804265975952,1.6341804265975952,1.862465739250183,1.862465739250183
1814,1.6337488889694214,1.6337488889694214,1.8629859685897827,1.8629859685897827
1815,1.6342885494232178,1.6342885494232178,1.8635005950927734,1.8635005950927734
1816,1.6342350244522095,1.6342350244522095,1.8615933656692505,1.8615933656692505
1817,1.6334121227264404,1.6334121227264404,1.86333167552948,1.86333167552948
1818,1.6340214014053345,1.6340214014053345,1.864995002746582,1.864995002746582
1819,1.633662223815918,1.633662223815918,1.8629523515701294,1.8629523515701294
1820,1.6336039304733276,1.6336039304733276,1.8626651763916016,1.8626651763916016
1821,1.6339988708496094,1.6339988708496094,1.864051103591919,1.864051103591919
1822,1.6336380243301392,1.6336380243301392,1.8628093004226685,1.8628093004226685
1823,1.63399338722229,1.63399338722229,1.8654407262802124,1.8654407262802124
1824,1.634057641029358,1.634057641029358,1.8641185760498047,1.8641185760498047
1825,1.6340137720108032,1.6340137720108032,1.8622281551361084,1.8622281551361084
1826,1.634650468826294,1.634650468826294,1.8625133037567139,1.8625133037567139
1827,1.633729100227356,1.633729100227356,1.862062931060791,1.862062931060791
1828,1.6345257759094238,1.6345257759094238,1.8621867895126343,1.8621867895126343
1829,1.6347259283065796,1.6347259283065796,1.8615713119506836,1.8615713119506836
1830,1.6341071128845215,1.6341071128845215,1.862302303314209,1.862302303314209
1831,1.6343272924423218,1.6343272924423218,1.8609427213668823,1.8609427213668823
1832,1.6339019536972046,1.6339019536972046,1.8619922399520874,1.8619922399520874
1833,1.633575439453125,1.633575439453125,1.8613783121109009,1.8613783121109009
1834,1.63346529006958,1.63346529006958,1.862154483795166,1.862154483795166
1835,1.6339795589447021,1.6339795589447021,1.8662910461425781,1.8662910461425781
1836,1.633881688117981,1.633881688117981,1.861739158630371,1.861739158630371
1837,1.6339232921600342,1.6339232921600342,1.8624682426452637,1.8624682426452637
1838,1.634558081626892,1.634558081626892,1.8619282245635986,1.8619282245635986
1839,1.6340291500091553,1.6340291500091553,1.8615381717681885,1.8615381717681885
1840,1.6331440210342407,1.6331440210342407,1.8620617389678955,1.8620617389678955
1841,1.6331390142440796,1.6331390142440796,1.8641446828842163,1.8641446828842163
1842,1.6344943046569824,1.6344943046569824,1.8652373552322388,1.8652373552322388
1843,1.634195327758789,1.634195327758789,1.8634815216064453,1.8634815216064453
1844,1.632970929145813,1.632970929145813,1.861433506011963,1.861433506011963
1845,1.6330357789993286,1.6330357789993286,1.8615939617156982,1.8615939617156982
1846,1.6337324380874634,1.6337324380874634,1.8620492219924927,1.8620492219924927
1847,1.6330699920654297,1.6330699920654297,1.8618000745773315,1.8618000745773315
1848,1.633239507675171,1.633239507675171,1.8632185459136963,1.8632185459136963
1849,1.6336438655853271,1.6336438655853271,1.8615361452102661,1.8615361452102661
1850,1.6331760883331299,1.6331760883331299,1.8652188777923584,1.8652188777923584
1851,1.6330751180648804,1.6330751180648804,1.8620576858520508,1.8620576858520508
1852,1.6330212354660034,1.6330212354660034,1.8598426580429077,1.8598426580429077
1853,1.6331756114959717,1.6331756114959717,1.8633568286895752,1.8633568286895752
1854,1.6329982280731201,1.6329982280731201,1.8636168241500854,1.8636168241500854
1855,1.6328884363174438,1.6328884363174438,1.864991545677185,1.864991545677185
1856,1.633471965789795,1.633471965789795,1.8626656532287598,1.8626656532287598
1857,1.6336493492126465,1.6336493492126465,1.8607548475265503,1.8607548475265503
1858,1.6326558589935303,1.6326558589935303,1.859758973121643,1.859758973121643
1859,1.6329677104949951,1.6329677104949951,1.8606278896331787,1.8606278896331787
1860,1.6330853700637817,1.6330853700637817,1.8608427047729492,1.8608427047729492
1861,1.632439136505127,1.632439136505127,1.8634448051452637,1.8634448051452637
1862,1.6333295106887817,1.6333295106887817,1.8625179529190063,1.8625179529190063
1863,1.6331613063812256,1.6331613063812256,1.8613001108169556,1.8613001108169556
1864,1.632858157157898,1.632858157157898,1.8590909242630005,1.8590909242630005
1865,1.6333614587783813,1.6333614587783813,1.8645075559616089,1.8645075559616089
1866,1.6333202123641968,1.6333202123641968,1.863102912902832,1.863102912902832
1867,1.6324050426483154,1.6324050426483154,1.8616381883621216,1.8616381883621216
1868,1.632960319519043,1.632960319519043,1.8622546195983887,1.8622546195983887
1869,1.6326841115951538,1.6326841115951538,1.8610726594924927,1.8610726594924927
1870,1.6327146291732788,1.6327146291732788,1.8605676889419556,1.8605676889419556
1871,1.6329469680786133,1.6329469680786133,1.8628991842269897,1.8628991842269897
1872,1.6342178583145142,1.6342178583145142,1.8611552715301514,1.8611552715301514
1873,1.6322695016860962,1.6322695016860962,1.8641586303710938,1.8641586303710938
1874,1.632664442062378,1.632664442062378,1.8612654209136963,1.8612654209136963
1875,1.6322575807571411,1.6322575807571411,1.864153504371643,1.864153504371643
1876,1.6328985691070557,1.6328985691070557,1.8630942106246948,1.8630942106246948
1877,1.6325292587280273,1.6325292587280273,1.8615306615829468,1.8615306615829468
1878,1.6324204206466675,1.6324204206466675,1.8639118671417236,1.8639118671417236
1879,1.6333339214324951,1.6333339214324951,1.8614567518234253,1.8614567518234253
1880,1.6334874629974365,1.6334874629974365,1.862241506576538,1.862241506576538
1881,1.6321072578430176,1.6321072578430176,1.8643981218338013,1.8643981218338013
1882,1.6320973634719849,1.6320973634719849,1.8592430353164673,1.8592430353164673
1883,1.6325385570526123,1.6325385570526123,1.859980583190918,1.859980583190918
1884,1.632810354232788,1.632810354232788,1.864283561706543,1.864283561706543
1885,1.632203221321106,1.632203221321106,1.862866759300232,1.862866759300232
1886,1.6320968866348267,1.6320968866348267,1.8608204126358032,1.8608204126358032
1887,1.632092833518982,1.632092833518982,1.8604679107666016,1.8604679107666016
1888,1.6319892406463623,1.6319892406463623,1.860217571258545,1.860217571258545
1889,1.632409691810608,1.632409691810608,1.8612741231918335,1.8612741231918335
1890,1.6331318616867065,1.6331318616867065,1.8630704879760742,1.8630704879760742
1891,1.632386565208435,1.632386565208435,1.8628661632537842,1.8628661632537842
1892,1.6331281661987305,1.6331281661987305,1.8617664575576782,1.8617664575576782
1893,1.6324199438095093,1.6324199438095093,1.864903211593628,1.864903211593628
1894,1.6323049068450928,1.6323049068450928,1.8603646755218506,1.8603646755218506
1895,1.6324682235717773,1.6324682235717773,1.8634542226791382,1.8634542226791382
1896,1.6319369077682495,1.6319369077682495,1.8616019487380981,1.8616019487380981
1897,1.6329518556594849,1.6329518556594849,1.8595343828201294,1.8595343828201294
1898,1.6319427490234375,1.6319427490234375,1.8620535135269165,1.8620535135269165
1899,1.6323527097702026,1.6323527097702026,1.8613837957382202,1.8613837957382202
1900,1.6328548192977905,1.6328548192977905,1.8646997213363647,1.8646997213363647
1901,1.6319072246551514,1.6319072246551514,1.8606631755828857,1.8606631755828857
1902,1.6323684453964233,1.6323684453964233,1.8611571788787842,1.8611571788787842
1903,1.6315654516220093,1.6315654516220093,1.8598533868789673,1.8598533868789673
1904,1.6314902305603027,1.6314902305603027,1.8626374006271362,1.8626374006271362
1905,1.6318279504776,1.6318279504776,1.8599789142608643,1.8599789142608643
1906,1.6314538717269897,1.6314538717269897,1.859967589378357,1.859967589378357
1907,1.6316587924957275,1.6316587924957275,1.8600879907608032,1.8600879907608032
1908,1.6333279609680176,1.6333279609680176,1.8618741035461426,1.8618741035461426
1909,1.6327301263809204,1.6327301263809204,1.8603971004486084,1.8603971004486084
1910,1.6319596767425537,1.6319596767425537,1.85997474193573,1.85997474193573
1911,1.6315568685531616,1.6315568685531616,1.861757755279541,1.861757755279541
1912,1.632537841796875,1.632537841796875,1.8597724437713623,1.8597724437713623
1913,1.6316447257995605,1.6316447257995605,1.861328125,1.861328125
1914,1.632859230041504,1.632859230041504,1.8597689867019653,1.8597689867019653
1915,1.6320199966430664,1.6320199966430664,1.8610562086105347,1.8610562086105347
1916,1.6317731142044067,1.6317731142044067,1.8610920906066895,1.8610920906066895
1917,1.6317105293273926,1.6317105293273926,1.8658182621002197,1.8658182621002197
1918,1.631182312965393,1.631182312965393,1.8641780614852905,1.8641780614852905
1919,1.6323529481887817,1.6323529481887817,1.8604683876037598,1.8604683876037598
1920,1.6308557987213135,1.6308557987213135,1.8612043857574463,1.8612043857574463
1921,1.6326241493225098,1.6326241493225098,1.8603572845458984,1.8603572845458984
1922,1.6313681602478027,1.6313681602478027,1.8606051206588745,1.8606051206588745
1923,1.6325792074203491,1.6325792074203491,1.8617151975631714,1.8617151975631714
1924,1.6321476697921753,1.6321476697921753,1.8614176511764526,1.8614176511764526
1925,1.6317620277404785,1.6317620277404785,1.8618407249450684,1.8618407249450684
1926,1.6314221620559692,1.6314221620559692,1.862858772277832,1.862858772277832
1927,1.6311261653900146,1.6311261653900146,1.860735535621643,1.860735535621643
1928,1.6311147212982178,1.6311147212982178,1.8593218326568604,1.8593218326568604
1929,1.6325875520706177,1.6325875520706177,1.860698938369751,1.860698938369751
1930,1.6311721801757812,1.6311721801757812,1.864001750946045,1.864001750946045
1931,1.631700873374939,1.631700873374939,1.860222578048706,1.860222578048706
1932,1.6314711570739746,1.6314711570739746,1.8602665662765503,1.8602665662765503
1933,1.631078839302063,1.631078839302063,1.859307885169983,1.859307885169983
1934,1.6314510107040405,1.6314510107040405,1.8597606420516968,1.8597606420516968
1935,1.6314442157745361,1.6314442157745361,1.8588899374008179,1.8588899374008179
1936,1.6307626962661743,1.6307626962661743,1.8603456020355225,1.8603456020355225
1937,1.6309833526611328,1.6309833526611328,1.8605440855026245,1.8605440855026245
1938,1.631512999534607,1.631512999534607,1.859468698501587,1.859468698501587
1939,1.631773591041565,1.631773591041565,1.861554503440857,1.861554503440857
1940,1.6317100524902344,1.6317100524902344,1.8589907884597778,1.8589907884597778
1941,1.631080150604248,1.631080150604248,1.8587255477905273,1.8587255477905273
1942,1.631212830543518,1.631212830543518,1.8597867488861084,1.8597867488861084
1943,1.6309609413146973,1.6309609413146973,1.8587887287139893,1.8587887287139893
1944,1.6313914060592651,1.6313914060592651,1.8598058223724365,1.8598058223724365
1945,1.630631446838379,1.630631446838379,1.8595702648162842,1.8595702648162842
1946,1.6314043998718262,1.6314043998718262,1.8598082065582275,1.8598082065582275
1947,1.630311131477356,1.630311131477356,1.8586816787719727,1.8586816787719727
1948,1.630632758140564,1.630632758140564,1.858403205871582,1.858403205871582
1949,1.631266713142395,1.631266713142395,1.8607076406478882,1.8607076406478882
1950,1.630829095840454,1.630829095840454,1.85971999168396,1.85971999168396
1951,1.6308763027191162,1.6308763027191162,1.8651366233825684,1.8651366233825684
1952,1.6306504011154175,1.6306504011154175,1.8590096235275269,1.8590096235275269
1953,1.6303635835647583,1.6303635835647583,1.8602018356323242,1.8602018356323242
1954,1.63062584400177,1.63062584400177,1.8618390560150146,1.8618390560150146
1955,1.6309404373168945,1.6309404373168945,1.8594880104064941,1.8594880104064941
1956,1.630911946296692,1.630911946296692,1.8681576251983643,1.8681576251983643
1957,1.6307059526443481,1.6307059526443481,1.8625636100769043,1.8625636100769043
1958,1.6308211088180542,1.6308211088180542,1.858747124671936,1.858747124671936
1959,1.630534291267395,1.630534291267395,1.859817624092102,1.859817624092102
1960,1.6309759616851807,1.6309759616851807,1.8590432405471802,1.8590432405471802
1961,1.6308271884918213,1.6308271884918213,1.8656750917434692,1.8656750917434692
1962,1.6303050518035889,1.6303050518035889,1.8603298664093018,1.8603298664093018
1963,1.6305848360061646,1.6305848360061646,1.858612060546875,1.858612060546875
1964,1.6305947303771973,1.6305947303771973,1.8583959341049194,1.8583959341049194
1965,1.6309967041015625,1.6309967041015625,1.8589671850204468,1.8589671850204468
1966,1.6300925016403198,1.6300925016403198,1.8611094951629639,1.8611094951629639
1967,1.6306957006454468,1.6306957006454468,1.8584424257278442,1.8584424257278442
1968,1.6304038763046265,1.6304038763046265,1.8602385520935059,1.8602385520935059
1969,1.6302690505981445,1.6302690505981445,1.8589634895324707,1.8589634895324707
1970,1.630702018737793,1.630702018737793,1.8584716320037842,1.8584716320037842
1971,1.6304864883422852,1.6304864883422852,1.8590160608291626,1.8590160608291626
1972,1.6310300827026367,1.6310300827026367,1.8590068817138672,1.8590068817138672
1973,1.629850149154663,1.629850149154663,1.8600671291351318,1.8600671291351318
1974,1.6319350004196167,1.6319350004196167,1.8605611324310303,1.8605611324310303
1975,1.6301203966140747,1.6301203966140747,1.8597166538238525,1.8597166538238525
1976,1.6300365924835205,1.6300365924835205,1.8646985292434692,1.8646985292434692
1977,1.630602478981018,1.630602478981018,1.8573143482208252,1.8573143482208252
1978,1.6300960779190063,1.6300960779190063,1.8606559038162231,1.8606559038162231
1979,1.630027174949646,1.630027174949646,1.8623896837234497,1.8623896837234497
1980,1.6299316883087158,1.6299316883087158,1.8638076782226562,1.8638076782226562
1981,1.6297842264175415,1.6297842264175415,1.8586231470108032,1.8586231470108032
1982,1.6303668022155762,1.6303668022155762,1.8580784797668457,1.8580784797668457
1983,1.6299630403518677,1.6299630403518677,1.8584342002868652,1.8584342002868652
1984,1.6309711933135986,1.6309711933135986,1.858467936515808,1.858467936515808
1985,1.6303589344024658,1.6303589344024658,1.8586870431900024,1.8586870431900024
1986,1.6297866106033325,1.6297866106033325,1.8586413860321045,1.8586413860321045
1987,1.6309128999710083,1.6309128999710083,1.8576481342315674,1.8576481342315674
1988,1.6297850608825684,1.6297850608825684,1.8575483560562134,1.8575483560562134
1989,1.6300638914108276,1.6300638914108276,1.8583178520202637,1.8583178520202637
1990,1.629831314086914,1.629831314086914,1.8581310510635376,1.8581310510635376
1991,1.6295279264450073,1.6295279264450073,1.8587605953216553,1.8587605953216553
1992,1.6301161050796509,1.6301161050796509,1.8673096895217896,1.8673096895217896
1993,1.6304763555526733,1.6304763555526733,1.8597464561462402,1.8597464561462402
1994,1.629451036453247,1.629451036453247,1.8584898710250854,1.8584898710250854
1995,1.6295838356018066,1.6295838356018066,1.859390377998352,1.859390377998352
1996,1.6299422979354858,1.6299422979354858,1.8584057092666626,1.8584057092666626
1997,1.6299667358398438,1.6299667358398438,1.8580896854400635,1.8580896854400635
1998,1.6298174858093262,1.6298174858093262,1.856794834136963,1.856794834136963
1999,1.629652738571167,1.629652738571167,1.8583492040634155,1.8583492040634155
2000,1.6295764446258545,1.6295764446258545,1.8587356805801392,1.8587356805801392
2001,1.6293654441833496,1.6293654441833496,1.8572512865066528,1.8572512865066528
2002,1.6299934387207031,1.6299934387207031,1.8603957891464233,1.8603957891464233
2003,1.6302919387817383,1.6302919387817383,1.8598308563232422,1.8598308563232422
2004,1.628943681716919,1.628943681716919,1.8600165843963623,1.8600165843963623
2005,1.6293964385986328,1.6293964385986328,1.860398292541504,1.860398292541504
2006,1.6293843984603882,1.6293843984603882,1.8576304912567139,1.8576304912567139
2007,1.6301939487457275,1.6301939487457275,1.857517957687378,1.857517957687378
2008,1.6297032833099365,1.6297032833099365,1.8575379848480225,1.8575379848480225
2009,1.6293011903762817,1.6293011903762817,1.8595983982086182,1.8595983982086182
2010,1.6309760808944702,1.6309760808944702,1.857959508895874,1.857959508895874
2011,1.6292469501495361,1.6292469501495361,1.8614282608032227,1.8614282608032227
2012,1.631353497505188,1.631353497505188,1.859717607498169,1.859717607498169
2013,1.6293442249298096,1.6293442249298096,1.8581193685531616,1.8581193685531616
2014,1.628856897354126,1.628856897354126,1.857844352722168,1.857844352722168
2015,1.6291494369506836,1.6291494369506836,1.858431100845337,1.858431100845337
2016,1.6298556327819824,1.6298556327819824,1.8565254211425781,1.8565254211425781
2017,1.6290087699890137,1.6290087699890137,1.8597697019577026,1.8597697019577026
2018,1.6290594339370728,1.6290594339370728,1.8560066223144531,1.8560066223144531
2019,1.6293753385543823,1.6293753385543823,1.8571280241012573,1.8571280241012573
2020,1.6289132833480835,1.6289132833480835,1.8565266132354736,1.8565266132354736
2021,1.6296539306640625,1.6296539306640625,1.856398582458496,1.856398582458496
2022,1.6293467283248901,1.6293467283248901,1.8566699028015137,1.8566699028015137
2023,1.6290252208709717,1.6290252208709717,1.8589386940002441,1.8589386940002441
2024,1.629164218902588,1.629164218902588,1.856449842453003,1.856449842453003
2025,1.6286661624908447,1.6286661624908447,1.855725646018982,1.855725646018982
2026,1.6287562847137451,1.6287562847137451,1.8581472635269165,1.8581472635269165
2027,1.6302788257598877,1.6302788257598877,1.8571550846099854,1.8571550846099854
2028,1.6291735172271729,1.6291735172271729,1.8618745803833008,1.8618745803833008
2029,1.6293158531188965,1.6293158531188965,1.8567858934402466,1.8567858934402466
2030,1.6293449401855469,1.6293449401855469,1.8582763671875,1.8582763671875
2031,1.6284984350204468,1.6284984350204468,1.8579654693603516,1.8579654693603516
2032,1.6287318468093872,1.6287318468093872,1.8577617406845093,1.8577617406845093
2033,1.6286171674728394,1.6286171674728394,1.8566498756408691,1.8566498756408691
2034,1.6289819478988647,1.6289819478988647,1.8569022417068481,1.8569022417068481
2035,1.6290358304977417,1.6290358304977417,1.8591593503952026,1.8591593503952026
2036,1.62840735912323,1.62840735912323,1.8567516803741455,1.8567516803741455
2037,1.6287108659744263,1.6287108659744263,1.8569509983062744,1.8569509983062744
2038,1.6286587715148926,1.6286587715148926,1.858756184577942,1.858756184577942
2039,1.6285101175308228,1.6285101175308228,1.857682228088379,1.857682228088379
2040,1.628988265991211,1.628988265991211,1.8583012819290161,1.8583012819290161
2041,1.6292425394058228,1.6292425394058228,1.8564506769180298,1.8564506769180298
2042,1.6291282176971436,1.6291282176971436,1.8570622205734253,1.8570622205734253
2043,1.6294447183609009,1.6294447183609009,1.8567098379135132,1.8567098379135132
2044,1.6280990839004517,1.6280990839004517,1.8596636056900024,1.8596636056900024
2045,1.6281629800796509,1.6281629800796509,1.8577543497085571,1.8577543497085571
2046,1.6285256147384644,1.6285256147384644,1.8558064699172974,1.8558064699172974
2047,1.629072904586792,1.629072904586792,1.8554781675338745,1.8554781675338745
2048,1.6296968460083008,1.6296968460083008,1.856126308441162,1.856126308441162
2049,1.6283410787582397,1.6283410787582397,1.8562277555465698,1.8562277555465698
2050,1.6281753778457642,1.6281753778457642,1.8568096160888672,1.8568096160888672
2051,1.6290868520736694,1.6290868520736694,1.8559390306472778,1.8559390306472778
2052,1.6281521320343018,1.6281521320343018,1.8556122779846191,1.8556122779846191
2053,1.628430962562561,1.628430962562561,1.856086015701294,1.856086015701294
2054,1.6287449598312378,1.6287449598312378,1.8568953275680542,1.8568953275680542
2055,1.62821626663208,1.62821626663208,1.8570979833602905,1.8570979833602905
2056,1.6280543804168701,1.6280543804168701,1.862518310546875,1.862518310546875
2057,1.6282975673675537,1.6282975673675537,1.856884479522705,1.856884479522705
2058,1.6283241510391235,1.6283241510391235,1.8642399311065674,1.8642399311065674
2059,1.6293383836746216,1.6293383836746216,1.855360507965088,1.855360507965088
2060,1.629647970199585,1.629647970199585,1.857789397239685,1.857789397239685
2061,1.6285673379898071,1.6285673379898071,1.8567688465118408,1.8567688465118408
2062,1.628380537033081,1.628380537033081,1.8560335636138916,1.8560335636138916
2063,1.6280463933944702,1.6280463933944702,1.8550163507461548,1.8550163507461548
2064,1.6278668642044067,1.6278668642044067,1.855596899986267,1.855596899986267
2065,1.6281465291976929,1.6281465291976929,1.8543120622634888,1.8543120622634888
2066,1.6279592514038086,1.6279592514038086,1.8564437627792358,1.8564437627792358
2067,1.6279207468032837,1.6279207468032837,1.8589779138565063,1.8589779138565063
2068,1.6278196573257446,1.6278196573257446,1.856794834136963,1.856794834136963
2069,1.6283316612243652,1.6283316612243652,1.8563024997711182,1.8563024997711182
2070,1.627853274345398,1.627853274345398,1.8582243919372559,1.8582243919372559
2071,1.6287890672683716,1.6287890672683716,1.85617995262146,1.85617995262146
2072,1.6280940771102905,1.6280940771102905,1.8562499284744263,1.8562499284744263
2073,1.628243088722229,1.628243088722229,1.857202172279358,1.857202172279358
2074,1.6277964115142822,1.6277964115142822,1.8584762811660767,1.8584762811660767
2075,1.6276911497116089,1.6276911497116089,1.8551684617996216,1.8551684617996216
2076,1.6287723779678345,1.6287723779678345,1.8568644523620605,1.8568644523620605
2077,1.6281307935714722,1.6281307935714722,1.8546085357666016,1.8546085357666016
2078,1.628149390220642,1.628149390220642,1.8556714057922363,1.8556714057922363
2079,1.6282134056091309,1.6282134056091309,1.8617287874221802,1.8617287874221802
2080,1.6285009384155273,1.6285009384155273,1.8556110858917236,1.8556110858917236
2081,1.6277443170547485,1.6277443170547485,1.8556969165802002,1.8556969165802002
2082,1.6277414560317993,1.6277414560317993,1.855567216873169,1.855567216873169
2083,1.627803921699524,1.627803921699524,1.8569650650024414,1.8569650650024414
2084,1.62803053855896,1.62803053855896,1.8569750785827637,1.8569750785827637
2085,1.627980351448059,1.627980351448059,1.8546515703201294,1.8546515703201294
2086,1.6281771659851074,1.6281771659851074,1.8550105094909668,1.8550105094909668
2087,1.6269477605819702,1.6269477605819702,1.861620545387268,1.861620545387268
2088,1.6280335187911987,1.6280335187911987,1.8543336391448975,1.8543336391448975
2089,1.6273702383041382,1.6273702383041382,1.8563674688339233,1.8563674688339233
2090,1.6270185708999634,1.6270185708999634,1.8562735319137573,1.8562735319137573
2091,1.6282298564910889,1.6282298564910889,1.8565945625305176,1.8565945625305176
2092,1.627907395362854,1.627907395362854,1.8567562103271484,1.8567562103271484
2093,1.6275056600570679,1.6275056600570679,1.854602336883545,1.854602336883545
2094,1.6277769804000854,1.6277769804000854,1.8552249670028687,1.8552249670028687
2095,1.6270607709884644,1.6270607709884644,1.8549319505691528,1.8549319505691528
2096,1.6277432441711426,1.6277432441711426,1.8572204113006592,1.8572204113006592
2097,1.6279867887496948,1.6279867887496948,1.8550961017608643,1.8550961017608643
2098,1.6274651288986206,1.6274651288986206,1.8556700944900513,1.8556700944900513
2099,1.6270365715026855,1.6270365715026855,1.8555561304092407,1.8555561304092407
2100,1.6278053522109985,1.6278053522109985,1.8586605787277222,1.8586605787277222
2101,1.6269346475601196,1.6269346475601196,1.8556782007217407,1.8556782007217407
2102,1.627221941947937,1.627221941947937,1.8549460172653198,1.8549460172653198
2103,1.6267200708389282,1.6267200708389282,1.8549195528030396,1.8549195528030396
2104,1.6276116371154785,1.6276116371154785,1.8547282218933105,1.8547282218933105
2105,1.6268049478530884,1.6268049478530884,1.8559479713439941,1.8559479713439941
2106,1.6273359060287476,1.6273359060287476,1.85331392288208,1.85331392288208
2107,1.6279923915863037,1.6279923915863037,1.8542662858963013,1.8542662858963013
2108,1.627374529838562,1.627374529838562,1.8567874431610107,1.8567874431610107
2109,1.6278475522994995,1.6278475522994995,1.8576321601867676,1.8576321601867676
2110,1.6268478631973267,1.6268478631973267,1.855331540107727,1.855331540107727
2111,1.6270555257797241,1.6270555257797241,1.8552212715148926,1.8552212715148926
2112,1.6278132200241089,1.6278132200241089,1.8550410270690918,1.8550410270690918
2113,1.6270415782928467,1.6270415782928467,1.8557096719741821,1.8557096719741821
2114,1.6274418830871582,1.6274418830871582,1.8532475233078003,1.8532475233078003
2115,1.626965880393982,1.626965880393982,1.8546674251556396,1.8546674251556396
2116,1.6268426179885864,1.6268426179885864,1.8534685373306274,1.8534685373306274
2117,1.6262315511703491,1.6262315511703491,1.855181097984314,1.855181097984314
2118,1.6274616718292236,1.6274616718292236,1.8615847826004028,1.8615847826004028
2119,1.6262998580932617,1.6262998580932617,1.8559963703155518,1.8559963703155518
2120,1.6267403364181519,1.6267403364181519,1.8648762702941895,1.8648762702941895
2121,1.626988172531128,1.626988172531128,1.8529118299484253,1.8529118299484253
2122,1.6274397373199463,1.6274397373199463,1.8547924757003784,1.8547924757003784
2123,1.62753427028656,1.62753427028656,1.8563743829727173,1.8563743829727173
2124,1.6265201568603516,1.6265201568603516,1.854248046875,1.854248046875
2125,1.6267584562301636,1.6267584562301636,1.8561739921569824,1.8561739921569824
2126,1.6265137195587158,1.6265137195587158,1.8539315462112427,1.8539315462112427
2127,1.6265475749969482,1.6265475749969482,1.8556420803070068,1.8556420803070068
2128,1.626882791519165,1.626882791519165,1.8553545475006104,1.8553545475006104
2129,1.626733422279358,1.626733422279358,1.8556551933288574,1.8556551933288574
2130,1.6268830299377441,1.6268830299377441,1.855808973312378,1.855808973312378
2131,1.626894474029541,1.626894474029541,1.8535962104797363,1.8535962104797363
2132,1.6264455318450928,1.6264455318450928,1.8546208143234253,1.8546208143234253
2133,1.6269850730895996,1.6269850730895996,1.8551098108291626,1.8551098108291626
2134,1.6273311376571655,1.6273311376571655,1.8540048599243164,1.8540048599243164
2135,1.62625253200531,1.62625253200531,1.853645920753479,1.853645920753479
2136,1.6264108419418335,1.6264108419418335,1.8538285493850708,1.8538285493850708
2137,1.626740574836731,1.626740574836731,1.8555907011032104,1.8555907011032104
2138,1.6263916492462158,1.6263916492462158,1.853155493736267,1.853155493736267
2139,1.6269892454147339,1.6269892454147339,1.8549686670303345,1.8549686670303345
2140,1.626318097114563,1.626318097114563,1.85441255569458,1.85441255569458
2141,1.62687349319458,1.62687349319458,1.8531266450881958,1.8531266450881958
2142,1.6259140968322754,1.6259140968322754,1.8551338911056519,1.8551338911056519
2143,1.6258217096328735,1.6258217096328735,1.8539745807647705,1.8539745807647705
2144,1.626755952835083,1.626755952835083,1.8542394638061523,1.8542394638061523
2145,1.6273651123046875,1.6273651123046875,1.8528059720993042,1.8528059720993042
2146,1.625915288925171,1.625915288925171,1.8531970977783203,1.8531970977783203
2147,1.6260266304016113,1.6260266304016113,1.8524938821792603,1.8524938821792603
2148,1.6262998580932617,1.6262998580932617,1.8571226596832275,1.8571226596832275
2149,1.6264728307724,1.6264728307724,1.8524202108383179,1.8524202108383179
2150,1.6258800029754639,1.6258800029754639,1.854202151298523,1.854202151298523
2151,1.6261271238327026,1.6261271238327026,1.8527437448501587,1.8527437448501587
2152,1.6264108419418335,1.6264108419418335,1.8542529344558716,1.8542529344558716
2153,1.626792311668396,1.626792311668396,1.8567414283752441,1.8567414283752441
2154,1.6263889074325562,1.6263889074325562,1.8525187969207764,1.8525187969207764
2155,1.6261540651321411,1.6261540651321411,1.8538548946380615,1.8538548946380615
2156,1.6265203952789307,1.6265203952789307,1.852683424949646,1.852683424949646
2157,1.6260331869125366,1.6260331869125366,1.853530764579773,1.853530764579773
2158,1.625653862953186,1.625653862953186,1.8530813455581665,1.8530813455581665
2159,1.6255733966827393,1.6255733966827393,1.856975793838501,1.856975793838501
2160,1.626136064529419,1.626136064529419,1.8534948825836182,1.8534948825836182
2161,1.6268038749694824,1.6268038749694824,1.8526371717453003,1.8526371717453003
2162,1.625194787979126,1.625194787979126,1.8518046140670776,1.8518046140670776
2163,1.626132607460022,1.626132607460022,1.8546903133392334,1.8546903133392334
2164,1.6254515647888184,1.6254515647888184,1.8540982007980347,1.8540982007980347
2165,1.6258057355880737,1.6258057355880737,1.8527517318725586,1.8527517318725586
2166,1.6266272068023682,1.6266272068023682,1.8544820547103882,1.8544820547103882
2167,1.6251451969146729,1.6251451969146729,1.8533183336257935,1.8533183336257935
2168,1.6260095834732056,1.6260095834732056,1.8533680438995361,1.8533680438995361
2169,1.6260197162628174,1.6260197162628174,1.8521876335144043,1.8521876335144043
2170,1.626132607460022,1.626132607460022,1.8522224426269531,1.8522224426269531
2171,1.625191330909729,1.625191330909729,1.8526761531829834,1.8526761531829834
2172,1.6257599592208862,1.6257599592208862,1.8535791635513306,1.8535791635513306
2173,1.6257528066635132,1.6257528066635132,1.8523503541946411,1.8523503541946411
2174,1.625203251838684,1.625203251838684,1.8517963886260986,1.8517963886260986
2175,1.6257163286209106,1.6257163286209106,1.8536572456359863,1.8536572456359863
2176,1.6256520748138428,1.6256520748138428,1.8530387878417969,1.8530387878417969
2177,1.62588632106781,1.62588632106781,1.852232575416565,1.852232575416565
2178,1.6256673336029053,1.6256673336029053,1.8524800539016724,1.8524800539016724
2179,1.6255110502243042,1.6255110502243042,1.8553704023361206,1.8553704023361206
2180,1.6254392862319946,1.6254392862319946,1.8510236740112305,1.8510236740112305
2181,1.625455617904663,1.625455617904663,1.8554151058197021,1.8554151058197021
2182,1.6251754760742188,1.6251754760742188,1.8520128726959229,1.8520128726959229
2183,1.6251353025436401,1.6251353025436401,1.8510644435882568,1.8510644435882568
2184,1.6250907182693481,1.6250907182693481,1.850480556488037,1.850480556488037
2185,1.6258981227874756,1.6258981227874756,1.8521029949188232,1.8521029949188232
2186,1.6256664991378784,1.6256664991378784,1.851933479309082,1.851933479309082
2187,1.6267670392990112,1.6267670392990112,1.8530076742172241,1.8530076742172241
2188,1.6260319948196411,1.6260319948196411,1.8524898290634155,1.8524898290634155
2189,1.6251527070999146,1.6251527070999146,1.8512094020843506,1.8512094020843506
2190,1.6253247261047363,1.6253247261047363,1.8529211282730103,1.8529211282730103
2191,1.625557780265808,1.625557780265808,1.8521324396133423,1.8521324396133423
2192,1.6260737180709839,1.6260737180709839,1.8522526025772095,1.8522526025772095
2193,1.6250849962234497,1.6250849962234497,1.8532038927078247,1.8532038927078247
2194,1.6253330707550049,1.6253330707550049,1.8518372774124146,1.8518372774124146
2195,1.6253724098205566,1.6253724098205566,1.8520874977111816,1.8520874977111816
2196,1.6251906156539917,1.6251906156539917,1.8591740131378174,1.8591740131378174
2197,1.625502109527588,1.625502109527588,1.8519796133041382,1.8519796133041382
2198,1.6258424520492554,1.6258424520492554,1.8525363206863403,1.8525363206863403
2199,1.625380039215088,1.625380039215088,1.8517801761627197,1.8517801761627197
2200,1.6246412992477417,1.6246412992477417,1.8517260551452637,1.8517260551452637
2201,1.6246203184127808,1.6246203184127808,1.8522032499313354,1.8522032499313354
2202,1.6254910230636597,1.6254910230636597,1.8525230884552002,1.8525230884552002
2203,1.624559998512268,1.624559998512268,1.8501533269882202,1.8501533269882202
2204,1.6246591806411743,1.6246591806411743,1.8521032333374023,1.8521032333374023
2205,1.6253334283828735,1.6253334283828735,1.8545341491699219,1.8545341491699219
2206,1.6253465414047241,1.6253465414047241,1.8579546213150024,1.8579546213150024
2207,1.6250660419464111,1.6250660419464111,1.8513323068618774,1.8513323068618774
2208,1.624609112739563,1.624609112739563,1.852310299873352,1.852310299873352
2209,1.6249794960021973,1.6249794960021973,1.8504496812820435,1.8504496812820435
2210,1.6247804164886475,1.6247804164886475,1.8515286445617676,1.8515286445617676
2211,1.6245676279067993,1.6245676279067993,1.853865146636963,1.853865146636963
2212,1.6248456239700317,1.6248456239700317,1.8498510122299194,1.8498510122299194
2213,1.624649167060852,1.624649167060852,1.8507522344589233,1.8507522344589233
2214,1.6247512102127075,1.6247512102127075,1.8509912490844727,1.8509912490844727
2215,1.6242731809616089,1.6242731809616089,1.8507992029190063,1.8507992029190063
2216,1.6245629787445068,1.6245629787445068,1.851492166519165,1.851492166519165
2217,1.624324083328247,1.624324083328247,1.8492602109909058,1.8492602109909058
2218,1.6252341270446777,1.6252341270446777,1.852340817451477,1.852340817451477
2219,1.6246610879898071,1.6246610879898071,1.8523319959640503,1.8523319959640503
2220,1.6249110698699951,1.6249110698699951,1.8510302305221558,1.8510302305221558
2221,1.6245954036712646,1.6245954036712646,1.8509687185287476,1.8509687185287476
2222,1.6241252422332764,1.6241252422332764,1.8523588180541992,1.8523588180541992
2223,1.6246845722198486,1.6246845722198486,1.8510991334915161,1.8510991334915161
2224,1.6241388320922852,1.6241388320922852,1.8513363599777222,1.8513363599777222
2225,1.6250989437103271,1.6250989437103271,1.8531631231307983,1.8531631231307983
2226,1.6249969005584717,1.6249969005584717,1.8501098155975342,1.8501098155975342
2227,1.6241790056228638,1.6241790056228638,1.8537026643753052,1.8537026643753052
2228,1.6240413188934326,1.6240413188934326,1.8509191274642944,1.8509191274642944
2229,1.6246068477630615,1.6246068477630615,1.8498438596725464,1.8498438596725464
2230,1.6241182088851929,1.6241182088851929,1.8532962799072266,1.8532962799072266
2231,1.6240787506103516,1.6240787506103516,1.8514981269836426,1.8514981269836426
2232,1.6245473623275757,1.6245473623275757,1.8512248992919922,1.8512248992919922
2233,1.6257574558258057,1.6257574558258057,1.8505624532699585,1.8505624532699585
2234,1.623733401298523,1.623733401298523,1.8498767614364624,1.8498767614364624
2235,1.6254216432571411,1.6254216432571411,1.8529077768325806,1.8529077768325806
2236,1.6239888668060303,1.6239888668060303,1.8491625785827637,1.8491625785827637
2237,1.6244838237762451,1.6244838237762451,1.8520833253860474,1.8520833253860474
2238,1.6244068145751953,1.6244068145751953,1.8502534627914429,1.8502534627914429
2239,1.624833583831787,1.624833583831787,1.8549726009368896,1.8549726009368896
2240,1.6238919496536255,1.6238919496536255,1.85114586353302,1.85114586353302
2241,1.6245660781860352,1.6245660781860352,1.8662179708480835,1.8662179708480835
2242,1.6247152090072632,1.6247152090072632,1.8497236967086792,1.8497236967086792
2243,1.624194860458374,1.624194860458374,1.8529094457626343,1.8529094457626343
2244,1.623896837234497,1.623896837234497,1.8503714799880981,1.8503714799880981
2245,1.623950719833374,1.623950719833374,1.8501148223876953,1.8501148223876953
2246,1.6244330406188965,1.6244330406188965,1.8533669710159302,1.8533669710159302
2247,1.624540090560913,1.624540090560913,1.851305603981018,1.851305603981018
2248,1.623815894126892,1.623815894126892,1.8500406742095947,1.8500406742095947
2249,1.6244697570800781,1.6244697570800781,1.8489673137664795,1.8489673137664795
2250,1.6236305236816406,1.6236305236816406,1.8486701250076294,1.8486701250076294
2251,1.623825192451477,1.623825192451477,1.850073218345642,1.850073218345642
2252,1.6242320537567139,1.6242320537567139,1.8512850999832153,1.8512850999832153
2253,1.625131607055664,1.625131607055664,1.8513426780700684,1.8513426780700684
2254,1.6233865022659302,1.6233865022659302,1.8502544164657593,1.8502544164657593
2255,1.6238415241241455,1.6238415241241455,1.8525785207748413,1.8525785207748413
2256,1.6246583461761475,1.6246583461761475,1.8506704568862915,1.8506704568862915
2257,1.624288558959961,1.624288558959961,1.8515249490737915,1.8515249490737915
2258,1.6236547231674194,1.6236547231674194,1.8519800901412964,1.8519800901412964
2259,1.6238304376602173,1.6238304376602173,1.8495723009109497,1.8495723009109497
2260,1.6234009265899658,1.6234009265899658,1.8524572849273682,1.8524572849273682
2261,1.6236976385116577,1.6236976385116577,1.8507671356201172,1.8507671356201172
2262,1.6241512298583984,1.6241512298583984,1.8525195121765137,1.8525195121765137
2263,1.6234979629516602,1.6234979629516602,1.8563534021377563,1.8563534021377563
2264,1.6241015195846558,1.6241015195846558,1.8497142791748047,1.8497142791748047
2265,1.6234747171401978,1.6234747171401978,1.8489152193069458,1.8489152193069458
2266,1.6233724355697632,1.6233724355697632,1.8481444120407104,1.8481444120407104
2267,1.6233327388763428,1.6233327388763428,1.8528530597686768,1.8528530597686768
2268,1.623029351234436,1.623029351234436,1.8497908115386963,1.8497908115386963
2269,1.6233632564544678,1.6233632564544678,1.852075219154358,1.852075219154358
2270,1.6247458457946777,1.6247458457946777,1.863350510597229,1.863350510597229
2271,1.6230627298355103,1.6230627298355103,1.8542178869247437,1.8542178869247437
2272,1.623775839805603,1.623775839805603,1.8521101474761963,1.8521101474761963
2273,1.6232138872146606,1.6232138872146606,1.8494800329208374,1.8494800329208374
2274,1.623500108718872,1.623500108718872,1.8499324321746826,1.8499324321746826
2275,1.6230621337890625,1.6230621337890625,1.8525586128234863,1.8525586128234863
2276,1.6240310668945312,1.6240310668945312,1.8521554470062256,1.8521554470062256
2277,1.6230350732803345,1.6230350732803345,1.849153757095337,1.849153757095337
2278,1.6235696077346802,1.6235696077346802,1.848525881767273,1.848525881767273
2279,1.6228042840957642,1.6228042840957642,1.8506709337234497,1.8506709337234497
2280,1.6235095262527466,1.6235095262527466,1.8520723581314087,1.8520723581314087
2281,1.6235905885696411,1.6235905885696411,1.8494975566864014,1.8494975566864014
2282,1.6237750053405762,1.6237750053405762,1.8482511043548584,1.8482511043548584
2283,1.6228439807891846,1.6228439807891846,1.8493224382400513,1.8493224382400513
2284,1.6235953569412231,1.6235953569412231,1.8486919403076172,1.8486919403076172
2285,1.623120903968811,1.623120903968811,1.854378342628479,1.854378342628479
2286,1.6226714849472046,1.6226714849472046,1.8495105504989624,1.8495105504989624
2287,1.6235113143920898,1.6235113143920898,1.84921133518219,1.84921133518219
2288,1.6231311559677124,1.6231311559677124,1.849433183670044,1.849433183670044
2289,1.6220366954803467,1.6220366954803467,1.857401967048645,1.857401967048645
2290,1.6228680610656738,1.6228680610656738,1.8515807390213013,1.8515807390213013
2291,1.6236821413040161,1.6236821413040161,1.8483208417892456,1.8483208417892456
2292,1.622595191001892,1.622595191001892,1.8491626977920532,1.8491626977920532
2293,1.623641014099121,1.623641014099121,1.8522950410842896,1.8522950410842896
2294,1.6225627660751343,1.6225627660751343,1.8518717288970947,1.8518717288970947
2295,1.6227118968963623,1.6227118968963623,1.8472976684570312,1.8472976684570312
2296,1.6247557401657104,1.6247557401657104,1.8513178825378418,1.8513178825378418
2297,1.6233277320861816,1.6233277320861816,1.8478561639785767,1.8478561639785767
2298,1.6236752271652222,1.6236752271652222,1.8477798700332642,1.8477798700332642
2299,1.6227836608886719,1.6227836608886719,1.848048448562622,1.848048448562622
2300,1.623238444328308,1.623238444328308,1.8506462574005127,1.8506462574005127
2301,1.6223057508468628,1.6223057508468628,1.8495734930038452,1.8495734930038452
2302,1.6228837966918945,1.6228837966918945,1.8563377857208252,1.8563377857208252
2303,1.623923659324646,1.623923659324646,1.848757028579712,1.848757028579712
2304,1.6222596168518066,1.6222596168518066,1.8487017154693604,1.8487017154693604
2305,1.6228055953979492,1.6228055953979492,1.8515620231628418,1.8515620231628418
2306,1.6223708391189575,1.6223708391189575,1.8498035669326782,1.8498035669326782
2307,1.6230573654174805,1.6230573654174805,1.8516039848327637,1.8516039848327637
2308,1.6224397420883179,1.6224397420883179,1.84757399559021,1.84757399559021
2309,1.6223886013031006,1.6223886013031006,1.8487685918807983,1.8487685918807983
2310,1.6222968101501465,1.6222968101501465,1.8492480516433716,1.8492480516433716
2311,1.6229283809661865,1.6229283809661865,1.8482728004455566,1.8482728004455566
2312,1.6219204664230347,1.6219204664230347,1.8496135473251343,1.8496135473251343
2313,1.6224682331085205,1.6224682331085205,1.8477833271026611,1.8477833271026611
2314,1.6231589317321777,1.6231589317321777,1.8487175703048706,1.8487175703048706
2315,1.6221489906311035,1.6221489906311035,1.8479101657867432,1.8479101657867432
2316,1.6219542026519775,1.6219542026519775,1.846961259841919,1.846961259841919
2317,1.6221332550048828,1.6221332550048828,1.8481605052947998,1.8481605052947998
2318,1.6223169565200806,1.6223169565200806,1.8481824398040771,1.8481824398040771
2319,1.6225907802581787,1.6225907802581787,1.847438931465149,1.847438931465149
2320,1.6223292350769043,1.6223292350769043,1.8499743938446045,1.8499743938446045
2321,1.6219916343688965,1.6219916343688965,1.8466044664382935,1.8466044664382935
2322,1.6231114864349365,1.6231114864349365,1.8477144241333008,1.8477144241333008
2323,1.6225663423538208,1.6225663423538208,1.8497668504714966,1.8497668504714966
2324,1.622411847114563,1.622411847114563,1.852768063545227,1.852768063545227
2325,1.6218891143798828,1.6218891143798828,1.8481261730194092,1.8481261730194092
2326,1.6219748258590698,1.6219748258590698,1.8496248722076416,1.8496248722076416
2327,1.6222724914550781,1.6222724914550781,1.849597454071045,1.849597454071045
2328,1.6225981712341309,1.6225981712341309,1.848200798034668,1.848200798034668
2329,1.6218582391738892,1.6218582391738892,1.846808671951294,1.846808671951294
2330,1.6220378875732422,1.6220378875732422,1.848446011543274,1.848446011543274
2331,1.6220946311950684,1.6220946311950684,1.8523465394973755,1.8523465394973755
2332,1.6222918033599854,1.6222918033599854,1.8496447801589966,1.8496447801589966
2333,1.6222487688064575,1.6222487688064575,1.848044753074646,1.848044753074646
2334,1.622293472290039,1.622293472290039,1.8489718437194824,1.8489718437194824
2335,1.6222094297409058,1.6222094297409058,1.8505817651748657,1.8505817651748657
2336,1.623098373413086,1.623098373413086,1.84665846824646,1.84665846824646
2337,1.6214516162872314,1.6214516162872314,1.847095251083374,1.847095251083374
2338,1.621652603149414,1.621652603149414,1.8485990762710571,1.8485990762710571
2339,1.622668743133545,1.622668743133545,1.8465173244476318,1.8465173244476318
2340,1.621719479560852,1.621719479560852,1.848423719406128,1.848423719406128
2341,1.622428297996521,1.622428297996521,1.8470569849014282,1.8470569849014282
2342,1.6216245889663696,1.6216245889663696,1.8463973999023438,1.8463973999023438
2343,1.6222352981567383,1.6222352981567383,1.846980333328247,1.846980333328247
2344,1.6216893196105957,1.6216893196105957,1.8494067192077637,1.8494067192077637
2345,1.6213637590408325,1.6213637590408325,1.8510735034942627,1.8510735034942627
2346,1.621408224105835,1.621408224105835,1.8457719087600708,1.8457719087600708
2347,1.6222915649414062,1.6222915649414062,1.8462082147598267,1.8462082147598267
2348,1.6222307682037354,1.6222307682037354,1.846746802330017,1.846746802330017
2349,1.6216169595718384,1.6216169595718384,1.8468090295791626,1.8468090295791626
2350,1.6213523149490356,1.6213523149490356,1.8468217849731445,1.8468217849731445
2351,1.6214207410812378,1.6214207410812378,1.8470590114593506,1.8470590114593506
2352,1.6213099956512451,1.6213099956512451,1.8472074270248413,1.8472074270248413
2353,1.6212573051452637,1.6212573051452637,1.8457801342010498,1.8457801342010498
2354,1.6229404211044312,1.6229404211044312,1.8473812341690063,1.8473812341690063
2355,1.6218302249908447,1.6218302249908447,1.8456943035125732,1.8456943035125732
2356,1.6213146448135376,1.6213146448135376,1.84830904006958,1.84830904006958
2357,1.6221033334732056,1.6221033334732056,1.8463106155395508,1.8463106155395508
2358,1.620977759361267,1.620977759361267,1.8469821214675903,1.8469821214675903
2359,1.622542381286621,1.622542381286621,1.847402811050415,1.847402811050415
2360,1.6221909523010254,1.6221909523010254,1.8458369970321655,1.8458369970321655
2361,1.6218067407608032,1.6218067407608032,1.8466567993164062,1.8466567993164062
2362,1.6215050220489502,1.6215050220489502,1.8460981845855713,1.8460981845855713
2363,1.62140953540802,1.62140953540802,1.8484371900558472,1.8484371900558472
2364,1.6214878559112549,1.6214878559112549,1.847753882408142,1.847753882408142
2365,1.6212842464447021,1.6212842464447021,1.849179983139038,1.849179983139038
2366,1.621167778968811,1.621167778968811,1.8480994701385498,1.8480994701385498
2367,1.620949149131775,1.620949149131775,1.8466352224349976,1.8466352224349976
2368,1.6209399700164795,1.6209399700164795,1.8460050821304321,1.8460050821304321
2369,1.6209650039672852,1.6209650039672852,1.8484512567520142,1.8484512567520142
2370,1.6228240728378296,1.6228240728378296,1.8509117364883423,1.8509117364883423
2371,1.6215763092041016,1.6215763092041016,1.8473961353302002,1.8473961353302002
2372,1.6203973293304443,1.6203973293304443,1.8450583219528198,1.8450583219528198
2373,1.6217154264450073,1.6217154264450073,1.8571168184280396,1.8571168184280396
2374,1.6213442087173462,1.6213442087173462,1.8468470573425293,1.8468470573425293
2375,1.6210482120513916,1.6210482120513916,1.847198486328125,1.847198486328125
2376,1.6222347021102905,1.6222347021102905,1.8478285074234009,1.8478285074234009
2377,1.620919942855835,1.620919942855835,1.8494759798049927,1.8494759798049927
2378,1.6213959455490112,1.6213959455490112,1.8450652360916138,1.8450652360916138
2379,1.6213116645812988,1.6213116645812988,1.8461607694625854,1.8461607694625854
2380,1.6203233003616333,1.6203233003616333,1.8477517366409302,1.8477517366409302
2381,1.6210896968841553,1.6210896968841553,1.847447156906128,1.847447156906128
2382,1.6209138631820679,1.6209138631820679,1.846439242362976,1.846439242362976
2383,1.6216028928756714,1.6216028928756714,1.8450822830200195,1.8450822830200195
2384,1.621178388595581,1.621178388595581,1.846359372138977,1.846359372138977
2385,1.6207088232040405,1.6207088232040405,1.8454797267913818,1.8454797267913818
2386,1.6221187114715576,1.6221187114715576,1.8464454412460327,1.8464454412460327
2387,1.620622992515564,1.620622992515564,1.8454869985580444,1.8454869985580444
2388,1.6211172342300415,1.6211172342300415,1.8458971977233887,1.8458971977233887
2389,1.6205730438232422,1.6205730438232422,1.8472541570663452,1.8472541570663452
2390,1.6204575300216675,1.6204575300216675,1.8463141918182373,1.8463141918182373
2391,1.6203653812408447,1.6203653812408447,1.8451764583587646,1.8451764583587646
2392,1.6210737228393555,1.6210737228393555,1.8489899635314941,1.8489899635314941
2393,1.620942234992981,1.620942234992981,1.8438011407852173,1.8438011407852173
2394,1.6217422485351562,1.6217422485351562,1.84587562084198,1.84587562084198
2395,1.6207854747772217,1.6207854747772217,1.8448171615600586,1.8448171615600586
2396,1.6204588413238525,1.6204588413238525,1.8449832201004028,1.8449832201004028
2397,1.6208419799804688,1.6208419799804688,1.8449901342391968,1.8449901342391968
2398,1.620547890663147,1.620547890663147,1.8441039323806763,1.8441039323806763
2399,1.6203712224960327,1.6203712224960327,1.8494473695755005,1.8494473695755005
2400,1.6208702325820923,1.6208702325820923,1.85170316696167,1.85170316696167
2401,1.6208078861236572,1.6208078861236572,1.8456196784973145,1.8456196784973145
2402,1.6203055381774902,1.6203055381774902,1.8511489629745483,1.8511489629745483
2403,1.6206971406936646,1.6206971406936646,1.8444267511367798,1.8444267511367798
2404,1.620186448097229,1.620186448097229,1.843833088874817,1.843833088874817
2405,1.6204591989517212,1.6204591989517212,1.8446664810180664,1.8446664810180664
2406,1.6205841302871704,1.6205841302871704,1.8453694581985474,1.8453694581985474
2407,1.6206194162368774,1.6206194162368774,1.8497803211212158,1.8497803211212158
2408,1.6203205585479736,1.6203205585479736,1.846428632736206,1.846428632736206
2409,1.619875431060791,1.619875431060791,1.845167636871338,1.845167636871338
2410,1.6209638118743896,1.6209638118743896,1.8442639112472534,1.8442639112472534
2411,1.6205658912658691,1.6205658912658691,1.8445663452148438,1.8445663452148438
2412,1.6207752227783203,1.6207752227783203,1.8440285921096802,1.8440285921096802
2413,1.6205394268035889,1.6205394268035889,1.844425082206726,1.844425082206726
2414,1.6201785802841187,1.6201785802841187,1.8445019721984863,1.8445019721984863
2415,1.6200542449951172,1.6200542449951172,1.845396637916565,1.845396637916565
2416,1.6200664043426514,1.6200664043426514,1.8448975086212158,1.8448975086212158
2417,1.620078682899475,1.620078682899475,1.8452922105789185,1.8452922105789185
2418,1.620763897895813,1.620763897895813,1.8452677726745605,1.8452677726745605
2419,1.619909644126892,1.619909644126892,1.8439514636993408,1.8439514636993408
2420,1.620466709136963,1.620466709136963,1.8463882207870483,1.8463882207870483
2421,1.6206897497177124,1.6206897497177124,1.8455508947372437,1.8455508947372437
2422,1.620836615562439,1.620836615562439,1.8438891172409058,1.8438891172409058
2423,1.620224952697754,1.620224952697754,1.8440182209014893,1.8440182209014893
2424,1.6197565793991089,1.6197565793991089,1.8431098461151123,1.8431098461151123
2425,1.6199668645858765,1.6199668645858765,1.8436249494552612,1.8436249494552612
2426,1.6205745935440063,1.6205745935440063,1.8436506986618042,1.8436506986618042
2427,1.6197302341461182,1.6197302341461182,1.8451467752456665,1.8451467752456665
2428,1.6197669506072998,1.6197669506072998,1.8441035747528076,1.8441035747528076
2429,1.6196027994155884,1.6196027994155884,1.8465873003005981,1.8465873003005981
2430,1.6193841695785522,1.6193841695785522,1.843920350074768,1.843920350074768
2431,1.620017170906067,1.620017170906067,1.8508763313293457,1.8508763313293457
2432,1.620085597038269,1.620085597038269,1.8459452390670776,1.8459452390670776
2433,1.6204371452331543,1.6204371452331543,1.8469882011413574,1.8469882011413574
2434,1.6195741891860962,1.6195741891860962,1.8446751832962036,1.8446751832962036
2435,1.61934494972229,1.61934494972229,1.8445746898651123,1.8445746898651123
2436,1.620323657989502,1.620323657989502,1.8453426361083984,1.8453426361083984
2437,1.6201059818267822,1.6201059818267822,1.8442637920379639,1.8442637920379639
2438,1.6205703020095825,1.6205703020095825,1.8460966348648071,1.8460966348648071
2439,1.6195216178894043,1.6195216178894043,1.855924129486084,1.855924129486084
2440,1.6196653842926025,1.6196653842926025,1.8455638885498047,1.8455638885498047
2441,1.6201021671295166,1.6201021671295166,1.84663724899292,1.84663724899292
2442,1.6192295551300049,1.6192295551300049,1.8453065156936646,1.8453065156936646
2443,1.6204662322998047,1.6204662322998047,1.8538615703582764,1.8538615703582764
2444,1.6191316843032837,1.6191316843032837,1.8442862033843994,1.8442862033843994
2445,1.6189749240875244,1.6189749240875244,1.844192385673523,1.844192385673523
2446,1.6195887327194214,1.6195887327194214,1.8453917503356934,1.8453917503356934
2447,1.6189802885055542,1.6189802885055542,1.8435523509979248,1.8435523509979248
2448,1.6190381050109863,1.6190381050109863,1.8437097072601318,1.8437097072601318
2449,1.6188257932662964,1.6188257932662964,1.844506025314331,1.844506025314331
2450,1.6192398071289062,1.6192398071289062,1.8474189043045044,1.8474189043045044
2451,1.619160532951355,1.619160532951355,1.8438880443572998,1.8438880443572998
2452,1.6191346645355225,1.6191346645355225,1.8444840908050537,1.8444840908050537
2453,1.619860291481018,1.619860291481018,1.8436528444290161,1.8436528444290161
2454,1.62008535861969,1.62008535861969,1.8463066816329956,1.8463066816329956
2455,1.6194452047348022,1.6194452047348022,1.8427612781524658,1.8427612781524658
2456,1.6192741394042969,1.6192741394042969,1.8465945720672607,1.8465945720672607
2457,1.6191681623458862,1.6191681623458862,1.8423023223876953,1.8423023223876953
2458,1.6188738346099854,1.6188738346099854,1.852419376373291,1.852419376373291
2459,1.620606780052185,1.620606780052185,1.8454211950302124,1.8454211950302124
2460,1.6199734210968018,1.6199734210968018,1.8442790508270264,1.8442790508270264
2461,1.619106650352478,1.619106650352478,1.843000888824463,1.843000888824463
2462,1.6194207668304443,1.6194207668304443,1.8430944681167603,1.8430944681167603
2463,1.6189285516738892,1.6189285516738892,1.8445711135864258,1.8445711135864258
2464,1.6193164587020874,1.6193164587020874,1.8438481092453003,1.8438481092453003
2465,1.6197834014892578,1.6197834014892578,1.8452045917510986,1.8452045917510986
2466,1.6186487674713135,1.6186487674713135,1.8461941480636597,1.8461941480636597
2467,1.6186009645462036,1.6186009645462036,1.844682216644287,1.844682216644287
2468,1.6197106838226318,1.6197106838226318,1.8463740348815918,1.8463740348815918
2469,1.619279384613037,1.619279384613037,1.843216896057129,1.843216896057129
2470,1.6188100576400757,1.6188100576400757,1.8420226573944092,1.8420226573944092
2471,1.618599772453308,1.618599772453308,1.8437373638153076,1.8437373638153076
2472,1.6194231510162354,1.6194231510162354,1.8481495380401611,1.8481495380401611
2473,1.6191599369049072,1.6191599369049072,1.8431893587112427,1.8431893587112427
2474,1.6189069747924805,1.6189069747924805,1.8424134254455566,1.8424134254455566
2475,1.6184908151626587,1.6184908151626587,1.8436470031738281,1.8436470031738281
2476,1.618977427482605,1.618977427482605,1.8446117639541626,1.8446117639541626
2477,1.619984745979309,1.619984745979309,1.843245029449463,1.843245029449463
2478,1.6197350025177002,1.6197350025177002,1.8444241285324097,1.8444241285324097
2479,1.6199051141738892,1.6199051141738892,1.844332218170166,1.844332218170166
2480,1.618990421295166,1.618990421295166,1.8429393768310547,1.8429393768310547
2481,1.6188637018203735,1.6188637018203735,1.8457372188568115,1.8457372188568115
2482,1.6183888912200928,1.6183888912200928,1.84466552734375,1.84466552734375
2483,1.6180609464645386,1.6180609464645386,1.8434972763061523,1.8434972763061523
2484,1.6194732189178467,1.6194732189178467,1.8418240547180176,1.8418240547180176
2485,1.6180837154388428,1.6180837154388428,1.8433070182800293,1.8433070182800293
2486,1.618481159210205,1.618481159210205,1.8435403108596802,1.8435403108596802
2487,1.617937445640564,1.617937445640564,1.8443289995193481,1.8443289995193481
2488,1.6187373399734497,1.6187373399734497,1.8433080911636353,1.8433080911636353
2489,1.6192024946212769,1.6192024946212769,1.845411777496338,1.845411777496338
2490,1.618621826171875,1.618621826171875,1.8449389934539795,1.8449389934539795
2491,1.6184825897216797,1.6184825897216797,1.842960238456726,1.842960238456726
2492,1.617976427078247,1.617976427078247,1.8427159786224365,1.8427159786224365
2493,1.6184496879577637,1.6184496879577637,1.8437846899032593,1.8437846899032593
2494,1.6180846691131592,1.6180846691131592,1.842788815498352,1.842788815498352
2495,1.6187095642089844,1.6187095642089844,1.847050428390503,1.847050428390503
2496,1.619185447692871,1.619185447692871,1.8470051288604736,1.8470051288604736
2497,1.6184914112091064,1.6184914112091064,1.8431323766708374,1.8431323766708374
2498,1.6179957389831543,1.6179957389831543,1.8441215753555298,1.8441215753555298
2499,1.618488073348999,1.618488073348999,1.8432775735855103,1.8432775735855103
2500,1.6183393001556396,1.6183393001556396,1.840914249420166,1.840914249420166
2501,1.6186376810073853,1.6186376810073853,1.8438189029693604,1.8438189029693604
2502,1.619438886642456,1.619438886642456,1.8456649780273438,1.8456649780273438
2503,1.6179403066635132,1.6179403066635132,1.8438425064086914,1.8438425064086914
2504,1.618280053138733,1.618280053138733,1.8442236185073853,1.8442236185073853
2505,1.6176936626434326,1.6176936626434326,1.8416633605957031,1.8416633605957031
2506,1.6177760362625122,1.6177760362625122,1.8419055938720703,1.8419055938720703
2507,1.6187000274658203,1.6187000274658203,1.8448830842971802,1.8448830842971802
2508,1.6179839372634888,1.6179839372634888,1.8445490598678589,1.8445490598678589
2509,1.6177083253860474,1.6177083253860474,1.8431587219238281,1.8431587219238281
2510,1.6184275150299072,1.6184275150299072,1.8434070348739624,1.8434070348739624
2511,1.618660569190979,1.618660569190979,1.8413156270980835,1.8413156270980835
2512,1.6182105541229248,1.6182105541229248,1.8420016765594482,1.8420016765594482
2513,1.6187001466751099,1.6187001466751099,1.847446322441101,1.847446322441101
2514,1.617914080619812,1.617914080619812,1.8417558670043945,1.8417558670043945
2515,1.617644190788269,1.617644190788269,1.8411026000976562,1.8411026000976562
2516,1.6177470684051514,1.6177470684051514,1.8403738737106323,1.8403738737106323
2517,1.617449164390564,1.617449164390564,1.8418025970458984,1.8418025970458984
2518,1.6178369522094727,1.6178369522094727,1.84268319606781,1.84268319606781
2519,1.6185208559036255,1.6185208559036255,1.841855525970459,1.841855525970459
2520,1.6180185079574585,1.6180185079574585,1.8431212902069092,1.8431212902069092
2521,1.6180365085601807,1.6180365085601807,1.840530276298523,1.840530276298523
2522,1.618488073348999,1.618488073348999,1.8412227630615234,1.8412227630615234
2523,1.6171233654022217,1.6171233654022217,1.847631812095642,1.847631812095642
2524,1.6191891431808472,1.6191891431808472,1.8417953252792358,1.8417953252792358
2525,1.617948293685913,1.617948293685913,1.8459506034851074,1.8459506034851074
2526,1.6175742149353027,1.6175742149353027,1.8418411016464233,1.8418411016464233
2527,1.6174381971359253,1.6174381971359253,1.8431898355484009,1.8431898355484009
2528,1.618648648262024,1.618648648262024,1.844316840171814,1.844316840171814
2529,1.6173362731933594,1.6173362731933594,1.841288685798645,1.841288685798645
2530,1.617234468460083,1.617234468460083,1.8461077213287354,1.8461077213287354
2531,1.617493987083435,1.617493987083435,1.839642882347107,1.839642882347107
2532,1.6175737380981445,1.6175737380981445,1.843405842781067,1.843405842781067
2533,1.617808222770691,1.617808222770691,1.8427857160568237,1.8427857160568237
2534,1.6170587539672852,1.6170587539672852,1.8414193391799927,1.8414193391799927
2535,1.617665410041809,1.617665410041809,1.8408230543136597,1.8408230543136597
2536,1.6174461841583252,1.6174461841583252,1.8412586450576782,1.8412586450576782
2537,1.6177319288253784,1.6177319288253784,1.8421854972839355,1.8421854972839355
2538,1.6174054145812988,1.6174054145812988,1.84088134765625,1.84088134765625
2539,1.6174246072769165,1.6174246072769165,1.8493651151657104,1.8493651151657104
2540,1.6182388067245483,1.6182388067245483,1.839754343032837,1.839754343032837
2541,1.6173453330993652,1.6173453330993652,1.8441463708877563,1.8441463708877563
2542,1.617132306098938,1.617132306098938,1.841751217842102,1.841751217842102
2543,1.6167778968811035,1.6167778968811035,1.8423445224761963,1.8423445224761963
2544,1.6172124147415161,1.6172124147415161,1.8416136503219604,1.8416136503219604
2545,1.61703622341156,1.61703622341156,1.8456987142562866,1.8456987142562866
2546,1.616904377937317,1.616904377937317,1.8406016826629639,1.8406016826629639
2547,1.6172877550125122,1.6172877550125122,1.8412059545516968,1.8412059545516968
2548,1.6173292398452759,1.6173292398452759,1.8448318243026733,1.8448318243026733
2549,1.617226004600525,1.617226004600525,1.8446390628814697,1.8446390628814697
2550,1.6171987056732178,1.6171987056732178,1.8439220190048218,1.8439220190048218
2551,1.6170088052749634,1.6170088052749634,1.8407267332077026,1.8407267332077026
2552,1.6177451610565186,1.6177451610565186,1.8416236639022827,1.8416236639022827
2553,1.6166532039642334,1.6166532039642334,1.8429491519927979,1.8429491519927979
2554,1.6177771091461182,1.6177771091461182,1.8421406745910645,1.8421406745910645
2555,1.6164759397506714,1.6164759397506714,1.8398022651672363,1.8398022651672363
2556,1.6183977127075195,1.6183977127075195,1.8435266017913818,1.8435266017913818
2557,1.6173409223556519,1.6173409223556519,1.8416011333465576,1.8416011333465576
2558,1.617184042930603,1.617184042930603,1.8397274017333984,1.8397274017333984
2559,1.616813063621521,1.616813063621521,1.841476559638977,1.841476559638977
2560,1.617070198059082,1.617070198059082,1.8419491052627563,1.8419491052627563
2561,1.6163631677627563,1.6163631677627563,1.8414918184280396,1.8414918184280396
2562,1.616629719734192,1.616629719734192,1.841364860534668,1.841364860534668
2563,1.6167999505996704,1.6167999505996704,1.8443950414657593,1.8443950414657593
2564,1.6175862550735474,1.6175862550735474,1.840611457824707,1.840611457824707
2565,1.6173871755599976,1.6173871755599976,1.8394722938537598,1.8394722938537598
2566,1.616546630859375,1.616546630859375,1.841991662979126,1.841991662979126
2567,1.6164381504058838,1.6164381504058838,1.843159556388855,1.843159556388855
2568,1.6162434816360474,1.6162434816360474,1.8427176475524902,1.8427176475524902
2569,1.6164216995239258,1.6164216995239258,1.8414000272750854,1.8414000272750854
2570,1.616940975189209,1.616940975189209,1.8391526937484741,1.8391526937484741
2571,1.6170824766159058,1.6170824766159058,1.8456863164901733,1.8456863164901733
2572,1.6160205602645874,1.6160205602645874,1.839956521987915,1.839956521987915
2573,1.61737060546875,1.61737060546875,1.8458970785140991,1.8458970785140991
2574,1.6167551279067993,1.6167551279067993,1.8389441967010498,1.8389441967010498
2575,1.616614818572998,1.616614818572998,1.8458720445632935,1.8458720445632935
2576,1.6163989305496216,1.6163989305496216,1.838753342628479,1.838753342628479
2577,1.6162148714065552,1.6162148714065552,1.8433104753494263,1.8433104753494263
2578,1.6162614822387695,1.6162614822387695,1.842791199684143,1.842791199684143
2579,1.6164219379425049,1.6164219379425049,1.8395569324493408,1.8395569324493408
2580,1.6161270141601562,1.6161270141601562,1.8399405479431152,1.8399405479431152
2581,1.6163119077682495,1.6163119077682495,1.8426309823989868,1.8426309823989868
2582,1.6160303354263306,1.6160303354263306,1.8395817279815674,1.8395817279815674
2583,1.616899847984314,1.616899847984314,1.8405232429504395,1.8405232429504395
2584,1.61605703830719,1.61605703830719,1.8397048711776733,1.8397048711776733
2585,1.6162762641906738,1.6162762641906738,1.8393445014953613,1.8393445014953613
2586,1.616896629333496,1.616896629333496,1.8388439416885376,1.8388439416885376
2587,1.6181282997131348,1.6181282997131348,1.8399262428283691,1.8399262428283691
2588,1.6167407035827637,1.6167407035827637,1.8383551836013794,1.8383551836013794
2589,1.616170883178711,1.616170883178711,1.8454023599624634,1.8454023599624634
2590,1.616279125213623,1.616279125213623,1.8400633335113525,1.8400633335113525
2591,1.6161454916000366,1.6161454916000366,1.8422551155090332,1.8422551155090332
2592,1.6160426139831543,1.6160426139831543,1.842429280281067,1.842429280281067
2593,1.6165907382965088,1.6165907382965088,1.8395015001296997,1.8395015001296997
2594,1.6161359548568726,1.6161359548568726,1.839064121246338,1.839064121246338
2595,1.6160000562667847,1.6160000562667847,1.8406918048858643,1.8406918048858643
2596,1.615899920463562,1.615899920463562,1.8414838314056396,1.8414838314056396
2597,1.616431713104248,1.616431713104248,1.8427848815917969,1.8427848815917969
2598,1.6161106824874878,1.6161106824874878,1.8394135236740112,1.8394135236740112
2599,1.6161268949508667,1.6161268949508667,1.841740369796753,1.841740369796753
2600,1.6167033910751343,1.6167033910751343,1.8400838375091553,1.8400838375091553
2601,1.6162457466125488,1.6162457466125488,1.838624358177185,1.838624358177185
2602,1.6163583993911743,1.6163583993911743,1.8421845436096191,1.8421845436096191
2603,1.616152048110962,1.616152048110962,1.8428046703338623,1.8428046703338623
2604,1.6160694360733032,1.6160694360733032,1.8412052392959595,1.8412052392959595
2605,1.6159225702285767,1.6159225702285767,1.840274691581726,1.840274691581726
2606,1.6162786483764648,1.6162786483764648,1.839489459991455,1.839489459991455
2607,1.616513729095459,1.616513729095459,1.8407036066055298,1.8407036066055298
2608,1.6159648895263672,1.6159648895263672,1.8393620252609253,1.8393620252609253
2609,1.6158041954040527,1.6158041954040527,1.8410464525222778,1.8410464525222778
2610,1.6168831586837769,1.6168831586837769,1.839134931564331,1.839134931564331
2611,1.6155484914779663,1.6155484914779663,1.8417803049087524,1.8417803049087524
2612,1.6159723997116089,1.6159723997116089,1.839408278465271,1.839408278465271
2613,1.6152945756912231,1.6152945756912231,1.839786410331726,1.839786410331726
2614,1.615553855895996,1.615553855895996,1.8406498432159424,1.8406498432159424
2615,1.6159588098526,1.6159588098526,1.8418477773666382,1.8418477773666382
2616,1.6154807806015015,1.6154807806015015,1.8458716869354248,1.8458716869354248
2617,1.6161106824874878,1.6161106824874878,1.8400287628173828,1.8400287628173828
2618,1.616010069847107,1.616010069847107,1.8427799940109253,1.8427799940109253
2619,1.6158115863800049,1.6158115863800049,1.8391578197479248,1.8391578197479248
2620,1.615772008895874,1.615772008895874,1.8406411409378052,1.8406411409378052
2621,1.6151282787322998,1.6151282787322998,1.8467663526535034,1.8467663526535034
2622,1.6155915260314941,1.6155915260314941,1.8450289964675903,1.8450289964675903
2623,1.6169952154159546,1.6169952154159546,1.84280526638031,1.84280526638031
2624,1.6154390573501587,1.6154390573501587,1.8457133769989014,1.8457133769989014
2625,1.61712646484375,1.61712646484375,1.8405603170394897,1.8405603170394897
2626,1.6155729293823242,1.6155729293823242,1.8392738103866577,1.8392738103866577
2627,1.6151832342147827,1.6151832342147827,1.8390231132507324,1.8390231132507324
2628,1.6162368059158325,1.6162368059158325,1.841509461402893,1.841509461402893
2629,1.6157243251800537,1.6157243251800537,1.8432087898254395,1.8432087898254395
2630,1.6145694255828857,1.6145694255828857,1.8449796438217163,1.8449796438217163
2631,1.6151468753814697,1.6151468753814697,1.8416197299957275,1.8416197299957275
2632,1.6160345077514648,1.6160345077514648,1.8388094902038574,1.8388094902038574
2633,1.6156609058380127,1.6156609058380127,1.837447166442871,1.837447166442871
2634,1.6152195930480957,1.6152195930480957,1.8372431993484497,1.8372431993484497
2635,1.615320086479187,1.615320086479187,1.8412328958511353,1.8412328958511353
2636,1.6149046421051025,1.6149046421051025,1.8389403820037842,1.8389403820037842
2637,1.614693284034729,1.614693284034729,1.8406490087509155,1.8406490087509155
2638,1.6152117252349854,1.6152117252349854,1.8385788202285767,1.8385788202285767
2639,1.614776372909546,1.614776372909546,1.8401330709457397,1.8401330709457397
2640,1.615048885345459,1.615048885345459,1.8377798795700073,1.8377798795700073
2641,1.615459680557251,1.615459680557251,1.8392866849899292,1.8392866849899292
2642,1.6155903339385986,1.6155903339385986,1.838007926940918,1.838007926940918
2643,1.6159032583236694,1.6159032583236694,1.8396207094192505,1.8396207094192505
2644,1.6153508424758911,1.6153508424758911,1.838887095451355,1.838887095451355
2645,1.6151883602142334,1.6151883602142334,1.8422547578811646,1.8422547578811646
2646,1.6152925491333008,1.6152925491333008,1.8395321369171143,1.8395321369171143
2647,1.614578366279602,1.614578366279602,1.8395389318466187,1.8395389318466187
2648,1.6152663230895996,1.6152663230895996,1.8384190797805786,1.8384190797805786
2649,1.6154510974884033,1.6154510974884033,1.8418514728546143,1.8418514728546143
2650,1.6148560047149658,1.6148560047149658,1.8395588397979736,1.8395588397979736
2651,1.614750623703003,1.614750623703003,1.8395462036132812,1.8395462036132812
2652,1.6149846315383911,1.6149846315383911,1.8387562036514282,1.8387562036514282
2653,1.6149849891662598,1.6149849891662598,1.8390237092971802,1.8390237092971802
2654,1.6151710748672485,1.6151710748672485,1.8413236141204834,1.8413236141204834
2655,1.6150976419448853,1.6150976419448853,1.8386456966400146,1.8386456966400146
2656,1.61475670337677,1.61475670337677,1.8435924053192139,1.8435924053192139
2657,1.6154803037643433,1.6154803037643433,1.8379851579666138,1.8379851579666138
2658,1.6158101558685303,1.6158101558685303,1.8376080989837646,1.8376080989837646
2659,1.6145496368408203,1.6145496368408203,1.8394672870635986,1.8394672870635986
2660,1.6150704622268677,1.6150704622268677,1.839078664779663,1.839078664779663
2661,1.6146113872528076,1.6146113872528076,1.8379751443862915,1.8379751443862915
2662,1.614814281463623,1.614814281463623,1.8391056060791016,1.8391056060791016
2663,1.6154263019561768,1.6154263019561768,1.838244915008545,1.838244915008545
2664,1.6165273189544678,1.6165273189544678,1.8374568223953247,1.8374568223953247
2665,1.6151572465896606,1.6151572465896606,1.8370634317398071,1.8370634317398071
2666,1.6154457330703735,1.6154457330703735,1.8415546417236328,1.8415546417236328
2667,1.6152269840240479,1.6152269840240479,1.8386764526367188,1.8386764526367188
2668,1.6144764423370361,1.6144764423370361,1.8376998901367188,1.8376998901367188
2669,1.6139304637908936,1.6139304637908936,1.8423335552215576,1.8423335552215576
2670,1.6149942874908447,1.6149942874908447,1.839794635772705,1.839794635772705
2671,1.6148381233215332,1.6148381233215332,1.83738374710083,1.83738374710083
2672,1.6143778562545776,1.6143778562545776,1.8386485576629639,1.8386485576629639
2673,1.614291787147522,1.614291787147522,1.8418329954147339,1.8418329954147339
2674,1.6151182651519775,1.6151182651519775,1.838284969329834,1.838284969329834
2675,1.614223837852478,1.614223837852478,1.838544249534607,1.838544249534607
2676,1.6141201257705688,1.6141201257705688,1.8398953676223755,1.8398953676223755
2677,1.6147103309631348,1.6147103309631348,1.8446153402328491,1.8446153402328491
2678,1.6143325567245483,1.6143325567245483,1.8395910263061523,1.8395910263061523
2679,1.6144447326660156,1.6144447326660156,1.8377025127410889,1.8377025127410889
2680,1.6139590740203857,1.6139590740203857,1.8358813524246216,1.8358813524246216
2681,1.6145403385162354,1.6145403385162354,1.8407186269760132,1.8407186269760132
2682,1.6141307353973389,1.6141307353973389,1.8393069505691528,1.8393069505691528
2683,1.614482045173645,1.614482045173645,1.8431469202041626,1.8431469202041626
2684,1.6146605014801025,1.6146605014801025,1.8373587131500244,1.8373587131500244
2685,1.61411452293396,1.61411452293396,1.83732008934021,1.83732008934021
2686,1.6141045093536377,1.6141045093536377,1.8383384943008423,1.8383384943008423
2687,1.6142200231552124,1.6142200231552124,1.837071180343628,1.837071180343628
2688,1.61393141746521,1.61393141746521,1.8391143083572388,1.8391143083572388
2689,1.614259123802185,1.614259123802185,1.8379544019699097,1.8379544019699097
2690,1.6142897605895996,1.6142897605895996,1.837654948234558,1.837654948234558
2691,1.6142034530639648,1.6142034530639648,1.8375208377838135,1.8375208377838135
2692,1.6145200729370117,1.6145200729370117,1.844077467918396,1.844077467918396
2693,1.6148409843444824,1.6148409843444824,1.8409756422042847,1.8409756422042847
2694,1.6140300035476685,1.6140300035476685,1.836742639541626,1.836742639541626
2695,1.6140336990356445,1.6140336990356445,1.835875153541565,1.835875153541565
2696,1.6140464544296265,1.6140464544296265,1.8377177715301514,1.8377177715301514
2697,1.6148436069488525,1.6148436069488525,1.8353980779647827,1.8353980779647827
2698,1.6142282485961914,1.6142282485961914,1.837980031967163,1.837980031967163
2699,1.613600730895996,1.613600730895996,1.8374764919281006,1.8374764919281006
2700,1.613928198814392,1.613928198814392,1.8381872177124023,1.8381872177124023
2701,1.6140340566635132,1.6140340566635132,1.8439185619354248,1.8439185619354248
2702,1.614402413368225,1.614402413368225,1.8397778272628784,1.8397778272628784
2703,1.6135972738265991,1.6135972738265991,1.836549997329712,1.836549997329712
2704,1.6140563488006592,1.6140563488006592,1.8382203578948975,1.8382203578948975
2705,1.6138979196548462,1.6138979196548462,1.8366557359695435,1.8366557359695435
2706,1.6136945486068726,1.6136945486068726,1.8375719785690308,1.8375719785690308
2707,1.6141951084136963,1.6141951084136963,1.838172197341919,1.838172197341919
2708,1.6149588823318481,1.6149588823318481,1.840235948562622,1.840235948562622
2709,1.6135374307632446,1.6135374307632446,1.843009114265442,1.843009114265442
2710,1.6134309768676758,1.6134309768676758,1.8382047414779663,1.8382047414779663
2711,1.6132400035858154,1.6132400035858154,1.8367910385131836,1.8367910385131836
2712,1.613653540611267,1.613653540611267,1.8369691371917725,1.8369691371917725
2713,1.6133606433868408,1.6133606433868408,1.8373571634292603,1.8373571634292603
2714,1.6137359142303467,1.6137359142303467,1.8361483812332153,1.8361483812332153
2715,1.6132713556289673,1.6132713556289673,1.8367341756820679,1.8367341756820679
2716,1.6134257316589355,1.6134257316589355,1.835739254951477,1.835739254951477
2717,1.6140462160110474,1.6140462160110474,1.8418607711791992,1.8418607711791992
2718,1.6134840250015259,1.6134840250015259,1.8365566730499268,1.8365566730499268
2719,1.613548755645752,1.613548755645752,1.8354735374450684,1.8354735374450684
2720,1.6134759187698364,1.6134759187698364,1.8364866971969604,1.8364866971969604
2721,1.6132169961929321,1.6132169961929321,1.8375272750854492,1.8375272750854492
2722,1.6135882139205933,1.6135882139205933,1.8374552726745605,1.8374552726745605
2723,1.6136780977249146,1.6136780977249146,1.835864543914795,1.835864543914795
2724,1.614335298538208,1.614335298538208,1.8404016494750977,1.8404016494750977
2725,1.61345374584198,1.61345374584198,1.8363093137741089,1.8363093137741089
2726,1.6132079362869263,1.6132079362869263,1.8375755548477173,1.8375755548477173
2727,1.613516092300415,1.613516092300415,1.839331865310669,1.839331865310669
2728,1.6142935752868652,1.6142935752868652,1.8381032943725586,1.8381032943725586
2729,1.613019585609436,1.613019585609436,1.8388457298278809,1.8388457298278809
2730,1.6128290891647339,1.6128290891647339,1.837158203125,1.837158203125
2731,1.613528847694397,1.613528847694397,1.8406814336776733,1.8406814336776733
2732,1.613692045211792,1.613692045211792,1.8348588943481445,1.8348588943481445
2733,1.6142171621322632,1.6142171621322632,1.8383369445800781,1.8383369445800781
2734,1.613146185874939,1.613146185874939,1.8360823392868042,1.8360823392868042
2735,1.6128013134002686,1.6128013134002686,1.833620548248291,1.833620548248291
2736,1.6131657361984253,1.6131657361984253,1.8358138799667358,1.8358138799667358
2737,1.6132986545562744,1.6132986545562744,1.8351961374282837,1.8351961374282837
2738,1.613351821899414,1.613351821899414,1.834568977355957,1.834568977355957
2739,1.6129875183105469,1.6129875183105469,1.8367664813995361,1.8367664813995361
2740,1.6132078170776367,1.6132078170776367,1.8350834846496582,1.8350834846496582
2741,1.6130704879760742,1.6130704879760742,1.8361995220184326,1.8361995220184326
2742,1.6136265993118286,1.6136265993118286,1.8395079374313354,1.8395079374313354
2743,1.613173007965088,1.613173007965088,1.8357332944869995,1.8357332944869995
2744,1.6131584644317627,1.6131584644317627,1.8355380296707153,1.8355380296707153
2745,1.6133692264556885,1.6133692264556885,1.8434016704559326,1.8434016704559326
2746,1.6127580404281616,1.6127580404281616,1.8354246616363525,1.8354246616363525
2747,1.6131923198699951,1.6131923198699951,1.834118127822876,1.834118127822876
2748,1.6133586168289185,1.6133586168289185,1.8347923755645752,1.8347923755645752
2749,1.6129999160766602,1.6129999160766602,1.836234211921692,1.836234211921692
2750,1.613490343093872,1.613490343093872,1.8443858623504639,1.8443858623504639
2751,1.6135174036026,1.6135174036026,1.8371047973632812,1.8371047973632812
2752,1.6129817962646484,1.6129817962646484,1.834006428718567,1.834006428718567
2753,1.6131123304367065,1.6131123304367065,1.8351233005523682,1.8351233005523682
2754,1.612079381942749,1.612079381942749,1.8344511985778809,1.8344511985778809
2755,1.6123181581497192,1.6123181581497192,1.8355242013931274,1.8355242013931274
2756,1.6120970249176025,1.6120970249176025,1.8366154432296753,1.8366154432296753
2757,1.6129374504089355,1.6129374504089355,1.8419804573059082,1.8419804573059082
2758,1.6131157875061035,1.6131157875061035,1.8343403339385986,1.8343403339385986
2759,1.6135002374649048,1.6135002374649048,1.8384134769439697,1.8384134769439697
2760,1.6146190166473389,1.6146190166473389,1.8401228189468384,1.8401228189468384
2761,1.613012671470642,1.613012671470642,1.834060788154602,1.834060788154602
2762,1.6127148866653442,1.6127148866653442,1.8356425762176514,1.8356425762176514
2763,1.6123710870742798,1.6123710870742798,1.8356131315231323,1.8356131315231323
2764,1.6132563352584839,1.6132563352584839,1.836159348487854,1.836159348487854
2765,1.6131024360656738,1.6131024360656738,1.8347923755645752,1.8347923755645752
2766,1.6122997999191284,1.6122997999191284,1.833692193031311,1.833692193031311
2767,1.6121090650558472,1.6121090650558472,1.83985435962677,1.83985435962677
2768,1.6126893758773804,1.6126893758773804,1.8346740007400513,1.8346740007400513
2769,1.612532377243042,1.612532377243042,1.8366321325302124,1.8366321325302124
2770,1.6122126579284668,1.6122126579284668,1.835623860359192,1.835623860359192
2771,1.6123415231704712,1.6123415231704712,1.8355928659439087,1.8355928659439087
2772,1.6125179529190063,1.6125179529190063,1.8358771800994873,1.8358771800994873
2773,1.6127736568450928,1.6127736568450928,1.833746314048767,1.833746314048767
2774,1.6120152473449707,1.6120152473449707,1.8348115682601929,1.8348115682601929
2775,1.6125646829605103,1.6125646829605103,1.8354226350784302,1.8354226350784302
2776,1.6121538877487183,1.6121538877487183,1.836276888847351,1.836276888847351
2777,1.6127592325210571,1.6127592325210571,1.836114525794983,1.836114525794983
2778,1.612786054611206,1.612786054611206,1.8353044986724854,1.8353044986724854
2779,1.6123939752578735,1.6123939752578735,1.835309386253357,1.835309386253357
2780,1.6118468046188354,1.6118468046188354,1.8340017795562744,1.8340017795562744
2781,1.6128485202789307,1.6128485202789307,1.8349533081054688,1.8349533081054688
2782,1.6127045154571533,1.6127045154571533,1.8358362913131714,1.8358362913131714
2783,1.6125266551971436,1.6125266551971436,1.8368302583694458,1.8368302583694458
2784,1.6120895147323608,1.6120895147323608,1.835070013999939,1.835070013999939
2785,1.6121958494186401,1.6121958494186401,1.8356283903121948,1.8356283903121948
2786,1.6121176481246948,1.6121176481246948,1.8358029127120972,1.8358029127120972
2787,1.6118582487106323,1.6118582487106323,1.8372000455856323,1.8372000455856323
2788,1.611716628074646,1.611716628074646,1.8402514457702637,1.8402514457702637
2789,1.6124403476715088,1.6124403476715088,1.8332897424697876,1.8332897424697876
2790,1.6127153635025024,1.6127153635025024,1.8369718790054321,1.8369718790054321
2791,1.6118322610855103,1.6118322610855103,1.8353947401046753,1.8353947401046753
2792,1.612552285194397,1.612552285194397,1.833972692489624,1.833972692489624
2793,1.612067699432373,1.612067699432373,1.8346586227416992,1.8346586227416992
2794,1.6123892068862915,1.6123892068862915,1.8361746072769165,1.8361746072769165
2795,1.6120563745498657,1.6120563745498657,1.8329581022262573,1.8329581022262573
2796,1.612196445465088,1.612196445465088,1.8339378833770752,1.8339378833770752
2797,1.6119412183761597,1.6119412183761597,1.8343778848648071,1.8343778848648071
2798,1.6117918491363525,1.6117918491363525,1.8337455987930298,1.8337455987930298
2799,1.6125539541244507,1.6125539541244507,1.8329137563705444,1.8329137563705444
2800,1.6119468212127686,1.6119468212127686,1.8342931270599365,1.8342931270599365
2801,1.6122407913208008,1.6122407913208008,1.8346996307373047,1.8346996307373047
2802,1.6121891736984253,1.6121891736984253,1.8348007202148438,1.8348007202148438
2803,1.6127341985702515,1.6127341985702515,1.8354744911193848,1.8354744911193848
2804,1.6118780374526978,1.6118780374526978,1.833980679512024,1.833980679512024
2805,1.6123433113098145,1.6123433113098145,1.8345197439193726,1.8345197439193726
2806,1.611863374710083,1.611863374710083,1.8378148078918457,1.8378148078918457
2807,1.611299991607666,1.611299991607666,1.8356294631958008,1.8356294631958008
2808,1.611520528793335,1.611520528793335,1.833418369293213,1.833418369293213
2809,1.611688256263733,1.611688256263733,1.8396224975585938,1.8396224975585938
2810,1.6117430925369263,1.6117430925369263,1.834993839263916,1.834993839263916
2811,1.6112861633300781,1.6112861633300781,1.8387222290039062,1.8387222290039062
2812,1.611379861831665,1.611379861831665,1.8335051536560059,1.8335051536560059
2813,1.612711787223816,1.612711787223816,1.8348240852355957,1.8348240852355957
2814,1.612237811088562,1.612237811088562,1.8322656154632568,1.8322656154632568
2815,1.6117827892303467,1.6117827892303467,1.8368253707885742,1.8368253707885742
2816,1.6112178564071655,1.6112178564071655,1.8345353603363037,1.8345353603363037
2817,1.611729383468628,1.611729383468628,1.836714744567871,1.836714744567871
2818,1.6118640899658203,1.6118640899658203,1.835505723953247,1.835505723953247
2819,1.611818552017212,1.611818552017212,1.8333543539047241,1.8333543539047241
2820,1.6115531921386719,1.6115531921386719,1.8357691764831543,1.8357691764831543
2821,1.6121141910552979,1.6121141910552979,1.834173560142517,1.834173560142517
2822,1.611032485961914,1.611032485961914,1.8335884809494019,1.8335884809494019
2823,1.6116034984588623,1.6116034984588623,1.834002137184143,1.834002137184143
2824,1.6114604473114014,1.6114604473114014,1.8344166278839111,1.8344166278839111
2825,1.611210584640503,1.611210584640503,1.8361018896102905,1.8361018896102905
2826,1.6114133596420288,1.6114133596420288,1.8346996307373047,1.8346996307373047
2827,1.6118429899215698,1.6118429899215698,1.8363686800003052,1.8363686800003052
2828,1.6133384704589844,1.6133384704589844,1.8354666233062744,1.8354666233062744
2829,1.6111441850662231,1.6111441850662231,1.8329565525054932,1.8329565525054932
2830,1.611678123474121,1.611678123474121,1.842393398284912,1.842393398284912
2831,1.611716628074646,1.611716628074646,1.8340502977371216,1.8340502977371216
2832,1.6119375228881836,1.6119375228881836,1.8351211547851562,1.8351211547851562
2833,1.6115442514419556,1.6115442514419556,1.8342235088348389,1.8342235088348389
2834,1.6123279333114624,1.6123279333114624,1.8387048244476318,1.8387048244476318
2835,1.6118007898330688,1.6118007898330688,1.8375016450881958,1.8375016450881958
2836,1.611663818359375,1.611663818359375,1.8369570970535278,1.8369570970535278
2837,1.6114853620529175,1.6114853620529175,1.8321902751922607,1.8321902751922607
2838,1.6121764183044434,1.6121764183044434,1.8357555866241455,1.8357555866241455
2839,1.6118937730789185,1.6118937730789185,1.835437297821045,1.835437297821045
2840,1.611201286315918,1.611201286315918,1.833203911781311,1.833203911781311
2841,1.6111581325531006,1.6111581325531006,1.833754062652588,1.833754062652588
2842,1.610942006111145,1.610942006111145,1.8331865072250366,1.8331865072250366
2843,1.610658049583435,1.610658049583435,1.8337866067886353,1.8337866067886353
2844,1.6106791496276855,1.6106791496276855,1.8329604864120483,1.8329604864120483
2845,1.6105246543884277,1.6105246543884277,1.8348946571350098,1.8348946571350098
2846,1.610770344734192,1.610770344734192,1.8333908319473267,1.8333908319473267
2847,1.6114898920059204,1.6114898920059204,1.8337700366973877,1.8337700366973877
2848,1.6119657754898071,1.6119657754898071,1.8323144912719727,1.8323144912719727
2849,1.6111432313919067,1.6111432313919067,1.8340425491333008,1.8340425491333008
2850,1.611575961112976,1.611575961112976,1.8378541469573975,1.8378541469573975
2851,1.6114691495895386,1.6114691495895386,1.8336434364318848,1.8336434364318848
2852,1.6107128858566284,1.6107128858566284,1.8321285247802734,1.8321285247802734
2853,1.611871600151062,1.611871600151062,1.8338125944137573,1.8338125944137573
2854,1.6105834245681763,1.6105834245681763,1.8364238739013672,1.8364238739013672
2855,1.6108664274215698,1.6108664274215698,1.8333113193511963,1.8333113193511963
2856,1.6109756231307983,1.6109756231307983,1.8330167531967163,1.8330167531967163
2857,1.610801339149475,1.610801339149475,1.8351361751556396,1.8351361751556396
2858,1.6109883785247803,1.6109883785247803,1.8333903551101685,1.8333903551101685
2859,1.610903263092041,1.610903263092041,1.831948161125183,1.831948161125183
2860,1.6105716228485107,1.6105716228485107,1.8342680931091309,1.8342680931091309
2861,1.6107836961746216,1.6107836961746216,1.8339147567749023,1.8339147567749023
2862,1.6108746528625488,1.6108746528625488,1.8310835361480713,1.8310835361480713
2863,1.611280918121338,1.611280918121338,1.8357404470443726,1.8357404470443726
2864,1.6113858222961426,1.6113858222961426,1.8331799507141113,1.8331799507141113
2865,1.6118704080581665,1.6118704080581665,1.8407758474349976,1.8407758474349976
2866,1.6102447509765625,1.6102447509765625,1.8404393196105957,1.8404393196105957
2867,1.6114981174468994,1.6114981174468994,1.8345874547958374,1.8345874547958374
2868,1.6105345487594604,1.6105345487594604,1.8385751247406006,1.8385751247406006
2869,1.6104779243469238,1.6104779243469238,1.8321447372436523,1.8321447372436523
2870,1.610531210899353,1.610531210899353,1.8328752517700195,1.8328752517700195
2871,1.6104494333267212,1.6104494333267212,1.8326483964920044,1.8326483964920044
2872,1.610838770866394,1.610838770866394,1.8347034454345703,1.8347034454345703
2873,1.6110389232635498,1.6110389232635498,1.8370378017425537,1.8370378017425537
2874,1.6107443571090698,1.6107443571090698,1.8320614099502563,1.8320614099502563
2875,1.6101858615875244,1.6101858615875244,1.8336873054504395,1.8336873054504395
2876,1.6100287437438965,1.6100287437438965,1.8316515684127808,1.8316515684127808
2877,1.6105300188064575,1.6105300188064575,1.8353428840637207,1.8353428840637207
2878,1.6108812093734741,1.6108812093734741,1.832911729812622,1.832911729812622
2879,1.6102827787399292,1.6102827787399292,1.8339883089065552,1.8339883089065552
2880,1.6105707883834839,1.6105707883834839,1.832528829574585,1.832528829574585
2881,1.6105940341949463,1.6105940341949463,1.8314460515975952,1.8314460515975952
2882,1.6102501153945923,1.6102501153945923,1.837716817855835,1.837716817855835
2883,1.6102718114852905,1.6102718114852905,1.8346495628356934,1.8346495628356934
2884,1.6104704141616821,1.6104704141616821,1.8380945920944214,1.8380945920944214
2885,1.6098219156265259,1.6098219156265259,1.8365033864974976,1.8365033864974976
2886,1.6109155416488647,1.6109155416488647,1.8337655067443848,1.8337655067443848
2887,1.6098394393920898,1.6098394393920898,1.8331859111785889,1.8331859111785889
2888,1.610402226448059,1.610402226448059,1.8325105905532837,1.8325105905532837
2889,1.6099961996078491,1.6099961996078491,1.83414888381958,1.83414888381958
2890,1.610317349433899,1.610317349433899,1.8359766006469727,1.8359766006469727
2891,1.6109097003936768,1.6109097003936768,1.8414877653121948,1.8414877653121948
2892,1.6105475425720215,1.6105475425720215,1.831507921218872,1.831507921218872
2893,1.6098253726959229,1.6098253726959229,1.830327033996582,1.830327033996582
2894,1.610127329826355,1.610127329826355,1.8326082229614258,1.8326082229614258
2895,1.609540343284607,1.609540343284607,1.82974374294281,1.82974374294281
2896,1.6102827787399292,1.6102827787399292,1.8307820558547974,1.8307820558547974
2897,1.609787940979004,1.609787940979004,1.8324401378631592,1.8324401378631592
2898,1.609999418258667,1.609999418258667,1.8382583856582642,1.8382583856582642
2899,1.610503077507019,1.610503077507019,1.83711576461792,1.83711576461792
2900,1.6104673147201538,1.6104673147201538,1.8348445892333984,1.8348445892333984
2901,1.610276460647583,1.610276460647583,1.831371545791626,1.831371545791626
2902,1.6104190349578857,1.6104190349578857,1.836674451828003,1.836674451828003
2903,1.6102290153503418,1.6102290153503418,1.832311987876892,1.832311987876892
2904,1.6101858615875244,1.6101858615875244,1.8305048942565918,1.8305048942565918
2905,1.6107945442199707,1.6107945442199707,1.8398066759109497,1.8398066759109497
2906,1.6102442741394043,1.6102442741394043,1.8299823999404907,1.8299823999404907
2907,1.6102174520492554,1.6102174520492554,1.8315722942352295,1.8315722942352295
2908,1.6102170944213867,1.6102170944213867,1.8351143598556519,1.8351143598556519
2909,1.609858751296997,1.609858751296997,1.832149624824524,1.832149624824524
2910,1.610904335975647,1.610904335975647,1.8309940099716187,1.8309940099716187
2911,1.6099727153778076,1.6099727153778076,1.834430456161499,1.834430456161499
2912,1.6093844175338745,1.6093844175338745,1.8320244550704956,1.8320244550704956
2913,1.6100088357925415,1.6100088357925415,1.8317663669586182,1.8317663669586182
2914,1.6105595827102661,1.6105595827102661,1.8310973644256592,1.8310973644256592
2915,1.6105754375457764,1.6105754375457764,1.8305435180664062,1.8305435180664062
2916,1.6097851991653442,1.6097851991653442,1.8310672044754028,1.8310672044754028
2917,1.6098989248275757,1.6098989248275757,1.8302334547042847,1.8302334547042847
2918,1.609731674194336,1.609731674194336,1.8326313495635986,1.8326313495635986
2919,1.6097067594528198,1.6097067594528198,1.831852912902832,1.831852912902832
2920,1.6097851991653442,1.6097851991653442,1.832065463066101,1.832065463066101
2921,1.609606385231018,1.609606385231018,1.8339277505874634,1.8339277505874634
2922,1.6096200942993164,1.6096200942993164,1.8314602375030518,1.8314602375030518
2923,1.6093511581420898,1.6093511581420898,1.8329004049301147,1.8329004049301147
2924,1.6094588041305542,1.6094588041305542,1.8293378353118896,1.8293378353118896
2925,1.6095359325408936,1.6095359325408936,1.8314454555511475,1.8314454555511475
2926,1.6091779470443726,1.6091779470443726,1.8335193395614624,1.8335193395614624
2927,1.6106343269348145,1.6106343269348145,1.8328591585159302,1.8328591585159302
2928,1.6099773645401,1.6099773645401,1.834368109703064,1.834368109703064
2929,1.6098980903625488,1.6098980903625488,1.8293830156326294,1.8293830156326294
2930,1.6096012592315674,1.6096012592315674,1.8317065238952637,1.8317065238952637
2931,1.6098989248275757,1.6098989248275757,1.8302932977676392,1.8302932977676392
2932,1.6092450618743896,1.6092450618743896,1.8292672634124756,1.8292672634124756
2933,1.6101658344268799,1.6101658344268799,1.8323755264282227,1.8323755264282227
2934,1.609093189239502,1.609093189239502,1.835974931716919,1.835974931716919
2935,1.6110634803771973,1.6110634803771973,1.8317691087722778,1.8317691087722778
2936,1.6094931364059448,1.6094931364059448,1.83189058303833,1.83189058303833
2937,1.6087511777877808,1.6087511777877808,1.8332152366638184,1.8332152366638184
2938,1.609344720840454,1.609344720840454,1.8285648822784424,1.8285648822784424
2939,1.6090656518936157,1.6090656518936157,1.8308175802230835,1.8308175802230835
2940,1.6094465255737305,1.6094465255737305,1.831651210784912,1.831651210784912
2941,1.6085662841796875,1.6085662841796875,1.8306961059570312,1.8306961059570312
2942,1.6096436977386475,1.6096436977386475,1.8357833623886108,1.8357833623886108
2943,1.609286904335022,1.609286904335022,1.8289903402328491,1.8289903402328491
2944,1.6096874475479126,1.6096874475479126,1.832187533378601,1.832187533378601
2945,1.6088323593139648,1.6088323593139648,1.8309699296951294,1.8309699296951294
2946,1.6098917722702026,1.6098917722702026,1.834179401397705,1.834179401397705
2947,1.6086394786834717,1.6086394786834717,1.8296728134155273,1.8296728134155273
2948,1.6091383695602417,1.6091383695602417,1.8332607746124268,1.8332607746124268
2949,1.609132170677185,1.609132170677185,1.8295948505401611,1.8295948505401611
2950,1.6095637083053589,1.6095637083053589,1.8309093713760376,1.8309093713760376
2951,1.6097092628479004,1.6097092628479004,1.8292211294174194,1.8292211294174194
2952,1.609147310256958,1.609147310256958,1.8310680389404297,1.8310680389404297
2953,1.6085667610168457,1.6085667610168457,1.8291374444961548,1.8291374444961548
2954,1.609017252922058,1.609017252922058,1.8321561813354492,1.8321561813354492
2955,1.6093924045562744,1.6093924045562744,1.8364366292953491,1.8364366292953491
2956,1.6103824377059937,1.6103824377059937,1.8325446844100952,1.8325446844100952
2957,1.6091850996017456,1.6091850996017456,1.8328218460083008,1.8328218460083008
2958,1.6088331937789917,1.6088331937789917,1.8281664848327637,1.8281664848327637
2959,1.608980655670166,1.608980655670166,1.83018159866333,1.83018159866333
2960,1.6091114282608032,1.6091114282608032,1.8303955793380737,1.8303955793380737
2961,1.6092503070831299,1.6092503070831299,1.831303596496582,1.831303596496582
2962,1.6086121797561646,1.6086121797561646,1.8358466625213623,1.8358466625213623
2963,1.6093652248382568,1.6093652248382568,1.8330249786376953,1.8330249786376953
2964,1.6092777252197266,1.6092777252197266,1.8300342559814453,1.8300342559814453
2965,1.60870361328125,1.60870361328125,1.831729769706726,1.831729769706726
2966,1.608945608139038,1.608945608139038,1.830182433128357,1.830182433128357
2967,1.6105445623397827,1.6105445623397827,1.8293746709823608,1.8293746709823608
2968,1.6089781522750854,1.6089781522750854,1.8284317255020142,1.8284317255020142
2969,1.6084606647491455,1.6084606647491455,1.83152437210083,1.83152437210083
2970,1.6091145277023315,1.6091145277023315,1.8310058116912842,1.8310058116912842
2971,1.6086052656173706,1.6086052656173706,1.8326236009597778,1.8326236009597778
2972,1.6084656715393066,1.6084656715393066,1.8293941020965576,1.8293941020965576
2973,1.608843207359314,1.608843207359314,1.8287525177001953,1.8287525177001953
2974,1.6080900430679321,1.6080900430679321,1.8309342861175537,1.8309342861175537
2975,1.6083354949951172,1.6083354949951172,1.8312174081802368,1.8312174081802368
2976,1.608210802078247,1.608210802078247,1.8288761377334595,1.8288761377334595
2977,1.60843026638031,1.60843026638031,1.8289588689804077,1.8289588689804077
2978,1.608591079711914,1.608591079711914,1.8339531421661377,1.8339531421661377
2979,1.6087645292282104,1.6087645292282104,1.8316984176635742,1.8316984176635742
2980,1.6083073616027832,1.6083073616027832,1.8319616317749023,1.8319616317749023
2981,1.6089766025543213,1.6089766025543213,1.834589958190918,1.834589958190918
2982,1.6095260381698608,1.6095260381698608,1.8309977054595947,1.8309977054595947
2983,1.608537197113037,1.608537197113037,1.8318217992782593,1.8318217992782593
2984,1.609054684638977,1.609054684638977,1.8331120014190674,1.8331120014190674
2985,1.6088037490844727,1.6088037490844727,1.8323843479156494,1.8323843479156494
2986,1.6083972454071045,1.6083972454071045,1.8345544338226318,1.8345544338226318
2987,1.6089891195297241,1.6089891195297241,1.8290725946426392,1.8290725946426392
2988,1.609004020690918,1.609004020690918,1.8291064500808716,1.8291064500808716
2989,1.6089818477630615,1.6089818477630615,1.8285181522369385,1.8285181522369385
2990,1.608587384223938,1.608587384223938,1.8282665014266968,1.8282665014266968
2991,1.6086584329605103,1.6086584329605103,1.8315180540084839,1.8315180540084839
2992,1.6079533100128174,1.6079533100128174,1.8273664712905884,1.8273664712905884
2993,1.6085819005966187,1.6085819005966187,1.8270992040634155,1.8270992040634155
2994,1.6087253093719482,1.6087253093719482,1.8333474397659302,1.8333474397659302
2995,1.608532428741455,1.608532428741455,1.8290002346038818,1.8290002346038818
2996,1.6081194877624512,1.6081194877624512,1.8292819261550903,1.8292819261550903
2997,1.608495831489563,1.608495831489563,1.828567624092102,1.828567624092102
2998,1.6089357137680054,1.6089357137680054,1.8296728134155273,1.8296728134155273
2999,1.6085232496261597,1.6085232496261597,1.8296107053756714,1.8296107053756714
