epoch,loss,mae,val_loss,val_mae
0,2.0044705867767334,2.0044705867767334,1.7099149227142334,1.7099149227142334
1,1.907368779182434,1.907368779182434,1.6802551746368408,1.6802551746368408
2,1.8888694047927856,1.8888694047927856,1.665555477142334,1.665555477142334
3,1.8761030435562134,1.8761030435562134,1.6595325469970703,1.6595325469970703
4,1.8697829246520996,1.8697829246520996,1.652614712715149,1.652614712715149
5,1.8649797439575195,1.8649797439575195,1.6509813070297241,1.6509813070297241
6,1.861948847770691,1.861948847770691,1.649052381515503,1.649052381515503
7,1.8597326278686523,1.8597326278686523,1.647100806236267,1.647100806236267
8,1.8579682111740112,1.8579682111740112,1.6431539058685303,1.6431539058685303
9,1.8565646409988403,1.8565646409988403,1.6416258811950684,1.6416258811950684
10,1.8555340766906738,1.8555340766906738,1.6429271697998047,1.6429271697998047
11,1.8542474508285522,1.8542474508285522,1.6397745609283447,1.6397745609283447
12,1.853206992149353,1.853206992149353,1.6386032104492188,1.6386032104492188
13,1.8520121574401855,1.8520121574401855,1.6381160020828247,1.6381160020828247
14,1.8515294790267944,1.8515294790267944,1.6390173435211182,1.6390173435211182
15,1.8523046970367432,1.8523046970367432,1.641513705253601,1.641513705253601
16,1.8503446578979492,1.8503446578979492,1.6368772983551025,1.6368772983551025
17,1.848474144935608,1.848474144935608,1.6375811100006104,1.6375811100006104
18,1.8474379777908325,1.8474379777908325,1.6353780031204224,1.6353780031204224
19,1.8472161293029785,1.8472161293029785,1.6334489583969116,1.6334489583969116
20,1.84587562084198,1.84587562084198,1.6362674236297607,1.6362674236297607
21,1.8450912237167358,1.8450912237167358,1.632189393043518,1.632189393043518
22,1.8441928625106812,1.8441928625106812,1.6314542293548584,1.6314542293548584
23,1.8432023525238037,1.8432023525238037,1.6328794956207275,1.6328794956207275
24,1.8411338329315186,1.8411338329315186,1.6317752599716187,1.6317752599716187
25,1.840869665145874,1.840869665145874,1.6288704872131348,1.6288704872131348
26,1.8400428295135498,1.8400428295135498,1.6284964084625244,1.6284964084625244
27,1.8392044305801392,1.8392044305801392,1.6281538009643555,1.6281538009643555
28,1.8378400802612305,1.8378400802612305,1.6293596029281616,1.6293596029281616
29,1.8371530771255493,1.8371530771255493,1.6249170303344727,1.6249170303344727
30,1.835494875907898,1.835494875907898,1.6260249614715576,1.6260249614715576
31,1.834473967552185,1.834473967552185,1.6270357370376587,1.6270357370376587
32,1.8339906930923462,1.8339906930923462,1.6228718757629395,1.6228718757629395
33,1.832339882850647,1.832339882850647,1.6226664781570435,1.6226664781570435
34,1.8312302827835083,1.8312302827835083,1.623275637626648,1.623275637626648
35,1.830969214439392,1.830969214439392,1.622292160987854,1.622292160987854
36,1.8292021751403809,1.8292021751403809,1.6187951564788818,1.6187951564788818
37,1.8280872106552124,1.8280872106552124,1.6205366849899292,1.6205366849899292
38,1.8270448446273804,1.8270448446273804,1.6172150373458862,1.6172150373458862
39,1.8251304626464844,1.8251304626464844,1.616381287574768,1.616381287574768
40,1.8244280815124512,1.8244280815124512,1.6155956983566284,1.6155956983566284
41,1.8225998878479004,1.8225998878479004,1.6163562536239624,1.6163562536239624
42,1.8217331171035767,1.8217331171035767,1.6190396547317505,1.6190396547317505
43,1.8207454681396484,1.8207454681396484,1.6136987209320068,1.6136987209320068
44,1.8187129497528076,1.8187129497528076,1.611325979232788,1.611325979232788
45,1.8179543018341064,1.8179543018341064,1.6102973222732544,1.6102973222732544
46,1.816789150238037,1.816789150238037,1.608381748199463,1.608381748199463
47,1.8153126239776611,1.8153126239776611,1.608736276626587,1.608736276626587
48,1.8145859241485596,1.8145859241485596,1.6062318086624146,1.6062318086624146
49,1.8134052753448486,1.8134052753448486,1.605191946029663,1.605191946029663
50,1.8117434978485107,1.8117434978485107,1.604382038116455,1.604382038116455
51,1.8117506504058838,1.8117506504058838,1.6032143831253052,1.6032143831253052
52,1.81008780002594,1.81008780002594,1.6024901866912842,1.6024901866912842
53,1.808502197265625,1.808502197265625,1.6010628938674927,1.6010628938674927
54,1.807782769203186,1.807782769203186,1.6000040769577026,1.6000040769577026
55,1.8061857223510742,1.8061857223510742,1.598771095275879,1.598771095275879
56,1.8053758144378662,1.8053758144378662,1.6004899740219116,1.6004899740219116
57,1.8040740489959717,1.8040740489959717,1.5974801778793335,1.5974801778793335
58,1.803037405014038,1.803037405014038,1.5980583429336548,1.5980583429336548
59,1.8023650646209717,1.8023650646209717,1.596481204032898,1.596481204032898
60,1.801086187362671,1.801086187362671,1.5946736335754395,1.5946736335754395
61,1.8005372285842896,1.8005372285842896,1.5948121547698975,1.5948121547698975
62,1.7996578216552734,1.7996578216552734,1.5941238403320312,1.5941238403320312
63,1.798923134803772,1.798923134803772,1.5945626497268677,1.5945626497268677
64,1.7979003190994263,1.7979003190994263,1.5947402715682983,1.5947402715682983
65,1.797304630279541,1.797304630279541,1.5922870635986328,1.5922870635986328
66,1.7962197065353394,1.7962197065353394,1.5925076007843018,1.5925076007843018
67,1.7954275608062744,1.7954275608062744,1.5910067558288574,1.5910067558288574
68,1.7947216033935547,1.7947216033935547,1.591393232345581,1.591393232345581
69,1.794073462486267,1.794073462486267,1.590052843093872,1.590052843093872
70,1.7939203977584839,1.7939203977584839,1.5900897979736328,1.5900897979736328
71,1.7927868366241455,1.7927868366241455,1.5905990600585938,1.5905990600585938
72,1.7929065227508545,1.7929065227508545,1.5898683071136475,1.5898683071136475
73,1.791397213935852,1.791397213935852,1.5895055532455444,1.5895055532455444
74,1.7912126779556274,1.7912126779556274,1.5896556377410889,1.5896556377410889
75,1.7913330793380737,1.7913330793380737,1.590662956237793,1.590662956237793
76,1.7906134128570557,1.7906134128570557,1.5904979705810547,1.5904979705810547
77,1.7900962829589844,1.7900962829589844,1.587932825088501,1.587932825088501
78,1.7896513938903809,1.7896513938903809,1.5907514095306396,1.5907514095306396
79,1.7891335487365723,1.7891335487365723,1.586887240409851,1.586887240409851
80,1.7886989116668701,1.7886989116668701,1.5890754461288452,1.5890754461288452
81,1.788867712020874,1.788867712020874,1.5896052122116089,1.5896052122116089
82,1.787994623184204,1.787994623184204,1.5867820978164673,1.5867820978164673
83,1.7876733541488647,1.7876733541488647,1.5862681865692139,1.5862681865692139
84,1.7877485752105713,1.7877485752105713,1.5876535177230835,1.5876535177230835
85,1.7872666120529175,1.7872666120529175,1.5867607593536377,1.5867607593536377
86,1.7874490022659302,1.7874490022659302,1.5863410234451294,1.5863410234451294
87,1.7869685888290405,1.7869685888290405,1.5855348110198975,1.5855348110198975
88,1.786268711090088,1.786268711090088,1.5869698524475098,1.5869698524475098
89,1.7859976291656494,1.7859976291656494,1.5849618911743164,1.5849618911743164
90,1.7867003679275513,1.7867003679275513,1.5849316120147705,1.5849316120147705
91,1.785814642906189,1.785814642906189,1.585284948348999,1.585284948348999
92,1.785546064376831,1.785546064376831,1.5846853256225586,1.5846853256225586
93,1.7852944135665894,1.7852944135665894,1.5844312906265259,1.5844312906265259
94,1.7852392196655273,1.7852392196655273,1.5851539373397827,1.5851539373397827
95,1.7854963541030884,1.7854963541030884,1.585279107093811,1.585279107093811
96,1.7850713729858398,1.7850713729858398,1.5852856636047363,1.5852856636047363
97,1.7847315073013306,1.7847315073013306,1.5841352939605713,1.5841352939605713
98,1.784101128578186,1.784101128578186,1.5863410234451294,1.5863410234451294
99,1.7841732501983643,1.7841732501983643,1.5836832523345947,1.5836832523345947
100,1.7841753959655762,1.7841753959655762,1.5832656621932983,1.5832656621932983
101,1.784313678741455,1.784313678741455,1.5849695205688477,1.5849695205688477
102,1.783793330192566,1.783793330192566,1.5829195976257324,1.5829195976257324
103,1.7838916778564453,1.7838916778564453,1.5828050374984741,1.5828050374984741
104,1.783454179763794,1.783454179763794,1.5855159759521484,1.5855159759521484
105,1.782858967781067,1.782858967781067,1.5832031965255737,1.5832031965255737
106,1.7831977605819702,1.7831977605819702,1.5825755596160889,1.5825755596160889
107,1.783170461654663,1.783170461654663,1.5823708772659302,1.5823708772659302
108,1.7833284139633179,1.7833284139633179,1.5820376873016357,1.5820376873016357
109,1.782690405845642,1.782690405845642,1.5821090936660767,1.5821090936660767
110,1.7839351892471313,1.7839351892471313,1.5845303535461426,1.5845303535461426
111,1.7833081483840942,1.7833081483840942,1.5819023847579956,1.5819023847579956
112,1.7824294567108154,1.7824294567108154,1.5821151733398438,1.5821151733398438
113,1.7821847200393677,1.7821847200393677,1.5818835496902466,1.5818835496902466
114,1.7817296981811523,1.7817296981811523,1.581486463546753,1.581486463546753
115,1.7823901176452637,1.7823901176452637,1.5824528932571411,1.5824528932571411
116,1.7811479568481445,1.7811479568481445,1.5853064060211182,1.5853064060211182
117,1.7813855409622192,1.7813855409622192,1.5811189413070679,1.5811189413070679
118,1.7810922861099243,1.7810922861099243,1.5814846754074097,1.5814846754074097
119,1.7815663814544678,1.7815663814544678,1.5809074640274048,1.5809074640274048
120,1.7809884548187256,1.7809884548187256,1.5806148052215576,1.5806148052215576
121,1.7809442281723022,1.7809442281723022,1.5808342695236206,1.5808342695236206
122,1.781091332435608,1.781091332435608,1.5822241306304932,1.5822241306304932
123,1.7809675931930542,1.7809675931930542,1.580237627029419,1.580237627029419
124,1.7803701162338257,1.7803701162338257,1.5817387104034424,1.5817387104034424
125,1.7809098958969116,1.7809098958969116,1.5806385278701782,1.5806385278701782
126,1.7809215784072876,1.7809215784072876,1.580869197845459,1.580869197845459
127,1.7812201976776123,1.7812201976776123,1.5813013315200806,1.5813013315200806
128,1.779972791671753,1.779972791671753,1.5804167985916138,1.5804167985916138
129,1.7803107500076294,1.7803107500076294,1.5796908140182495,1.5796908140182495
130,1.780305027961731,1.780305027961731,1.5797762870788574,1.5797762870788574
131,1.7802826166152954,1.7802826166152954,1.5813432931900024,1.5813432931900024
132,1.7801470756530762,1.7801470756530762,1.5814564228057861,1.5814564228057861
133,1.7801271677017212,1.7801271677017212,1.58160400390625,1.58160400390625
134,1.7796480655670166,1.7796480655670166,1.5798348188400269,1.5798348188400269
135,1.779629111289978,1.779629111289978,1.579850673675537,1.579850673675537
136,1.7797404527664185,1.7797404527664185,1.5792049169540405,1.5792049169540405
137,1.7793943881988525,1.7793943881988525,1.578765869140625,1.578765869140625
138,1.7794231176376343,1.7794231176376343,1.5787311792373657,1.5787311792373657
139,1.7788622379302979,1.7788622379302979,1.5796377658843994,1.5796377658843994
140,1.7792162895202637,1.7792162895202637,1.5789189338684082,1.5789189338684082
141,1.7790005207061768,1.7790005207061768,1.579710602760315,1.579710602760315
142,1.7794262170791626,1.7794262170791626,1.578523874282837,1.578523874282837
143,1.7795183658599854,1.7795183658599854,1.5784404277801514,1.5784404277801514
144,1.778673529624939,1.778673529624939,1.5789936780929565,1.5789936780929565
145,1.7780430316925049,1.7780430316925049,1.579596757888794,1.579596757888794
146,1.7789338827133179,1.7789338827133179,1.578404188156128,1.578404188156128
147,1.7783761024475098,1.7783761024475098,1.5782878398895264,1.5782878398895264
148,1.7785924673080444,1.7785924673080444,1.578849196434021,1.578849196434021
149,1.778154969215393,1.778154969215393,1.578050971031189,1.578050971031189
150,1.778730869293213,1.778730869293213,1.5779809951782227,1.5779809951782227
151,1.7780346870422363,1.7780346870422363,1.5779674053192139,1.5779674053192139
152,1.7778249979019165,1.7778249979019165,1.577862024307251,1.577862024307251
153,1.778254508972168,1.778254508972168,1.5776596069335938,1.5776596069335938
154,1.777355432510376,1.777355432510376,1.5773417949676514,1.5773417949676514
155,1.7790230512619019,1.7790230512619019,1.577593207359314,1.577593207359314
156,1.7773308753967285,1.7773308753967285,1.5775175094604492,1.5775175094604492
157,1.7780598402023315,1.7780598402023315,1.5773844718933105,1.5773844718933105
158,1.777368187904358,1.777368187904358,1.5770983695983887,1.5770983695983887
159,1.777819037437439,1.777819037437439,1.577481985092163,1.577481985092163
160,1.7771345376968384,1.7771345376968384,1.5771948099136353,1.5771948099136353
161,1.777618169784546,1.777618169784546,1.5803636312484741,1.5803636312484741
162,1.7777366638183594,1.7777366638183594,1.5779048204421997,1.5779048204421997
163,1.7773250341415405,1.7773250341415405,1.5771386623382568,1.5771386623382568
164,1.7772207260131836,1.7772207260131836,1.5771656036376953,1.5771656036376953
165,1.7765763998031616,1.7765763998031616,1.576379418373108,1.576379418373108
166,1.7762781381607056,1.7762781381607056,1.5768980979919434,1.5768980979919434
167,1.7769287824630737,1.7769287824630737,1.5776011943817139,1.5776011943817139
168,1.7768073081970215,1.7768073081970215,1.5769882202148438,1.5769882202148438
169,1.7761473655700684,1.7761473655700684,1.576429009437561,1.576429009437561
170,1.7758620977401733,1.7758620977401733,1.5793501138687134,1.5793501138687134
171,1.7764678001403809,1.7764678001403809,1.5761089324951172,1.5761089324951172
172,1.7761790752410889,1.7761790752410889,1.5760196447372437,1.5760196447372437
173,1.7762986421585083,1.7762986421585083,1.5758503675460815,1.5758503675460815
174,1.776062250137329,1.776062250137329,1.5758239030838013,1.5758239030838013
175,1.7755743265151978,1.7755743265151978,1.5763591527938843,1.5763591527938843
176,1.7761292457580566,1.7761292457580566,1.57619309425354,1.57619309425354
177,1.7757588624954224,1.7757588624954224,1.5792595148086548,1.5792595148086548
178,1.7754946947097778,1.7754946947097778,1.5756083726882935,1.5756083726882935
179,1.7753101587295532,1.7753101587295532,1.5752942562103271,1.5752942562103271
180,1.7753779888153076,1.7753779888153076,1.577111840248108,1.577111840248108
181,1.7750805616378784,1.7750805616378784,1.5759670734405518,1.5759670734405518
182,1.7751423120498657,1.7751423120498657,1.5758118629455566,1.5758118629455566
183,1.7749817371368408,1.7749817371368408,1.5754845142364502,1.5754845142364502
184,1.7757744789123535,1.7757744789123535,1.5756313800811768,1.5756313800811768
185,1.774635910987854,1.774635910987854,1.5750960111618042,1.5750960111618042
186,1.7745132446289062,1.7745132446289062,1.5762920379638672,1.5762920379638672
187,1.7749347686767578,1.7749347686767578,1.5759915113449097,1.5759915113449097
188,1.7746540307998657,1.7746540307998657,1.5749309062957764,1.5749309062957764
189,1.7749688625335693,1.7749688625335693,1.5748710632324219,1.5748710632324219
190,1.775136113166809,1.775136113166809,1.5749361515045166,1.5749361515045166
191,1.7741689682006836,1.7741689682006836,1.5757349729537964,1.5757349729537964
192,1.7739075422286987,1.7739075422286987,1.5747325420379639,1.5747325420379639
193,1.7741150856018066,1.7741150856018066,1.5744421482086182,1.5744421482086182
194,1.7741570472717285,1.7741570472717285,1.5751402378082275,1.5751402378082275
195,1.7735720872879028,1.7735720872879028,1.5751384496688843,1.5751384496688843
196,1.7735425233840942,1.7735425233840942,1.5755964517593384,1.5755964517593384
197,1.7741048336029053,1.7741048336029053,1.5747555494308472,1.5747555494308472
198,1.7738481760025024,1.7738481760025024,1.575258493423462,1.575258493423462
199,1.774134874343872,1.774134874343872,1.5744904279708862,1.5744904279708862
200,1.77393639087677,1.77393639087677,1.5744307041168213,1.5744307041168213
201,1.7730439901351929,1.7730439901351929,1.5765023231506348,1.5765023231506348
202,1.7729510068893433,1.7729510068893433,1.5743310451507568,1.5743310451507568
203,1.7727643251419067,1.7727643251419067,1.5743083953857422,1.5743083953857422
204,1.773209571838379,1.773209571838379,1.5741287469863892,1.5741287469863892
205,1.7728649377822876,1.7728649377822876,1.5741991996765137,1.5741991996765137
206,1.7724964618682861,1.7724964618682861,1.5755040645599365,1.5755040645599365
207,1.7727720737457275,1.7727720737457275,1.5746634006500244,1.5746634006500244
208,1.7732535600662231,1.7732535600662231,1.5740816593170166,1.5740816593170166
209,1.7723519802093506,1.7723519802093506,1.5741145610809326,1.5741145610809326
210,1.773066520690918,1.773066520690918,1.5746463537216187,1.5746463537216187
211,1.7726082801818848,1.7726082801818848,1.5741597414016724,1.5741597414016724
212,1.7720147371292114,1.7720147371292114,1.5737031698226929,1.5737031698226929
213,1.7722702026367188,1.7722702026367188,1.5741883516311646,1.5741883516311646
214,1.7719814777374268,1.7719814777374268,1.573440432548523,1.573440432548523
215,1.7719894647598267,1.7719894647598267,1.5741872787475586,1.5741872787475586
216,1.7714097499847412,1.7714097499847412,1.5742707252502441,1.5742707252502441
217,1.7719072103500366,1.7719072103500366,1.5730818510055542,1.5730818510055542
218,1.7718620300292969,1.7718620300292969,1.5745842456817627,1.5745842456817627
219,1.7714885473251343,1.7714885473251343,1.5746684074401855,1.5746684074401855
220,1.7717883586883545,1.7717883586883545,1.5734350681304932,1.5734350681304932
221,1.771176815032959,1.771176815032959,1.575014352798462,1.575014352798462
222,1.7711505889892578,1.7711505889892578,1.5740455389022827,1.5740455389022827
223,1.7711535692214966,1.7711535692214966,1.57278573513031,1.57278573513031
224,1.7710047960281372,1.7710047960281372,1.5729023218154907,1.5729023218154907
225,1.770440936088562,1.770440936088562,1.5738390684127808,1.5738390684127808
226,1.7711634635925293,1.7711634635925293,1.5728510618209839,1.5728510618209839
227,1.7704881429672241,1.7704881429672241,1.5721553564071655,1.5721553564071655
228,1.7702374458312988,1.7702374458312988,1.5726879835128784,1.5726879835128784
229,1.7703429460525513,1.7703429460525513,1.5720040798187256,1.5720040798187256
230,1.770133376121521,1.770133376121521,1.572307825088501,1.572307825088501
231,1.7700284719467163,1.7700284719467163,1.5724050998687744,1.5724050998687744
232,1.7698239088058472,1.7698239088058472,1.5726228952407837,1.5726228952407837
233,1.7703971862792969,1.7703971862792969,1.5719228982925415,1.5719228982925415
234,1.7696831226348877,1.7696831226348877,1.5719112157821655,1.5719112157821655
235,1.7698715925216675,1.7698715925216675,1.5732076168060303,1.5732076168060303
236,1.7699034214019775,1.7699034214019775,1.5720592737197876,1.5720592737197876
237,1.7695422172546387,1.7695422172546387,1.5717823505401611,1.5717823505401611
238,1.7693461179733276,1.7693461179733276,1.5723674297332764,1.5723674297332764
239,1.7703462839126587,1.7703462839126587,1.5721226930618286,1.5721226930618286
240,1.7699391841888428,1.7699391841888428,1.571803331375122,1.571803331375122
241,1.7691946029663086,1.7691946029663086,1.5716979503631592,1.5716979503631592
242,1.7691311836242676,1.7691311836242676,1.5727721452713013,1.5727721452713013
243,1.7690232992172241,1.7690232992172241,1.5711767673492432,1.5711767673492432
244,1.7690861225128174,1.7690861225128174,1.5719023942947388,1.5719023942947388
245,1.7688508033752441,1.7688508033752441,1.5714998245239258,1.5714998245239258
246,1.768419861793518,1.768419861793518,1.5709880590438843,1.5709880590438843
247,1.7693525552749634,1.7693525552749634,1.570934534072876,1.570934534072876
248,1.768508791923523,1.768508791923523,1.571032166481018,1.571032166481018
249,1.7682321071624756,1.7682321071624756,1.571712613105774,1.571712613105774
250,1.7681682109832764,1.7681682109832764,1.571205735206604,1.571205735206604
251,1.7680412530899048,1.7680412530899048,1.5724003314971924,1.5724003314971924
252,1.7682406902313232,1.7682406902313232,1.5718029737472534,1.5718029737472534
253,1.7679413557052612,1.7679413557052612,1.5710859298706055,1.5710859298706055
254,1.7692066431045532,1.7692066431045532,1.5747437477111816,1.5747437477111816
255,1.7677900791168213,1.7677900791168213,1.570494294166565,1.570494294166565
256,1.768243432044983,1.768243432044983,1.5712862014770508,1.5712862014770508
257,1.7674131393432617,1.7674131393432617,1.571982741355896,1.571982741355896
258,1.767473816871643,1.767473816871643,1.570227861404419,1.570227861404419
259,1.767053246498108,1.767053246498108,1.5707064867019653,1.5707064867019653
260,1.7676773071289062,1.7676773071289062,1.571457862854004,1.571457862854004
261,1.766676902770996,1.766676902770996,1.570698618888855,1.570698618888855
262,1.7669280767440796,1.7669280767440796,1.5704303979873657,1.5704303979873657
263,1.7675880193710327,1.7675880193710327,1.5708028078079224,1.5708028078079224
264,1.7675215005874634,1.7675215005874634,1.5697888135910034,1.5697888135910034
265,1.7667664289474487,1.7667664289474487,1.5701749324798584,1.5701749324798584
266,1.7662960290908813,1.7662960290908813,1.5712800025939941,1.5712800025939941
267,1.7668782472610474,1.7668782472610474,1.56975257396698,1.56975257396698
268,1.7666438817977905,1.7666438817977905,1.5711227655410767,1.5711227655410767
269,1.7663806676864624,1.7663806676864624,1.5706855058670044,1.5706855058670044
270,1.765793800354004,1.765793800354004,1.5712000131607056,1.5712000131607056
271,1.7658876180648804,1.7658876180648804,1.5700269937515259,1.5700269937515259
272,1.7660671472549438,1.7660671472549438,1.5699055194854736,1.5699055194854736
273,1.766007423400879,1.766007423400879,1.5715327262878418,1.5715327262878418
274,1.7663549184799194,1.7663549184799194,1.5700973272323608,1.5700973272323608
275,1.7654142379760742,1.7654142379760742,1.5706088542938232,1.5706088542938232
276,1.7651948928833008,1.7651948928833008,1.5697904825210571,1.5697904825210571
277,1.7655800580978394,1.7655800580978394,1.5690926313400269,1.5690926313400269
278,1.7660657167434692,1.7660657167434692,1.5700281858444214,1.5700281858444214
279,1.7653216123580933,1.7653216123580933,1.5693188905715942,1.5693188905715942
280,1.765753984451294,1.765753984451294,1.56894052028656,1.56894052028656
281,1.7649850845336914,1.7649850845336914,1.5688484907150269,1.5688484907150269
282,1.7646024227142334,1.7646024227142334,1.5691267251968384,1.5691267251968384
283,1.7650941610336304,1.7650941610336304,1.5694918632507324,1.5694918632507324
284,1.764471173286438,1.764471173286438,1.5699931383132935,1.5699931383132935
285,1.7644466161727905,1.7644466161727905,1.5686477422714233,1.5686477422714233
286,1.7651698589324951,1.7651698589324951,1.5698775053024292,1.5698775053024292
287,1.765307068824768,1.765307068824768,1.569576382637024,1.569576382637024
288,1.764305830001831,1.764305830001831,1.5687767267227173,1.5687767267227173
289,1.7638128995895386,1.7638128995895386,1.5709595680236816,1.5709595680236816
290,1.764006495475769,1.764006495475769,1.5695405006408691,1.5695405006408691
291,1.7642546892166138,1.7642546892166138,1.568498134613037,1.568498134613037
292,1.7642221450805664,1.7642221450805664,1.5687551498413086,1.5687551498413086
293,1.7637476921081543,1.7637476921081543,1.5695850849151611,1.5695850849151611
294,1.7638421058654785,1.7638421058654785,1.568081021308899,1.568081021308899
295,1.7638375759124756,1.7638375759124756,1.5679712295532227,1.5679712295532227
296,1.7632968425750732,1.7632968425750732,1.5678836107254028,1.5678836107254028
297,1.7630605697631836,1.7630605697631836,1.5694841146469116,1.5694841146469116
298,1.7634016275405884,1.7634016275405884,1.5688673257827759,1.5688673257827759
299,1.7636533975601196,1.7636533975601196,1.5679187774658203,1.5679187774658203
300,1.7627850770950317,1.7627850770950317,1.5678709745407104,1.5678709745407104
301,1.7627769708633423,1.7627769708633423,1.567822813987732,1.567822813987732
302,1.7634189128875732,1.7634189128875732,1.567358374595642,1.567358374595642
303,1.7631218433380127,1.7631218433380127,1.5675021409988403,1.5675021409988403
304,1.7625657320022583,1.7625657320022583,1.5672221183776855,1.5672221183776855
305,1.762230396270752,1.762230396270752,1.5671073198318481,1.5671073198318481
306,1.7624354362487793,1.7624354362487793,1.5682382583618164,1.5682382583618164
307,1.7622849941253662,1.7622849941253662,1.5670521259307861,1.5670521259307861
308,1.7623534202575684,1.7623534202575684,1.5680241584777832,1.5680241584777832
309,1.7621080875396729,1.7621080875396729,1.567119836807251,1.567119836807251
310,1.7615398168563843,1.7615398168563843,1.569469690322876,1.569469690322876
311,1.7620961666107178,1.7620961666107178,1.5671577453613281,1.5671577453613281
312,1.762297511100769,1.762297511100769,1.5676254034042358,1.5676254034042358
313,1.761430263519287,1.761430263519287,1.567958950996399,1.567958950996399
314,1.761987328529358,1.761987328529358,1.5666377544403076,1.5666377544403076
315,1.7615671157836914,1.7615671157836914,1.5673682689666748,1.5673682689666748
316,1.761051058769226,1.761051058769226,1.5663981437683105,1.5663981437683105
317,1.7612043619155884,1.7612043619155884,1.5666539669036865,1.5666539669036865
318,1.7614004611968994,1.7614004611968994,1.566628098487854,1.566628098487854
319,1.761461853981018,1.761461853981018,1.5665168762207031,1.5665168762207031
320,1.7611839771270752,1.7611839771270752,1.5669441223144531,1.5669441223144531
321,1.7607773542404175,1.7607773542404175,1.5662059783935547,1.5662059783935547
322,1.7607297897338867,1.7607297897338867,1.5672956705093384,1.5672956705093384
323,1.7611243724822998,1.7611243724822998,1.5673123598098755,1.5673123598098755
324,1.76041579246521,1.76041579246521,1.5666208267211914,1.5666208267211914
325,1.7606555223464966,1.7606555223464966,1.5663819313049316,1.5663819313049316
326,1.7606455087661743,1.7606455087661743,1.5659061670303345,1.5659061670303345
327,1.7603548765182495,1.7603548765182495,1.5665174722671509,1.5665174722671509
328,1.7606829404830933,1.7606829404830933,1.566327452659607,1.566327452659607
329,1.760115385055542,1.760115385055542,1.5673267841339111,1.5673267841339111
330,1.7600017786026,1.7600017786026,1.56552255153656,1.56552255153656
331,1.759863018989563,1.759863018989563,1.5672106742858887,1.5672106742858887
332,1.7597357034683228,1.7597357034683228,1.5664823055267334,1.5664823055267334
333,1.7603429555892944,1.7603429555892944,1.566920518875122,1.566920518875122
334,1.7596073150634766,1.7596073150634766,1.5651216506958008,1.5651216506958008
335,1.759477972984314,1.759477972984314,1.5663851499557495,1.5663851499557495
336,1.759275197982788,1.759275197982788,1.568170189857483,1.568170189857483
337,1.759394645690918,1.759394645690918,1.5650635957717896,1.5650635957717896
338,1.7591713666915894,1.7591713666915894,1.5648926496505737,1.5648926496505737
339,1.7590231895446777,1.7590231895446777,1.5660510063171387,1.5660510063171387
340,1.759041428565979,1.759041428565979,1.5652536153793335,1.5652536153793335
341,1.7591701745986938,1.7591701745986938,1.5656946897506714,1.5656946897506714
342,1.7588573694229126,1.7588573694229126,1.565708875656128,1.565708875656128
343,1.7593823671340942,1.7593823671340942,1.5654940605163574,1.5654940605163574
344,1.758445143699646,1.758445143699646,1.5648332834243774,1.5648332834243774
345,1.7584635019302368,1.7584635019302368,1.5643830299377441,1.5643830299377441
346,1.7579854726791382,1.7579854726791382,1.5647881031036377,1.5647881031036377
347,1.7582910060882568,1.7582910060882568,1.5646761655807495,1.5646761655807495
348,1.7587214708328247,1.7587214708328247,1.5647294521331787,1.5647294521331787
349,1.7576013803482056,1.7576013803482056,1.564315676689148,1.564315676689148
350,1.7580448389053345,1.7580448389053345,1.5667011737823486,1.5667011737823486
351,1.7575199604034424,1.7575199604034424,1.5644629001617432,1.5644629001617432
352,1.7573949098587036,1.7573949098587036,1.5644844770431519,1.5644844770431519
353,1.757519006729126,1.757519006729126,1.5640758275985718,1.5640758275985718
354,1.7571167945861816,1.7571167945861816,1.5635895729064941,1.5635895729064941
355,1.7580208778381348,1.7580208778381348,1.5638670921325684,1.5638670921325684
356,1.7568445205688477,1.7568445205688477,1.5647268295288086,1.5647268295288086
357,1.756832242012024,1.756832242012024,1.566499948501587,1.566499948501587
358,1.7569248676300049,1.7569248676300049,1.5642774105072021,1.5642774105072021
359,1.756754755973816,1.756754755973816,1.5639123916625977,1.5639123916625977
360,1.7571419477462769,1.7571419477462769,1.5641919374465942,1.5641919374465942
361,1.7569550275802612,1.7569550275802612,1.5637458562850952,1.5637458562850952
362,1.7565125226974487,1.7565125226974487,1.5642329454421997,1.5642329454421997
363,1.756209135055542,1.756209135055542,1.5639547109603882,1.5639547109603882
364,1.7564849853515625,1.7564849853515625,1.5636355876922607,1.5636355876922607
365,1.7559067010879517,1.7559067010879517,1.5628937482833862,1.5628937482833862
366,1.7560763359069824,1.7560763359069824,1.5641950368881226,1.5641950368881226
367,1.7563737630844116,1.7563737630844116,1.5638353824615479,1.5638353824615479
368,1.756247878074646,1.756247878074646,1.5662615299224854,1.5662615299224854
369,1.7557531595230103,1.7557531595230103,1.5634089708328247,1.5634089708328247
370,1.7566196918487549,1.7566196918487549,1.5638418197631836,1.5638418197631836
371,1.755513310432434,1.755513310432434,1.5635274648666382,1.5635274648666382
372,1.7551448345184326,1.7551448345184326,1.5634822845458984,1.5634822845458984
373,1.7564700841903687,1.7564700841903687,1.562554121017456,1.562554121017456
374,1.755297303199768,1.755297303199768,1.5621259212493896,1.5621259212493896
375,1.7548309564590454,1.7548309564590454,1.56322181224823,1.56322181224823
376,1.7550530433654785,1.7550530433654785,1.5628447532653809,1.5628447532653809
377,1.7549642324447632,1.7549642324447632,1.5623544454574585,1.5623544454574585
378,1.754878044128418,1.754878044128418,1.5625009536743164,1.5625009536743164
379,1.7543576955795288,1.7543576955795288,1.5630630254745483,1.5630630254745483
380,1.7543970346450806,1.7543970346450806,1.5626124143600464,1.5626124143600464
381,1.754422664642334,1.754422664642334,1.5627129077911377,1.5627129077911377
382,1.754223108291626,1.754223108291626,1.5620479583740234,1.5620479583740234
383,1.7539271116256714,1.7539271116256714,1.561953067779541,1.561953067779541
384,1.7542500495910645,1.7542500495910645,1.5616248846054077,1.5616248846054077
385,1.7539374828338623,1.7539374828338623,1.5616194009780884,1.5616194009780884
386,1.7536371946334839,1.7536371946334839,1.5622334480285645,1.5622334480285645
387,1.7538540363311768,1.7538540363311768,1.5632925033569336,1.5632925033569336
388,1.753455638885498,1.753455638885498,1.5620890855789185,1.5620890855789185
389,1.7538020610809326,1.7538020610809326,1.5624921321868896,1.5624921321868896
390,1.753351092338562,1.753351092338562,1.5611201524734497,1.5611201524734497
391,1.7535840272903442,1.7535840272903442,1.5612455606460571,1.5612455606460571
392,1.7532256841659546,1.7532256841659546,1.5653256177902222,1.5653256177902222
393,1.753163456916809,1.753163456916809,1.561280608177185,1.561280608177185
394,1.753153920173645,1.753153920173645,1.5614948272705078,1.5614948272705078
395,1.752982497215271,1.752982497215271,1.5620850324630737,1.5620850324630737
396,1.7524303197860718,1.7524303197860718,1.5608220100402832,1.5608220100402832
397,1.7524309158325195,1.7524309158325195,1.5606719255447388,1.5606719255447388
398,1.7529633045196533,1.7529633045196533,1.560736894607544,1.560736894607544
399,1.7523386478424072,1.7523386478424072,1.560507893562317,1.560507893562317
400,1.7524490356445312,1.7524490356445312,1.561705231666565,1.561705231666565
401,1.7516800165176392,1.7516800165176392,1.560376524925232,1.560376524925232
402,1.7530502080917358,1.7530502080917358,1.5609207153320312,1.5609207153320312
403,1.7519478797912598,1.7519478797912598,1.5608232021331787,1.5608232021331787
404,1.7519193887710571,1.7519193887710571,1.5606530904769897,1.5606530904769897
405,1.7516075372695923,1.7516075372695923,1.5598506927490234,1.5598506927490234
406,1.7513844966888428,1.7513844966888428,1.5600643157958984,1.5600643157958984
407,1.7513312101364136,1.7513312101364136,1.559689998626709,1.559689998626709
408,1.7515873908996582,1.7515873908996582,1.559912085533142,1.559912085533142
409,1.7511303424835205,1.7511303424835205,1.5597435235977173,1.5597435235977173
410,1.7512744665145874,1.7512744665145874,1.559840202331543,1.559840202331543
411,1.7516616582870483,1.7516616582870483,1.5594080686569214,1.5594080686569214
412,1.7511824369430542,1.7511824369430542,1.5597248077392578,1.5597248077392578
413,1.7511990070343018,1.7511990070343018,1.5594300031661987,1.5594300031661987
414,1.750334620475769,1.750334620475769,1.558740258216858,1.558740258216858
415,1.750896692276001,1.750896692276001,1.5605977773666382,1.5605977773666382
416,1.7502232789993286,1.7502232789993286,1.5585802793502808,1.5585802793502808
417,1.7500582933425903,1.7500582933425903,1.558942437171936,1.558942437171936
418,1.7499058246612549,1.7499058246612549,1.5595474243164062,1.5595474243164062
419,1.7499890327453613,1.7499890327453613,1.55840003490448,1.55840003490448
420,1.750300645828247,1.750300645828247,1.5587217807769775,1.5587217807769775
421,1.7499958276748657,1.7499958276748657,1.5581753253936768,1.5581753253936768
422,1.7492854595184326,1.7492854595184326,1.5590274333953857,1.5590274333953857
423,1.7494785785675049,1.7494785785675049,1.558083415031433,1.558083415031433
424,1.7496014833450317,1.7496014833450317,1.5583267211914062,1.5583267211914062
425,1.7491761445999146,1.7491761445999146,1.5581867694854736,1.5581867694854736
426,1.749412178993225,1.749412178993225,1.5597147941589355,1.5597147941589355
427,1.7494043111801147,1.7494043111801147,1.5585241317749023,1.5585241317749023
428,1.7491506338119507,1.7491506338119507,1.5582294464111328,1.5582294464111328
429,1.7493386268615723,1.7493386268615723,1.5579333305358887,1.5579333305358887
430,1.749273419380188,1.749273419380188,1.557096004486084,1.557096004486084
431,1.748584508895874,1.748584508895874,1.5574114322662354,1.5574114322662354
432,1.7490559816360474,1.7490559816360474,1.5580904483795166,1.5580904483795166
433,1.7484616041183472,1.7484616041183472,1.5570369958877563,1.5570369958877563
434,1.7485617399215698,1.7485617399215698,1.5573567152023315,1.5573567152023315
435,1.7484122514724731,1.7484122514724731,1.5585038661956787,1.5585038661956787
436,1.7488200664520264,1.7488200664520264,1.5575621128082275,1.5575621128082275
437,1.7476885318756104,1.7476885318756104,1.557915449142456,1.557915449142456
438,1.7479768991470337,1.7479768991470337,1.5574907064437866,1.5574907064437866
439,1.7478493452072144,1.7478493452072144,1.5575833320617676,1.5575833320617676
440,1.7482433319091797,1.7482433319091797,1.5577900409698486,1.5577900409698486
441,1.7474370002746582,1.7474370002746582,1.5573354959487915,1.5573354959487915
442,1.74820077419281,1.74820077419281,1.5575789213180542,1.5575789213180542
443,1.7474678754806519,1.7474678754806519,1.5564755201339722,1.5564755201339722
444,1.7475123405456543,1.7475123405456543,1.5568920373916626,1.5568920373916626
445,1.7471058368682861,1.7471058368682861,1.555742621421814,1.555742621421814
446,1.7473385334014893,1.7473385334014893,1.5559685230255127,1.5559685230255127
447,1.7463458776474,1.7463458776474,1.5571043491363525,1.5571043491363525
448,1.7465585470199585,1.7465585470199585,1.5561156272888184,1.5561156272888184
449,1.746851921081543,1.746851921081543,1.5576072931289673,1.5576072931289673
450,1.746932864189148,1.746932864189148,1.5561217069625854,1.5561217069625854
451,1.7470953464508057,1.7470953464508057,1.5568360090255737,1.5568360090255737
452,1.7462295293807983,1.7462295293807983,1.555177092552185,1.555177092552185
453,1.7464498281478882,1.7464498281478882,1.5566658973693848,1.5566658973693848
454,1.7466109991073608,1.7466109991073608,1.5550627708435059,1.5550627708435059
455,1.7459735870361328,1.7459735870361328,1.5572693347930908,1.5572693347930908
456,1.7462217807769775,1.7462217807769775,1.5551223754882812,1.5551223754882812
457,1.745794415473938,1.745794415473938,1.5551220178604126,1.5551220178604126
458,1.7456248998641968,1.7456248998641968,1.5556590557098389,1.5556590557098389
459,1.745896339416504,1.745896339416504,1.5549296140670776,1.5549296140670776
460,1.7466564178466797,1.7466564178466797,1.5549970865249634,1.5549970865249634
461,1.7456196546554565,1.7456196546554565,1.5546015501022339,1.5546015501022339
462,1.7452760934829712,1.7452760934829712,1.5553723573684692,1.5553723573684692
463,1.7460967302322388,1.7460967302322388,1.5547020435333252,1.5547020435333252
464,1.7448618412017822,1.7448618412017822,1.5542196035385132,1.5542196035385132
465,1.7445951700210571,1.7445951700210571,1.5538040399551392,1.5538040399551392
466,1.7450226545333862,1.7450226545333862,1.5581611394882202,1.5581611394882202
467,1.7468798160552979,1.7468798160552979,1.5540214776992798,1.5540214776992798
468,1.7448973655700684,1.7448973655700684,1.5547635555267334,1.5547635555267334
469,1.7448376417160034,1.7448376417160034,1.554234266281128,1.554234266281128
470,1.7440489530563354,1.7440489530563354,1.5536686182022095,1.5536686182022095
471,1.7448099851608276,1.7448099851608276,1.5565844774246216,1.5565844774246216
472,1.7440428733825684,1.7440428733825684,1.5532368421554565,1.5532368421554565
473,1.7443788051605225,1.7443788051605225,1.5534135103225708,1.5534135103225708
474,1.743707537651062,1.743707537651062,1.5534944534301758,1.5534944534301758
475,1.744611382484436,1.744611382484436,1.5543160438537598,1.5543160438537598
476,1.7439374923706055,1.7439374923706055,1.5535778999328613,1.5535778999328613
477,1.7438819408416748,1.7438819408416748,1.5547350645065308,1.5547350645065308
478,1.743127465248108,1.743127465248108,1.5544168949127197,1.5544168949127197
479,1.7437236309051514,1.7437236309051514,1.5525497198104858,1.5525497198104858
480,1.7436453104019165,1.7436453104019165,1.555371880531311,1.555371880531311
481,1.7432011365890503,1.7432011365890503,1.5530908107757568,1.5530908107757568
482,1.7430224418640137,1.7430224418640137,1.5531835556030273,1.5531835556030273
483,1.7434903383255005,1.7434903383255005,1.55180025100708,1.55180025100708
484,1.7425442934036255,1.7425442934036255,1.5522009134292603,1.5522009134292603
485,1.7429205179214478,1.7429205179214478,1.5520687103271484,1.5520687103271484
486,1.742748737335205,1.742748737335205,1.5562658309936523,1.5562658309936523
487,1.7436658143997192,1.7436658143997192,1.55256986618042,1.55256986618042
488,1.7430249452590942,1.7430249452590942,1.551088571548462,1.551088571548462
489,1.742569088935852,1.742569088935852,1.552071452140808,1.552071452140808
490,1.742496371269226,1.742496371269226,1.5514999628067017,1.5514999628067017
491,1.7427438497543335,1.7427438497543335,1.5516170263290405,1.5516170263290405
492,1.742038369178772,1.742038369178772,1.552618384361267,1.552618384361267
493,1.7423347234725952,1.7423347234725952,1.5514863729476929,1.5514863729476929
494,1.7414929866790771,1.7414929866790771,1.5514103174209595,1.5514103174209595
495,1.7414236068725586,1.7414236068725586,1.5519828796386719,1.5519828796386719
496,1.7415143251419067,1.7415143251419067,1.551193118095398,1.551193118095398
497,1.7418714761734009,1.7418714761734009,1.5514640808105469,1.5514640808105469
498,1.7408169507980347,1.7408169507980347,1.5508314371109009,1.5508314371109009
499,1.74153733253479,1.74153733253479,1.5507413148880005,1.5507413148880005
500,1.7411819696426392,1.7411819696426392,1.5512299537658691,1.5512299537658691
501,1.7410705089569092,1.7410705089569092,1.5499564409255981,1.5499564409255981
502,1.740694284439087,1.740694284439087,1.5514318943023682,1.5514318943023682
503,1.741626501083374,1.741626501083374,1.5507333278656006,1.5507333278656006
504,1.7413671016693115,1.7413671016693115,1.5504406690597534,1.5504406690597534
505,1.7405303716659546,1.7405303716659546,1.5514061450958252,1.5514061450958252
506,1.7408276796340942,1.7408276796340942,1.5504275560379028,1.5504275560379028
507,1.7406402826309204,1.7406402826309204,1.5503299236297607,1.5503299236297607
508,1.7400542497634888,1.7400542497634888,1.5496619939804077,1.5496619939804077
509,1.7401978969573975,1.7401978969573975,1.5504347085952759,1.5504347085952759
510,1.7402193546295166,1.7402193546295166,1.54965341091156,1.54965341091156
511,1.7404521703720093,1.7404521703720093,1.5504682064056396,1.5504682064056396
512,1.7406487464904785,1.7406487464904785,1.5487256050109863,1.5487256050109863
513,1.7395426034927368,1.7395426034927368,1.5497435331344604,1.5497435331344604
514,1.7394496202468872,1.7394496202468872,1.5490550994873047,1.5490550994873047
515,1.7399775981903076,1.7399775981903076,1.5501068830490112,1.5501068830490112
516,1.7399203777313232,1.7399203777313232,1.5486299991607666,1.5486299991607666
517,1.7393702268600464,1.7393702268600464,1.5483201742172241,1.5483201742172241
518,1.7398673295974731,1.7398673295974731,1.5479488372802734,1.5479488372802734
519,1.7390044927597046,1.7390044927597046,1.5489063262939453,1.5489063262939453
520,1.7396574020385742,1.7396574020385742,1.5494216680526733,1.5494216680526733
521,1.7390179634094238,1.7390179634094238,1.5483052730560303,1.5483052730560303
522,1.7386409044265747,1.7386409044265747,1.5482679605484009,1.5482679605484009
523,1.738467812538147,1.738467812538147,1.5492019653320312,1.5492019653320312
524,1.7384823560714722,1.7384823560714722,1.5478882789611816,1.5478882789611816
525,1.7383757829666138,1.7383757829666138,1.5483365058898926,1.5483365058898926
526,1.7382094860076904,1.7382094860076904,1.5490254163742065,1.5490254163742065
527,1.7389899492263794,1.7389899492263794,1.548558235168457,1.548558235168457
528,1.7381017208099365,1.7381017208099365,1.549776315689087,1.549776315689087
529,1.7386051416397095,1.7386051416397095,1.547315001487732,1.547315001487732
530,1.737777829170227,1.737777829170227,1.5477538108825684,1.5477538108825684
531,1.7373757362365723,1.7373757362365723,1.5469192266464233,1.5469192266464233
532,1.7383419275283813,1.7383419275283813,1.5464376211166382,1.5464376211166382
533,1.737805962562561,1.737805962562561,1.5483289957046509,1.5483289957046509
534,1.737555980682373,1.737555980682373,1.54707932472229,1.54707932472229
535,1.7371339797973633,1.7371339797973633,1.5466398000717163,1.5466398000717163
536,1.7372556924819946,1.7372556924819946,1.5464133024215698,1.5464133024215698
537,1.7375930547714233,1.7375930547714233,1.5464863777160645,1.5464863777160645
538,1.7369145154953003,1.7369145154953003,1.5461246967315674,1.5461246967315674
539,1.7368816137313843,1.7368816137313843,1.5464961528778076,1.5464961528778076
540,1.7365809679031372,1.7365809679031372,1.5459692478179932,1.5459692478179932
541,1.7366673946380615,1.7366673946380615,1.5453524589538574,1.5453524589538574
542,1.736898422241211,1.736898422241211,1.5461691617965698,1.5461691617965698
543,1.7367347478866577,1.7367347478866577,1.545555830001831,1.545555830001831
544,1.7364407777786255,1.7364407777786255,1.5451362133026123,1.5451362133026123
545,1.7358691692352295,1.7358691692352295,1.5454696416854858,1.5454696416854858
546,1.736295461654663,1.736295461654663,1.5453060865402222,1.5453060865402222
547,1.7362749576568604,1.7362749576568604,1.5454336404800415,1.5454336404800415
548,1.7361152172088623,1.7361152172088623,1.5453999042510986,1.5453999042510986
549,1.7359769344329834,1.7359769344329834,1.544965147972107,1.544965147972107
550,1.7358659505844116,1.7358659505844116,1.54533851146698,1.54533851146698
551,1.7358040809631348,1.7358040809631348,1.5444375276565552,1.5444375276565552
552,1.735466718673706,1.735466718673706,1.544299602508545,1.544299602508545
553,1.735634684562683,1.735634684562683,1.5440369844436646,1.5440369844436646
554,1.7349796295166016,1.7349796295166016,1.544363260269165,1.544363260269165
555,1.7351808547973633,1.7351808547973633,1.5440644025802612,1.5440644025802612
556,1.735108494758606,1.735108494758606,1.5441648960113525,1.5441648960113525
557,1.7352485656738281,1.7352485656738281,1.543686032295227,1.543686032295227
558,1.735000729560852,1.735000729560852,1.5441800355911255,1.5441800355911255
559,1.7348333597183228,1.7348333597183228,1.5439977645874023,1.5439977645874023
560,1.7348369359970093,1.7348369359970093,1.5435371398925781,1.5435371398925781
561,1.7351853847503662,1.7351853847503662,1.5446871519088745,1.5446871519088745
562,1.735548973083496,1.735548973083496,1.5466870069503784,1.5466870069503784
563,1.735008955001831,1.735008955001831,1.5434648990631104,1.5434648990631104
564,1.734350323677063,1.734350323677063,1.5446480512619019,1.5446480512619019
565,1.7346315383911133,1.7346315383911133,1.543189287185669,1.543189287185669
566,1.7345560789108276,1.7345560789108276,1.5430285930633545,1.5430285930633545
567,1.7343660593032837,1.7343660593032837,1.5427659749984741,1.5427659749984741
568,1.7336283922195435,1.7336283922195435,1.543161153793335,1.543161153793335
569,1.7335442304611206,1.7335442304611206,1.5420771837234497,1.5420771837234497
570,1.7342480421066284,1.7342480421066284,1.5421422719955444,1.5421422719955444
571,1.733530044555664,1.733530044555664,1.54185950756073,1.54185950756073
572,1.7336723804473877,1.7336723804473877,1.5431241989135742,1.5431241989135742
573,1.7331926822662354,1.7331926822662354,1.5419597625732422,1.5419597625732422
574,1.7332611083984375,1.7332611083984375,1.5423396825790405,1.5423396825790405
575,1.7331647872924805,1.7331647872924805,1.542722463607788,1.542722463607788
576,1.7333948612213135,1.7333948612213135,1.54146409034729,1.54146409034729
577,1.7332520484924316,1.7332520484924316,1.5421172380447388,1.5421172380447388
578,1.73298978805542,1.73298978805542,1.5413528680801392,1.5413528680801392
579,1.7331631183624268,1.7331631183624268,1.5425374507904053,1.5425374507904053
580,1.7325621843338013,1.7325621843338013,1.5416598320007324,1.5416598320007324
581,1.7324540615081787,1.7324540615081787,1.5424400568008423,1.5424400568008423
582,1.7324209213256836,1.7324209213256836,1.5408551692962646,1.5408551692962646
583,1.7325758934020996,1.7325758934020996,1.5403958559036255,1.5403958559036255
584,1.7320921421051025,1.7320921421051025,1.541583776473999,1.541583776473999
585,1.7320250272750854,1.7320250272750854,1.5411813259124756,1.5411813259124756
586,1.7320419549942017,1.7320419549942017,1.5407001972198486,1.5407001972198486
587,1.7323822975158691,1.7323822975158691,1.5400686264038086,1.5400686264038086
588,1.7314643859863281,1.7314643859863281,1.5405513048171997,1.5405513048171997
589,1.7323548793792725,1.7323548793792725,1.5397180318832397,1.5397180318832397
590,1.7324341535568237,1.7324341535568237,1.539689064025879,1.539689064025879
591,1.7321146726608276,1.7321146726608276,1.5397632122039795,1.5397632122039795
592,1.7316802740097046,1.7316802740097046,1.5399328470230103,1.5399328470230103
593,1.7310422658920288,1.7310422658920288,1.5394377708435059,1.5394377708435059
594,1.7318669557571411,1.7318669557571411,1.5396456718444824,1.5396456718444824
595,1.7312736511230469,1.7312736511230469,1.5393136739730835,1.5393136739730835
596,1.7308045625686646,1.7308045625686646,1.5392537117004395,1.5392537117004395
597,1.7308526039123535,1.7308526039123535,1.538999080657959,1.538999080657959
598,1.7307785749435425,1.7307785749435425,1.5415593385696411,1.5415593385696411
599,1.731956958770752,1.731956958770752,1.5387035608291626,1.5387035608291626
600,1.7304682731628418,1.7304682731628418,1.5389313697814941,1.5389313697814941
601,1.730656385421753,1.730656385421753,1.5391972064971924,1.5391972064971924
602,1.7315396070480347,1.7315396070480347,1.5382646322250366,1.5382646322250366
603,1.7300455570220947,1.7300455570220947,1.538527488708496,1.538527488708496
604,1.7299773693084717,1.7299773693084717,1.540610432624817,1.540610432624817
605,1.7305359840393066,1.7305359840393066,1.5377413034439087,1.5377413034439087
606,1.7299379110336304,1.7299379110336304,1.537461280822754,1.537461280822754
607,1.730393409729004,1.730393409729004,1.5383789539337158,1.5383789539337158
608,1.7304856777191162,1.7304856777191162,1.5375347137451172,1.5375347137451172
609,1.7295184135437012,1.7295184135437012,1.5376770496368408,1.5376770496368408
610,1.7296470403671265,1.7296470403671265,1.5373417139053345,1.5373417139053345
611,1.7296233177185059,1.7296233177185059,1.53715181350708,1.53715181350708
612,1.7294408082962036,1.7294408082962036,1.5369328260421753,1.5369328260421753
613,1.7293286323547363,1.7293286323547363,1.536677360534668,1.536677360534668
614,1.7292400598526,1.7292400598526,1.5369762182235718,1.5369762182235718
615,1.7292382717132568,1.7292382717132568,1.5374886989593506,1.5374886989593506
616,1.7294864654541016,1.7294864654541016,1.53659188747406,1.53659188747406
617,1.7289655208587646,1.7289655208587646,1.5365155935287476,1.5365155935287476
618,1.7288432121276855,1.7288432121276855,1.5389310121536255,1.5389310121536255
619,1.729556679725647,1.729556679725647,1.5358513593673706,1.5358513593673706
620,1.7288284301757812,1.7288284301757812,1.5367431640625,1.5367431640625
621,1.7284247875213623,1.7284247875213623,1.5360469818115234,1.5360469818115234
622,1.7287949323654175,1.7287949323654175,1.5358731746673584,1.5358731746673584
623,1.7278801202774048,1.7278801202774048,1.536456823348999,1.536456823348999
624,1.7282638549804688,1.7282638549804688,1.5361213684082031,1.5361213684082031
625,1.7282458543777466,1.7282458543777466,1.5352652072906494,1.5352652072906494
626,1.7279019355773926,1.7279019355773926,1.535496711730957,1.535496711730957
627,1.7278066873550415,1.7278066873550415,1.535683274269104,1.535683274269104
628,1.728405475616455,1.728405475616455,1.5349398851394653,1.5349398851394653
629,1.7281888723373413,1.7281888723373413,1.5385090112686157,1.5385090112686157
630,1.7282681465148926,1.7282681465148926,1.5351970195770264,1.5351970195770264
631,1.7275768518447876,1.7275768518447876,1.5367717742919922,1.5367717742919922
632,1.728057622909546,1.728057622909546,1.5347208976745605,1.5347208976745605
633,1.7276979684829712,1.7276979684829712,1.5352733135223389,1.5352733135223389
634,1.7280257940292358,1.7280257940292358,1.5344936847686768,1.5344936847686768
635,1.7272658348083496,1.7272658348083496,1.5342000722885132,1.5342000722885132
636,1.7266802787780762,1.7266802787780762,1.5337820053100586,1.5337820053100586
637,1.7270915508270264,1.7270915508270264,1.5337883234024048,1.5337883234024048
638,1.7272322177886963,1.7272322177886963,1.5335742235183716,1.5335742235183716
639,1.726808786392212,1.726808786392212,1.5348092317581177,1.5348092317581177
640,1.7275887727737427,1.7275887727737427,1.5332295894622803,1.5332295894622803
641,1.7267680168151855,1.7267680168151855,1.5332732200622559,1.5332732200622559
642,1.7271662950515747,1.7271662950515747,1.5338976383209229,1.5338976383209229
643,1.7272429466247559,1.7272429466247559,1.5333036184310913,1.5333036184310913
644,1.7265297174453735,1.7265297174453735,1.5326892137527466,1.5326892137527466
645,1.7265095710754395,1.7265095710754395,1.532716989517212,1.532716989517212
646,1.726915717124939,1.726915717124939,1.531815528869629,1.531815528869629
647,1.7266290187835693,1.7266290187835693,1.5322545766830444,1.5322545766830444
648,1.7262648344039917,1.7262648344039917,1.5344228744506836,1.5344228744506836
649,1.7260228395462036,1.7260228395462036,1.5318081378936768,1.5318081378936768
650,1.7258113622665405,1.7258113622665405,1.531842589378357,1.531842589378357
651,1.725610375404358,1.725610375404358,1.533652424812317,1.533652424812317
652,1.725595235824585,1.725595235824585,1.5317686796188354,1.5317686796188354
653,1.7250888347625732,1.7250888347625732,1.5317952632904053,1.5317952632904053
654,1.7258422374725342,1.7258422374725342,1.5315905809402466,1.5315905809402466
655,1.726510763168335,1.726510763168335,1.531895637512207,1.531895637512207
656,1.7251243591308594,1.7251243591308594,1.5316731929779053,1.5316731929779053
657,1.7254215478897095,1.7254215478897095,1.5317293405532837,1.5317293405532837
658,1.725334882736206,1.725334882736206,1.5311217308044434,1.5311217308044434
659,1.7251269817352295,1.7251269817352295,1.530981421470642,1.530981421470642
660,1.7252111434936523,1.7252111434936523,1.5316641330718994,1.5316641330718994
661,1.7246779203414917,1.7246779203414917,1.5305160284042358,1.5305160284042358
662,1.7247356176376343,1.7247356176376343,1.5303946733474731,1.5303946733474731
663,1.7255148887634277,1.7255148887634277,1.531121015548706,1.531121015548706
664,1.7246549129486084,1.7246549129486084,1.5303153991699219,1.5303153991699219
665,1.725221872329712,1.725221872329712,1.5313862562179565,1.5313862562179565
666,1.7248833179473877,1.7248833179473877,1.5305949449539185,1.5305949449539185
667,1.724750280380249,1.724750280380249,1.5303115844726562,1.5303115844726562
668,1.7248075008392334,1.7248075008392334,1.5303980112075806,1.5303980112075806
669,1.7239266633987427,1.7239266633987427,1.5301603078842163,1.5301603078842163
670,1.7239556312561035,1.7239556312561035,1.530074119567871,1.530074119567871
671,1.7244811058044434,1.7244811058044434,1.5293850898742676,1.5293850898742676
672,1.7246547937393188,1.7246547937393188,1.5302156209945679,1.5302156209945679
673,1.724055290222168,1.724055290222168,1.528935432434082,1.528935432434082
674,1.7240734100341797,1.7240734100341797,1.5304503440856934,1.5304503440856934
675,1.723608374595642,1.723608374595642,1.5288571119308472,1.5288571119308472
676,1.7238233089447021,1.7238233089447021,1.5284730195999146,1.5284730195999146
677,1.7247071266174316,1.7247071266174316,1.5298117399215698,1.5298117399215698
678,1.7236050367355347,1.7236050367355347,1.52825927734375,1.52825927734375
679,1.723457932472229,1.723457932472229,1.5298237800598145,1.5298237800598145
680,1.7235616445541382,1.7235616445541382,1.528190016746521,1.528190016746521
681,1.7232638597488403,1.7232638597488403,1.5286319255828857,1.5286319255828857
682,1.723026990890503,1.723026990890503,1.5291218757629395,1.5291218757629395
683,1.7236602306365967,1.7236602306365967,1.528076171875,1.528076171875
684,1.7228333950042725,1.7228333950042725,1.527951717376709,1.527951717376709
685,1.7224708795547485,1.7224708795547485,1.5279810428619385,1.5279810428619385
686,1.7223587036132812,1.7223587036132812,1.5277090072631836,1.5277090072631836
687,1.7224401235580444,1.7224401235580444,1.5277550220489502,1.5277550220489502
688,1.7225651741027832,1.7225651741027832,1.527520775794983,1.527520775794983
689,1.7228288650512695,1.7228288650512695,1.5273572206497192,1.5273572206497192
690,1.7232544422149658,1.7232544422149658,1.5277189016342163,1.5277189016342163
691,1.7222812175750732,1.7222812175750732,1.5267305374145508,1.5267305374145508
692,1.7219096422195435,1.7219096422195435,1.527597188949585,1.527597188949585
693,1.7220059633255005,1.7220059633255005,1.5271495580673218,1.5271495580673218
694,1.7218446731567383,1.7218446731567383,1.5282553434371948,1.5282553434371948
695,1.7216858863830566,1.7216858863830566,1.5297179222106934,1.5297179222106934
696,1.7229620218276978,1.7229620218276978,1.5268274545669556,1.5268274545669556
697,1.7227479219436646,1.7227479219436646,1.5261058807373047,1.5261058807373047
698,1.7216882705688477,1.7216882705688477,1.5265495777130127,1.5265495777130127
699,1.721598744392395,1.721598744392395,1.526896595954895,1.526896595954895
700,1.721970558166504,1.721970558166504,1.5263749361038208,1.5263749361038208
701,1.722132921218872,1.722132921218872,1.5274829864501953,1.5274829864501953
702,1.7222192287445068,1.7222192287445068,1.5258781909942627,1.5258781909942627
703,1.721258282661438,1.721258282661438,1.525944709777832,1.525944709777832
704,1.7219423055648804,1.7219423055648804,1.5253812074661255,1.5253812074661255
705,1.721228003501892,1.721228003501892,1.5252894163131714,1.5252894163131714
706,1.7205836772918701,1.7205836772918701,1.5266300439834595,1.5266300439834595
707,1.7214514017105103,1.7214514017105103,1.5248534679412842,1.5248534679412842
708,1.7204484939575195,1.7204484939575195,1.5254558324813843,1.5254558324813843
709,1.7212941646575928,1.7212941646575928,1.5260875225067139,1.5260875225067139
710,1.7209699153900146,1.7209699153900146,1.5256098508834839,1.5256098508834839
711,1.7211307287216187,1.7211307287216187,1.5247447490692139,1.5247447490692139
712,1.7206372022628784,1.7206372022628784,1.5266791582107544,1.5266791582107544
713,1.7204840183258057,1.7204840183258057,1.5245877504348755,1.5245877504348755
714,1.7203404903411865,1.7203404903411865,1.5245754718780518,1.5245754718780518
715,1.7201495170593262,1.7201495170593262,1.5247228145599365,1.5247228145599365
716,1.7206261157989502,1.7206261157989502,1.5240652561187744,1.5240652561187744
717,1.7199952602386475,1.7199952602386475,1.5255992412567139,1.5255992412567139
718,1.7198188304901123,1.7198188304901123,1.524726152420044,1.524726152420044
719,1.7201943397521973,1.7201943397521973,1.5234661102294922,1.5234661102294922
720,1.719815731048584,1.719815731048584,1.5246355533599854,1.5246355533599854
721,1.7204618453979492,1.7204618453979492,1.5237809419631958,1.5237809419631958
722,1.719584584236145,1.719584584236145,1.5240637063980103,1.5240637063980103
723,1.7197645902633667,1.7197645902633667,1.523268699645996,1.523268699645996
724,1.7200580835342407,1.7200580835342407,1.5266919136047363,1.5266919136047363
725,1.719889760017395,1.719889760017395,1.5246561765670776,1.5246561765670776
726,1.7203419208526611,1.7203419208526611,1.5228921175003052,1.5228921175003052
727,1.719675898551941,1.719675898551941,1.5226372480392456,1.5226372480392456
728,1.719258189201355,1.719258189201355,1.5222883224487305,1.5222883224487305
729,1.7197707891464233,1.7197707891464233,1.5220504999160767,1.5220504999160767
730,1.7196229696273804,1.7196229696273804,1.5226233005523682,1.5226233005523682
731,1.718946933746338,1.718946933746338,1.5213664770126343,1.5213664770126343
732,1.7191768884658813,1.7191768884658813,1.5233029127120972,1.5233029127120972
733,1.7193379402160645,1.7193379402160645,1.5217562913894653,1.5217562913894653
734,1.7186647653579712,1.7186647653579712,1.525158166885376,1.525158166885376
735,1.7190191745758057,1.7190191745758057,1.521388053894043,1.521388053894043
736,1.7186009883880615,1.7186009883880615,1.5210338830947876,1.5210338830947876
737,1.7197920083999634,1.7197920083999634,1.5211039781570435,1.5211039781570435
738,1.718457579612732,1.718457579612732,1.5215861797332764,1.5215861797332764
739,1.7186534404754639,1.7186534404754639,1.5210440158843994,1.5210440158843994
740,1.7181270122528076,1.7181270122528076,1.5210034847259521,1.5210034847259521
741,1.7185978889465332,1.7185978889465332,1.5220292806625366,1.5220292806625366
742,1.7186256647109985,1.7186256647109985,1.5212167501449585,1.5212167501449585
743,1.7184675931930542,1.7184675931930542,1.5206743478775024,1.5206743478775024
744,1.719058632850647,1.719058632850647,1.5212719440460205,1.5212719440460205
745,1.7181307077407837,1.7181307077407837,1.5207587480545044,1.5207587480545044
746,1.7181100845336914,1.7181100845336914,1.5238133668899536,1.5238133668899536
747,1.7183318138122559,1.7183318138122559,1.5204243659973145,1.5204243659973145
748,1.7176748514175415,1.7176748514175415,1.524322509765625,1.524322509765625
749,1.717671513557434,1.717671513557434,1.5208338499069214,1.5208338499069214
750,1.7176334857940674,1.7176334857940674,1.5200695991516113,1.5200695991516113
751,1.7171052694320679,1.7171052694320679,1.5208324193954468,1.5208324193954468
752,1.7179150581359863,1.7179150581359863,1.5195913314819336,1.5195913314819336
753,1.7173614501953125,1.7173614501953125,1.5200936794281006,1.5200936794281006
754,1.7181718349456787,1.7181718349456787,1.5204484462738037,1.5204484462738037
755,1.7173473834991455,1.7173473834991455,1.5194836854934692,1.5194836854934692
756,1.7172192335128784,1.7172192335128784,1.519817590713501,1.519817590713501
757,1.7168713808059692,1.7168713808059692,1.519685983657837,1.519685983657837
758,1.7173621654510498,1.7173621654510498,1.5203531980514526,1.5203531980514526
759,1.7172362804412842,1.7172362804412842,1.518694519996643,1.518694519996643
760,1.7170964479446411,1.7170964479446411,1.5192532539367676,1.5192532539367676
761,1.7167075872421265,1.7167075872421265,1.5200481414794922,1.5200481414794922
762,1.7179691791534424,1.7179691791534424,1.5187102556228638,1.5187102556228638
763,1.7173008918762207,1.7173008918762207,1.5178561210632324,1.5178561210632324
764,1.716781497001648,1.716781497001648,1.5184484720230103,1.5184484720230103
765,1.7177722454071045,1.7177722454071045,1.51778244972229,1.51778244972229
766,1.7163732051849365,1.7163732051849365,1.51920747756958,1.51920747756958
767,1.717152714729309,1.717152714729309,1.518267035484314,1.518267035484314
768,1.7163972854614258,1.7163972854614258,1.5186991691589355,1.5186991691589355
769,1.7168073654174805,1.7168073654174805,1.5178866386413574,1.5178866386413574
770,1.7160283327102661,1.7160283327102661,1.5184272527694702,1.5184272527694702
771,1.7164008617401123,1.7164008617401123,1.5195865631103516,1.5195865631103516
772,1.7162806987762451,1.7162806987762451,1.516735553741455,1.516735553741455
773,1.7157684564590454,1.7157684564590454,1.5180891752243042,1.5180891752243042
774,1.7159916162490845,1.7159916162490845,1.5177311897277832,1.5177311897277832
775,1.7156776189804077,1.7156776189804077,1.516337513923645,1.516337513923645
776,1.7154059410095215,1.7154059410095215,1.5176619291305542,1.5176619291305542
777,1.7157773971557617,1.7157773971557617,1.5169636011123657,1.5169636011123657
778,1.7157789468765259,1.7157789468765259,1.5161494016647339,1.5161494016647339
779,1.714875340461731,1.714875340461731,1.5177288055419922,1.5177288055419922
780,1.7157059907913208,1.7157059907913208,1.5172978639602661,1.5172978639602661
781,1.7152776718139648,1.7152776718139648,1.516167402267456,1.516167402267456
782,1.7155051231384277,1.7155051231384277,1.5154833793640137,1.5154833793640137
783,1.715307354927063,1.715307354927063,1.51641845703125,1.51641845703125
784,1.7157639265060425,1.7157639265060425,1.5185002088546753,1.5185002088546753
785,1.7145920991897583,1.7145920991897583,1.5163357257843018,1.5163357257843018
786,1.7157869338989258,1.7157869338989258,1.515293002128601,1.515293002128601
787,1.7152247428894043,1.7152247428894043,1.5160343647003174,1.5160343647003174
788,1.7155884504318237,1.7155884504318237,1.5168741941452026,1.5168741941452026
789,1.7147504091262817,1.7147504091262817,1.5152666568756104,1.5152666568756104
790,1.7150412797927856,1.7150412797927856,1.5173869132995605,1.5173869132995605
791,1.715134859085083,1.715134859085083,1.5164531469345093,1.5164531469345093
792,1.7151962518692017,1.7151962518692017,1.5143054723739624,1.5143054723739624
793,1.714393138885498,1.714393138885498,1.5176445245742798,1.5176445245742798
794,1.7150886058807373,1.7150886058807373,1.515581488609314,1.515581488609314
795,1.7148857116699219,1.7148857116699219,1.5146228075027466,1.5146228075027466
796,1.714630126953125,1.714630126953125,1.5140479803085327,1.5140479803085327
797,1.714790940284729,1.714790940284729,1.5163660049438477,1.5163660049438477
798,1.7142055034637451,1.7142055034637451,1.5141353607177734,1.5141353607177734
799,1.714016318321228,1.714016318321228,1.5139250755310059,1.5139250755310059
800,1.7141205072402954,1.7141205072402954,1.5138932466506958,1.5138932466506958
801,1.7143977880477905,1.7143977880477905,1.51480233669281,1.51480233669281
802,1.7139121294021606,1.7139121294021606,1.5139168500900269,1.5139168500900269
803,1.7147153615951538,1.7147153615951538,1.5139222145080566,1.5139222145080566
804,1.7137949466705322,1.7137949466705322,1.5144788026809692,1.5144788026809692
805,1.7140103578567505,1.7140103578567505,1.512886643409729,1.512886643409729
806,1.7134191989898682,1.7134191989898682,1.516715407371521,1.516715407371521
807,1.7147915363311768,1.7147915363311768,1.5125634670257568,1.5125634670257568
808,1.7137064933776855,1.7137064933776855,1.5137224197387695,1.5137224197387695
809,1.7134556770324707,1.7134556770324707,1.514620304107666,1.514620304107666
810,1.713321328163147,1.713321328163147,1.5124056339263916,1.5124056339263916
811,1.7139027118682861,1.7139027118682861,1.512396216392517,1.512396216392517
812,1.7132529020309448,1.7132529020309448,1.5131431818008423,1.5131431818008423
813,1.7130745649337769,1.7130745649337769,1.5124461650848389,1.5124461650848389
814,1.7133814096450806,1.7133814096450806,1.5147531032562256,1.5147531032562256
815,1.7133078575134277,1.7133078575134277,1.5129402875900269,1.5129402875900269
816,1.7124730348587036,1.7124730348587036,1.511805772781372,1.511805772781372
817,1.7127680778503418,1.7127680778503418,1.513334035873413,1.513334035873413
818,1.7129955291748047,1.7129955291748047,1.5118111371994019,1.5118111371994019
819,1.713008999824524,1.713008999824524,1.5124250650405884,1.5124250650405884
820,1.7131575345993042,1.7131575345993042,1.5118718147277832,1.5118718147277832
821,1.713095784187317,1.713095784187317,1.5109668970108032,1.5109668970108032
822,1.7132248878479004,1.7132248878479004,1.5115729570388794,1.5115729570388794
823,1.712499737739563,1.712499737739563,1.5118070840835571,1.5118070840835571
824,1.712244987487793,1.712244987487793,1.512758731842041,1.512758731842041
825,1.7121797800064087,1.7121797800064087,1.51167893409729,1.51167893409729
826,1.711870789527893,1.711870789527893,1.5132508277893066,1.5132508277893066
827,1.7122647762298584,1.7122647762298584,1.5117614269256592,1.5117614269256592
828,1.7125568389892578,1.7125568389892578,1.5116150379180908,1.5116150379180908
829,1.7129167318344116,1.7129167318344116,1.5111817121505737,1.5111817121505737
830,1.7124357223510742,1.7124357223510742,1.5107296705245972,1.5107296705245972
831,1.712114930152893,1.712114930152893,1.5099800825119019,1.5099800825119019
832,1.7118186950683594,1.7118186950683594,1.510205626487732,1.510205626487732
833,1.7114211320877075,1.7114211320877075,1.5101017951965332,1.5101017951965332
834,1.7117000818252563,1.7117000818252563,1.5114272832870483,1.5114272832870483
835,1.7119362354278564,1.7119362354278564,1.5099955797195435,1.5099955797195435
836,1.7118034362792969,1.7118034362792969,1.5100187063217163,1.5100187063217163
837,1.712270736694336,1.712270736694336,1.5103557109832764,1.5103557109832764
838,1.711297631263733,1.711297631263733,1.510388731956482,1.510388731956482
839,1.7118308544158936,1.7118308544158936,1.5097334384918213,1.5097334384918213
840,1.7112618684768677,1.7112618684768677,1.5119612216949463,1.5119612216949463
841,1.7114337682724,1.7114337682724,1.510117530822754,1.510117530822754
842,1.7110772132873535,1.7110772132873535,1.5099388360977173,1.5099388360977173
843,1.7106016874313354,1.7106016874313354,1.5092997550964355,1.5092997550964355
844,1.7106512784957886,1.7106512784957886,1.5098018646240234,1.5098018646240234
845,1.711160659790039,1.711160659790039,1.5092144012451172,1.5092144012451172
846,1.7115800380706787,1.7115800380706787,1.5105509757995605,1.5105509757995605
847,1.710646390914917,1.710646390914917,1.5095429420471191,1.5095429420471191
848,1.7106006145477295,1.7106006145477295,1.5081554651260376,1.5081554651260376
849,1.7115336656570435,1.7115336656570435,1.5083965063095093,1.5083965063095093
850,1.7105990648269653,1.7105990648269653,1.5085567235946655,1.5085567235946655
851,1.7107576131820679,1.7107576131820679,1.5094116926193237,1.5094116926193237
852,1.710479497909546,1.710479497909546,1.51051664352417,1.51051664352417
853,1.7111619710922241,1.7111619710922241,1.5126335620880127,1.5126335620880127
854,1.711191177368164,1.711191177368164,1.5085734128952026,1.5085734128952026
855,1.7112886905670166,1.7112886905670166,1.510815143585205,1.510815143585205
856,1.7105743885040283,1.7105743885040283,1.5079565048217773,1.5079565048217773
857,1.7103221416473389,1.7103221416473389,1.5079834461212158,1.5079834461212158
858,1.7101420164108276,1.7101420164108276,1.508029818534851,1.508029818534851
859,1.7100852727890015,1.7100852727890015,1.5077275037765503,1.5077275037765503
860,1.7098760604858398,1.7098760604858398,1.5073076486587524,1.5073076486587524
861,1.709580898284912,1.709580898284912,1.5104707479476929,1.5104707479476929
862,1.7096246480941772,1.7096246480941772,1.508110761642456,1.508110761642456
863,1.709948182106018,1.709948182106018,1.5077375173568726,1.5077375173568726
864,1.710545301437378,1.710545301437378,1.5071882009506226,1.5071882009506226
865,1.7102949619293213,1.7102949619293213,1.507099986076355,1.507099986076355
866,1.7096703052520752,1.7096703052520752,1.5078895092010498,1.5078895092010498
867,1.709593653678894,1.709593653678894,1.507738709449768,1.507738709449768
868,1.7103080749511719,1.7103080749511719,1.5098950862884521,1.5098950862884521
869,1.710203766822815,1.710203766822815,1.5063823461532593,1.5063823461532593
870,1.7090471982955933,1.7090471982955933,1.5067121982574463,1.5067121982574463
871,1.7094162702560425,1.7094162702560425,1.5071260929107666,1.5071260929107666
872,1.7100030183792114,1.7100030183792114,1.5066403150558472,1.5066403150558472
873,1.7095863819122314,1.7095863819122314,1.5072338581085205,1.5072338581085205
874,1.709588646888733,1.709588646888733,1.507405161857605,1.507405161857605
875,1.7089900970458984,1.7089900970458984,1.5066707134246826,1.5066707134246826
876,1.7090617418289185,1.7090617418289185,1.5059841871261597,1.5059841871261597
877,1.7091807126998901,1.7091807126998901,1.505839467048645,1.505839467048645
878,1.7092006206512451,1.7092006206512451,1.5060701370239258,1.5060701370239258
879,1.7092074155807495,1.7092074155807495,1.506650686264038,1.506650686264038
880,1.7094131708145142,1.7094131708145142,1.5057893991470337,1.5057893991470337
881,1.7095776796340942,1.7095776796340942,1.5060473680496216,1.5060473680496216
882,1.7086790800094604,1.7086790800094604,1.5058199167251587,1.5058199167251587
883,1.7092599868774414,1.7092599868774414,1.505924105644226,1.505924105644226
884,1.7089126110076904,1.7089126110076904,1.5053917169570923,1.5053917169570923
885,1.7096048593521118,1.7096048593521118,1.504831075668335,1.504831075668335
886,1.7082948684692383,1.7082948684692383,1.5051323175430298,1.5051323175430298
887,1.7083147764205933,1.7083147764205933,1.5052704811096191,1.5052704811096191
888,1.708526849746704,1.708526849746704,1.505719780921936,1.505719780921936
889,1.7090203762054443,1.7090203762054443,1.5051896572113037,1.5051896572113037
890,1.7082022428512573,1.7082022428512573,1.5051815509796143,1.5051815509796143
891,1.7082490921020508,1.7082490921020508,1.5050418376922607,1.5050418376922607
892,1.70789635181427,1.70789635181427,1.506308913230896,1.506308913230896
893,1.7084397077560425,1.7084397077560425,1.505837082862854,1.505837082862854
894,1.7086786031723022,1.7086786031723022,1.5040943622589111,1.5040943622589111
895,1.7075179815292358,1.7075179815292358,1.5053856372833252,1.5053856372833252
896,1.7079068422317505,1.7079068422317505,1.5048153400421143,1.5048153400421143
897,1.707607388496399,1.707607388496399,1.5056592226028442,1.5056592226028442
898,1.7082794904708862,1.7082794904708862,1.5041295289993286,1.5041295289993286
899,1.7085145711898804,1.7085145711898804,1.505016803741455,1.505016803741455
900,1.7076051235198975,1.7076051235198975,1.504294753074646,1.504294753074646
901,1.7076948881149292,1.7076948881149292,1.5043781995773315,1.5043781995773315
902,1.7072713375091553,1.7072713375091553,1.5036494731903076,1.5036494731903076
903,1.707700252532959,1.707700252532959,1.5041519403457642,1.5041519403457642
904,1.707419514656067,1.707419514656067,1.503670573234558,1.503670573234558
905,1.707188367843628,1.707188367843628,1.5047311782836914,1.5047311782836914
906,1.7077362537384033,1.7077362537384033,1.5054943561553955,1.5054943561553955
907,1.7068920135498047,1.7068920135498047,1.5061335563659668,1.5061335563659668
908,1.7077414989471436,1.7077414989471436,1.5031161308288574,1.5031161308288574
909,1.707250952720642,1.707250952720642,1.5031977891921997,1.5031977891921997
910,1.707282543182373,1.707282543182373,1.5045385360717773,1.5045385360717773
911,1.7077381610870361,1.7077381610870361,1.5032349824905396,1.5032349824905396
912,1.707140326499939,1.707140326499939,1.5061815977096558,1.5061815977096558
913,1.7071093320846558,1.7071093320846558,1.5031038522720337,1.5031038522720337
914,1.706713318824768,1.706713318824768,1.5029582977294922,1.5029582977294922
915,1.706668734550476,1.706668734550476,1.5051062107086182,1.5051062107086182
916,1.7068842649459839,1.7068842649459839,1.5028671026229858,1.5028671026229858
917,1.7064759731292725,1.7064759731292725,1.5029610395431519,1.5029610395431519
918,1.7067121267318726,1.7067121267318726,1.5021997690200806,1.5021997690200806
919,1.706365942955017,1.706365942955017,1.5030908584594727,1.5030908584594727
920,1.7062984704971313,1.7062984704971313,1.5030072927474976,1.5030072927474976
921,1.7061717510223389,1.7061717510223389,1.5025529861450195,1.5025529861450195
922,1.7064871788024902,1.7064871788024902,1.5042788982391357,1.5042788982391357
923,1.7072404623031616,1.7072404623031616,1.5027236938476562,1.5027236938476562
924,1.7063374519348145,1.7063374519348145,1.502188801765442,1.502188801765442
925,1.7068049907684326,1.7068049907684326,1.5019060373306274,1.5019060373306274
926,1.706331491470337,1.706331491470337,1.5032328367233276,1.5032328367233276
927,1.7062737941741943,1.7062737941741943,1.5037264823913574,1.5037264823913574
928,1.7065072059631348,1.7065072059631348,1.5045156478881836,1.5045156478881836
929,1.7072300910949707,1.7072300910949707,1.5031057596206665,1.5031057596206665
930,1.7055559158325195,1.7055559158325195,1.5012896060943604,1.5012896060943604
931,1.7061333656311035,1.7061333656311035,1.5019779205322266,1.5019779205322266
932,1.7053998708724976,1.7053998708724976,1.5022242069244385,1.5022242069244385
933,1.7062748670578003,1.7062748670578003,1.50198233127594,1.50198233127594
934,1.7051655054092407,1.7051655054092407,1.5019758939743042,1.5019758939743042
935,1.7057275772094727,1.7057275772094727,1.5012239217758179,1.5012239217758179
936,1.70536208152771,1.70536208152771,1.501641869544983,1.501641869544983
937,1.7051528692245483,1.7051528692245483,1.5012338161468506,1.5012338161468506
938,1.705918550491333,1.705918550491333,1.501707673072815,1.501707673072815
939,1.7054553031921387,1.7054553031921387,1.5015605688095093,1.5015605688095093
940,1.7053334712982178,1.7053334712982178,1.5016454458236694,1.5016454458236694
941,1.7052991390228271,1.7052991390228271,1.5005738735198975,1.5005738735198975
942,1.7050954103469849,1.7050954103469849,1.5026423931121826,1.5026423931121826
943,1.706213116645813,1.706213116645813,1.5004576444625854,1.5004576444625854
944,1.706220030784607,1.706220030784607,1.50150465965271,1.50150465965271
945,1.7061525583267212,1.7061525583267212,1.5020849704742432,1.5020849704742432
946,1.705337643623352,1.705337643623352,1.5006133317947388,1.5006133317947388
947,1.705187439918518,1.705187439918518,1.5007129907608032,1.5007129907608032
948,1.7045663595199585,1.7045663595199585,1.501112461090088,1.501112461090088
949,1.705055832862854,1.705055832862854,1.5015493631362915,1.5015493631362915
950,1.7052265405654907,1.7052265405654907,1.5006518363952637,1.5006518363952637
951,1.7051994800567627,1.7051994800567627,1.5000427961349487,1.5000427961349487
952,1.704728603363037,1.704728603363037,1.4997270107269287,1.4997270107269287
953,1.7042884826660156,1.7042884826660156,1.50007963180542,1.50007963180542
954,1.704390525817871,1.704390525817871,1.4997934103012085,1.4997934103012085
955,1.7040457725524902,1.7040457725524902,1.4999685287475586,1.4999685287475586
956,1.7049721479415894,1.7049721479415894,1.499598741531372,1.499598741531372
957,1.704207420349121,1.704207420349121,1.4991962909698486,1.4991962909698486
958,1.7040562629699707,1.7040562629699707,1.4992985725402832,1.4992985725402832
959,1.7042630910873413,1.7042630910873413,1.5010172128677368,1.5010172128677368
960,1.7043732404708862,1.7043732404708862,1.4990482330322266,1.4990482330322266
961,1.7045233249664307,1.7045233249664307,1.499761939048767,1.499761939048767
962,1.7039196491241455,1.7039196491241455,1.4995523691177368,1.4995523691177368
963,1.7039438486099243,1.7039438486099243,1.5029021501541138,1.5029021501541138
964,1.7036515474319458,1.7036515474319458,1.4990527629852295,1.4990527629852295
965,1.7042219638824463,1.7042219638824463,1.500916838645935,1.500916838645935
966,1.7045111656188965,1.7045111656188965,1.4990756511688232,1.4990756511688232
967,1.7038254737854004,1.7038254737854004,1.4986933469772339,1.4986933469772339
968,1.7039450407028198,1.7039450407028198,1.4988634586334229,1.4988634586334229
969,1.7032263278961182,1.7032263278961182,1.4991068840026855,1.4991068840026855
970,1.7039997577667236,1.7039997577667236,1.4999498128890991,1.4999498128890991
971,1.7043558359146118,1.7043558359146118,1.4996644258499146,1.4996644258499146
972,1.7039202451705933,1.7039202451705933,1.4985766410827637,1.4985766410827637
973,1.7033604383468628,1.7033604383468628,1.4998409748077393,1.4998409748077393
974,1.7034893035888672,1.7034893035888672,1.498652458190918,1.498652458190918
975,1.7031563520431519,1.7031563520431519,1.4981038570404053,1.4981038570404053
976,1.7030038833618164,1.7030038833618164,1.4974933862686157,1.4974933862686157
977,1.7036341428756714,1.7036341428756714,1.4982857704162598,1.4982857704162598
978,1.7037183046340942,1.7037183046340942,1.498058557510376,1.498058557510376
979,1.704321265220642,1.704321265220642,1.4984650611877441,1.4984650611877441
980,1.7031745910644531,1.7031745910644531,1.4972753524780273,1.4972753524780273
981,1.7031478881835938,1.7031478881835938,1.497624158859253,1.497624158859253
982,1.7025281190872192,1.7025281190872192,1.498831033706665,1.498831033706665
983,1.7034056186676025,1.7034056186676025,1.4971158504486084,1.4971158504486084
984,1.7025771141052246,1.7025771141052246,1.497523307800293,1.497523307800293
985,1.7032976150512695,1.7032976150512695,1.4994056224822998,1.4994056224822998
986,1.7032241821289062,1.7032241821289062,1.4970759153366089,1.4970759153366089
987,1.7026599645614624,1.7026599645614624,1.4978687763214111,1.4978687763214111
988,1.7033952474594116,1.7033952474594116,1.4976286888122559,1.4976286888122559
989,1.7022068500518799,1.7022068500518799,1.4977625608444214,1.4977625608444214
990,1.7033514976501465,1.7033514976501465,1.4980701208114624,1.4980701208114624
991,1.7028119564056396,1.7028119564056396,1.4968268871307373,1.4968268871307373
992,1.7022842168807983,1.7022842168807983,1.4967070817947388,1.4967070817947388
993,1.7022656202316284,1.7022656202316284,1.4969514608383179,1.4969514608383179
994,1.7024437189102173,1.7024437189102173,1.4965819120407104,1.4965819120407104
995,1.7022173404693604,1.7022173404693604,1.5017255544662476,1.5017255544662476
996,1.7031184434890747,1.7031184434890747,1.4968492984771729,1.4968492984771729
997,1.701872706413269,1.701872706413269,1.4977548122406006,1.4977548122406006
998,1.7021920680999756,1.7021920680999756,1.4965332746505737,1.4965332746505737
999,1.702316164970398,1.702316164970398,1.4967403411865234,1.4967403411865234
1000,1.701741337776184,1.701741337776184,1.49740469455719,1.49740469455719
1001,1.7020866870880127,1.7020866870880127,1.4963929653167725,1.4963929653167725
1002,1.7020282745361328,1.7020282745361328,1.4984244108200073,1.4984244108200073
1003,1.7022738456726074,1.7022738456726074,1.5007120370864868,1.5007120370864868
1004,1.702180027961731,1.702180027961731,1.495797872543335,1.495797872543335
1005,1.7016595602035522,1.7016595602035522,1.4957354068756104,1.4957354068756104
1006,1.701699137687683,1.701699137687683,1.4956969022750854,1.4956969022750854
1007,1.7020201683044434,1.7020201683044434,1.4973509311676025,1.4973509311676025
1008,1.7026599645614624,1.7026599645614624,1.495169758796692,1.495169758796692
1009,1.7018319368362427,1.7018319368362427,1.4964807033538818,1.4964807033538818
1010,1.7016263008117676,1.7016263008117676,1.4952770471572876,1.4952770471572876
1011,1.7013604640960693,1.7013604640960693,1.495206594467163,1.495206594467163
1012,1.7022911310195923,1.7022911310195923,1.4962382316589355,1.4962382316589355
1013,1.7017009258270264,1.7017009258270264,1.4959477186203003,1.4959477186203003
1014,1.701319932937622,1.701319932937622,1.4954556226730347,1.4954556226730347
1015,1.7009713649749756,1.7009713649749756,1.4950578212738037,1.4950578212738037
1016,1.701682448387146,1.701682448387146,1.4965418577194214,1.4965418577194214
1017,1.7011213302612305,1.7011213302612305,1.4950841665267944,1.4950841665267944
1018,1.7018500566482544,1.7018500566482544,1.495120882987976,1.495120882987976
1019,1.7019835710525513,1.7019835710525513,1.4958192110061646,1.4958192110061646
1020,1.700974464416504,1.700974464416504,1.4951449632644653,1.4951449632644653
1021,1.7008956670761108,1.7008956670761108,1.4955049753189087,1.4955049753189087
1022,1.701518177986145,1.701518177986145,1.4950244426727295,1.4950244426727295
1023,1.7010244131088257,1.7010244131088257,1.4946895837783813,1.4946895837783813
1024,1.700860619544983,1.700860619544983,1.4944466352462769,1.4944466352462769
1025,1.700995683670044,1.700995683670044,1.4950240850448608,1.4950240850448608
1026,1.700587272644043,1.700587272644043,1.4947010278701782,1.4947010278701782
1027,1.700648546218872,1.700648546218872,1.4944591522216797,1.4944591522216797
1028,1.700464129447937,1.700464129447937,1.4949846267700195,1.4949846267700195
1029,1.700544834136963,1.700544834136963,1.4957364797592163,1.4957364797592163
1030,1.7006784677505493,1.7006784677505493,1.494508147239685,1.494508147239685
1031,1.7004034519195557,1.7004034519195557,1.4952147006988525,1.4952147006988525
1032,1.7004808187484741,1.7004808187484741,1.4950411319732666,1.4950411319732666
1033,1.7011996507644653,1.7011996507644653,1.4954146146774292,1.4954146146774292
1034,1.7013462781906128,1.7013462781906128,1.4996240139007568,1.4996240139007568
1035,1.7017823457717896,1.7017823457717896,1.4942127466201782,1.4942127466201782
1036,1.7004045248031616,1.7004045248031616,1.4940255880355835,1.4940255880355835
1037,1.7008723020553589,1.7008723020553589,1.4948060512542725,1.4948060512542725
1038,1.7001121044158936,1.7001121044158936,1.4936047792434692,1.4936047792434692
1039,1.7000735998153687,1.7000735998153687,1.4940884113311768,1.4940884113311768
1040,1.7003767490386963,1.7003767490386963,1.4954452514648438,1.4954452514648438
1041,1.7007744312286377,1.7007744312286377,1.4948632717132568,1.4948632717132568
1042,1.7007547616958618,1.7007547616958618,1.4943530559539795,1.4943530559539795
1043,1.7000304460525513,1.7000304460525513,1.4934074878692627,1.4934074878692627
1044,1.6998207569122314,1.6998207569122314,1.4945688247680664,1.4945688247680664
1045,1.700155258178711,1.700155258178711,1.4939481019973755,1.4939481019973755
1046,1.700897455215454,1.700897455215454,1.4933478832244873,1.4933478832244873
1047,1.7008451223373413,1.7008451223373413,1.4929908514022827,1.4929908514022827
1048,1.6996804475784302,1.6996804475784302,1.4934790134429932,1.4934790134429932
1049,1.699857473373413,1.699857473373413,1.493182897567749,1.493182897567749
1050,1.6998999118804932,1.6998999118804932,1.492993712425232,1.492993712425232
1051,1.6997833251953125,1.6997833251953125,1.4943628311157227,1.4943628311157227
1052,1.699541449546814,1.699541449546814,1.4968997240066528,1.4968997240066528
1053,1.6998051404953003,1.6998051404953003,1.4967701435089111,1.4967701435089111
1054,1.6989191770553589,1.6989191770553589,1.4966504573822021,1.4966504573822021
1055,1.7009791135787964,1.7009791135787964,1.4924089908599854,1.4924089908599854
1056,1.7005261182785034,1.7005261182785034,1.4922949075698853,1.4922949075698853
1057,1.700032114982605,1.700032114982605,1.4979732036590576,1.4979732036590576
1058,1.6995288133621216,1.6995288133621216,1.4926176071166992,1.4926176071166992
1059,1.6995474100112915,1.6995474100112915,1.4931694269180298,1.4931694269180298
1060,1.6991819143295288,1.6991819143295288,1.492887258529663,1.492887258529663
1061,1.6988524198532104,1.6988524198532104,1.4925028085708618,1.4925028085708618
1062,1.699851632118225,1.699851632118225,1.492336392402649,1.492336392402649
1063,1.6995770931243896,1.6995770931243896,1.4926215410232544,1.4926215410232544
1064,1.6993193626403809,1.6993193626403809,1.4943461418151855,1.4943461418151855
1065,1.6996383666992188,1.6996383666992188,1.492633581161499,1.492633581161499
1066,1.6991256475448608,1.6991256475448608,1.4938976764678955,1.4938976764678955
1067,1.699328064918518,1.699328064918518,1.4920927286148071,1.4920927286148071
1068,1.6987998485565186,1.6987998485565186,1.4923710823059082,1.4923710823059082
1069,1.698437213897705,1.698437213897705,1.4922181367874146,1.4922181367874146
1070,1.6985647678375244,1.6985647678375244,1.4913012981414795,1.4913012981414795
1071,1.6989978551864624,1.6989978551864624,1.4943965673446655,1.4943965673446655
1072,1.6984106302261353,1.6984106302261353,1.493128776550293,1.493128776550293
1073,1.6990327835083008,1.6990327835083008,1.4911569356918335,1.4911569356918335
1074,1.6999014616012573,1.6999014616012573,1.491402506828308,1.491402506828308
1075,1.6987563371658325,1.6987563371658325,1.4930331707000732,1.4930331707000732
1076,1.6986857652664185,1.6986857652664185,1.4921321868896484,1.4921321868896484
1077,1.6989418268203735,1.6989418268203735,1.4911340475082397,1.4911340475082397
1078,1.698896050453186,1.698896050453186,1.4930858612060547,1.4930858612060547
1079,1.6989648342132568,1.6989648342132568,1.49467134475708,1.49467134475708
1080,1.6990618705749512,1.6990618705749512,1.4909205436706543,1.4909205436706543
1081,1.6992340087890625,1.6992340087890625,1.4919233322143555,1.4919233322143555
1082,1.6982125043869019,1.6982125043869019,1.4916735887527466,1.4916735887527466
1083,1.698708176612854,1.698708176612854,1.4907550811767578,1.4907550811767578
1084,1.6983977556228638,1.6983977556228638,1.4918872117996216,1.4918872117996216
1085,1.6980254650115967,1.6980254650115967,1.4907861948013306,1.4907861948013306
1086,1.69779372215271,1.69779372215271,1.4909809827804565,1.4909809827804565
1087,1.698106050491333,1.698106050491333,1.4909298419952393,1.4909298419952393
1088,1.6983304023742676,1.6983304023742676,1.4918802976608276,1.4918802976608276
1089,1.6977853775024414,1.6977853775024414,1.4923770427703857,1.4923770427703857
1090,1.6986628770828247,1.6986628770828247,1.4903736114501953,1.4903736114501953
1091,1.6979809999465942,1.6979809999465942,1.4954309463500977,1.4954309463500977
1092,1.6981704235076904,1.6981704235076904,1.4911905527114868,1.4911905527114868
1093,1.6977953910827637,1.6977953910827637,1.490139126777649,1.490139126777649
1094,1.6978403329849243,1.6978403329849243,1.4908474683761597,1.4908474683761597
1095,1.6980310678482056,1.6980310678482056,1.490619421005249,1.490619421005249
1096,1.697921633720398,1.697921633720398,1.4910820722579956,1.4910820722579956
1097,1.6976748704910278,1.6976748704910278,1.490124225616455,1.490124225616455
1098,1.697636365890503,1.697636365890503,1.4908968210220337,1.4908968210220337
1099,1.6975358724594116,1.6975358724594116,1.4964298009872437,1.4964298009872437
1100,1.698132038116455,1.698132038116455,1.493488073348999,1.493488073348999
1101,1.6973248720169067,1.6973248720169067,1.4923615455627441,1.4923615455627441
1102,1.6970539093017578,1.6970539093017578,1.4908440113067627,1.4908440113067627
1103,1.6972941160202026,1.6972941160202026,1.4905107021331787,1.4905107021331787
1104,1.6977590322494507,1.6977590322494507,1.4902738332748413,1.4902738332748413
1105,1.6976617574691772,1.6976617574691772,1.4898754358291626,1.4898754358291626
1106,1.697547435760498,1.697547435760498,1.4908702373504639,1.4908702373504639
1107,1.6978814601898193,1.6978814601898193,1.489856243133545,1.489856243133545
1108,1.6968642473220825,1.6968642473220825,1.4903218746185303,1.4903218746185303
1109,1.6975184679031372,1.6975184679031372,1.4915024042129517,1.4915024042129517
1110,1.6981801986694336,1.6981801986694336,1.4911489486694336,1.4911489486694336
1111,1.6973862648010254,1.6973862648010254,1.4978580474853516,1.4978580474853516
1112,1.6975501775741577,1.6975501775741577,1.4891209602355957,1.4891209602355957
1113,1.6969906091690063,1.6969906091690063,1.4893314838409424,1.4893314838409424
1114,1.6969085931777954,1.6969085931777954,1.4896889925003052,1.4896889925003052
1115,1.6971896886825562,1.6971896886825562,1.4904505014419556,1.4904505014419556
1116,1.697150468826294,1.697150468826294,1.4890104532241821,1.4890104532241821
1117,1.6972397565841675,1.6972397565841675,1.4922032356262207,1.4922032356262207
1118,1.696704626083374,1.696704626083374,1.5016385316848755,1.5016385316848755
1119,1.6978633403778076,1.6978633403778076,1.4891910552978516,1.4891910552978516
1120,1.6975090503692627,1.6975090503692627,1.4942541122436523,1.4942541122436523
1121,1.6970553398132324,1.6970553398132324,1.4897366762161255,1.4897366762161255
1122,1.6971274614334106,1.6971274614334106,1.489927887916565,1.489927887916565
1123,1.696906328201294,1.696906328201294,1.4907039403915405,1.4907039403915405
1124,1.696346640586853,1.696346640586853,1.4927870035171509,1.4927870035171509
1125,1.697334885597229,1.697334885597229,1.4888044595718384,1.4888044595718384
1126,1.697067379951477,1.697067379951477,1.4892761707305908,1.4892761707305908
1127,1.6970441341400146,1.6970441341400146,1.4889826774597168,1.4889826774597168
1128,1.6964561939239502,1.6964561939239502,1.4903966188430786,1.4903966188430786
1129,1.6962372064590454,1.6962372064590454,1.490246295928955,1.490246295928955
1130,1.6970469951629639,1.6970469951629639,1.491326093673706,1.491326093673706
1131,1.6970335245132446,1.6970335245132446,1.4901750087738037,1.4901750087738037
1132,1.6962039470672607,1.6962039470672607,1.4887155294418335,1.4887155294418335
1133,1.696612000465393,1.696612000465393,1.4904311895370483,1.4904311895370483
1134,1.6968313455581665,1.6968313455581665,1.4882131814956665,1.4882131814956665
1135,1.6961324214935303,1.6961324214935303,1.4927053451538086,1.4927053451538086
1136,1.6971683502197266,1.6971683502197266,1.491308569908142,1.491308569908142
1137,1.6968885660171509,1.6968885660171509,1.489742398262024,1.489742398262024
1138,1.696696162223816,1.696696162223816,1.4881227016448975,1.4881227016448975
1139,1.6963298320770264,1.6963298320770264,1.4882324934005737,1.4882324934005737
1140,1.6972906589508057,1.6972906589508057,1.4898746013641357,1.4898746013641357
1141,1.6965222358703613,1.6965222358703613,1.487709879875183,1.487709879875183
1142,1.6956511735916138,1.6956511735916138,1.4886246919631958,1.4886246919631958
1143,1.696966528892517,1.696966528892517,1.4886265993118286,1.4886265993118286
1144,1.6958292722702026,1.6958292722702026,1.491450309753418,1.491450309753418
1145,1.6960676908493042,1.6960676908493042,1.489209532737732,1.489209532737732
1146,1.6959797143936157,1.6959797143936157,1.488645076751709,1.488645076751709
1147,1.6956593990325928,1.6956593990325928,1.493023157119751,1.493023157119751
1148,1.6960641145706177,1.6960641145706177,1.4879399538040161,1.4879399538040161
1149,1.6958961486816406,1.6958961486816406,1.4892973899841309,1.4892973899841309
1150,1.6954445838928223,1.6954445838928223,1.4891784191131592,1.4891784191131592
1151,1.6961936950683594,1.6961936950683594,1.4875495433807373,1.4875495433807373
1152,1.6962913274765015,1.6962913274765015,1.4874951839447021,1.4874951839447021
1153,1.6960572004318237,1.6960572004318237,1.4874582290649414,1.4874582290649414
1154,1.6964764595031738,1.6964764595031738,1.4878828525543213,1.4878828525543213
1155,1.6954267024993896,1.6954267024993896,1.488014817237854,1.488014817237854
1156,1.6955444812774658,1.6955444812774658,1.4875084161758423,1.4875084161758423
1157,1.6961474418640137,1.6961474418640137,1.490570068359375,1.490570068359375
1158,1.6955623626708984,1.6955623626708984,1.4871224164962769,1.4871224164962769
1159,1.6955320835113525,1.6955320835113525,1.4870679378509521,1.4870679378509521
1160,1.6953647136688232,1.6953647136688232,1.4877066612243652,1.4877066612243652
1161,1.6949106454849243,1.6949106454849243,1.4873816967010498,1.4873816967010498
1162,1.6953160762786865,1.6953160762786865,1.4878990650177002,1.4878990650177002
1163,1.6951416730880737,1.6951416730880737,1.4873206615447998,1.4873206615447998
1164,1.6949191093444824,1.6949191093444824,1.4908747673034668,1.4908747673034668
1165,1.694722056388855,1.694722056388855,1.4877803325653076,1.4877803325653076
1166,1.6950188875198364,1.6950188875198364,1.4870073795318604,1.4870073795318604
1167,1.6951178312301636,1.6951178312301636,1.486809492111206,1.486809492111206
1168,1.6950387954711914,1.6950387954711914,1.4869993925094604,1.4869993925094604
1169,1.694869041442871,1.694869041442871,1.4866071939468384,1.4866071939468384
1170,1.6952390670776367,1.6952390670776367,1.4868884086608887,1.4868884086608887
1171,1.6949673891067505,1.6949673891067505,1.4871565103530884,1.4871565103530884
1172,1.6945781707763672,1.6945781707763672,1.4878984689712524,1.4878984689712524
1173,1.6963520050048828,1.6963520050048828,1.486637830734253,1.486637830734253
1174,1.694536805152893,1.694536805152893,1.486911654472351,1.486911654472351
1175,1.6944444179534912,1.6944444179534912,1.486859917640686,1.486859917640686
1176,1.6943767070770264,1.6943767070770264,1.486302137374878,1.486302137374878
1177,1.6958531141281128,1.6958531141281128,1.4865697622299194,1.4865697622299194
1178,1.6948848962783813,1.6948848962783813,1.4871939420700073,1.4871939420700073
1179,1.6949126720428467,1.6949126720428467,1.4865992069244385,1.4865992069244385
1180,1.6947579383850098,1.6947579383850098,1.4868075847625732,1.4868075847625732
1181,1.6943632364273071,1.6943632364273071,1.4870492219924927,1.4870492219924927
1182,1.6940823793411255,1.6940823793411255,1.486138939857483,1.486138939857483
1183,1.6948434114456177,1.6948434114456177,1.4887287616729736,1.4887287616729736
1184,1.6946778297424316,1.6946778297424316,1.489750623703003,1.489750623703003
1185,1.6949342489242554,1.6949342489242554,1.486325979232788,1.486325979232788
1186,1.6944825649261475,1.6944825649261475,1.4880354404449463,1.4880354404449463
1187,1.6946004629135132,1.6946004629135132,1.486011028289795,1.486011028289795
1188,1.6943469047546387,1.6943469047546387,1.48704195022583,1.48704195022583
1189,1.6943737268447876,1.6943737268447876,1.4857218265533447,1.4857218265533447
1190,1.6942896842956543,1.6942896842956543,1.4874473810195923,1.4874473810195923
1191,1.6940362453460693,1.6940362453460693,1.4877461194992065,1.4877461194992065
1192,1.6944392919540405,1.6944392919540405,1.4855095148086548,1.4855095148086548
1193,1.6950390338897705,1.6950390338897705,1.4876604080200195,1.4876604080200195
1194,1.6941810846328735,1.6941810846328735,1.486092448234558,1.486092448234558
1195,1.6939810514450073,1.6939810514450073,1.4861153364181519,1.4861153364181519
1196,1.6939233541488647,1.6939233541488647,1.4873595237731934,1.4873595237731934
1197,1.6949193477630615,1.6949193477630615,1.4860389232635498,1.4860389232635498
1198,1.6938953399658203,1.6938953399658203,1.4894154071807861,1.4894154071807861
1199,1.6943382024765015,1.6943382024765015,1.486167073249817,1.486167073249817
1200,1.694493293762207,1.694493293762207,1.4856739044189453,1.4856739044189453
1201,1.694131851196289,1.694131851196289,1.485933542251587,1.485933542251587
1202,1.6939547061920166,1.6939547061920166,1.4865782260894775,1.4865782260894775
1203,1.6937692165374756,1.6937692165374756,1.485453724861145,1.485453724861145
1204,1.693481683731079,1.693481683731079,1.493202805519104,1.493202805519104
1205,1.693671464920044,1.693671464920044,1.4854882955551147,1.4854882955551147
1206,1.6937899589538574,1.6937899589538574,1.4864692687988281,1.4864692687988281
1207,1.6933040618896484,1.6933040618896484,1.4862741231918335,1.4862741231918335
1208,1.693676471710205,1.693676471710205,1.4858300685882568,1.4858300685882568
1209,1.6942260265350342,1.6942260265350342,1.4851371049880981,1.4851371049880981
1210,1.6941362619400024,1.6941362619400024,1.4850983619689941,1.4850983619689941
1211,1.693897008895874,1.693897008895874,1.4854110479354858,1.4854110479354858
1212,1.6931201219558716,1.6931201219558716,1.4860095977783203,1.4860095977783203
1213,1.6927809715270996,1.6927809715270996,1.4853593111038208,1.4853593111038208
1214,1.6936171054840088,1.6936171054840088,1.4876306056976318,1.4876306056976318
1215,1.6941965818405151,1.6941965818405151,1.4880683422088623,1.4880683422088623
1216,1.6932696104049683,1.6932696104049683,1.4850285053253174,1.4850285053253174
1217,1.6935160160064697,1.6935160160064697,1.489266276359558,1.489266276359558
1218,1.6934548616409302,1.6934548616409302,1.4876224994659424,1.4876224994659424
1219,1.6940146684646606,1.6940146684646606,1.4849519729614258,1.4849519729614258
1220,1.6931078433990479,1.6931078433990479,1.4849307537078857,1.4849307537078857
1221,1.6930440664291382,1.6930440664291382,1.485973834991455,1.485973834991455
1222,1.6933300495147705,1.6933300495147705,1.4851651191711426,1.4851651191711426
1223,1.693408727645874,1.693408727645874,1.4865511655807495,1.4865511655807495
1224,1.6932090520858765,1.6932090520858765,1.4857271909713745,1.4857271909713745
1225,1.693846344947815,1.693846344947815,1.485029697418213,1.485029697418213
1226,1.693474292755127,1.693474292755127,1.48455810546875,1.48455810546875
1227,1.692961573600769,1.692961573600769,1.4863786697387695,1.4863786697387695
1228,1.692880392074585,1.692880392074585,1.4849954843521118,1.4849954843521118
1229,1.693840742111206,1.693840742111206,1.4888125658035278,1.4888125658035278
1230,1.693250298500061,1.693250298500061,1.4844365119934082,1.4844365119934082
1231,1.6925522089004517,1.6925522089004517,1.4869190454483032,1.4869190454483032
1232,1.6929223537445068,1.6929223537445068,1.4844882488250732,1.4844882488250732
1233,1.6931663751602173,1.6931663751602173,1.4852232933044434,1.4852232933044434
1234,1.6925222873687744,1.6925222873687744,1.4892973899841309,1.4892973899841309
1235,1.6933047771453857,1.6933047771453857,1.4849332571029663,1.4849332571029663
1236,1.692580223083496,1.692580223083496,1.4854704141616821,1.4854704141616821
1237,1.692778468132019,1.692778468132019,1.4840339422225952,1.4840339422225952
1238,1.6924526691436768,1.6924526691436768,1.4851280450820923,1.4851280450820923
1239,1.692576289176941,1.692576289176941,1.4844340085983276,1.4844340085983276
1240,1.6926597356796265,1.6926597356796265,1.4846476316452026,1.4846476316452026
1241,1.6929889917373657,1.6929889917373657,1.4855729341506958,1.4855729341506958
1242,1.6922937631607056,1.6922937631607056,1.4843028783798218,1.4843028783798218
1243,1.6929877996444702,1.6929877996444702,1.4841340780258179,1.4841340780258179
1244,1.6932945251464844,1.6932945251464844,1.484165906906128,1.484165906906128
1245,1.692482829093933,1.692482829093933,1.4877437353134155,1.4877437353134155
1246,1.692420244216919,1.692420244216919,1.4873303174972534,1.4873303174972534
1247,1.6923846006393433,1.6923846006393433,1.485373854637146,1.485373854637146
1248,1.6937971115112305,1.6937971115112305,1.4842700958251953,1.4842700958251953
1249,1.6923940181732178,1.6923940181732178,1.4833157062530518,1.4833157062530518
1250,1.69279944896698,1.69279944896698,1.4843266010284424,1.4843266010284424
1251,1.693005084991455,1.693005084991455,1.4841175079345703,1.4841175079345703
1252,1.6925779581069946,1.6925779581069946,1.484851360321045,1.484851360321045
1253,1.6925909519195557,1.6925909519195557,1.4851593971252441,1.4851593971252441
1254,1.6926393508911133,1.6926393508911133,1.483410120010376,1.483410120010376
1255,1.6924983263015747,1.6924983263015747,1.4866549968719482,1.4866549968719482
1256,1.6921043395996094,1.6921043395996094,1.4831293821334839,1.4831293821334839
1257,1.6926189661026,1.6926189661026,1.4835200309753418,1.4835200309753418
1258,1.6923831701278687,1.6923831701278687,1.4892069101333618,1.4892069101333618
1259,1.6917612552642822,1.6917612552642822,1.4832690954208374,1.4832690954208374
1260,1.692244052886963,1.692244052886963,1.484442949295044,1.484442949295044
1261,1.6923303604125977,1.6923303604125977,1.4831959009170532,1.4831959009170532
1262,1.6921584606170654,1.6921584606170654,1.483412265777588,1.483412265777588
1263,1.6922297477722168,1.6922297477722168,1.4837716817855835,1.4837716817855835
1264,1.6921415328979492,1.6921415328979492,1.4831570386886597,1.4831570386886597
1265,1.6917484998703003,1.6917484998703003,1.4830600023269653,1.4830600023269653
1266,1.6916067600250244,1.6916067600250244,1.48512864112854,1.48512864112854
1267,1.692118763923645,1.692118763923645,1.4832918643951416,1.4832918643951416
1268,1.6929349899291992,1.6929349899291992,1.4833239316940308,1.4833239316940308
1269,1.6921982765197754,1.6921982765197754,1.4828866720199585,1.4828866720199585
1270,1.6917134523391724,1.6917134523391724,1.4830342531204224,1.4830342531204224
1271,1.6916030645370483,1.6916030645370483,1.4837369918823242,1.4837369918823242
1272,1.6920222043991089,1.6920222043991089,1.484013319015503,1.484013319015503
1273,1.6931029558181763,1.6931029558181763,1.484548807144165,1.484548807144165
1274,1.690965175628662,1.690965175628662,1.4844880104064941,1.4844880104064941
1275,1.6922709941864014,1.6922709941864014,1.4840173721313477,1.4840173721313477
1276,1.692413091659546,1.692413091659546,1.4847538471221924,1.4847538471221924
1277,1.692328691482544,1.692328691482544,1.48799729347229,1.48799729347229
1278,1.6919645071029663,1.6919645071029663,1.4827555418014526,1.4827555418014526
1279,1.692203164100647,1.692203164100647,1.4832286834716797,1.4832286834716797
1280,1.691396713256836,1.691396713256836,1.4838730096817017,1.4838730096817017
1281,1.6914699077606201,1.6914699077606201,1.4829376935958862,1.4829376935958862
1282,1.6915994882583618,1.6915994882583618,1.4828547239303589,1.4828547239303589
1283,1.6909271478652954,1.6909271478652954,1.4830200672149658,1.4830200672149658
1284,1.6917749643325806,1.6917749643325806,1.4829826354980469,1.4829826354980469
1285,1.6909801959991455,1.6909801959991455,1.4923127889633179,1.4923127889633179
1286,1.6912285089492798,1.6912285089492798,1.4828256368637085,1.4828256368637085
1287,1.691238284111023,1.691238284111023,1.4832687377929688,1.4832687377929688
1288,1.6907238960266113,1.6907238960266113,1.4826126098632812,1.4826126098632812
1289,1.6918209791183472,1.6918209791183472,1.4824988842010498,1.4824988842010498
1290,1.6909306049346924,1.6909306049346924,1.4846744537353516,1.4846744537353516
1291,1.6909408569335938,1.6909408569335938,1.4886775016784668,1.4886775016784668
1292,1.692023754119873,1.692023754119873,1.4825345277786255,1.4825345277786255
1293,1.6908094882965088,1.6908094882965088,1.4822146892547607,1.4822146892547607
1294,1.6914010047912598,1.6914010047912598,1.4862128496170044,1.4862128496170044
1295,1.6915719509124756,1.6915719509124756,1.4824490547180176,1.4824490547180176
1296,1.6915985345840454,1.6915985345840454,1.4839447736740112,1.4839447736740112
1297,1.690432071685791,1.690432071685791,1.4856905937194824,1.4856905937194824
1298,1.6910815238952637,1.6910815238952637,1.4825080633163452,1.4825080633163452
1299,1.6906179189682007,1.6906179189682007,1.4825501441955566,1.4825501441955566
1300,1.6908038854599,1.6908038854599,1.482009768486023,1.482009768486023
1301,1.6914640665054321,1.6914640665054321,1.4825032949447632,1.4825032949447632
1302,1.6921306848526,1.6921306848526,1.4903146028518677,1.4903146028518677
1303,1.6905030012130737,1.6905030012130737,1.4822229146957397,1.4822229146957397
1304,1.6910728216171265,1.6910728216171265,1.4847445487976074,1.4847445487976074
1305,1.6909140348434448,1.6909140348434448,1.484859585762024,1.484859585762024
1306,1.690737247467041,1.690737247467041,1.4834355115890503,1.4834355115890503
1307,1.6902251243591309,1.6902251243591309,1.4869768619537354,1.4869768619537354
1308,1.6915080547332764,1.6915080547332764,1.483643889427185,1.483643889427185
1309,1.6903640031814575,1.6903640031814575,1.4828412532806396,1.4828412532806396
1310,1.6904855966567993,1.6904855966567993,1.4833825826644897,1.4833825826644897
1311,1.690205454826355,1.690205454826355,1.4822537899017334,1.4822537899017334
1312,1.6906144618988037,1.6906144618988037,1.4821810722351074,1.4821810722351074
1313,1.6925978660583496,1.6925978660583496,1.4816484451293945,1.4816484451293945
1314,1.691040277481079,1.691040277481079,1.4821406602859497,1.4821406602859497
1315,1.6903107166290283,1.6903107166290283,1.481784701347351,1.481784701347351
1316,1.6903650760650635,1.6903650760650635,1.484421730041504,1.484421730041504
1317,1.6902915239334106,1.6902915239334106,1.481846809387207,1.481846809387207
1318,1.6903725862503052,1.6903725862503052,1.4821611642837524,1.4821611642837524
1319,1.690740942955017,1.690740942955017,1.4849354028701782,1.4849354028701782
1320,1.689913034439087,1.689913034439087,1.481937289237976,1.481937289237976
1321,1.690112829208374,1.690112829208374,1.4816088676452637,1.4816088676452637
1322,1.6906803846359253,1.6906803846359253,1.4853869676589966,1.4853869676589966
1323,1.6900486946105957,1.6900486946105957,1.481522560119629,1.481522560119629
1324,1.69026780128479,1.69026780128479,1.482890248298645,1.482890248298645
1325,1.6901487112045288,1.6901487112045288,1.4999891519546509,1.4999891519546509
1326,1.6928048133850098,1.6928048133850098,1.4816484451293945,1.4816484451293945
1327,1.6897615194320679,1.6897615194320679,1.4820466041564941,1.4820466041564941
1328,1.6896623373031616,1.6896623373031616,1.4812016487121582,1.4812016487121582
1329,1.6901895999908447,1.6901895999908447,1.4814444780349731,1.4814444780349731
1330,1.690134882926941,1.690134882926941,1.4818565845489502,1.4818565845489502
1331,1.6900461912155151,1.6900461912155151,1.481423020362854,1.481423020362854
1332,1.689581274986267,1.689581274986267,1.4866092205047607,1.4866092205047607
1333,1.6903038024902344,1.6903038024902344,1.4819523096084595,1.4819523096084595
1334,1.6898716688156128,1.6898716688156128,1.4852200746536255,1.4852200746536255
1335,1.690015196800232,1.690015196800232,1.4831578731536865,1.4831578731536865
1336,1.6892775297164917,1.6892775297164917,1.4835840463638306,1.4835840463638306
1337,1.6899019479751587,1.6899019479751587,1.4857707023620605,1.4857707023620605
1338,1.6900324821472168,1.6900324821472168,1.4823331832885742,1.4823331832885742
1339,1.689727783203125,1.689727783203125,1.4812533855438232,1.4812533855438232
1340,1.6894772052764893,1.6894772052764893,1.4866423606872559,1.4866423606872559
1341,1.689490556716919,1.689490556716919,1.481468915939331,1.481468915939331
1342,1.6895630359649658,1.6895630359649658,1.4811270236968994,1.4811270236968994
1343,1.689875602722168,1.689875602722168,1.4848405122756958,1.4848405122756958
1344,1.690198302268982,1.690198302268982,1.4809061288833618,1.4809061288833618
1345,1.6902014017105103,1.6902014017105103,1.483476161956787,1.483476161956787
1346,1.689771294593811,1.689771294593811,1.4817830324172974,1.4817830324172974
1347,1.6898884773254395,1.6898884773254395,1.4815233945846558,1.4815233945846558
1348,1.6901233196258545,1.6901233196258545,1.48079252243042,1.48079252243042
1349,1.6889985799789429,1.6889985799789429,1.4807809591293335,1.4807809591293335
1350,1.6899927854537964,1.6899927854537964,1.4805399179458618,1.4805399179458618
1351,1.6893428564071655,1.6893428564071655,1.4806100130081177,1.4806100130081177
1352,1.6898267269134521,1.6898267269134521,1.4815422296524048,1.4815422296524048
1353,1.6891601085662842,1.6891601085662842,1.4811198711395264,1.4811198711395264
1354,1.6892614364624023,1.6892614364624023,1.4818302392959595,1.4818302392959595
1355,1.6890748739242554,1.6890748739242554,1.4808390140533447,1.4808390140533447
1356,1.6889344453811646,1.6889344453811646,1.4806482791900635,1.4806482791900635
1357,1.6891701221466064,1.6891701221466064,1.480586051940918,1.480586051940918
1358,1.6892199516296387,1.6892199516296387,1.4813237190246582,1.4813237190246582
1359,1.690117359161377,1.690117359161377,1.4806666374206543,1.4806666374206543
1360,1.689099669456482,1.689099669456482,1.4801703691482544,1.4801703691482544
1361,1.6888041496276855,1.6888041496276855,1.4831058979034424,1.4831058979034424
1362,1.6891624927520752,1.6891624927520752,1.4811367988586426,1.4811367988586426
1363,1.6889537572860718,1.6889537572860718,1.4838789701461792,1.4838789701461792
1364,1.6887491941452026,1.6887491941452026,1.4805046319961548,1.4805046319961548
1365,1.6890760660171509,1.6890760660171509,1.4812637567520142,1.4812637567520142
1366,1.688460350036621,1.688460350036621,1.482254147529602,1.482254147529602
1367,1.6898330450057983,1.6898330450057983,1.4806281328201294,1.4806281328201294
1368,1.6889969110488892,1.6889969110488892,1.4800877571105957,1.4800877571105957
1369,1.6885058879852295,1.6885058879852295,1.4818413257598877,1.4818413257598877
1370,1.6883409023284912,1.6883409023284912,1.4805818796157837,1.4805818796157837
1371,1.6889500617980957,1.6889500617980957,1.4802721738815308,1.4802721738815308
1372,1.6890703439712524,1.6890703439712524,1.4809199571609497,1.4809199571609497
1373,1.6885870695114136,1.6885870695114136,1.4801982641220093,1.4801982641220093
1374,1.6890329122543335,1.6890329122543335,1.481309413909912,1.481309413909912
1375,1.688367247581482,1.688367247581482,1.481550693511963,1.481550693511963
1376,1.6892423629760742,1.6892423629760742,1.480432152748108,1.480432152748108
1377,1.689764142036438,1.689764142036438,1.480298399925232,1.480298399925232
1378,1.6891541481018066,1.6891541481018066,1.4798165559768677,1.4798165559768677
1379,1.688633918762207,1.688633918762207,1.484787940979004,1.484787940979004
1380,1.6882299184799194,1.6882299184799194,1.4806469678878784,1.4806469678878784
1381,1.688751459121704,1.688751459121704,1.48065185546875,1.48065185546875
1382,1.688605785369873,1.688605785369873,1.4821797609329224,1.4821797609329224
1383,1.6886526346206665,1.6886526346206665,1.480676293373108,1.480676293373108
1384,1.687930703163147,1.687930703163147,1.4801146984100342,1.4801146984100342
1385,1.689050555229187,1.689050555229187,1.4826956987380981,1.4826956987380981
1386,1.6892067193984985,1.6892067193984985,1.4808565378189087,1.4808565378189087
1387,1.6887731552124023,1.6887731552124023,1.4812012910842896,1.4812012910842896
1388,1.6881725788116455,1.6881725788116455,1.4818400144577026,1.4818400144577026
1389,1.6882615089416504,1.6882615089416504,1.4794365167617798,1.4794365167617798
1390,1.6882200241088867,1.6882200241088867,1.48533034324646,1.48533034324646
1391,1.6889492273330688,1.6889492273330688,1.4814008474349976,1.4814008474349976
1392,1.6881271600723267,1.6881271600723267,1.479312777519226,1.479312777519226
1393,1.6882829666137695,1.6882829666137695,1.4824620485305786,1.4824620485305786
1394,1.6886287927627563,1.6886287927627563,1.4808642864227295,1.4808642864227295
1395,1.6879253387451172,1.6879253387451172,1.4800012111663818,1.4800012111663818
1396,1.6877750158309937,1.6877750158309937,1.4791862964630127,1.4791862964630127
1397,1.688224196434021,1.688224196434021,1.4821158647537231,1.4821158647537231
1398,1.6875594854354858,1.6875594854354858,1.4798096418380737,1.4798096418380737
1399,1.6885383129119873,1.6885383129119873,1.4811949729919434,1.4811949729919434
1400,1.6879627704620361,1.6879627704620361,1.4805854558944702,1.4805854558944702
1401,1.68802809715271,1.68802809715271,1.4797730445861816,1.4797730445861816
1402,1.6878429651260376,1.6878429651260376,1.4833943843841553,1.4833943843841553
1403,1.6885192394256592,1.6885192394256592,1.479467749595642,1.479467749595642
1404,1.6874696016311646,1.6874696016311646,1.4808462858200073,1.4808462858200073
1405,1.688174843788147,1.688174843788147,1.4798946380615234,1.4798946380615234
1406,1.6877704858779907,1.6877704858779907,1.479483962059021,1.479483962059021
1407,1.6882014274597168,1.6882014274597168,1.4789317846298218,1.4789317846298218
1408,1.6878435611724854,1.6878435611724854,1.4864531755447388,1.4864531755447388
1409,1.6889288425445557,1.6889288425445557,1.48224937915802,1.48224937915802
1410,1.6881136894226074,1.6881136894226074,1.4801644086837769,1.4801644086837769
1411,1.6876089572906494,1.6876089572906494,1.480817198753357,1.480817198753357
1412,1.6878548860549927,1.6878548860549927,1.4798908233642578,1.4798908233642578
1413,1.688847303390503,1.688847303390503,1.4791064262390137,1.4791064262390137
1414,1.687182903289795,1.687182903289795,1.4802030324935913,1.4802030324935913
1415,1.687386155128479,1.687386155128479,1.4799996614456177,1.4799996614456177
1416,1.6881994009017944,1.6881994009017944,1.4789462089538574,1.4789462089538574
1417,1.6870864629745483,1.6870864629745483,1.4791468381881714,1.4791468381881714
1418,1.6869518756866455,1.6869518756866455,1.4789425134658813,1.4789425134658813
1419,1.6873425245285034,1.6873425245285034,1.4786409139633179,1.4786409139633179
1420,1.6867494583129883,1.6867494583129883,1.4858769178390503,1.4858769178390503
1421,1.6875745058059692,1.6875745058059692,1.4839425086975098,1.4839425086975098
1422,1.6876438856124878,1.6876438856124878,1.4809457063674927,1.4809457063674927
1423,1.6875345706939697,1.6875345706939697,1.4793161153793335,1.4793161153793335
1424,1.6868984699249268,1.6868984699249268,1.478577971458435,1.478577971458435
1425,1.6873363256454468,1.6873363256454468,1.4827640056610107,1.4827640056610107
1426,1.6869577169418335,1.6869577169418335,1.478410243988037,1.478410243988037
1427,1.6868561506271362,1.6868561506271362,1.4784003496170044,1.4784003496170044
1428,1.6871706247329712,1.6871706247329712,1.47883141040802,1.47883141040802
1429,1.6881240606307983,1.6881240606307983,1.4792770147323608,1.4792770147323608
1430,1.6870770454406738,1.6870770454406738,1.4801244735717773,1.4801244735717773
1431,1.6866058111190796,1.6866058111190796,1.47864830493927,1.47864830493927
1432,1.6867561340332031,1.6867561340332031,1.4811434745788574,1.4811434745788574
1433,1.6872888803482056,1.6872888803482056,1.480322241783142,1.480322241783142
1434,1.6867817640304565,1.6867817640304565,1.4785557985305786,1.4785557985305786
1435,1.6868277788162231,1.6868277788162231,1.4840607643127441,1.4840607643127441
1436,1.6871262788772583,1.6871262788772583,1.485854983329773,1.485854983329773
1437,1.6873011589050293,1.6873011589050293,1.478402018547058,1.478402018547058
1438,1.6871395111083984,1.6871395111083984,1.479479432106018,1.479479432106018
1439,1.6867529153823853,1.6867529153823853,1.4800796508789062,1.4800796508789062
1440,1.6874078512191772,1.6874078512191772,1.4800546169281006,1.4800546169281006
1441,1.686683177947998,1.686683177947998,1.4807103872299194,1.4807103872299194
1442,1.6870263814926147,1.6870263814926147,1.47940993309021,1.47940993309021
1443,1.6867966651916504,1.6867966651916504,1.4788538217544556,1.4788538217544556
1444,1.6865673065185547,1.6865673065185547,1.4807653427124023,1.4807653427124023
1445,1.6864839792251587,1.6864839792251587,1.4798002243041992,1.4798002243041992
1446,1.6868184804916382,1.6868184804916382,1.4802608489990234,1.4802608489990234
1447,1.686898112297058,1.686898112297058,1.4780752658843994,1.4780752658843994
1448,1.6863538026809692,1.6863538026809692,1.478223204612732,1.478223204612732
1449,1.686418056488037,1.686418056488037,1.4790889024734497,1.4790889024734497
1450,1.68681001663208,1.68681001663208,1.4794306755065918,1.4794306755065918
1451,1.6871037483215332,1.6871037483215332,1.479304552078247,1.479304552078247
1452,1.687751054763794,1.687751054763794,1.483975887298584,1.483975887298584
1453,1.6868095397949219,1.6868095397949219,1.4779653549194336,1.4779653549194336
1454,1.6864444017410278,1.6864444017410278,1.4793916940689087,1.4793916940689087
1455,1.6863371133804321,1.6863371133804321,1.4801981449127197,1.4801981449127197
1456,1.6857812404632568,1.6857812404632568,1.4793689250946045,1.4793689250946045
1457,1.6865675449371338,1.6865675449371338,1.4820137023925781,1.4820137023925781
1458,1.686026930809021,1.686026930809021,1.477989912033081,1.477989912033081
1459,1.686247706413269,1.686247706413269,1.4777525663375854,1.4777525663375854
1460,1.6861010789871216,1.6861010789871216,1.4793397188186646,1.4793397188186646
1461,1.6861422061920166,1.6861422061920166,1.4778128862380981,1.4778128862380981
1462,1.6875522136688232,1.6875522136688232,1.490741491317749,1.490741491317749
1463,1.686722755432129,1.686722755432129,1.478991150856018,1.478991150856018
1464,1.68606436252594,1.68606436252594,1.4810580015182495,1.4810580015182495
1465,1.6863144636154175,1.6863144636154175,1.4791592359542847,1.4791592359542847
1466,1.6858136653900146,1.6858136653900146,1.4778064489364624,1.4778064489364624
1467,1.686288595199585,1.686288595199585,1.4791401624679565,1.4791401624679565
1468,1.6862132549285889,1.6862132549285889,1.4811831712722778,1.4811831712722778
1469,1.6860934495925903,1.6860934495925903,1.4781246185302734,1.4781246185302734
1470,1.6857826709747314,1.6857826709747314,1.477785348892212,1.477785348892212
1471,1.6856706142425537,1.6856706142425537,1.4843107461929321,1.4843107461929321
1472,1.6861737966537476,1.6861737966537476,1.4863098859786987,1.4863098859786987
1473,1.6866540908813477,1.6866540908813477,1.4785513877868652,1.4785513877868652
1474,1.6856101751327515,1.6856101751327515,1.4787935018539429,1.4787935018539429
1475,1.6854573488235474,1.6854573488235474,1.4781941175460815,1.4781941175460815
1476,1.6854729652404785,1.6854729652404785,1.4784550666809082,1.4784550666809082
1477,1.686289668083191,1.686289668083191,1.4807828664779663,1.4807828664779663
1478,1.6856579780578613,1.6856579780578613,1.4784574508666992,1.4784574508666992
1479,1.6854064464569092,1.6854064464569092,1.477748155593872,1.477748155593872
1480,1.6852129697799683,1.6852129697799683,1.4807988405227661,1.4807988405227661
1481,1.6852524280548096,1.6852524280548096,1.479892611503601,1.479892611503601
1482,1.685720443725586,1.685720443725586,1.4786901473999023,1.4786901473999023
1483,1.686137318611145,1.686137318611145,1.4774739742279053,1.4774739742279053
1484,1.6855103969573975,1.6855103969573975,1.4791040420532227,1.4791040420532227
1485,1.6857926845550537,1.6857926845550537,1.4770419597625732,1.4770419597625732
1486,1.6854578256607056,1.6854578256607056,1.4902621507644653,1.4902621507644653
1487,1.6865839958190918,1.6865839958190918,1.4773051738739014,1.4773051738739014
1488,1.6859077215194702,1.6859077215194702,1.479722499847412,1.479722499847412
1489,1.684999704360962,1.684999704360962,1.477455973625183,1.477455973625183
1490,1.6855583190917969,1.6855583190917969,1.480934977531433,1.480934977531433
1491,1.685744285583496,1.685744285583496,1.4831469058990479,1.4831469058990479
1492,1.6858490705490112,1.6858490705490112,1.4776238203048706,1.4776238203048706
1493,1.6850712299346924,1.6850712299346924,1.4773880243301392,1.4773880243301392
1494,1.6852887868881226,1.6852887868881226,1.4770917892456055,1.4770917892456055
1495,1.6850812435150146,1.6850812435150146,1.4778748750686646,1.4778748750686646
1496,1.6849900484085083,1.6849900484085083,1.4775023460388184,1.4775023460388184
1497,1.6851003170013428,1.6851003170013428,1.4812202453613281,1.4812202453613281
1498,1.6856639385223389,1.6856639385223389,1.4806945323944092,1.4806945323944092
1499,1.6850224733352661,1.6850224733352661,1.4778738021850586,1.4778738021850586
1500,1.6850665807724,1.6850665807724,1.4776864051818848,1.4776864051818848
1501,1.6849617958068848,1.6849617958068848,1.4812439680099487,1.4812439680099487
1502,1.6854885816574097,1.6854885816574097,1.477285623550415,1.477285623550415
1503,1.684836983680725,1.684836983680725,1.4781529903411865,1.4781529903411865
1504,1.6858773231506348,1.6858773231506348,1.4791362285614014,1.4791362285614014
1505,1.6852021217346191,1.6852021217346191,1.4778563976287842,1.4778563976287842
1506,1.6851109266281128,1.6851109266281128,1.4799678325653076,1.4799678325653076
1507,1.6849420070648193,1.6849420070648193,1.4782724380493164,1.4782724380493164
1508,1.6847622394561768,1.6847622394561768,1.4800859689712524,1.4800859689712524
1509,1.6847807168960571,1.6847807168960571,1.476782202720642,1.476782202720642
1510,1.6841745376586914,1.6841745376586914,1.477108120918274,1.477108120918274
1511,1.6848297119140625,1.6848297119140625,1.4769164323806763,1.4769164323806763
1512,1.6848050355911255,1.6848050355911255,1.4770585298538208,1.4770585298538208
1513,1.684932827949524,1.684932827949524,1.4922124147415161,1.4922124147415161
1514,1.6861743927001953,1.6861743927001953,1.4768226146697998,1.4768226146697998
1515,1.6852617263793945,1.6852617263793945,1.481837511062622,1.481837511062622
1516,1.6851248741149902,1.6851248741149902,1.4763431549072266,1.4763431549072266
1517,1.684629201889038,1.684629201889038,1.4779658317565918,1.4779658317565918
1518,1.684369683265686,1.684369683265686,1.4768539667129517,1.4768539667129517
1519,1.6848218441009521,1.6848218441009521,1.48014235496521,1.48014235496521
1520,1.6850512027740479,1.6850512027740479,1.4760794639587402,1.4760794639587402
1521,1.6850883960723877,1.6850883960723877,1.4765677452087402,1.4765677452087402
1522,1.6848219633102417,1.6848219633102417,1.476187825202942,1.476187825202942
1523,1.6840541362762451,1.6840541362762451,1.4788060188293457,1.4788060188293457
1524,1.6845542192459106,1.6845542192459106,1.4765793085098267,1.4765793085098267
1525,1.6849228143692017,1.6849228143692017,1.4770230054855347,1.4770230054855347
1526,1.6840378046035767,1.6840378046035767,1.476516842842102,1.476516842842102
1527,1.6849465370178223,1.6849465370178223,1.4942537546157837,1.4942537546157837
1528,1.6850725412368774,1.6850725412368774,1.476657748222351,1.476657748222351
1529,1.6843676567077637,1.6843676567077637,1.4772679805755615,1.4772679805755615
1530,1.6846957206726074,1.6846957206726074,1.4768147468566895,1.4768147468566895
1531,1.6854205131530762,1.6854205131530762,1.4764173030853271,1.4764173030853271
1532,1.684628963470459,1.684628963470459,1.4759676456451416,1.4759676456451416
1533,1.6840589046478271,1.6840589046478271,1.4765640497207642,1.4765640497207642
1534,1.6838723421096802,1.6838723421096802,1.4764701128005981,1.4764701128005981
1535,1.6838178634643555,1.6838178634643555,1.4762210845947266,1.4762210845947266
1536,1.6836527585983276,1.6836527585983276,1.4771418571472168,1.4771418571472168
1537,1.6844909191131592,1.6844909191131592,1.4761885404586792,1.4761885404586792
1538,1.6842316389083862,1.6842316389083862,1.4787728786468506,1.4787728786468506
1539,1.6844100952148438,1.6844100952148438,1.4763844013214111,1.4763844013214111
1540,1.6840943098068237,1.6840943098068237,1.476241946220398,1.476241946220398
1541,1.6839616298675537,1.6839616298675537,1.4779287576675415,1.4779287576675415
1542,1.684131145477295,1.684131145477295,1.4764087200164795,1.4764087200164795
1543,1.6840606927871704,1.6840606927871704,1.4789118766784668,1.4789118766784668
1544,1.6839247941970825,1.6839247941970825,1.475968837738037,1.475968837738037
1545,1.684330701828003,1.684330701828003,1.4763871431350708,1.4763871431350708
1546,1.683245301246643,1.683245301246643,1.4767134189605713,1.4767134189605713
1547,1.684069037437439,1.684069037437439,1.4758507013320923,1.4758507013320923
1548,1.6838088035583496,1.6838088035583496,1.47601318359375,1.47601318359375
1549,1.6838880777359009,1.6838880777359009,1.4806879758834839,1.4806879758834839
1550,1.684179425239563,1.684179425239563,1.4765934944152832,1.4765934944152832
1551,1.6840038299560547,1.6840038299560547,1.4755289554595947,1.4755289554595947
1552,1.6833406686782837,1.6833406686782837,1.4765986204147339,1.4765986204147339
1553,1.6829220056533813,1.6829220056533813,1.4770715236663818,1.4770715236663818
1554,1.6837300062179565,1.6837300062179565,1.4759843349456787,1.4759843349456787
1555,1.683934211730957,1.683934211730957,1.4839389324188232,1.4839389324188232
1556,1.6848207712173462,1.6848207712173462,1.4767385721206665,1.4767385721206665
1557,1.6836518049240112,1.6836518049240112,1.4787592887878418,1.4787592887878418
1558,1.6836904287338257,1.6836904287338257,1.4792231321334839,1.4792231321334839
1559,1.6839638948440552,1.6839638948440552,1.4770092964172363,1.4770092964172363
1560,1.6845968961715698,1.6845968961715698,1.4761385917663574,1.4761385917663574
1561,1.684167742729187,1.684167742729187,1.475363850593567,1.475363850593567
1562,1.6832292079925537,1.6832292079925537,1.4769037961959839,1.4769037961959839
1563,1.6832084655761719,1.6832084655761719,1.4759119749069214,1.4759119749069214
1564,1.68353271484375,1.68353271484375,1.476238489151001,1.476238489151001
1565,1.68313467502594,1.68313467502594,1.475660800933838,1.475660800933838
1566,1.683610439300537,1.683610439300537,1.475492000579834,1.475492000579834
1567,1.6836436986923218,1.6836436986923218,1.475831389427185,1.475831389427185
1568,1.6827419996261597,1.6827419996261597,1.475864291191101,1.475864291191101
1569,1.6836689710617065,1.6836689710617065,1.4794657230377197,1.4794657230377197
1570,1.6831334829330444,1.6831334829330444,1.4752593040466309,1.4752593040466309
1571,1.6833827495574951,1.6833827495574951,1.4768623113632202,1.4768623113632202
1572,1.6834259033203125,1.6834259033203125,1.4755859375,1.4755859375
1573,1.683001160621643,1.683001160621643,1.478510856628418,1.478510856628418
1574,1.6827807426452637,1.6827807426452637,1.4766126871109009,1.4766126871109009
1575,1.6827607154846191,1.6827607154846191,1.4806233644485474,1.4806233644485474
1576,1.6834455728530884,1.6834455728530884,1.4785120487213135,1.4785120487213135
1577,1.6828014850616455,1.6828014850616455,1.4760665893554688,1.4760665893554688
1578,1.6829720735549927,1.6829720735549927,1.4816688299179077,1.4816688299179077
1579,1.6833916902542114,1.6833916902542114,1.4757752418518066,1.4757752418518066
1580,1.6830977201461792,1.6830977201461792,1.4748698472976685,1.4748698472976685
1581,1.683227777481079,1.683227777481079,1.476259469985962,1.476259469985962
1582,1.6829323768615723,1.6829323768615723,1.4753414392471313,1.4753414392471313
1583,1.6833295822143555,1.6833295822143555,1.4759058952331543,1.4759058952331543
1584,1.6823619604110718,1.6823619604110718,1.4781135320663452,1.4781135320663452
1585,1.6828582286834717,1.6828582286834717,1.4750654697418213,1.4750654697418213
1586,1.6829551458358765,1.6829551458358765,1.4747741222381592,1.4747741222381592
1587,1.6838878393173218,1.6838878393173218,1.4761656522750854,1.4761656522750854
1588,1.683371901512146,1.683371901512146,1.476667881011963,1.476667881011963
1589,1.6822770833969116,1.6822770833969116,1.4767875671386719,1.4767875671386719
1590,1.682616114616394,1.682616114616394,1.4758906364440918,1.4758906364440918
1591,1.6826248168945312,1.6826248168945312,1.475712537765503,1.475712537765503
1592,1.682132363319397,1.682132363319397,1.4756367206573486,1.4756367206573486
1593,1.6823906898498535,1.6823906898498535,1.4754886627197266,1.4754886627197266
1594,1.682066559791565,1.682066559791565,1.4764413833618164,1.4764413833618164
1595,1.6825478076934814,1.6825478076934814,1.4749857187271118,1.4749857187271118
1596,1.6824610233306885,1.6824610233306885,1.4758329391479492,1.4758329391479492
1597,1.6823596954345703,1.6823596954345703,1.4763566255569458,1.4763566255569458
1598,1.6830792427062988,1.6830792427062988,1.4747258424758911,1.4747258424758911
1599,1.683152198791504,1.683152198791504,1.4759939908981323,1.4759939908981323
1600,1.6833990812301636,1.6833990812301636,1.4763261079788208,1.4763261079788208
1601,1.6823590993881226,1.6823590993881226,1.475028395652771,1.475028395652771
1602,1.6821602582931519,1.6821602582931519,1.4761966466903687,1.4761966466903687
1603,1.6837273836135864,1.6837273836135864,1.4749164581298828,1.4749164581298828
1604,1.6814615726470947,1.6814615726470947,1.474358320236206,1.474358320236206
1605,1.682091236114502,1.682091236114502,1.476233720779419,1.476233720779419
1606,1.6821603775024414,1.6821603775024414,1.4749752283096313,1.4749752283096313
1607,1.684230089187622,1.684230089187622,1.475753664970398,1.475753664970398
1608,1.6817891597747803,1.6817891597747803,1.47603440284729,1.47603440284729
1609,1.6818910837173462,1.6818910837173462,1.47527015209198,1.47527015209198
1610,1.681881308555603,1.681881308555603,1.4752013683319092,1.4752013683319092
1611,1.6833183765411377,1.6833183765411377,1.475633978843689,1.475633978843689
1612,1.6825519800186157,1.6825519800186157,1.4803117513656616,1.4803117513656616
1613,1.6817700862884521,1.6817700862884521,1.474160075187683,1.474160075187683
1614,1.682497262954712,1.682497262954712,1.4767141342163086,1.4767141342163086
1615,1.6817837953567505,1.6817837953567505,1.47525954246521,1.47525954246521
1616,1.6821811199188232,1.6821811199188232,1.475126028060913,1.475126028060913
1617,1.6816967725753784,1.6816967725753784,1.4760525226593018,1.4760525226593018
1618,1.682266354560852,1.682266354560852,1.474560260772705,1.474560260772705
1619,1.6820675134658813,1.6820675134658813,1.475184440612793,1.475184440612793
1620,1.6815638542175293,1.6815638542175293,1.475817322731018,1.475817322731018
1621,1.6816675662994385,1.6816675662994385,1.4758789539337158,1.4758789539337158
1622,1.6826263666152954,1.6826263666152954,1.4739582538604736,1.4739582538604736
1623,1.6817272901535034,1.6817272901535034,1.4746155738830566,1.4746155738830566
1624,1.6821449995040894,1.6821449995040894,1.4739021062850952,1.4739021062850952
1625,1.6818732023239136,1.6818732023239136,1.474319338798523,1.474319338798523
1626,1.6814513206481934,1.6814513206481934,1.4750924110412598,1.4750924110412598
1627,1.6820130348205566,1.6820130348205566,1.4740227460861206,1.4740227460861206
1628,1.681538462638855,1.681538462638855,1.4789388179779053,1.4789388179779053
1629,1.6816314458847046,1.6816314458847046,1.4738622903823853,1.4738622903823853
1630,1.682065486907959,1.682065486907959,1.4760791063308716,1.4760791063308716
1631,1.6813637018203735,1.6813637018203735,1.47691810131073,1.47691810131073
1632,1.68142569065094,1.68142569065094,1.479565978050232,1.479565978050232
1633,1.6814409494400024,1.6814409494400024,1.4756381511688232,1.4756381511688232
1634,1.6810097694396973,1.6810097694396973,1.4738109111785889,1.4738109111785889
1635,1.6815961599349976,1.6815961599349976,1.4747815132141113,1.4747815132141113
1636,1.6818195581436157,1.6818195581436157,1.4744372367858887,1.4744372367858887
1637,1.681317925453186,1.681317925453186,1.4744489192962646,1.4744489192962646
1638,1.6811703443527222,1.6811703443527222,1.4751273393630981,1.4751273393630981
1639,1.6813615560531616,1.6813615560531616,1.476106882095337,1.476106882095337
1640,1.6813582181930542,1.6813582181930542,1.4733928442001343,1.4733928442001343
1641,1.6811144351959229,1.6811144351959229,1.474404215812683,1.474404215812683
1642,1.6816465854644775,1.6816465854644775,1.4737462997436523,1.4737462997436523
1643,1.6811671257019043,1.6811671257019043,1.4744848012924194,1.4744848012924194
1644,1.681868553161621,1.681868553161621,1.4754635095596313,1.4754635095596313
1645,1.6814628839492798,1.6814628839492798,1.4739631414413452,1.4739631414413452
1646,1.6808582544326782,1.6808582544326782,1.4776028394699097,1.4776028394699097
1647,1.6818621158599854,1.6818621158599854,1.4755061864852905,1.4755061864852905
1648,1.6808011531829834,1.6808011531829834,1.4738603830337524,1.4738603830337524
1649,1.6818679571151733,1.6818679571151733,1.4747087955474854,1.4747087955474854
1650,1.6811405420303345,1.6811405420303345,1.4755213260650635,1.4755213260650635
1651,1.681228518486023,1.681228518486023,1.473963975906372,1.473963975906372
1652,1.6815687417984009,1.6815687417984009,1.4753955602645874,1.4753955602645874
1653,1.6806752681732178,1.6806752681732178,1.4759680032730103,1.4759680032730103
1654,1.680498719215393,1.680498719215393,1.47437584400177,1.47437584400177
1655,1.6804383993148804,1.6804383993148804,1.473244547843933,1.473244547843933
1656,1.6808443069458008,1.6808443069458008,1.4735029935836792,1.4735029935836792
1657,1.6804369688034058,1.6804369688034058,1.4735106229782104,1.4735106229782104
1658,1.680912971496582,1.680912971496582,1.47487211227417,1.47487211227417
1659,1.6809371709823608,1.6809371709823608,1.472892165184021,1.472892165184021
1660,1.681228518486023,1.681228518486023,1.4787484407424927,1.4787484407424927
1661,1.680978775024414,1.680978775024414,1.4747846126556396,1.4747846126556396
1662,1.6809192895889282,1.6809192895889282,1.4733105897903442,1.4733105897903442
1663,1.6811418533325195,1.6811418533325195,1.4730606079101562,1.4730606079101562
1664,1.6805022954940796,1.6805022954940796,1.4748624563217163,1.4748624563217163
1665,1.6806330680847168,1.6806330680847168,1.4741227626800537,1.4741227626800537
1666,1.6805671453475952,1.6805671453475952,1.4726611375808716,1.4726611375808716
1667,1.6805036067962646,1.6805036067962646,1.4749118089675903,1.4749118089675903
1668,1.680759072303772,1.680759072303772,1.4729641675949097,1.4729641675949097
1669,1.6805808544158936,1.6805808544158936,1.4730980396270752,1.4730980396270752
1670,1.680213212966919,1.680213212966919,1.4736518859863281,1.4736518859863281
1671,1.6799869537353516,1.6799869537353516,1.4731391668319702,1.4731391668319702
1672,1.6804640293121338,1.6804640293121338,1.474074363708496,1.474074363708496
1673,1.6811261177062988,1.6811261177062988,1.4730150699615479,1.4730150699615479
1674,1.6810760498046875,1.6810760498046875,1.4730700254440308,1.4730700254440308
1675,1.6801179647445679,1.6801179647445679,1.4727555513381958,1.4727555513381958
1676,1.680582880973816,1.680582880973816,1.479936957359314,1.479936957359314
1677,1.6808003187179565,1.6808003187179565,1.4729806184768677,1.4729806184768677
1678,1.6802207231521606,1.6802207231521606,1.47391676902771,1.47391676902771
1679,1.679919958114624,1.679919958114624,1.4731031656265259,1.4731031656265259
1680,1.6811034679412842,1.6811034679412842,1.474515676498413,1.474515676498413
1681,1.6798878908157349,1.6798878908157349,1.473630666732788,1.473630666732788
1682,1.6805039644241333,1.6805039644241333,1.4739900827407837,1.4739900827407837
1683,1.680189609527588,1.680189609527588,1.4732134342193604,1.4732134342193604
1684,1.6807420253753662,1.6807420253753662,1.473989725112915,1.473989725112915
1685,1.6802053451538086,1.6802053451538086,1.473061442375183,1.473061442375183
1686,1.6810166835784912,1.6810166835784912,1.4733920097351074,1.4733920097351074
1687,1.6806343793869019,1.6806343793869019,1.4732414484024048,1.4732414484024048
1688,1.6809663772583008,1.6809663772583008,1.4736406803131104,1.4736406803131104
1689,1.6796677112579346,1.6796677112579346,1.474966287612915,1.474966287612915
1690,1.6809093952178955,1.6809093952178955,1.473017692565918,1.473017692565918
1691,1.6801711320877075,1.6801711320877075,1.4761327505111694,1.4761327505111694
1692,1.6806944608688354,1.6806944608688354,1.4734852313995361,1.4734852313995361
1693,1.6799854040145874,1.6799854040145874,1.4733755588531494,1.4733755588531494
1694,1.6796549558639526,1.6796549558639526,1.472242832183838,1.472242832183838
1695,1.6791374683380127,1.6791374683380127,1.473766565322876,1.473766565322876
1696,1.6793984174728394,1.6793984174728394,1.475651741027832,1.475651741027832
1697,1.679839015007019,1.679839015007019,1.472629427909851,1.472629427909851
1698,1.6799871921539307,1.6799871921539307,1.4721451997756958,1.4721451997756958
1699,1.6803900003433228,1.6803900003433228,1.4722260236740112,1.4722260236740112
1700,1.679490566253662,1.679490566253662,1.4789538383483887,1.4789538383483887
1701,1.6808969974517822,1.6808969974517822,1.4728679656982422,1.4728679656982422
1702,1.6804077625274658,1.6804077625274658,1.4733569622039795,1.4733569622039795
1703,1.6799287796020508,1.6799287796020508,1.4746044874191284,1.4746044874191284
1704,1.6803152561187744,1.6803152561187744,1.4725147485733032,1.4725147485733032
1705,1.6792598962783813,1.6792598962783813,1.4727962017059326,1.4727962017059326
1706,1.6794549226760864,1.6794549226760864,1.4730339050292969,1.4730339050292969
1707,1.6790846586227417,1.6790846586227417,1.4772299528121948,1.4772299528121948
1708,1.6798125505447388,1.6798125505447388,1.4724231958389282,1.4724231958389282
1709,1.6793756484985352,1.6793756484985352,1.4722017049789429,1.4722017049789429
1710,1.6794154644012451,1.6794154644012451,1.4729135036468506,1.4729135036468506
1711,1.6792395114898682,1.6792395114898682,1.4727303981781006,1.4727303981781006
1712,1.6800241470336914,1.6800241470336914,1.475842833518982,1.475842833518982
1713,1.679041862487793,1.679041862487793,1.4747408628463745,1.4747408628463745
1714,1.6793867349624634,1.6793867349624634,1.473024845123291,1.473024845123291
1715,1.679448127746582,1.679448127746582,1.4722537994384766,1.4722537994384766
1716,1.6793828010559082,1.6793828010559082,1.4718266725540161,1.4718266725540161
1717,1.679409384727478,1.679409384727478,1.4718281030654907,1.4718281030654907
1718,1.678816318511963,1.678816318511963,1.4793164730072021,1.4793164730072021
1719,1.6791740655899048,1.6791740655899048,1.4732146263122559,1.4732146263122559
1720,1.6788835525512695,1.6788835525512695,1.4723176956176758,1.4723176956176758
1721,1.6795265674591064,1.6795265674591064,1.4730700254440308,1.4730700254440308
1722,1.6784873008728027,1.6784873008728027,1.4725233316421509,1.4725233316421509
1723,1.6800347566604614,1.6800347566604614,1.4729204177856445,1.4729204177856445
1724,1.678947925567627,1.678947925567627,1.4718680381774902,1.4718680381774902
1725,1.6794542074203491,1.6794542074203491,1.4720563888549805,1.4720563888549805
1726,1.6787903308868408,1.6787903308868408,1.4726159572601318,1.4726159572601318
1727,1.6789207458496094,1.6789207458496094,1.4712769985198975,1.4712769985198975
1728,1.6786463260650635,1.6786463260650635,1.4731624126434326,1.4731624126434326
1729,1.678778052330017,1.678778052330017,1.4722013473510742,1.4722013473510742
1730,1.678652048110962,1.678652048110962,1.471880316734314,1.471880316734314
1731,1.6789183616638184,1.6789183616638184,1.4718024730682373,1.4718024730682373
1732,1.6789507865905762,1.6789507865905762,1.472825527191162,1.472825527191162
1733,1.6797606945037842,1.6797606945037842,1.4717305898666382,1.4717305898666382
1734,1.678715467453003,1.678715467453003,1.4725675582885742,1.4725675582885742
1735,1.6787976026535034,1.6787976026535034,1.4721475839614868,1.4721475839614868
1736,1.6788122653961182,1.6788122653961182,1.4731534719467163,1.4731534719467163
1737,1.6783299446105957,1.6783299446105957,1.4715157747268677,1.4715157747268677
1738,1.678800106048584,1.678800106048584,1.4760136604309082,1.4760136604309082
1739,1.678737759590149,1.678737759590149,1.4728587865829468,1.4728587865829468
1740,1.6788368225097656,1.6788368225097656,1.4763798713684082,1.4763798713684082
1741,1.679722547531128,1.679722547531128,1.4717578887939453,1.4717578887939453
1742,1.6787651777267456,1.6787651777267456,1.4732837677001953,1.4732837677001953
1743,1.6784155368804932,1.6784155368804932,1.470760464668274,1.470760464668274
1744,1.6785385608673096,1.6785385608673096,1.4710547924041748,1.4710547924041748
1745,1.6785448789596558,1.6785448789596558,1.4713138341903687,1.4713138341903687
1746,1.6782108545303345,1.6782108545303345,1.4721776247024536,1.4721776247024536
1747,1.6791069507598877,1.6791069507598877,1.4713630676269531,1.4713630676269531
1748,1.6780920028686523,1.6780920028686523,1.4723482131958008,1.4723482131958008
1749,1.6786689758300781,1.6786689758300781,1.4730949401855469,1.4730949401855469
1750,1.6787283420562744,1.6787283420562744,1.4712862968444824,1.4712862968444824
1751,1.678453803062439,1.678453803062439,1.4715666770935059,1.4715666770935059
1752,1.6783573627471924,1.6783573627471924,1.4714562892913818,1.4714562892913818
1753,1.6784133911132812,1.6784133911132812,1.4716600179672241,1.4716600179672241
1754,1.679465413093567,1.679465413093567,1.4711992740631104,1.4711992740631104
1755,1.6780601739883423,1.6780601739883423,1.470524549484253,1.470524549484253
1756,1.6780019998550415,1.6780019998550415,1.470700740814209,1.470700740814209
1757,1.6781468391418457,1.6781468391418457,1.471128225326538,1.471128225326538
1758,1.6785519123077393,1.6785519123077393,1.4710767269134521,1.4710767269134521
1759,1.6789106130599976,1.6789106130599976,1.4707592725753784,1.4707592725753784
1760,1.6782221794128418,1.6782221794128418,1.4709177017211914,1.4709177017211914
1761,1.6782121658325195,1.6782121658325195,1.4735002517700195,1.4735002517700195
1762,1.6784112453460693,1.6784112453460693,1.472627878189087,1.472627878189087
1763,1.6782435178756714,1.6782435178756714,1.4755606651306152,1.4755606651306152
1764,1.6786398887634277,1.6786398887634277,1.4708609580993652,1.4708609580993652
1765,1.6784237623214722,1.6784237623214722,1.470741868019104,1.470741868019104
1766,1.6793742179870605,1.6793742179870605,1.4701695442199707,1.4701695442199707
1767,1.677620530128479,1.677620530128479,1.4703861474990845,1.4703861474990845
1768,1.6775760650634766,1.6775760650634766,1.4708985090255737,1.4708985090255737
1769,1.6775617599487305,1.6775617599487305,1.4706027507781982,1.4706027507781982
1770,1.677634596824646,1.677634596824646,1.4704678058624268,1.4704678058624268
1771,1.6784459352493286,1.6784459352493286,1.4754893779754639,1.4754893779754639
1772,1.6783397197723389,1.6783397197723389,1.471049427986145,1.471049427986145
1773,1.6777890920639038,1.6777890920639038,1.4703097343444824,1.4703097343444824
1774,1.677634358406067,1.677634358406067,1.4721330404281616,1.4721330404281616
1775,1.6781418323516846,1.6781418323516846,1.474166750907898,1.474166750907898
1776,1.677856683731079,1.677856683731079,1.4717198610305786,1.4717198610305786
1777,1.6778888702392578,1.6778888702392578,1.4700064659118652,1.4700064659118652
1778,1.6778998374938965,1.6778998374938965,1.4704418182373047,1.4704418182373047
1779,1.677712321281433,1.677712321281433,1.4704272747039795,1.4704272747039795
1780,1.6780542135238647,1.6780542135238647,1.4718066453933716,1.4718066453933716
1781,1.6780058145523071,1.6780058145523071,1.47111976146698,1.47111976146698
1782,1.677884817123413,1.677884817123413,1.4718122482299805,1.4718122482299805
1783,1.6775113344192505,1.6775113344192505,1.4704654216766357,1.4704654216766357
1784,1.6774142980575562,1.6774142980575562,1.4705711603164673,1.4705711603164673
1785,1.6793785095214844,1.6793785095214844,1.4709131717681885,1.4709131717681885
1786,1.677621841430664,1.677621841430664,1.4700814485549927,1.4700814485549927
1787,1.6774822473526,1.6774822473526,1.4738517999649048,1.4738517999649048
1788,1.6775494813919067,1.6775494813919067,1.4700121879577637,1.4700121879577637
1789,1.6775176525115967,1.6775176525115967,1.4700849056243896,1.4700849056243896
1790,1.6773484945297241,1.6773484945297241,1.47416090965271,1.47416090965271
1791,1.6768802404403687,1.6768802404403687,1.4754352569580078,1.4754352569580078
1792,1.6774383783340454,1.6774383783340454,1.471063256263733,1.471063256263733
1793,1.6777209043502808,1.6777209043502808,1.4701720476150513,1.4701720476150513
1794,1.6771299839019775,1.6771299839019775,1.4702680110931396,1.4702680110931396
1795,1.6778758764266968,1.6778758764266968,1.4734500646591187,1.4734500646591187
1796,1.6770936250686646,1.6770936250686646,1.470212459564209,1.470212459564209
1797,1.6772851943969727,1.6772851943969727,1.4736196994781494,1.4736196994781494
1798,1.6777887344360352,1.6777887344360352,1.4700703620910645,1.4700703620910645
1799,1.6772762537002563,1.6772762537002563,1.4704698324203491,1.4704698324203491
1800,1.677047610282898,1.677047610282898,1.4696989059448242,1.4696989059448242
1801,1.6767559051513672,1.6767559051513672,1.4698489904403687,1.4698489904403687
1802,1.6772547960281372,1.6772547960281372,1.4697582721710205,1.4697582721710205
1803,1.676620364189148,1.676620364189148,1.4697070121765137,1.4697070121765137
1804,1.6784907579421997,1.6784907579421997,1.4704557657241821,1.4704557657241821
1805,1.6771481037139893,1.6771481037139893,1.4703011512756348,1.4703011512756348
1806,1.67727530002594,1.67727530002594,1.4700658321380615,1.4700658321380615
1807,1.6777619123458862,1.6777619123458862,1.470314621925354,1.470314621925354
1808,1.6766116619110107,1.6766116619110107,1.4695616960525513,1.4695616960525513
1809,1.676913857460022,1.676913857460022,1.469829797744751,1.469829797744751
1810,1.6773055791854858,1.6773055791854858,1.4696714878082275,1.4696714878082275
1811,1.677151083946228,1.677151083946228,1.469565749168396,1.469565749168396
1812,1.6770416498184204,1.6770416498184204,1.4695030450820923,1.4695030450820923
1813,1.6776608228683472,1.6776608228683472,1.4693632125854492,1.4693632125854492
1814,1.6768412590026855,1.6768412590026855,1.4695940017700195,1.4695940017700195
1815,1.6768310070037842,1.6768310070037842,1.4707638025283813,1.4707638025283813
1816,1.6769535541534424,1.6769535541534424,1.4694881439208984,1.4694881439208984
1817,1.676842212677002,1.676842212677002,1.4738013744354248,1.4738013744354248
1818,1.6765648126602173,1.6765648126602173,1.4706884622573853,1.4706884622573853
1819,1.6769671440124512,1.6769671440124512,1.469151496887207,1.469151496887207
1820,1.6774840354919434,1.6774840354919434,1.4691743850708008,1.4691743850708008
1821,1.6763241291046143,1.6763241291046143,1.4708353281021118,1.4708353281021118
1822,1.6763707399368286,1.6763707399368286,1.4713785648345947,1.4713785648345947
1823,1.6762083768844604,1.6762083768844604,1.4715670347213745,1.4715670347213745
1824,1.6764581203460693,1.6764581203460693,1.472926139831543,1.472926139831543
1825,1.6765730381011963,1.6765730381011963,1.4687962532043457,1.4687962532043457
1826,1.6761168241500854,1.6761168241500854,1.469425082206726,1.469425082206726
1827,1.6767609119415283,1.6767609119415283,1.4690539836883545,1.4690539836883545
1828,1.67699134349823,1.67699134349823,1.4694230556488037,1.4694230556488037
1829,1.676435112953186,1.676435112953186,1.4696272611618042,1.4696272611618042
1830,1.6760015487670898,1.6760015487670898,1.4718965291976929,1.4718965291976929
1831,1.6762235164642334,1.6762235164642334,1.4692224264144897,1.4692224264144897
1832,1.6765199899673462,1.6765199899673462,1.4693371057510376,1.4693371057510376
1833,1.6764057874679565,1.6764057874679565,1.4685908555984497,1.4685908555984497
1834,1.6763612031936646,1.6763612031936646,1.4704686403274536,1.4704686403274536
1835,1.6760773658752441,1.6760773658752441,1.4693512916564941,1.4693512916564941
1836,1.6759352684020996,1.6759352684020996,1.4695677757263184,1.4695677757263184
1837,1.6759053468704224,1.6759053468704224,1.469445824623108,1.469445824623108
1838,1.6759343147277832,1.6759343147277832,1.4686698913574219,1.4686698913574219
1839,1.6771314144134521,1.6771314144134521,1.4685895442962646,1.4685895442962646
1840,1.6764627695083618,1.6764627695083618,1.4702057838439941,1.4702057838439941
1841,1.6754555702209473,1.6754555702209473,1.4699944257736206,1.4699944257736206
1842,1.6761120557785034,1.6761120557785034,1.4713821411132812,1.4713821411132812
1843,1.6761091947555542,1.6761091947555542,1.4733707904815674,1.4733707904815674
1844,1.6769176721572876,1.6769176721572876,1.469596028327942,1.469596028327942
1845,1.675697922706604,1.675697922706604,1.4682656526565552,1.4682656526565552
1846,1.6765251159667969,1.6765251159667969,1.4682652950286865,1.4682652950286865
1847,1.675860047340393,1.675860047340393,1.4686530828475952,1.4686530828475952
1848,1.6775559186935425,1.6775559186935425,1.4688172340393066,1.4688172340393066
1849,1.6756324768066406,1.6756324768066406,1.4684323072433472,1.4684323072433472
1850,1.676100730895996,1.676100730895996,1.4684325456619263,1.4684325456619263
1851,1.6761592626571655,1.6761592626571655,1.4685806035995483,1.4685806035995483
1852,1.6759076118469238,1.6759076118469238,1.4688236713409424,1.4688236713409424
1853,1.6759228706359863,1.6759228706359863,1.468056559562683,1.468056559562683
1854,1.6754734516143799,1.6754734516143799,1.4693620204925537,1.4693620204925537
1855,1.67552649974823,1.67552649974823,1.472166657447815,1.472166657447815
1856,1.6756951808929443,1.6756951808929443,1.4727718830108643,1.4727718830108643
1857,1.675671935081482,1.675671935081482,1.4689888954162598,1.4689888954162598
1858,1.6768468618392944,1.6768468618392944,1.4682625532150269,1.4682625532150269
1859,1.676407814025879,1.676407814025879,1.4680204391479492,1.4680204391479492
1860,1.6754897832870483,1.6754897832870483,1.4735037088394165,1.4735037088394165
1861,1.6758273839950562,1.6758273839950562,1.4714961051940918,1.4714961051940918
1862,1.6763519048690796,1.6763519048690796,1.4685449600219727,1.4685449600219727
1863,1.6746630668640137,1.6746630668640137,1.4714419841766357,1.4714419841766357
1864,1.6757394075393677,1.6757394075393677,1.4690285921096802,1.4690285921096802
1865,1.6753041744232178,1.6753041744232178,1.4682646989822388,1.4682646989822388
1866,1.675639033317566,1.675639033317566,1.4682981967926025,1.4682981967926025
1867,1.6754708290100098,1.6754708290100098,1.4688951969146729,1.4688951969146729
1868,1.6759856939315796,1.6759856939315796,1.4689698219299316,1.4689698219299316
1869,1.6754186153411865,1.6754186153411865,1.4748059511184692,1.4748059511184692
1870,1.6757724285125732,1.6757724285125732,1.4716520309448242,1.4716520309448242
1871,1.6759642362594604,1.6759642362594604,1.4689607620239258,1.4689607620239258
1872,1.6749242544174194,1.6749242544174194,1.467674970626831,1.467674970626831
1873,1.6752883195877075,1.6752883195877075,1.469621181488037,1.469621181488037
1874,1.6755017042160034,1.6755017042160034,1.4682512283325195,1.4682512283325195
1875,1.6763145923614502,1.6763145923614502,1.4719268083572388,1.4719268083572388
1876,1.6750216484069824,1.6750216484069824,1.4683637619018555,1.4683637619018555
1877,1.675083875656128,1.675083875656128,1.4679523706436157,1.4679523706436157
1878,1.6757776737213135,1.6757776737213135,1.4692094326019287,1.4692094326019287
1879,1.6749603748321533,1.6749603748321533,1.468442678451538,1.468442678451538
1880,1.6746842861175537,1.6746842861175537,1.4676082134246826,1.4676082134246826
1881,1.6754201650619507,1.6754201650619507,1.4677799940109253,1.4677799940109253
1882,1.6749567985534668,1.6749567985534668,1.468096375465393,1.468096375465393
1883,1.6746852397918701,1.6746852397918701,1.4693773984909058,1.4693773984909058
1884,1.6749026775360107,1.6749026775360107,1.4699372053146362,1.4699372053146362
1885,1.6753175258636475,1.6753175258636475,1.4674142599105835,1.4674142599105835
1886,1.6750155687332153,1.6750155687332153,1.467089295387268,1.467089295387268
1887,1.675249695777893,1.675249695777893,1.4680997133255005,1.4680997133255005
1888,1.674678087234497,1.674678087234497,1.4678679704666138,1.4678679704666138
1889,1.675145149230957,1.675145149230957,1.4689693450927734,1.4689693450927734
1890,1.6756484508514404,1.6756484508514404,1.4680343866348267,1.4680343866348267
1891,1.67472243309021,1.67472243309021,1.4688334465026855,1.4688334465026855
1892,1.674736738204956,1.674736738204956,1.4672611951828003,1.4672611951828003
1893,1.67451810836792,1.67451810836792,1.4672185182571411,1.4672185182571411
1894,1.67471444606781,1.67471444606781,1.467259407043457,1.467259407043457
1895,1.674491047859192,1.674491047859192,1.470024824142456,1.470024824142456
1896,1.674608826637268,1.674608826637268,1.4687743186950684,1.4687743186950684
1897,1.6751956939697266,1.6751956939697266,1.4673974514007568,1.4673974514007568
1898,1.6747153997421265,1.6747153997421265,1.4703482389450073,1.4703482389450073
1899,1.6750614643096924,1.6750614643096924,1.4669800996780396,1.4669800996780396
1900,1.67428719997406,1.67428719997406,1.4672694206237793,1.4672694206237793
1901,1.6751010417938232,1.6751010417938232,1.4668899774551392,1.4668899774551392
1902,1.673993706703186,1.673993706703186,1.4690454006195068,1.4690454006195068
1903,1.6748342514038086,1.6748342514038086,1.4675686359405518,1.4675686359405518
1904,1.6741787195205688,1.6741787195205688,1.468042016029358,1.468042016029358
1905,1.6752259731292725,1.6752259731292725,1.4665963649749756,1.4665963649749756
1906,1.6753100156784058,1.6753100156784058,1.4676129817962646,1.4676129817962646
1907,1.6743525266647339,1.6743525266647339,1.4667420387268066,1.4667420387268066
1908,1.674865484237671,1.674865484237671,1.4664969444274902,1.4664969444274902
1909,1.674414873123169,1.674414873123169,1.4731576442718506,1.4731576442718506
1910,1.6746338605880737,1.6746338605880737,1.4674409627914429,1.4674409627914429
1911,1.6747692823410034,1.6747692823410034,1.4679715633392334,1.4679715633392334
1912,1.6740957498550415,1.6740957498550415,1.467363715171814,1.467363715171814
1913,1.6745872497558594,1.6745872497558594,1.4689269065856934,1.4689269065856934
1914,1.6740186214447021,1.6740186214447021,1.4680142402648926,1.4680142402648926
1915,1.674544095993042,1.674544095993042,1.4671986103057861,1.4671986103057861
1916,1.6740423440933228,1.6740423440933228,1.4667870998382568,1.4667870998382568
1917,1.6742838621139526,1.6742838621139526,1.468619465827942,1.468619465827942
1918,1.6743748188018799,1.6743748188018799,1.467287302017212,1.467287302017212
1919,1.67391836643219,1.67391836643219,1.4676134586334229,1.4676134586334229
1920,1.6736793518066406,1.6736793518066406,1.4669880867004395,1.4669880867004395
1921,1.6734874248504639,1.6734874248504639,1.4674957990646362,1.4674957990646362
1922,1.674112319946289,1.674112319946289,1.4675630331039429,1.4675630331039429
1923,1.6747466325759888,1.6747466325759888,1.4689838886260986,1.4689838886260986
1924,1.6734466552734375,1.6734466552734375,1.469464659690857,1.469464659690857
1925,1.6737991571426392,1.6737991571426392,1.4662669897079468,1.4662669897079468
1926,1.6739661693572998,1.6739661693572998,1.4698083400726318,1.4698083400726318
1927,1.6740450859069824,1.6740450859069824,1.4694820642471313,1.4694820642471313
1928,1.6740310192108154,1.6740310192108154,1.469342827796936,1.469342827796936
1929,1.6743693351745605,1.6743693351745605,1.466282844543457,1.466282844543457
1930,1.674621820449829,1.674621820449829,1.4684830904006958,1.4684830904006958
1931,1.6739085912704468,1.6739085912704468,1.467084527015686,1.467084527015686
1932,1.6749274730682373,1.6749274730682373,1.4675871133804321,1.4675871133804321
1933,1.6737840175628662,1.6737840175628662,1.4687913656234741,1.4687913656234741
1934,1.6735055446624756,1.6735055446624756,1.4671841859817505,1.4671841859817505
1935,1.673803687095642,1.673803687095642,1.4687604904174805,1.4687604904174805
1936,1.6738048791885376,1.6738048791885376,1.4663623571395874,1.4663623571395874
1937,1.67341947555542,1.67341947555542,1.4667041301727295,1.4667041301727295
1938,1.6736160516738892,1.6736160516738892,1.4668591022491455,1.4668591022491455
1939,1.6737864017486572,1.6737864017486572,1.4664888381958008,1.4664888381958008
1940,1.674152135848999,1.674152135848999,1.4660868644714355,1.4660868644714355
1941,1.6736843585968018,1.6736843585968018,1.4660978317260742,1.4660978317260742
1942,1.6742749214172363,1.6742749214172363,1.468448519706726,1.468448519706726
1943,1.6740679740905762,1.6740679740905762,1.4666706323623657,1.4666706323623657
1944,1.6730836629867554,1.6730836629867554,1.4680489301681519,1.4680489301681519
1945,1.6733629703521729,1.6733629703521729,1.46566641330719,1.46566641330719
1946,1.6740800142288208,1.6740800142288208,1.4657729864120483,1.4657729864120483
1947,1.6730812788009644,1.6730812788009644,1.466271162033081,1.466271162033081
1948,1.673633098602295,1.673633098602295,1.4684665203094482,1.4684665203094482
1949,1.6727629899978638,1.6727629899978638,1.4663662910461426,1.4663662910461426
1950,1.6739505529403687,1.6739505529403687,1.4654645919799805,1.4654645919799805
1951,1.6733068227767944,1.6733068227767944,1.4655653238296509,1.4655653238296509
1952,1.673546314239502,1.673546314239502,1.4664310216903687,1.4664310216903687
1953,1.6734389066696167,1.6734389066696167,1.4687706232070923,1.4687706232070923
1954,1.6734824180603027,1.6734824180603027,1.4682064056396484,1.4682064056396484
1955,1.6736019849777222,1.6736019849777222,1.4661145210266113,1.4661145210266113
1956,1.6728790998458862,1.6728790998458862,1.4662455320358276,1.4662455320358276
1957,1.672898292541504,1.672898292541504,1.4660147428512573,1.4660147428512573
1958,1.6733962297439575,1.6733962297439575,1.4654603004455566,1.4654603004455566
1959,1.6743543148040771,1.6743543148040771,1.4663302898406982,1.4663302898406982
1960,1.6731715202331543,1.6731715202331543,1.4662022590637207,1.4662022590637207
1961,1.6727521419525146,1.6727521419525146,1.4653704166412354,1.4653704166412354
1962,1.6726648807525635,1.6726648807525635,1.465512752532959,1.465512752532959
1963,1.6733665466308594,1.6733665466308594,1.4669764041900635,1.4669764041900635
1964,1.673454999923706,1.673454999923706,1.46940016746521,1.46940016746521
1965,1.6732418537139893,1.6732418537139893,1.4652421474456787,1.4652421474456787
1966,1.672349452972412,1.672349452972412,1.469833493232727,1.469833493232727
1967,1.6738311052322388,1.6738311052322388,1.4672679901123047,1.4672679901123047
1968,1.6729882955551147,1.6729882955551147,1.4680664539337158,1.4680664539337158
1969,1.6722582578659058,1.6722582578659058,1.4673190116882324,1.4673190116882324
1970,1.6728583574295044,1.6728583574295044,1.4671831130981445,1.4671831130981445
1971,1.6733388900756836,1.6733388900756836,1.4661310911178589,1.4661310911178589
1972,1.6729722023010254,1.6729722023010254,1.4681497812271118,1.4681497812271118
1973,1.673088550567627,1.673088550567627,1.4647924900054932,1.4647924900054932
1974,1.6722030639648438,1.6722030639648438,1.467104434967041,1.467104434967041
1975,1.673229694366455,1.673229694366455,1.4656100273132324,1.4656100273132324
1976,1.6728671789169312,1.6728671789169312,1.4651293754577637,1.4651293754577637
1977,1.6724385023117065,1.6724385023117065,1.465461015701294,1.465461015701294
1978,1.6723847389221191,1.6723847389221191,1.465798020362854,1.465798020362854
1979,1.672560453414917,1.672560453414917,1.46731436252594,1.46731436252594
1980,1.6723885536193848,1.6723885536193848,1.465977430343628,1.465977430343628
1981,1.6727383136749268,1.6727383136749268,1.4664620161056519,1.4664620161056519
1982,1.6720906496047974,1.6720906496047974,1.4665495157241821,1.4665495157241821
1983,1.6723395586013794,1.6723395586013794,1.4648605585098267,1.4648605585098267
1984,1.6730566024780273,1.6730566024780273,1.465126633644104,1.465126633644104
1985,1.6721562147140503,1.6721562147140503,1.4670259952545166,1.4670259952545166
1986,1.6724029779434204,1.6724029779434204,1.4648563861846924,1.4648563861846924
1987,1.6722649335861206,1.6722649335861206,1.4645848274230957,1.4645848274230957
1988,1.672486424446106,1.672486424446106,1.4660022258758545,1.4660022258758545
1989,1.6722774505615234,1.6722774505615234,1.4648213386535645,1.4648213386535645
1990,1.672105073928833,1.672105073928833,1.4649380445480347,1.4649380445480347
1991,1.6721394062042236,1.6721394062042236,1.4646610021591187,1.4646610021591187
1992,1.6718171834945679,1.6718171834945679,1.4650733470916748,1.4650733470916748
1993,1.672237515449524,1.672237515449524,1.4654372930526733,1.4654372930526733
1994,1.672135829925537,1.672135829925537,1.4681718349456787,1.4681718349456787
1995,1.672297477722168,1.672297477722168,1.465282917022705,1.465282917022705
1996,1.6728849411010742,1.6728849411010742,1.4651951789855957,1.4651951789855957
1997,1.672369122505188,1.672369122505188,1.4645284414291382,1.4645284414291382
1998,1.6720623970031738,1.6720623970031738,1.4642540216445923,1.4642540216445923
1999,1.6718512773513794,1.6718512773513794,1.4648727178573608,1.4648727178573608
2000,1.6719380617141724,1.6719380617141724,1.4643620252609253,1.4643620252609253
2001,1.6715891361236572,1.6715891361236572,1.465081810951233,1.465081810951233
2002,1.6724040508270264,1.6724040508270264,1.4644469022750854,1.4644469022750854
2003,1.6716967821121216,1.6716967821121216,1.4646607637405396,1.4646607637405396
2004,1.671445608139038,1.671445608139038,1.464167594909668,1.464167594909668
2005,1.6721155643463135,1.6721155643463135,1.4643969535827637,1.4643969535827637
2006,1.6724770069122314,1.6724770069122314,1.4641153812408447,1.4641153812408447
2007,1.6716400384902954,1.6716400384902954,1.4673898220062256,1.4673898220062256
2008,1.6716878414154053,1.6716878414154053,1.4668306112289429,1.4668306112289429
2009,1.6715627908706665,1.6715627908706665,1.4639390707015991,1.4639390707015991
2010,1.6717946529388428,1.6717946529388428,1.465288519859314,1.465288519859314
2011,1.6721616983413696,1.6721616983413696,1.4641072750091553,1.4641072750091553
2012,1.671140432357788,1.671140432357788,1.4637726545333862,1.4637726545333862
2013,1.6712735891342163,1.6712735891342163,1.4645951986312866,1.4645951986312866
2014,1.6712974309921265,1.6712974309921265,1.464135766029358,1.464135766029358
2015,1.6724703311920166,1.6724703311920166,1.465081810951233,1.465081810951233
2016,1.6719892024993896,1.6719892024993896,1.4642175436019897,1.4642175436019897
2017,1.671630859375,1.671630859375,1.4640111923217773,1.4640111923217773
2018,1.6725939512252808,1.6725939512252808,1.4641255140304565,1.4641255140304565
2019,1.6714941263198853,1.6714941263198853,1.466385841369629,1.466385841369629
2020,1.671461820602417,1.671461820602417,1.4675402641296387,1.4675402641296387
2021,1.6720609664916992,1.6720609664916992,1.4708025455474854,1.4708025455474854
2022,1.6715707778930664,1.6715707778930664,1.4637598991394043,1.4637598991394043
2023,1.6708987951278687,1.6708987951278687,1.4675321578979492,1.4675321578979492
2024,1.670624017715454,1.670624017715454,1.464207410812378,1.464207410812378
2025,1.6713438034057617,1.6713438034057617,1.4649907350540161,1.4649907350540161
2026,1.6713135242462158,1.6713135242462158,1.4640967845916748,1.4640967845916748
2027,1.6713594198226929,1.6713594198226929,1.4652669429779053,1.4652669429779053
2028,1.6717092990875244,1.6717092990875244,1.4643642902374268,1.4643642902374268
2029,1.6714204549789429,1.6714204549789429,1.4636070728302002,1.4636070728302002
2030,1.6720638275146484,1.6720638275146484,1.4638280868530273,1.4638280868530273
2031,1.671596884727478,1.671596884727478,1.4640867710113525,1.4640867710113525
2032,1.6720417737960815,1.6720417737960815,1.4637187719345093,1.4637187719345093
2033,1.6711950302124023,1.6711950302124023,1.4641166925430298,1.4641166925430298
2034,1.6709502935409546,1.6709502935409546,1.4652762413024902,1.4652762413024902
2035,1.671464443206787,1.671464443206787,1.464401125907898,1.464401125907898
2036,1.671757698059082,1.671757698059082,1.4638117551803589,1.4638117551803589
2037,1.6710803508758545,1.6710803508758545,1.463565707206726,1.463565707206726
2038,1.6706997156143188,1.6706997156143188,1.4639297723770142,1.4639297723770142
2039,1.670715093612671,1.670715093612671,1.4629499912261963,1.4629499912261963
2040,1.6704639196395874,1.6704639196395874,1.4629703760147095,1.4629703760147095
2041,1.6707255840301514,1.6707255840301514,1.4626917839050293,1.4626917839050293
2042,1.67066490650177,1.67066490650177,1.4628808498382568,1.4628808498382568
2043,1.6706315279006958,1.6706315279006958,1.4630528688430786,1.4630528688430786
2044,1.67148756980896,1.67148756980896,1.4674971103668213,1.4674971103668213
2045,1.6716927289962769,1.6716927289962769,1.4649853706359863,1.4649853706359863
2046,1.6726276874542236,1.6726276874542236,1.4641118049621582,1.4641118049621582
2047,1.6708046197891235,1.6708046197891235,1.4631234407424927,1.4631234407424927
2048,1.6705446243286133,1.6705446243286133,1.464169979095459,1.464169979095459
2049,1.671547532081604,1.671547532081604,1.4671411514282227,1.4671411514282227
2050,1.671095371246338,1.671095371246338,1.4637105464935303,1.4637105464935303
2051,1.671271800994873,1.671271800994873,1.4638988971710205,1.4638988971710205
2052,1.670372724533081,1.670372724533081,1.4628608226776123,1.4628608226776123
2053,1.6711505651474,1.6711505651474,1.4628926515579224,1.4628926515579224
2054,1.6712899208068848,1.6712899208068848,1.4682722091674805,1.4682722091674805
2055,1.6708565950393677,1.6708565950393677,1.4637234210968018,1.4637234210968018
2056,1.6709703207015991,1.6709703207015991,1.463900089263916,1.463900089263916
2057,1.670366644859314,1.670366644859314,1.4622349739074707,1.4622349739074707
2058,1.6713014841079712,1.6713014841079712,1.4625694751739502,1.4625694751739502
2059,1.6700693368911743,1.6700693368911743,1.463685393333435,1.463685393333435
2060,1.6711816787719727,1.6711816787719727,1.462984561920166,1.462984561920166
2061,1.6701245307922363,1.6701245307922363,1.4645004272460938,1.4645004272460938
2062,1.670512080192566,1.670512080192566,1.4643713235855103,1.4643713235855103
2063,1.6704461574554443,1.6704461574554443,1.464372992515564,1.464372992515564
2064,1.6702687740325928,1.6702687740325928,1.4631456136703491,1.4631456136703491
2065,1.6703827381134033,1.6703827381134033,1.462572693824768,1.462572693824768
2066,1.6712950468063354,1.6712950468063354,1.4643018245697021,1.4643018245697021
2067,1.6709978580474854,1.6709978580474854,1.4623353481292725,1.4623353481292725
2068,1.670295238494873,1.670295238494873,1.4641882181167603,1.4641882181167603
2069,1.670054316520691,1.670054316520691,1.4634708166122437,1.4634708166122437
2070,1.6707127094268799,1.6707127094268799,1.4633586406707764,1.4633586406707764
2071,1.670411467552185,1.670411467552185,1.4618505239486694,1.4618505239486694
2072,1.6702756881713867,1.6702756881713867,1.4618388414382935,1.4618388414382935
2073,1.6700000762939453,1.6700000762939453,1.4648761749267578,1.4648761749267578
2074,1.670158863067627,1.670158863067627,1.4630746841430664,1.4630746841430664
2075,1.6706246137619019,1.6706246137619019,1.4629054069519043,1.4629054069519043
2076,1.670318603515625,1.670318603515625,1.4627442359924316,1.4627442359924316
2077,1.6697765588760376,1.6697765588760376,1.4627881050109863,1.4627881050109863
2078,1.6702407598495483,1.6702407598495483,1.4639865159988403,1.4639865159988403
2079,1.6702202558517456,1.6702202558517456,1.4625647068023682,1.4625647068023682
2080,1.671138882637024,1.671138882637024,1.4669371843338013,1.4669371843338013
2081,1.6708563566207886,1.6708563566207886,1.4642037153244019,1.4642037153244019
2082,1.670001745223999,1.670001745223999,1.4654775857925415,1.4654775857925415
2083,1.6701812744140625,1.6701812744140625,1.4637329578399658,1.4637329578399658
2084,1.6701148748397827,1.6701148748397827,1.462213158607483,1.462213158607483
2085,1.6703110933303833,1.6703110933303833,1.4649112224578857,1.4649112224578857
2086,1.6697810888290405,1.6697810888290405,1.4643595218658447,1.4643595218658447
2087,1.6696979999542236,1.6696979999542236,1.4630885124206543,1.4630885124206543
2088,1.6701618432998657,1.6701618432998657,1.4620234966278076,1.4620234966278076
2089,1.6693438291549683,1.6693438291549683,1.4625732898712158,1.4625732898712158
2090,1.6701850891113281,1.6701850891113281,1.4616776704788208,1.4616776704788208
2091,1.6699779033660889,1.6699779033660889,1.4630465507507324,1.4630465507507324
2092,1.6694083213806152,1.6694083213806152,1.463248372077942,1.463248372077942
2093,1.670015573501587,1.670015573501587,1.4611437320709229,1.4611437320709229
2094,1.6708471775054932,1.6708471775054932,1.4618656635284424,1.4618656635284424
2095,1.670882225036621,1.670882225036621,1.463348388671875,1.463348388671875
2096,1.6690630912780762,1.6690630912780762,1.4628046751022339,1.4628046751022339
2097,1.6694246530532837,1.6694246530532837,1.4615556001663208,1.4615556001663208
2098,1.6691644191741943,1.6691644191741943,1.4614070653915405,1.4614070653915405
2099,1.670361876487732,1.670361876487732,1.4610741138458252,1.4610741138458252
2100,1.6695443391799927,1.6695443391799927,1.461604118347168,1.461604118347168
2101,1.6689534187316895,1.6689534187316895,1.4617615938186646,1.4617615938186646
2102,1.670331358909607,1.670331358909607,1.4630115032196045,1.4630115032196045
2103,1.6701712608337402,1.6701712608337402,1.4608216285705566,1.4608216285705566
2104,1.6698821783065796,1.6698821783065796,1.4630376100540161,1.4630376100540161
2105,1.6690853834152222,1.6690853834152222,1.462060570716858,1.462060570716858
2106,1.6694175004959106,1.6694175004959106,1.4611735343933105,1.4611735343933105
2107,1.6692161560058594,1.6692161560058594,1.4615370035171509,1.4615370035171509
2108,1.6695476770401,1.6695476770401,1.4609768390655518,1.4609768390655518
2109,1.6699941158294678,1.6699941158294678,1.461257815361023,1.461257815361023
2110,1.669312834739685,1.669312834739685,1.4641084671020508,1.4641084671020508
2111,1.6693140268325806,1.6693140268325806,1.4607962369918823,1.4607962369918823
2112,1.6688971519470215,1.6688971519470215,1.460817813873291,1.460817813873291
2113,1.6690868139266968,1.6690868139266968,1.4606001377105713,1.4606001377105713
2114,1.6692705154418945,1.6692705154418945,1.4650517702102661,1.4650517702102661
2115,1.6690007448196411,1.6690007448196411,1.4623448848724365,1.4623448848724365
2116,1.668858289718628,1.668858289718628,1.4631967544555664,1.4631967544555664
2117,1.6697626113891602,1.6697626113891602,1.4622842073440552,1.4622842073440552
2118,1.6694098711013794,1.6694098711013794,1.4603527784347534,1.4603527784347534
2119,1.6691913604736328,1.6691913604736328,1.4624003171920776,1.4624003171920776
2120,1.6689509153366089,1.6689509153366089,1.4614596366882324,1.4614596366882324
2121,1.6686317920684814,1.6686317920684814,1.4613341093063354,1.4613341093063354
2122,1.669021725654602,1.669021725654602,1.460867166519165,1.460867166519165
2123,1.6692237854003906,1.6692237854003906,1.4633028507232666,1.4633028507232666
2124,1.6691632270812988,1.6691632270812988,1.4619405269622803,1.4619405269622803
2125,1.6690908670425415,1.6690908670425415,1.4630082845687866,1.4630082845687866
2126,1.668860673904419,1.668860673904419,1.4603465795516968,1.4603465795516968
2127,1.6685543060302734,1.6685543060302734,1.459813117980957,1.459813117980957
2128,1.668348789215088,1.668348789215088,1.4604727029800415,1.4604727029800415
2129,1.6686524152755737,1.6686524152755737,1.4614335298538208,1.4614335298538208
2130,1.668210744857788,1.668210744857788,1.4604893922805786,1.4604893922805786
2131,1.6683828830718994,1.6683828830718994,1.4604977369308472,1.4604977369308472
2132,1.668455719947815,1.668455719947815,1.4605484008789062,1.4605484008789062
2133,1.668349027633667,1.668349027633667,1.4604727029800415,1.4604727029800415
2134,1.6680493354797363,1.6680493354797363,1.4639465808868408,1.4639465808868408
2135,1.6686975955963135,1.6686975955963135,1.4637426137924194,1.4637426137924194
2136,1.6682933568954468,1.6682933568954468,1.4603413343429565,1.4603413343429565
2137,1.6685618162155151,1.6685618162155151,1.462703824043274,1.462703824043274
2138,1.6681976318359375,1.6681976318359375,1.4605052471160889,1.4605052471160889
2139,1.6693693399429321,1.6693693399429321,1.4615068435668945,1.4615068435668945
2140,1.6679903268814087,1.6679903268814087,1.4635621309280396,1.4635621309280396
2141,1.6685285568237305,1.6685285568237305,1.4609488248825073,1.4609488248825073
2142,1.66842520236969,1.66842520236969,1.4606106281280518,1.4606106281280518
2143,1.6687936782836914,1.6687936782836914,1.4603136777877808,1.4603136777877808
2144,1.6685409545898438,1.6685409545898438,1.4622524976730347,1.4622524976730347
2145,1.6690210103988647,1.6690210103988647,1.4661266803741455,1.4661266803741455
2146,1.669434905052185,1.669434905052185,1.4600129127502441,1.4600129127502441
2147,1.6681803464889526,1.6681803464889526,1.4657690525054932,1.4657690525054932
2148,1.669060468673706,1.669060468673706,1.4603064060211182,1.4603064060211182
2149,1.668222188949585,1.668222188949585,1.460382103919983,1.460382103919983
2150,1.6684621572494507,1.6684621572494507,1.4627110958099365,1.4627110958099365
2151,1.6683003902435303,1.6683003902435303,1.460651159286499,1.460651159286499
2152,1.668027639389038,1.668027639389038,1.4602981805801392,1.4602981805801392
2153,1.6676691770553589,1.6676691770553589,1.4602121114730835,1.4602121114730835
2154,1.6680973768234253,1.6680973768234253,1.4622427225112915,1.4622427225112915
2155,1.6683353185653687,1.6683353185653687,1.460585594177246,1.460585594177246
2156,1.6690361499786377,1.6690361499786377,1.4600088596343994,1.4600088596343994
2157,1.6688724756240845,1.6688724756240845,1.4603344202041626,1.4603344202041626
2158,1.6677628755569458,1.6677628755569458,1.462337613105774,1.462337613105774
2159,1.6682063341140747,1.6682063341140747,1.4606033563613892,1.4606033563613892
2160,1.6682438850402832,1.6682438850402832,1.4631450176239014,1.4631450176239014
2161,1.6685450077056885,1.6685450077056885,1.4611235857009888,1.4611235857009888
2162,1.6682413816452026,1.6682413816452026,1.4595015048980713,1.4595015048980713
2163,1.6676863431930542,1.6676863431930542,1.4626187086105347,1.4626187086105347
2164,1.6685705184936523,1.6685705184936523,1.462273359298706,1.462273359298706
2165,1.667305588722229,1.667305588722229,1.4610234498977661,1.4610234498977661
2166,1.6672054529190063,1.6672054529190063,1.4593969583511353,1.4593969583511353
2167,1.668116569519043,1.668116569519043,1.4603267908096313,1.4603267908096313
2168,1.6678619384765625,1.6678619384765625,1.4594449996948242,1.4594449996948242
2169,1.6674244403839111,1.6674244403839111,1.4601266384124756,1.4601266384124756
2170,1.6688965559005737,1.6688965559005737,1.46242094039917,1.46242094039917
2171,1.6678824424743652,1.6678824424743652,1.459668755531311,1.459668755531311
2172,1.6680811643600464,1.6680811643600464,1.4601787328720093,1.4601787328720093
2173,1.6681857109069824,1.6681857109069824,1.4597396850585938,1.4597396850585938
2174,1.6674787998199463,1.6674787998199463,1.4603283405303955,1.4603283405303955
2175,1.6674000024795532,1.6674000024795532,1.4616374969482422,1.4616374969482422
2176,1.6674888134002686,1.6674888134002686,1.4601221084594727,1.4601221084594727
2177,1.6673215627670288,1.6673215627670288,1.4633797407150269,1.4633797407150269
2178,1.6671565771102905,1.6671565771102905,1.4594392776489258,1.4594392776489258
2179,1.6672130823135376,1.6672130823135376,1.4600175619125366,1.4600175619125366
2180,1.6676573753356934,1.6676573753356934,1.4620252847671509,1.4620252847671509
2181,1.6678102016448975,1.6678102016448975,1.4609724283218384,1.4609724283218384
2182,1.6674420833587646,1.6674420833587646,1.4612330198287964,1.4612330198287964
2183,1.6670924425125122,1.6670924425125122,1.461011528968811,1.461011528968811
2184,1.667188048362732,1.667188048362732,1.4617959260940552,1.4617959260940552
2185,1.667291283607483,1.667291283607483,1.4593794345855713,1.4593794345855713
2186,1.6677473783493042,1.6677473783493042,1.4588154554367065,1.4588154554367065
2187,1.667540431022644,1.667540431022644,1.4589966535568237,1.4589966535568237
2188,1.667236328125,1.667236328125,1.4586433172225952,1.4586433172225952
2189,1.6669334173202515,1.6669334173202515,1.4588090181350708,1.4588090181350708
2190,1.66710364818573,1.66710364818573,1.4603397846221924,1.4603397846221924
2191,1.6670855283737183,1.6670855283737183,1.4610844850540161,1.4610844850540161
2192,1.6670191287994385,1.6670191287994385,1.4603580236434937,1.4603580236434937
2193,1.666752815246582,1.666752815246582,1.4607092142105103,1.4607092142105103
2194,1.6670643091201782,1.6670643091201782,1.4591045379638672,1.4591045379638672
2195,1.6670358180999756,1.6670358180999756,1.4595510959625244,1.4595510959625244
2196,1.6680184602737427,1.6680184602737427,1.4590003490447998,1.4590003490447998
2197,1.666782021522522,1.666782021522522,1.4581210613250732,1.4581210613250732
2198,1.6674343347549438,1.6674343347549438,1.4585986137390137,1.4585986137390137
2199,1.667313814163208,1.667313814163208,1.4594776630401611,1.4594776630401611
2200,1.667795181274414,1.667795181274414,1.4587008953094482,1.4587008953094482
2201,1.6666746139526367,1.6666746139526367,1.460631012916565,1.460631012916565
2202,1.6676504611968994,1.6676504611968994,1.4614958763122559,1.4614958763122559
2203,1.6669801473617554,1.6669801473617554,1.4588074684143066,1.4588074684143066
2204,1.6666111946105957,1.6666111946105957,1.4590226411819458,1.4590226411819458
2205,1.6666576862335205,1.6666576862335205,1.4599343538284302,1.4599343538284302
2206,1.6665964126586914,1.6665964126586914,1.4619113206863403,1.4619113206863403
2207,1.6683768033981323,1.6683768033981323,1.4584577083587646,1.4584577083587646
2208,1.667001485824585,1.667001485824585,1.4583096504211426,1.4583096504211426
2209,1.6672554016113281,1.6672554016113281,1.4598567485809326,1.4598567485809326
2210,1.666958212852478,1.666958212852478,1.4594290256500244,1.4594290256500244
2211,1.6690216064453125,1.6690216064453125,1.4578027725219727,1.4578027725219727
2212,1.6663355827331543,1.6663355827331543,1.4584219455718994,1.4584219455718994
2213,1.6663199663162231,1.6663199663162231,1.4581553936004639,1.4581553936004639
2214,1.6666710376739502,1.6666710376739502,1.4579179286956787,1.4579179286956787
2215,1.666416883468628,1.666416883468628,1.4619452953338623,1.4619452953338623
2216,1.6664983034133911,1.6664983034133911,1.4591060876846313,1.4591060876846313
2217,1.6668740510940552,1.6668740510940552,1.4584463834762573,1.4584463834762573
2218,1.6668545007705688,1.6668545007705688,1.458497405052185,1.458497405052185
2219,1.6660369634628296,1.6660369634628296,1.458494782447815,1.458494782447815
2220,1.66748046875,1.66748046875,1.460085153579712,1.460085153579712
2221,1.6663331985473633,1.6663331985473633,1.458290696144104,1.458290696144104
2222,1.6675903797149658,1.6675903797149658,1.457883358001709,1.457883358001709
2223,1.6659785509109497,1.6659785509109497,1.459346055984497,1.459346055984497
2224,1.6658899784088135,1.6658899784088135,1.4614001512527466,1.4614001512527466
2225,1.6663434505462646,1.6663434505462646,1.4609776735305786,1.4609776735305786
2226,1.6663215160369873,1.6663215160369873,1.4591234922409058,1.4591234922409058
2227,1.6670567989349365,1.6670567989349365,1.4598318338394165,1.4598318338394165
2228,1.6663787364959717,1.6663787364959717,1.4617831707000732,1.4617831707000732
2229,1.6662055253982544,1.6662055253982544,1.4588192701339722,1.4588192701339722
2230,1.6657441854476929,1.6657441854476929,1.4596068859100342,1.4596068859100342
2231,1.6661829948425293,1.6661829948425293,1.4576783180236816,1.4576783180236816
2232,1.6661325693130493,1.6661325693130493,1.4573959112167358,1.4573959112167358
2233,1.6661713123321533,1.6661713123321533,1.4571349620819092,1.4571349620819092
2234,1.6663880348205566,1.6663880348205566,1.4590872526168823,1.4590872526168823
2235,1.6663740873336792,1.6663740873336792,1.4578425884246826,1.4578425884246826
2236,1.6659834384918213,1.6659834384918213,1.4583497047424316,1.4583497047424316
2237,1.665885090827942,1.665885090827942,1.4569754600524902,1.4569754600524902
2238,1.665815830230713,1.665815830230713,1.4581464529037476,1.4581464529037476
2239,1.6654276847839355,1.6654276847839355,1.4588135480880737,1.4588135480880737
2240,1.665752649307251,1.665752649307251,1.4585859775543213,1.4585859775543213
2241,1.6666101217269897,1.6666101217269897,1.4575576782226562,1.4575576782226562
2242,1.6662253141403198,1.6662253141403198,1.4640096426010132,1.4640096426010132
2243,1.665814995765686,1.665814995765686,1.4660124778747559,1.4660124778747559
2244,1.6658576726913452,1.6658576726913452,1.4580943584442139,1.4580943584442139
2245,1.6660947799682617,1.6660947799682617,1.4572217464447021,1.4572217464447021
2246,1.665517807006836,1.665517807006836,1.457047939300537,1.457047939300537
2247,1.6651431322097778,1.6651431322097778,1.457783579826355,1.457783579826355
2248,1.6659550666809082,1.6659550666809082,1.4582123756408691,1.4582123756408691
2249,1.665004849433899,1.665004849433899,1.4571762084960938,1.4571762084960938
2250,1.6655949354171753,1.6655949354171753,1.4602454900741577,1.4602454900741577
2251,1.6660774946212769,1.6660774946212769,1.4590864181518555,1.4590864181518555
2252,1.6654983758926392,1.6654983758926392,1.4582914113998413,1.4582914113998413
2253,1.6660466194152832,1.6660466194152832,1.4606270790100098,1.4606270790100098
2254,1.6659067869186401,1.6659067869186401,1.4599500894546509,1.4599500894546509
2255,1.6660035848617554,1.6660035848617554,1.4612840414047241,1.4612840414047241
2256,1.665528655052185,1.665528655052185,1.4577367305755615,1.4577367305755615
2257,1.665071725845337,1.665071725845337,1.4568506479263306,1.4568506479263306
2258,1.665317416191101,1.665317416191101,1.4568191766738892,1.4568191766738892
2259,1.6656031608581543,1.6656031608581543,1.456787109375,1.456787109375
2260,1.6657923460006714,1.6657923460006714,1.456894040107727,1.456894040107727
2261,1.6656394004821777,1.6656394004821777,1.4574445486068726,1.4574445486068726
2262,1.6666511297225952,1.6666511297225952,1.4568848609924316,1.4568848609924316
2263,1.6650886535644531,1.6650886535644531,1.4569668769836426,1.4569668769836426
2264,1.6661286354064941,1.6661286354064941,1.456566572189331,1.456566572189331
2265,1.6657342910766602,1.6657342910766602,1.4576451778411865,1.4576451778411865
2266,1.664685606956482,1.664685606956482,1.4568840265274048,1.4568840265274048
2267,1.6653199195861816,1.6653199195861816,1.4567680358886719,1.4567680358886719
2268,1.6657278537750244,1.6657278537750244,1.457175612449646,1.457175612449646
2269,1.6650699377059937,1.6650699377059937,1.456765055656433,1.456765055656433
2270,1.6654748916625977,1.6654748916625977,1.45713210105896,1.45713210105896
2271,1.6654618978500366,1.6654618978500366,1.4570273160934448,1.4570273160934448
2272,1.664939284324646,1.664939284324646,1.4564218521118164,1.4564218521118164
2273,1.665703296661377,1.665703296661377,1.4566625356674194,1.4566625356674194
2274,1.6646567583084106,1.6646567583084106,1.4573627710342407,1.4573627710342407
2275,1.6659202575683594,1.6659202575683594,1.4608371257781982,1.4608371257781982
2276,1.6651134490966797,1.6651134490966797,1.4561022520065308,1.4561022520065308
2277,1.665054202079773,1.665054202079773,1.458351731300354,1.458351731300354
2278,1.664687156677246,1.664687156677246,1.4636584520339966,1.4636584520339966
2279,1.6647127866744995,1.6647127866744995,1.4584625959396362,1.4584625959396362
2280,1.6652530431747437,1.6652530431747437,1.4561314582824707,1.4561314582824707
2281,1.6649929285049438,1.6649929285049438,1.4565491676330566,1.4565491676330566
2282,1.6647766828536987,1.6647766828536987,1.4557738304138184,1.4557738304138184
2283,1.6650623083114624,1.6650623083114624,1.4562052488327026,1.4562052488327026
2284,1.6650863885879517,1.6650863885879517,1.4605807065963745,1.4605807065963745
2285,1.6650779247283936,1.6650779247283936,1.4559204578399658,1.4559204578399658
2286,1.6651946306228638,1.6651946306228638,1.4568246603012085,1.4568246603012085
2287,1.6647677421569824,1.6647677421569824,1.458325982093811,1.458325982093811
2288,1.664478063583374,1.664478063583374,1.4565755128860474,1.4565755128860474
2289,1.6651363372802734,1.6651363372802734,1.4559695720672607,1.4559695720672607
2290,1.6647793054580688,1.6647793054580688,1.4568275213241577,1.4568275213241577
2291,1.66456937789917,1.66456937789917,1.4557404518127441,1.4557404518127441
2292,1.6661401987075806,1.6661401987075806,1.4562853574752808,1.4562853574752808
2293,1.6643967628479004,1.6643967628479004,1.4573290348052979,1.4573290348052979
2294,1.6646533012390137,1.6646533012390137,1.4563637971878052,1.4563637971878052
2295,1.665083408355713,1.665083408355713,1.4559011459350586,1.4559011459350586
2296,1.6638813018798828,1.6638813018798828,1.4561551809310913,1.4561551809310913
2297,1.6640446186065674,1.6640446186065674,1.4553335905075073,1.4553335905075073
2298,1.6644902229309082,1.6644902229309082,1.4561270475387573,1.4561270475387573
2299,1.6649342775344849,1.6649342775344849,1.4558665752410889,1.4558665752410889
2300,1.6638303995132446,1.6638303995132446,1.4568026065826416,1.4568026065826416
2301,1.66425359249115,1.66425359249115,1.4555115699768066,1.4555115699768066
2302,1.6648026704788208,1.6648026704788208,1.456406593322754,1.456406593322754
2303,1.6644082069396973,1.6644082069396973,1.4555391073226929,1.4555391073226929
2304,1.6646119356155396,1.6646119356155396,1.4562625885009766,1.4562625885009766
2305,1.6644949913024902,1.6644949913024902,1.4553897380828857,1.4553897380828857
2306,1.664454460144043,1.664454460144043,1.4563542604446411,1.4563542604446411
2307,1.6646342277526855,1.6646342277526855,1.4566692113876343,1.4566692113876343
2308,1.6643472909927368,1.6643472909927368,1.4596630334854126,1.4596630334854126
2309,1.6640095710754395,1.6640095710754395,1.4562851190567017,1.4562851190567017
2310,1.664046049118042,1.664046049118042,1.4564783573150635,1.4564783573150635
2311,1.6648637056350708,1.6648637056350708,1.4553779363632202,1.4553779363632202
2312,1.6652085781097412,1.6652085781097412,1.455548644065857,1.455548644065857
2313,1.6642820835113525,1.6642820835113525,1.45535147190094,1.45535147190094
2314,1.6643282175064087,1.6643282175064087,1.4565635919570923,1.4565635919570923
2315,1.6644047498703003,1.6644047498703003,1.454492211341858,1.454492211341858
2316,1.6644366979599,1.6644366979599,1.4566320180892944,1.4566320180892944
2317,1.6647698879241943,1.6647698879241943,1.4554996490478516,1.4554996490478516
2318,1.6633310317993164,1.6633310317993164,1.4587832689285278,1.4587832689285278
2319,1.665043592453003,1.665043592453003,1.4557548761367798,1.4557548761367798
2320,1.6636894941329956,1.6636894941329956,1.4558645486831665,1.4558645486831665
2321,1.663789987564087,1.663789987564087,1.4547256231307983,1.4547256231307983
2322,1.663503885269165,1.663503885269165,1.4553470611572266,1.4553470611572266
2323,1.6633015871047974,1.6633015871047974,1.456571102142334,1.456571102142334
2324,1.6647834777832031,1.6647834777832031,1.4561723470687866,1.4561723470687866
2325,1.6640064716339111,1.6640064716339111,1.4550224542617798,1.4550224542617798
2326,1.6637396812438965,1.6637396812438965,1.460637092590332,1.460637092590332
2327,1.6641347408294678,1.6641347408294678,1.4559286832809448,1.4559286832809448
2328,1.6634774208068848,1.6634774208068848,1.455374836921692,1.455374836921692
2329,1.6640963554382324,1.6640963554382324,1.454604148864746,1.454604148864746
2330,1.6643857955932617,1.6643857955932617,1.454736351966858,1.454736351966858
2331,1.6633961200714111,1.6633961200714111,1.4555484056472778,1.4555484056472778
2332,1.6638299226760864,1.6638299226760864,1.4552381038665771,1.4552381038665771
2333,1.6643089056015015,1.6643089056015015,1.4547358751296997,1.4547358751296997
2334,1.6638680696487427,1.6638680696487427,1.4553991556167603,1.4553991556167603
2335,1.6640735864639282,1.6640735864639282,1.4564132690429688,1.4564132690429688
2336,1.6641416549682617,1.6641416549682617,1.454469919204712,1.454469919204712
2337,1.6635445356369019,1.6635445356369019,1.4545297622680664,1.4545297622680664
2338,1.6632806062698364,1.6632806062698364,1.4544163942337036,1.4544163942337036
2339,1.663930892944336,1.663930892944336,1.4550679922103882,1.4550679922103882
2340,1.663075566291809,1.663075566291809,1.4546500444412231,1.4546500444412231
2341,1.6642438173294067,1.6642438173294067,1.453859567642212,1.453859567642212
2342,1.6638621091842651,1.6638621091842651,1.455544114112854,1.455544114112854
2343,1.6641229391098022,1.6641229391098022,1.4620393514633179,1.4620393514633179
2344,1.66348397731781,1.66348397731781,1.454079270362854,1.454079270362854
2345,1.6634910106658936,1.6634910106658936,1.4544293880462646,1.4544293880462646
2346,1.6629745960235596,1.6629745960235596,1.4555737972259521,1.4555737972259521
2347,1.663637638092041,1.663637638092041,1.4601960182189941,1.4601960182189941
2348,1.665775179862976,1.665775179862976,1.4558415412902832,1.4558415412902832
2349,1.6632165908813477,1.6632165908813477,1.4557485580444336,1.4557485580444336
2350,1.6631171703338623,1.6631171703338623,1.4540904760360718,1.4540904760360718
2351,1.6637903451919556,1.6637903451919556,1.4538187980651855,1.4538187980651855
2352,1.6635510921478271,1.6635510921478271,1.4544974565505981,1.4544974565505981
2353,1.6625436544418335,1.6625436544418335,1.4546948671340942,1.4546948671340942
2354,1.66348397731781,1.66348397731781,1.453652262687683,1.453652262687683
2355,1.6624798774719238,1.6624798774719238,1.4543160200119019,1.4543160200119019
2356,1.663018822669983,1.663018822669983,1.455233097076416,1.455233097076416
2357,1.6631959676742554,1.6631959676742554,1.4536139965057373,1.4536139965057373
2358,1.662826657295227,1.662826657295227,1.4563851356506348,1.4563851356506348
2359,1.6630754470825195,1.6630754470825195,1.4538644552230835,1.4538644552230835
2360,1.6642035245895386,1.6642035245895386,1.4553048610687256,1.4553048610687256
2361,1.663193702697754,1.663193702697754,1.4564207792282104,1.4564207792282104
2362,1.6631615161895752,1.6631615161895752,1.4555741548538208,1.4555741548538208
2363,1.6629618406295776,1.6629618406295776,1.4540104866027832,1.4540104866027832
2364,1.6627815961837769,1.6627815961837769,1.4531712532043457,1.4531712532043457
2365,1.6628273725509644,1.6628273725509644,1.4540847539901733,1.4540847539901733
2366,1.6639453172683716,1.6639453172683716,1.4552934169769287,1.4552934169769287
2367,1.66249680519104,1.66249680519104,1.4542367458343506,1.4542367458343506
2368,1.662195086479187,1.662195086479187,1.4552593231201172,1.4552593231201172
2369,1.662697196006775,1.662697196006775,1.4541871547698975,1.4541871547698975
2370,1.662804365158081,1.662804365158081,1.458725094795227,1.458725094795227
2371,1.6630021333694458,1.6630021333694458,1.4544060230255127,1.4544060230255127
2372,1.6624490022659302,1.6624490022659302,1.4652374982833862,1.4652374982833862
2373,1.664130687713623,1.664130687713623,1.4536367654800415,1.4536367654800415
2374,1.662337303161621,1.662337303161621,1.4543367624282837,1.4543367624282837
2375,1.6637368202209473,1.6637368202209473,1.4532204866409302,1.4532204866409302
2376,1.6624765396118164,1.6624765396118164,1.4537601470947266,1.4537601470947266
2377,1.662845253944397,1.662845253944397,1.4533259868621826,1.4533259868621826
2378,1.66211998462677,1.66211998462677,1.4535759687423706,1.4535759687423706
2379,1.6623115539550781,1.6623115539550781,1.4553470611572266,1.4553470611572266
2380,1.6629260778427124,1.6629260778427124,1.4529550075531006,1.4529550075531006
2381,1.662493348121643,1.662493348121643,1.453458547592163,1.453458547592163
2382,1.6629127264022827,1.6629127264022827,1.4537358283996582,1.4537358283996582
2383,1.6629377603530884,1.6629377603530884,1.4546833038330078,1.4546833038330078
2384,1.663224458694458,1.663224458694458,1.453691005706787,1.453691005706787
2385,1.662461757659912,1.662461757659912,1.4527990818023682,1.4527990818023682
2386,1.6636148691177368,1.6636148691177368,1.4528331756591797,1.4528331756591797
2387,1.6624338626861572,1.6624338626861572,1.4535160064697266,1.4535160064697266
2388,1.662015676498413,1.662015676498413,1.4527615308761597,1.4527615308761597
2389,1.662340760231018,1.662340760231018,1.4547866582870483,1.4547866582870483
2390,1.6627224683761597,1.6627224683761597,1.4533395767211914,1.4533395767211914
2391,1.6620073318481445,1.6620073318481445,1.4525456428527832,1.4525456428527832
2392,1.662093162536621,1.662093162536621,1.4544079303741455,1.4544079303741455
2393,1.662111520767212,1.662111520767212,1.4526396989822388,1.4526396989822388
2394,1.6620844602584839,1.6620844602584839,1.4547652006149292,1.4547652006149292
2395,1.66194748878479,1.66194748878479,1.45388662815094,1.45388662815094
2396,1.6627520322799683,1.6627520322799683,1.4542529582977295,1.4542529582977295
2397,1.6626238822937012,1.6626238822937012,1.4532824754714966,1.4532824754714966
2398,1.6620559692382812,1.6620559692382812,1.452143669128418,1.452143669128418
2399,1.662221074104309,1.662221074104309,1.4554967880249023,1.4554967880249023
2400,1.6622178554534912,1.6622178554534912,1.4561266899108887,1.4561266899108887
2401,1.6618609428405762,1.6618609428405762,1.4537138938903809,1.4537138938903809
2402,1.6615175008773804,1.6615175008773804,1.4531863927841187,1.4531863927841187
2403,1.6625094413757324,1.6625094413757324,1.4524154663085938,1.4524154663085938
2404,1.6614094972610474,1.6614094972610474,1.4523957967758179,1.4523957967758179
2405,1.6630603075027466,1.6630603075027466,1.4524427652359009,1.4524427652359009
2406,1.6614124774932861,1.6614124774932861,1.4535861015319824,1.4535861015319824
2407,1.6618655920028687,1.6618655920028687,1.454001784324646,1.454001784324646
2408,1.6615604162216187,1.6615604162216187,1.4525052309036255,1.4525052309036255
2409,1.661373257637024,1.661373257637024,1.4596318006515503,1.4596318006515503
2410,1.6634109020233154,1.6634109020233154,1.4534786939620972,1.4534786939620972
2411,1.6618547439575195,1.6618547439575195,1.45209801197052,1.45209801197052
2412,1.6618432998657227,1.6618432998657227,1.4529513120651245,1.4529513120651245
2413,1.6623337268829346,1.6623337268829346,1.4552116394042969,1.4552116394042969
2414,1.6615632772445679,1.6615632772445679,1.4545999765396118,1.4545999765396118
2415,1.6614454984664917,1.6614454984664917,1.452195644378662,1.452195644378662
2416,1.6619244813919067,1.6619244813919067,1.4548100233078003,1.4548100233078003
2417,1.6617637872695923,1.6617637872695923,1.4525127410888672,1.4525127410888672
2418,1.6623764038085938,1.6623764038085938,1.4583747386932373,1.4583747386932373
2419,1.6626394987106323,1.6626394987106323,1.4522596597671509,1.4522596597671509
2420,1.6620498895645142,1.6620498895645142,1.452750563621521,1.452750563621521
2421,1.6614516973495483,1.6614516973495483,1.45162832736969,1.45162832736969
2422,1.661757230758667,1.661757230758667,1.4527344703674316,1.4527344703674316
2423,1.6614763736724854,1.6614763736724854,1.4538134336471558,1.4538134336471558
2424,1.6614118814468384,1.6614118814468384,1.451709270477295,1.451709270477295
2425,1.6620795726776123,1.6620795726776123,1.4526013135910034,1.4526013135910034
2426,1.6614192724227905,1.6614192724227905,1.4518306255340576,1.4518306255340576
2427,1.6616443395614624,1.6616443395614624,1.4519665241241455,1.4519665241241455
2428,1.6617199182510376,1.6617199182510376,1.4589078426361084,1.4589078426361084
2429,1.6617087125778198,1.6617087125778198,1.4547604322433472,1.4547604322433472
2430,1.6628828048706055,1.6628828048706055,1.4559305906295776,1.4559305906295776
2431,1.6624486446380615,1.6624486446380615,1.4544841051101685,1.4544841051101685
2432,1.6619845628738403,1.6619845628738403,1.4515787363052368,1.4515787363052368
2433,1.6616615056991577,1.6616615056991577,1.451926589012146,1.451926589012146
2434,1.6614474058151245,1.6614474058151245,1.451579213142395,1.451579213142395
2435,1.6613757610321045,1.6613757610321045,1.4523348808288574,1.4523348808288574
2436,1.6608548164367676,1.6608548164367676,1.4517488479614258,1.4517488479614258
2437,1.661153793334961,1.661153793334961,1.4518176317214966,1.4518176317214966
2438,1.660994291305542,1.660994291305542,1.4507551193237305,1.4507551193237305
2439,1.6606236696243286,1.6606236696243286,1.4512995481491089,1.4512995481491089
2440,1.661399245262146,1.661399245262146,1.452628254890442,1.452628254890442
2441,1.6611353158950806,1.6611353158950806,1.4529411792755127,1.4529411792755127
2442,1.6614868640899658,1.6614868640899658,1.4542416334152222,1.4542416334152222
2443,1.661737084388733,1.661737084388733,1.4513384103775024,1.4513384103775024
2444,1.6617257595062256,1.6617257595062256,1.451270341873169,1.451270341873169
2445,1.660505771636963,1.660505771636963,1.4527974128723145,1.4527974128723145
2446,1.6617878675460815,1.6617878675460815,1.452288031578064,1.452288031578064
2447,1.660773515701294,1.660773515701294,1.4520800113677979,1.4520800113677979
2448,1.6611679792404175,1.6611679792404175,1.4511113166809082,1.4511113166809082
2449,1.6611260175704956,1.6611260175704956,1.4527559280395508,1.4527559280395508
2450,1.6608552932739258,1.6608552932739258,1.4513007402420044,1.4513007402420044
2451,1.6619688272476196,1.6619688272476196,1.4564892053604126,1.4564892053604126
2452,1.6610517501831055,1.6610517501831055,1.4516602754592896,1.4516602754592896
2453,1.6610215902328491,1.6610215902328491,1.4510958194732666,1.4510958194732666
2454,1.6605274677276611,1.6605274677276611,1.4508699178695679,1.4508699178695679
2455,1.6613084077835083,1.6613084077835083,1.4517512321472168,1.4517512321472168
2456,1.661812424659729,1.661812424659729,1.4516606330871582,1.4516606330871582
2457,1.6601988077163696,1.6601988077163696,1.4511046409606934,1.4511046409606934
2458,1.6609426736831665,1.6609426736831665,1.4515347480773926,1.4515347480773926
2459,1.6613365411758423,1.6613365411758423,1.451682209968567,1.451682209968567
2460,1.6607848405838013,1.6607848405838013,1.4513278007507324,1.4513278007507324
2461,1.6600689888000488,1.6600689888000488,1.4527311325073242,1.4527311325073242
2462,1.6604574918746948,1.6604574918746948,1.4538756608963013,1.4538756608963013
2463,1.6607400178909302,1.6607400178909302,1.4525530338287354,1.4525530338287354
2464,1.6608530282974243,1.6608530282974243,1.4533309936523438,1.4533309936523438
2465,1.6603175401687622,1.6603175401687622,1.4509799480438232,1.4509799480438232
2466,1.6608117818832397,1.6608117818832397,1.451446533203125,1.451446533203125
2467,1.660319447517395,1.660319447517395,1.4512399435043335,1.4512399435043335
2468,1.6606016159057617,1.6606016159057617,1.4516239166259766,1.4516239166259766
2469,1.6605770587921143,1.6605770587921143,1.45155930519104,1.45155930519104
2470,1.660377860069275,1.660377860069275,1.452172040939331,1.452172040939331
2471,1.6602191925048828,1.6602191925048828,1.4508285522460938,1.4508285522460938
2472,1.6596063375473022,1.6596063375473022,1.4517300128936768,1.4517300128936768
2473,1.6604610681533813,1.6604610681533813,1.4529728889465332,1.4529728889465332
2474,1.6605193614959717,1.6605193614959717,1.4512280225753784,1.4512280225753784
2475,1.6604669094085693,1.6604669094085693,1.4504079818725586,1.4504079818725586
2476,1.6597747802734375,1.6597747802734375,1.4504499435424805,1.4504499435424805
2477,1.65975022315979,1.65975022315979,1.4513856172561646,1.4513856172561646
2478,1.6612870693206787,1.6612870693206787,1.4499173164367676,1.4499173164367676
2479,1.6595723628997803,1.6595723628997803,1.451196312904358,1.451196312904358
2480,1.6604361534118652,1.6604361534118652,1.4499768018722534,1.4499768018722534
2481,1.6601766347885132,1.6601766347885132,1.4503724575042725,1.4503724575042725
2482,1.6607170104980469,1.6607170104980469,1.4498515129089355,1.4498515129089355
2483,1.6600308418273926,1.6600308418273926,1.449820876121521,1.449820876121521
2484,1.6601624488830566,1.6601624488830566,1.4526357650756836,1.4526357650756836
2485,1.6608587503433228,1.6608587503433228,1.452197551727295,1.452197551727295
2486,1.6605868339538574,1.6605868339538574,1.449798583984375,1.449798583984375
2487,1.6596852540969849,1.6596852540969849,1.4502429962158203,1.4502429962158203
2488,1.660577654838562,1.660577654838562,1.4507324695587158,1.4507324695587158
2489,1.6602869033813477,1.6602869033813477,1.4506953954696655,1.4506953954696655
2490,1.6598269939422607,1.6598269939422607,1.4507744312286377,1.4507744312286377
2491,1.6597843170166016,1.6597843170166016,1.4496997594833374,1.4496997594833374
2492,1.6598492860794067,1.6598492860794067,1.449404001235962,1.449404001235962
2493,1.6596860885620117,1.6596860885620117,1.4535768032073975,1.4535768032073975
2494,1.660224437713623,1.660224437713623,1.4498001337051392,1.4498001337051392
2495,1.6599973440170288,1.6599973440170288,1.4498631954193115,1.4498631954193115
2496,1.6597903966903687,1.6597903966903687,1.4504077434539795,1.4504077434539795
2497,1.6594655513763428,1.6594655513763428,1.449379563331604,1.449379563331604
2498,1.6594361066818237,1.6594361066818237,1.450986623764038,1.450986623764038
2499,1.659389615058899,1.659389615058899,1.4490528106689453,1.4490528106689453
2500,1.6595216989517212,1.6595216989517212,1.4488449096679688,1.4488449096679688
2501,1.659363031387329,1.659363031387329,1.4492597579956055,1.4492597579956055
2502,1.6604492664337158,1.6604492664337158,1.4501253366470337,1.4501253366470337
2503,1.6600648164749146,1.6600648164749146,1.4493250846862793,1.4493250846862793
2504,1.6593586206436157,1.6593586206436157,1.4507791996002197,1.4507791996002197
2505,1.6600228548049927,1.6600228548049927,1.4501700401306152,1.4501700401306152
2506,1.659487247467041,1.659487247467041,1.4497051239013672,1.4497051239013672
2507,1.659786343574524,1.659786343574524,1.4499149322509766,1.4499149322509766
2508,1.6601059436798096,1.6601059436798096,1.4511710405349731,1.4511710405349731
2509,1.659350037574768,1.659350037574768,1.4515186548233032,1.4515186548233032
2510,1.6599867343902588,1.6599867343902588,1.4491016864776611,1.4491016864776611
2511,1.6592828035354614,1.6592828035354614,1.450431227684021,1.450431227684021
2512,1.6596282720565796,1.6596282720565796,1.4499893188476562,1.4499893188476562
2513,1.659706950187683,1.659706950187683,1.450990080833435,1.450990080833435
2514,1.6593867540359497,1.6593867540359497,1.4505289793014526,1.4505289793014526
2515,1.660211443901062,1.660211443901062,1.450747013092041,1.450747013092041
2516,1.6592326164245605,1.6592326164245605,1.4503414630889893,1.4503414630889893
2517,1.6595999002456665,1.6595999002456665,1.4508336782455444,1.4508336782455444
2518,1.6591711044311523,1.6591711044311523,1.4507641792297363,1.4507641792297363
2519,1.6596959829330444,1.6596959829330444,1.4487096071243286,1.4487096071243286
2520,1.6589477062225342,1.6589477062225342,1.4515107870101929,1.4515107870101929
2521,1.6597470045089722,1.6597470045089722,1.4484070539474487,1.4484070539474487
2522,1.6598368883132935,1.6598368883132935,1.4494937658309937,1.4494937658309937
2523,1.658952236175537,1.658952236175537,1.4488146305084229,1.4488146305084229
2524,1.659770131111145,1.659770131111145,1.450293779373169,1.450293779373169
2525,1.6588376760482788,1.6588376760482788,1.4487718343734741,1.4487718343734741
2526,1.6587047576904297,1.6587047576904297,1.4514106512069702,1.4514106512069702
2527,1.6587789058685303,1.6587789058685303,1.4501034021377563,1.4501034021377563
2528,1.659226894378662,1.659226894378662,1.4487777948379517,1.4487777948379517
2529,1.6593825817108154,1.6593825817108154,1.449245572090149,1.449245572090149
2530,1.6589564085006714,1.6589564085006714,1.4485877752304077,1.4485877752304077
2531,1.6592715978622437,1.6592715978622437,1.4487996101379395,1.4487996101379395
2532,1.6589187383651733,1.6589187383651733,1.4492591619491577,1.4492591619491577
2533,1.6589776277542114,1.6589776277542114,1.4498844146728516,1.4498844146728516
2534,1.6588654518127441,1.6588654518127441,1.4503417015075684,1.4503417015075684
2535,1.6589800119400024,1.6589800119400024,1.448725700378418,1.448725700378418
2536,1.659377932548523,1.659377932548523,1.4483609199523926,1.4483609199523926
2537,1.658880591392517,1.658880591392517,1.4486348628997803,1.4486348628997803
2538,1.6589103937149048,1.6589103937149048,1.4489212036132812,1.4489212036132812
2539,1.6586500406265259,1.6586500406265259,1.4483033418655396,1.4483033418655396
2540,1.6588013172149658,1.6588013172149658,1.451054573059082,1.451054573059082
2541,1.6591806411743164,1.6591806411743164,1.450109839439392,1.450109839439392
2542,1.6591163873672485,1.6591163873672485,1.4491273164749146,1.4491273164749146
2543,1.65850031375885,1.65850031375885,1.4494158029556274,1.4494158029556274
2544,1.6585590839385986,1.6585590839385986,1.4503241777420044,1.4503241777420044
2545,1.658333659172058,1.658333659172058,1.4485641717910767,1.4485641717910767
2546,1.6590710878372192,1.6590710878372192,1.4490259885787964,1.4490259885787964
2547,1.6583670377731323,1.6583670377731323,1.4510383605957031,1.4510383605957031
2548,1.6587198972702026,1.6587198972702026,1.4489518404006958,1.4489518404006958
2549,1.658496618270874,1.658496618270874,1.450747013092041,1.450747013092041
2550,1.6588430404663086,1.6588430404663086,1.4481433629989624,1.4481433629989624
2551,1.6582555770874023,1.6582555770874023,1.4487619400024414,1.4487619400024414
2552,1.6591004133224487,1.6591004133224487,1.4492626190185547,1.4492626190185547
2553,1.658541202545166,1.658541202545166,1.4495781660079956,1.4495781660079956
2554,1.6585347652435303,1.6585347652435303,1.4480923414230347,1.4480923414230347
2555,1.6603422164916992,1.6603422164916992,1.4480876922607422,1.4480876922607422
2556,1.6587268114089966,1.6587268114089966,1.4481861591339111,1.4481861591339111
2557,1.6588325500488281,1.6588325500488281,1.4527045488357544,1.4527045488357544
2558,1.6589977741241455,1.6589977741241455,1.4482437372207642,1.4482437372207642
2559,1.6582609415054321,1.6582609415054321,1.448084831237793,1.448084831237793
2560,1.6585237979888916,1.6585237979888916,1.449478268623352,1.449478268623352
2561,1.6591331958770752,1.6591331958770752,1.449497103691101,1.449497103691101
2562,1.658395528793335,1.658395528793335,1.4492467641830444,1.4492467641830444
2563,1.6585572957992554,1.6585572957992554,1.4482157230377197,1.4482157230377197
2564,1.6587244272232056,1.6587244272232056,1.4487208127975464,1.4487208127975464
2565,1.6590496301651,1.6590496301651,1.448377013206482,1.448377013206482
2566,1.658549189567566,1.658549189567566,1.4492896795272827,1.4492896795272827
2567,1.6583737134933472,1.6583737134933472,1.4478071928024292,1.4478071928024292
2568,1.6584653854370117,1.6584653854370117,1.451472282409668,1.451472282409668
2569,1.6580060720443726,1.6580060720443726,1.4507617950439453,1.4507617950439453
2570,1.6591745615005493,1.6591745615005493,1.4483197927474976,1.4483197927474976
2571,1.6580394506454468,1.6580394506454468,1.4486792087554932,1.4486792087554932
2572,1.658402442932129,1.658402442932129,1.449873924255371,1.449873924255371
2573,1.6574605703353882,1.6574605703353882,1.4477710723876953,1.4477710723876953
2574,1.657602310180664,1.657602310180664,1.4479970932006836,1.4479970932006836
2575,1.6581764221191406,1.6581764221191406,1.4475131034851074,1.4475131034851074
2576,1.6578524112701416,1.6578524112701416,1.4480130672454834,1.4480130672454834
2577,1.6580016613006592,1.6580016613006592,1.4484325647354126,1.4484325647354126
2578,1.6578861474990845,1.6578861474990845,1.4558417797088623,1.4558417797088623
2579,1.6592919826507568,1.6592919826507568,1.4508459568023682,1.4508459568023682
2580,1.6585825681686401,1.6585825681686401,1.448865294456482,1.448865294456482
2581,1.6584006547927856,1.6584006547927856,1.4487210512161255,1.4487210512161255
2582,1.6578396558761597,1.6578396558761597,1.4500255584716797,1.4500255584716797
2583,1.6582211256027222,1.6582211256027222,1.4475687742233276,1.4475687742233276
2584,1.658752202987671,1.658752202987671,1.4467500448226929,1.4467500448226929
2585,1.657607078552246,1.657607078552246,1.4486339092254639,1.4486339092254639
2586,1.6584612131118774,1.6584612131118774,1.4489476680755615,1.4489476680755615
2587,1.6580185890197754,1.6580185890197754,1.4502290487289429,1.4502290487289429
2588,1.65773344039917,1.65773344039917,1.4471211433410645,1.4471211433410645
2589,1.6573379039764404,1.6573379039764404,1.448819875717163,1.448819875717163
2590,1.6575400829315186,1.6575400829315186,1.4470624923706055,1.4470624923706055
2591,1.6575777530670166,1.6575777530670166,1.4481538534164429,1.4481538534164429
2592,1.65740966796875,1.65740966796875,1.4475129842758179,1.4475129842758179
2593,1.6578155755996704,1.6578155755996704,1.447904348373413,1.447904348373413
2594,1.658517837524414,1.658517837524414,1.449259877204895,1.449259877204895
2595,1.6581476926803589,1.6581476926803589,1.448392629623413,1.448392629623413
2596,1.658064365386963,1.658064365386963,1.4471789598464966,1.4471789598464966
2597,1.6583515405654907,1.6583515405654907,1.4485167264938354,1.4485167264938354
2598,1.6574934720993042,1.6574934720993042,1.4475816488265991,1.4475816488265991
2599,1.6579257249832153,1.6579257249832153,1.4468998908996582,1.4468998908996582
2600,1.6581581830978394,1.6581581830978394,1.4468629360198975,1.4468629360198975
2601,1.6575592756271362,1.6575592756271362,1.4482417106628418,1.4482417106628418
2602,1.6570559740066528,1.6570559740066528,1.4470711946487427,1.4470711946487427
2603,1.6571851968765259,1.6571851968765259,1.4466584920883179,1.4466584920883179
2604,1.6575303077697754,1.6575303077697754,1.450244665145874,1.450244665145874
2605,1.6571927070617676,1.6571927070617676,1.4485799074172974,1.4485799074172974
2606,1.65741765499115,1.65741765499115,1.4476492404937744,1.4476492404937744
2607,1.6574007272720337,1.6574007272720337,1.4462873935699463,1.4462873935699463
2608,1.6574978828430176,1.6574978828430176,1.4480398893356323,1.4480398893356323
2609,1.6587790250778198,1.6587790250778198,1.4485738277435303,1.4485738277435303
2610,1.6571654081344604,1.6571654081344604,1.450809359550476,1.450809359550476
2611,1.6572859287261963,1.6572859287261963,1.4470772743225098,1.4470772743225098
2612,1.6570333242416382,1.6570333242416382,1.4471240043640137,1.4471240043640137
2613,1.6577043533325195,1.6577043533325195,1.448574185371399,1.448574185371399
2614,1.657267451286316,1.657267451286316,1.448907494544983,1.448907494544983
2615,1.6580636501312256,1.6580636501312256,1.4514966011047363,1.4514966011047363
2616,1.6575002670288086,1.6575002670288086,1.4501562118530273,1.4501562118530273
2617,1.6575074195861816,1.6575074195861816,1.447080135345459,1.447080135345459
2618,1.6568199396133423,1.6568199396133423,1.4474726915359497,1.4474726915359497
2619,1.6573327779769897,1.6573327779769897,1.4538813829421997,1.4538813829421997
2620,1.6571028232574463,1.6571028232574463,1.4500048160552979,1.4500048160552979
2621,1.6568611860275269,1.6568611860275269,1.4501421451568604,1.4501421451568604
2622,1.6567691564559937,1.6567691564559937,1.4462765455245972,1.4462765455245972
2623,1.6575769186019897,1.6575769186019897,1.446606159210205,1.446606159210205
2624,1.6560062170028687,1.6560062170028687,1.44684898853302,1.44684898853302
2625,1.6568130254745483,1.6568130254745483,1.4478451013565063,1.4478451013565063
2626,1.657068133354187,1.657068133354187,1.4467556476593018,1.4467556476593018
2627,1.6582729816436768,1.6582729816436768,1.447553038597107,1.447553038597107
2628,1.6567044258117676,1.6567044258117676,1.4463541507720947,1.4463541507720947
2629,1.6564465761184692,1.6564465761184692,1.4466580152511597,1.4466580152511597
2630,1.6567702293395996,1.6567702293395996,1.447579026222229,1.447579026222229
2631,1.657456636428833,1.657456636428833,1.446394920349121,1.446394920349121
2632,1.6566828489303589,1.6566828489303589,1.4467098712921143,1.4467098712921143
2633,1.656967282295227,1.656967282295227,1.4482104778289795,1.4482104778289795
2634,1.6566864252090454,1.6566864252090454,1.4460114240646362,1.4460114240646362
2635,1.6564230918884277,1.6564230918884277,1.4478890895843506,1.4478890895843506
2636,1.656561255455017,1.656561255455017,1.4533882141113281,1.4533882141113281
2637,1.6566450595855713,1.6566450595855713,1.4463802576065063,1.4463802576065063
2638,1.6561177968978882,1.6561177968978882,1.446642518043518,1.446642518043518
2639,1.6563515663146973,1.6563515663146973,1.4462615251541138,1.4462615251541138
2640,1.6564459800720215,1.6564459800720215,1.4526293277740479,1.4526293277740479
2641,1.65655517578125,1.65655517578125,1.4457899332046509,1.4457899332046509
2642,1.6566613912582397,1.6566613912582397,1.4463160037994385,1.4463160037994385
2643,1.6564842462539673,1.6564842462539673,1.447216510772705,1.447216510772705
2644,1.6565769910812378,1.6565769910812378,1.4469250440597534,1.4469250440597534
2645,1.6565974950790405,1.6565974950790405,1.4478226900100708,1.4478226900100708
2646,1.6565735340118408,1.6565735340118408,1.4470614194869995,1.4470614194869995
2647,1.6565186977386475,1.6565186977386475,1.446284294128418,1.446284294128418
2648,1.6563217639923096,1.6563217639923096,1.447493553161621,1.447493553161621
2649,1.656813383102417,1.656813383102417,1.4456065893173218,1.4456065893173218
2650,1.6565272808074951,1.6565272808074951,1.4474986791610718,1.4474986791610718
2651,1.6569852828979492,1.6569852828979492,1.446810245513916,1.446810245513916
2652,1.6558997631072998,1.6558997631072998,1.4459339380264282,1.4459339380264282
2653,1.6552506685256958,1.6552506685256958,1.4466997385025024,1.4466997385025024
2654,1.6563740968704224,1.6563740968704224,1.447367787361145,1.447367787361145
2655,1.6558059453964233,1.6558059453964233,1.4457669258117676,1.4457669258117676
2656,1.6562711000442505,1.6562711000442505,1.4458075761795044,1.4458075761795044
2657,1.6565251350402832,1.6565251350402832,1.4460099935531616,1.4460099935531616
2658,1.6558067798614502,1.6558067798614502,1.445878028869629,1.445878028869629
2659,1.6559518575668335,1.6559518575668335,1.4449189901351929,1.4449189901351929
2660,1.655712366104126,1.655712366104126,1.447699785232544,1.447699785232544
2661,1.6556432247161865,1.6556432247161865,1.4480135440826416,1.4480135440826416
2662,1.6561787128448486,1.6561787128448486,1.4459322690963745,1.4459322690963745
2663,1.6556434631347656,1.6556434631347656,1.4458904266357422,1.4458904266357422
2664,1.6570557355880737,1.6570557355880737,1.4458370208740234,1.4458370208740234
2665,1.6562708616256714,1.6562708616256714,1.4483367204666138,1.4483367204666138
2666,1.6566649675369263,1.6566649675369263,1.4496749639511108,1.4496749639511108
2667,1.6567457914352417,1.6567457914352417,1.445561170578003,1.445561170578003
2668,1.6558507680892944,1.6558507680892944,1.4462915658950806,1.4462915658950806
2669,1.6561427116394043,1.6561427116394043,1.4508284330368042,1.4508284330368042
2670,1.6557774543762207,1.6557774543762207,1.446347713470459,1.446347713470459
2671,1.656038522720337,1.656038522720337,1.4469348192214966,1.4469348192214966
2672,1.6560251712799072,1.6560251712799072,1.4465566873550415,1.4465566873550415
2673,1.6558582782745361,1.6558582782745361,1.448980689048767,1.448980689048767
2674,1.6557615995407104,1.6557615995407104,1.4468872547149658,1.4468872547149658
2675,1.6556893587112427,1.6556893587112427,1.4481474161148071,1.4481474161148071
2676,1.6557233333587646,1.6557233333587646,1.445486307144165,1.445486307144165
2677,1.6555368900299072,1.6555368900299072,1.4487600326538086,1.4487600326538086
2678,1.6563169956207275,1.6563169956207275,1.4447814226150513,1.4447814226150513
2679,1.655443549156189,1.655443549156189,1.4455225467681885,1.4455225467681885
2680,1.6559069156646729,1.6559069156646729,1.4453926086425781,1.4453926086425781
2681,1.6555237770080566,1.6555237770080566,1.4454357624053955,1.4454357624053955
2682,1.6552401781082153,1.6552401781082153,1.4458202123641968,1.4458202123641968
2683,1.6563466787338257,1.6563466787338257,1.4461349248886108,1.4461349248886108
2684,1.6565194129943848,1.6565194129943848,1.4459009170532227,1.4459009170532227
2685,1.655592918395996,1.655592918395996,1.4464290142059326,1.4464290142059326
2686,1.6558386087417603,1.6558386087417603,1.4463878870010376,1.4463878870010376
2687,1.6555861234664917,1.6555861234664917,1.446911334991455,1.446911334991455
2688,1.6553293466567993,1.6553293466567993,1.4453215599060059,1.4453215599060059
2689,1.6555678844451904,1.6555678844451904,1.446273684501648,1.446273684501648
2690,1.6557846069335938,1.6557846069335938,1.4461901187896729,1.4461901187896729
2691,1.6551867723464966,1.6551867723464966,1.4475919008255005,1.4475919008255005
2692,1.655795693397522,1.655795693397522,1.446820855140686,1.446820855140686
2693,1.6552094221115112,1.6552094221115112,1.4454690217971802,1.4454690217971802
2694,1.6560513973236084,1.6560513973236084,1.4446386098861694,1.4446386098861694
2695,1.6551470756530762,1.6551470756530762,1.4465149641036987,1.4465149641036987
2696,1.6552094221115112,1.6552094221115112,1.4460705518722534,1.4460705518722534
2697,1.6555479764938354,1.6555479764938354,1.445706844329834,1.445706844329834
2698,1.6560842990875244,1.6560842990875244,1.4445751905441284,1.4445751905441284
2699,1.655158519744873,1.655158519744873,1.4441653490066528,1.4441653490066528
2700,1.656850814819336,1.656850814819336,1.4448487758636475,1.4448487758636475
2701,1.655248999595642,1.655248999595642,1.4474128484725952,1.4474128484725952
2702,1.6552199125289917,1.6552199125289917,1.444394826889038,1.444394826889038
2703,1.6552441120147705,1.6552441120147705,1.4484195709228516,1.4484195709228516
2704,1.6547216176986694,1.6547216176986694,1.444786787033081,1.444786787033081
2705,1.6549268960952759,1.6549268960952759,1.444521427154541,1.444521427154541
2706,1.6548566818237305,1.6548566818237305,1.4443087577819824,1.4443087577819824
2707,1.655225157737732,1.655225157737732,1.446378469467163,1.446378469467163
2708,1.6550426483154297,1.6550426483154297,1.4448950290679932,1.4448950290679932
2709,1.6546885967254639,1.6546885967254639,1.4484188556671143,1.4484188556671143
2710,1.655018925666809,1.655018925666809,1.44627845287323,1.44627845287323
2711,1.6546763181686401,1.6546763181686401,1.4446285963058472,1.4446285963058472
2712,1.6550415754318237,1.6550415754318237,1.4436827898025513,1.4436827898025513
2713,1.6552422046661377,1.6552422046661377,1.4445565938949585,1.4445565938949585
2714,1.65494704246521,1.65494704246521,1.4449845552444458,1.4449845552444458
2715,1.6551157236099243,1.6551157236099243,1.443932294845581,1.443932294845581
2716,1.6545708179473877,1.6545708179473877,1.445338249206543,1.445338249206543
2717,1.6546066999435425,1.6546066999435425,1.4450223445892334,1.4450223445892334
2718,1.6542694568634033,1.6542694568634033,1.44503653049469,1.44503653049469
2719,1.6542749404907227,1.6542749404907227,1.4442681074142456,1.4442681074142456
2720,1.6545029878616333,1.6545029878616333,1.444553256034851,1.444553256034851
2721,1.6542264223098755,1.6542264223098755,1.4447789192199707,1.4447789192199707
2722,1.6546732187271118,1.6546732187271118,1.447981357574463,1.447981357574463
2723,1.6550428867340088,1.6550428867340088,1.4453296661376953,1.4453296661376953
2724,1.654881477355957,1.654881477355957,1.444189429283142,1.444189429283142
2725,1.6545912027359009,1.6545912027359009,1.448652744293213,1.448652744293213
2726,1.6551131010055542,1.6551131010055542,1.4449156522750854,1.4449156522750854
2727,1.654609203338623,1.654609203338623,1.4435478448867798,1.4435478448867798
2728,1.6549186706542969,1.6549186706542969,1.4447786808013916,1.4447786808013916
2729,1.654853343963623,1.654853343963623,1.4437718391418457,1.4437718391418457
2730,1.6553316116333008,1.6553316116333008,1.4458014965057373,1.4458014965057373
2731,1.6545695066452026,1.6545695066452026,1.4438350200653076,1.4438350200653076
2732,1.6542023420333862,1.6542023420333862,1.443019151687622,1.443019151687622
2733,1.6542586088180542,1.6542586088180542,1.4461885690689087,1.4461885690689087
2734,1.6546919345855713,1.6546919345855713,1.4442212581634521,1.4442212581634521
2735,1.653506875038147,1.653506875038147,1.4442843198776245,1.4442843198776245
2736,1.6548182964324951,1.6548182964324951,1.4454073905944824,1.4454073905944824
2737,1.653594732284546,1.653594732284546,1.4493991136550903,1.4493991136550903
2738,1.6544721126556396,1.6544721126556396,1.443103551864624,1.443103551864624
2739,1.6554704904556274,1.6554704904556274,1.4443522691726685,1.4443522691726685
2740,1.6543798446655273,1.6543798446655273,1.4434895515441895,1.4434895515441895
2741,1.6536505222320557,1.6536505222320557,1.4441503286361694,1.4441503286361694
2742,1.6541686058044434,1.6541686058044434,1.4438997507095337,1.4438997507095337
2743,1.6541944742202759,1.6541944742202759,1.4442241191864014,1.4442241191864014
2744,1.654264211654663,1.654264211654663,1.4432727098464966,1.4432727098464966
2745,1.6542446613311768,1.6542446613311768,1.4441866874694824,1.4441866874694824
2746,1.6541482210159302,1.6541482210159302,1.4495604038238525,1.4495604038238525
2747,1.6546080112457275,1.6546080112457275,1.4430512189865112,1.4430512189865112
2748,1.6547051668167114,1.6547051668167114,1.4449511766433716,1.4449511766433716
2749,1.654476523399353,1.654476523399353,1.4460902214050293,1.4460902214050293
2750,1.6539549827575684,1.6539549827575684,1.4455537796020508,1.4455537796020508
2751,1.654628872871399,1.654628872871399,1.445369005203247,1.445369005203247
2752,1.6539441347122192,1.6539441347122192,1.4434391260147095,1.4434391260147095
2753,1.653926968574524,1.653926968574524,1.4437544345855713,1.4437544345855713
2754,1.6546802520751953,1.6546802520751953,1.4450675249099731,1.4450675249099731
2755,1.6534841060638428,1.6534841060638428,1.4442329406738281,1.4442329406738281
2756,1.653970718383789,1.653970718383789,1.443662166595459,1.443662166595459
2757,1.6538594961166382,1.6538594961166382,1.4445436000823975,1.4445436000823975
2758,1.6537467241287231,1.6537467241287231,1.4433757066726685,1.4433757066726685
2759,1.6537367105484009,1.6537367105484009,1.446488857269287,1.446488857269287
2760,1.6535704135894775,1.6535704135894775,1.4429495334625244,1.4429495334625244
2761,1.6536338329315186,1.6536338329315186,1.4430813789367676,1.4430813789367676
2762,1.6542798280715942,1.6542798280715942,1.4456135034561157,1.4456135034561157
2763,1.6539530754089355,1.6539530754089355,1.4432828426361084,1.4432828426361084
2764,1.6534289121627808,1.6534289121627808,1.4433281421661377,1.4433281421661377
2765,1.6531678438186646,1.6531678438186646,1.4450584650039673,1.4450584650039673
2766,1.6531224250793457,1.6531224250793457,1.4434905052185059,1.4434905052185059
2767,1.6539193391799927,1.6539193391799927,1.4454809427261353,1.4454809427261353
2768,1.6533361673355103,1.6533361673355103,1.443282127380371,1.443282127380371
2769,1.6538622379302979,1.6538622379302979,1.4456371068954468,1.4456371068954468
2770,1.6535371541976929,1.6535371541976929,1.4442747831344604,1.4442747831344604
2771,1.6536599397659302,1.6536599397659302,1.4434659481048584,1.4434659481048584
2772,1.6532872915267944,1.6532872915267944,1.443647027015686,1.443647027015686
2773,1.6533515453338623,1.6533515453338623,1.442869782447815,1.442869782447815
2774,1.6530430316925049,1.6530430316925049,1.4444373846054077,1.4444373846054077
2775,1.6536779403686523,1.6536779403686523,1.4452823400497437,1.4452823400497437
2776,1.6530512571334839,1.6530512571334839,1.4446443319320679,1.4446443319320679
2777,1.6549490690231323,1.6549490690231323,1.4432176351547241,1.4432176351547241
2778,1.65317702293396,1.65317702293396,1.4437657594680786,1.4437657594680786
2779,1.6530938148498535,1.6530938148498535,1.4449551105499268,1.4449551105499268
2780,1.65362548828125,1.65362548828125,1.4462693929672241,1.4462693929672241
2781,1.6533726453781128,1.6533726453781128,1.4448796510696411,1.4448796510696411
2782,1.6534186601638794,1.6534186601638794,1.4446686506271362,1.4446686506271362
2783,1.6527838706970215,1.6527838706970215,1.4428930282592773,1.4428930282592773
2784,1.6544039249420166,1.6544039249420166,1.4431636333465576,1.4431636333465576
2785,1.65314781665802,1.65314781665802,1.4454113245010376,1.4454113245010376
2786,1.6537951231002808,1.6537951231002808,1.4476290941238403,1.4476290941238403
2787,1.652699589729309,1.652699589729309,1.4431617259979248,1.4431617259979248
2788,1.6540447473526,1.6540447473526,1.442736029624939,1.442736029624939
2789,1.6531648635864258,1.6531648635864258,1.4438424110412598,1.4438424110412598
2790,1.6540957689285278,1.6540957689285278,1.44399893283844,1.44399893283844
2791,1.6532313823699951,1.6532313823699951,1.4435811042785645,1.4435811042785645
2792,1.6537333726882935,1.6537333726882935,1.449053406715393,1.449053406715393
2793,1.6539350748062134,1.6539350748062134,1.4439375400543213,1.4439375400543213
2794,1.6526676416397095,1.6526676416397095,1.4434168338775635,1.4434168338775635
2795,1.6526391506195068,1.6526391506195068,1.4433239698410034,1.4433239698410034
2796,1.653093695640564,1.653093695640564,1.4480969905853271,1.4480969905853271
2797,1.6536951065063477,1.6536951065063477,1.4434847831726074,1.4434847831726074
2798,1.654427170753479,1.654427170753479,1.4421223402023315,1.4421223402023315
2799,1.6528007984161377,1.6528007984161377,1.4432873725891113,1.4432873725891113
2800,1.6536287069320679,1.6536287069320679,1.4437683820724487,1.4437683820724487
2801,1.6534236669540405,1.6534236669540405,1.442380666732788,1.442380666732788
2802,1.6531546115875244,1.6531546115875244,1.44150710105896,1.44150710105896
2803,1.6522926092147827,1.6522926092147827,1.4433720111846924,1.4433720111846924
2804,1.6530832052230835,1.6530832052230835,1.4414787292480469,1.4414787292480469
2805,1.6530872583389282,1.6530872583389282,1.4434268474578857,1.4434268474578857
2806,1.6524360179901123,1.6524360179901123,1.4425324201583862,1.4425324201583862
2807,1.6526501178741455,1.6526501178741455,1.4458256959915161,1.4458256959915161
2808,1.6525710821151733,1.6525710821151733,1.441360354423523,1.441360354423523
2809,1.6524490118026733,1.6524490118026733,1.4415791034698486,1.4415791034698486
2810,1.6532741785049438,1.6532741785049438,1.4432026147842407,1.4432026147842407
2811,1.6524770259857178,1.6524770259857178,1.4421857595443726,1.4421857595443726
2812,1.6526285409927368,1.6526285409927368,1.442570686340332,1.442570686340332
2813,1.652459740638733,1.652459740638733,1.4431582689285278,1.4431582689285278
2814,1.652979850769043,1.652979850769043,1.4437285661697388,1.4437285661697388
2815,1.6530390977859497,1.6530390977859497,1.4421290159225464,1.4421290159225464
2816,1.6532366275787354,1.6532366275787354,1.4430066347122192,1.4430066347122192
2817,1.652381181716919,1.652381181716919,1.4424418210983276,1.4424418210983276
2818,1.6529903411865234,1.6529903411865234,1.4426801204681396,1.4426801204681396
2819,1.653145670890808,1.653145670890808,1.447885274887085,1.447885274887085
2820,1.6537610292434692,1.6537610292434692,1.442108154296875,1.442108154296875
2821,1.652185320854187,1.652185320854187,1.443444848060608,1.443444848060608
2822,1.6523572206497192,1.6523572206497192,1.4415174722671509,1.4415174722671509
2823,1.6522207260131836,1.6522207260131836,1.4439128637313843,1.4439128637313843
2824,1.6531198024749756,1.6531198024749756,1.4425756931304932,1.4425756931304932
2825,1.6524680852890015,1.6524680852890015,1.443045973777771,1.443045973777771
2826,1.652173399925232,1.652173399925232,1.4413293600082397,1.4413293600082397
2827,1.6532323360443115,1.6532323360443115,1.4432123899459839,1.4432123899459839
2828,1.6519399881362915,1.6519399881362915,1.442751169204712,1.442751169204712
2829,1.653202772140503,1.653202772140503,1.4427889585494995,1.4427889585494995
2830,1.6522998809814453,1.6522998809814453,1.4423348903656006,1.4423348903656006
2831,1.6529335975646973,1.6529335975646973,1.4428455829620361,1.4428455829620361
2832,1.6521084308624268,1.6521084308624268,1.4412364959716797,1.4412364959716797
2833,1.6523945331573486,1.6523945331573486,1.4449447393417358,1.4449447393417358
2834,1.6529514789581299,1.6529514789581299,1.442832112312317,1.442832112312317
2835,1.6521012783050537,1.6521012783050537,1.442155361175537,1.442155361175537
2836,1.6528868675231934,1.6528868675231934,1.4449018239974976,1.4449018239974976
2837,1.6520850658416748,1.6520850658416748,1.4412814378738403,1.4412814378738403
2838,1.6514475345611572,1.6514475345611572,1.4445195198059082,1.4445195198059082
2839,1.6522893905639648,1.6522893905639648,1.4435547590255737,1.4435547590255737
2840,1.6527429819107056,1.6527429819107056,1.4421566724777222,1.4421566724777222
2841,1.6535838842391968,1.6535838842391968,1.4406616687774658,1.4406616687774658
2842,1.6520633697509766,1.6520633697509766,1.4403754472732544,1.4403754472732544
2843,1.6519159078598022,1.6519159078598022,1.4428426027297974,1.4428426027297974
2844,1.652214765548706,1.652214765548706,1.4432754516601562,1.4432754516601562
2845,1.6513891220092773,1.6513891220092773,1.4425357580184937,1.4425357580184937
2846,1.6521629095077515,1.6521629095077515,1.4419034719467163,1.4419034719467163
2847,1.6534079313278198,1.6534079313278198,1.4441479444503784,1.4441479444503784
2848,1.6514643430709839,1.6514643430709839,1.4433153867721558,1.4433153867721558
2849,1.6519726514816284,1.6519726514816284,1.4407035112380981,1.4407035112380981
2850,1.6522085666656494,1.6522085666656494,1.4419368505477905,1.4419368505477905
2851,1.651455044746399,1.651455044746399,1.4410338401794434,1.4410338401794434
2852,1.6517720222473145,1.6517720222473145,1.442299723625183,1.442299723625183
2853,1.651708722114563,1.651708722114563,1.4415266513824463,1.4415266513824463
2854,1.6521308422088623,1.6521308422088623,1.4415866136550903,1.4415866136550903
2855,1.651370882987976,1.651370882987976,1.440937876701355,1.440937876701355
2856,1.6513241529464722,1.6513241529464722,1.4430378675460815,1.4430378675460815
2857,1.651573896408081,1.651573896408081,1.440596103668213,1.440596103668213
2858,1.651870608329773,1.651870608329773,1.443392038345337,1.443392038345337
2859,1.6516633033752441,1.6516633033752441,1.4426323175430298,1.4426323175430298
2860,1.6521350145339966,1.6521350145339966,1.440554141998291,1.440554141998291
2861,1.6515874862670898,1.6515874862670898,1.442338466644287,1.442338466644287
2862,1.6515531539916992,1.6515531539916992,1.44113290309906,1.44113290309906
2863,1.6513737440109253,1.6513737440109253,1.441737174987793,1.441737174987793
2864,1.6518206596374512,1.6518206596374512,1.447738766670227,1.447738766670227
2865,1.651647925376892,1.651647925376892,1.4415909051895142,1.4415909051895142
2866,1.6518902778625488,1.6518902778625488,1.4409196376800537,1.4409196376800537
2867,1.6518986225128174,1.6518986225128174,1.4460119009017944,1.4460119009017944
2868,1.6511061191558838,1.6511061191558838,1.4421162605285645,1.4421162605285645
2869,1.6510521173477173,1.6510521173477173,1.4422895908355713,1.4422895908355713
2870,1.6515922546386719,1.6515922546386719,1.4441970586776733,1.4441970586776733
2871,1.6520345211029053,1.6520345211029053,1.4412540197372437,1.4412540197372437
2872,1.651943564414978,1.651943564414978,1.4424991607666016,1.4424991607666016
2873,1.6523927450180054,1.6523927450180054,1.4432487487792969,1.4432487487792969
2874,1.6522552967071533,1.6522552967071533,1.4427478313446045,1.4427478313446045
2875,1.6510366201400757,1.6510366201400757,1.4426101446151733,1.4426101446151733
2876,1.6518532037734985,1.6518532037734985,1.440659999847412,1.440659999847412
2877,1.6509253978729248,1.6509253978729248,1.4408023357391357,1.4408023357391357
2878,1.650869369506836,1.650869369506836,1.4411184787750244,1.4411184787750244
2879,1.651219129562378,1.651219129562378,1.441704511642456,1.441704511642456
2880,1.651296854019165,1.651296854019165,1.4413695335388184,1.4413695335388184
2881,1.6511949300765991,1.6511949300765991,1.4412789344787598,1.4412789344787598
2882,1.6514027118682861,1.6514027118682861,1.4411014318466187,1.4411014318466187
2883,1.6511825323104858,1.6511825323104858,1.4416488409042358,1.4416488409042358
2884,1.650982141494751,1.650982141494751,1.4409435987472534,1.4409435987472534
2885,1.651120901107788,1.651120901107788,1.4405910968780518,1.4405910968780518
2886,1.6507103443145752,1.6507103443145752,1.4400044679641724,1.4400044679641724
2887,1.6511871814727783,1.6511871814727783,1.441908836364746,1.441908836364746
2888,1.6512014865875244,1.6512014865875244,1.4404377937316895,1.4404377937316895
2889,1.6519415378570557,1.6519415378570557,1.4426378011703491,1.4426378011703491
2890,1.6508684158325195,1.6508684158325195,1.440906286239624,1.440906286239624
2891,1.6511527299880981,1.6511527299880981,1.4418938159942627,1.4418938159942627
2892,1.65143883228302,1.65143883228302,1.4416145086288452,1.4416145086288452
2893,1.651800274848938,1.651800274848938,1.440425992012024,1.440425992012024
2894,1.6512361764907837,1.6512361764907837,1.4409786462783813,1.4409786462783813
2895,1.6510250568389893,1.6510250568389893,1.4401862621307373,1.4401862621307373
2896,1.6516202688217163,1.6516202688217163,1.4394067525863647,1.4394067525863647
2897,1.6504790782928467,1.6504790782928467,1.4430270195007324,1.4430270195007324
2898,1.6507095098495483,1.6507095098495483,1.4403902292251587,1.4403902292251587
2899,1.6506351232528687,1.6506351232528687,1.4409927129745483,1.4409927129745483
2900,1.6506725549697876,1.6506725549697876,1.4402379989624023,1.4402379989624023
2901,1.6509191989898682,1.6509191989898682,1.4410312175750732,1.4410312175750732
2902,1.6510282754898071,1.6510282754898071,1.4423751831054688,1.4423751831054688
2903,1.6510978937149048,1.6510978937149048,1.4405323266983032,1.4405323266983032
2904,1.6508386135101318,1.6508386135101318,1.4429435729980469,1.4429435729980469
2905,1.6508492231369019,1.6508492231369019,1.44132399559021,1.44132399559021
2906,1.6506662368774414,1.6506662368774414,1.441798210144043,1.441798210144043
2907,1.6509133577346802,1.6509133577346802,1.4409236907958984,1.4409236907958984
2908,1.6508444547653198,1.6508444547653198,1.4409570693969727,1.4409570693969727
2909,1.6508018970489502,1.6508018970489502,1.4403116703033447,1.4403116703033447
2910,1.650791049003601,1.650791049003601,1.4417959451675415,1.4417959451675415
2911,1.6505156755447388,1.6505156755447388,1.44061279296875,1.44061279296875
2912,1.6513094902038574,1.6513094902038574,1.4405009746551514,1.4405009746551514
2913,1.6501643657684326,1.6501643657684326,1.4389961957931519,1.4389961957931519
2914,1.6503574848175049,1.6503574848175049,1.4408589601516724,1.4408589601516724
2915,1.6500777006149292,1.6500777006149292,1.4395430088043213,1.4395430088043213
2916,1.6497529745101929,1.6497529745101929,1.4454365968704224,1.4454365968704224
2917,1.6502710580825806,1.6502710580825806,1.4395411014556885,1.4395411014556885
2918,1.6506233215332031,1.6506233215332031,1.441036343574524,1.441036343574524
2919,1.650681972503662,1.650681972503662,1.4418244361877441,1.4418244361877441
2920,1.650956630706787,1.650956630706787,1.439868688583374,1.439868688583374
2921,1.6496778726577759,1.6496778726577759,1.4414827823638916,1.4414827823638916
2922,1.6502293348312378,1.6502293348312378,1.4438642263412476,1.4438642263412476
2923,1.6501355171203613,1.6501355171203613,1.4400463104248047,1.4400463104248047
2924,1.6518045663833618,1.6518045663833618,1.44242262840271,1.44242262840271
2925,1.650264024734497,1.650264024734497,1.4405497312545776,1.4405497312545776
2926,1.6507600545883179,1.6507600545883179,1.4400776624679565,1.4400776624679565
2927,1.6502434015274048,1.6502434015274048,1.4408228397369385,1.4408228397369385
2928,1.6505310535430908,1.6505310535430908,1.439010500907898,1.439010500907898
2929,1.65103280544281,1.65103280544281,1.4402047395706177,1.4402047395706177
2930,1.6501526832580566,1.6501526832580566,1.4406946897506714,1.4406946897506714
2931,1.6504859924316406,1.6504859924316406,1.4402251243591309,1.4402251243591309
2932,1.6504523754119873,1.6504523754119873,1.4434778690338135,1.4434778690338135
2933,1.6504887342453003,1.6504887342453003,1.438983678817749,1.438983678817749
2934,1.6509950160980225,1.6509950160980225,1.4399044513702393,1.4399044513702393
2935,1.650437355041504,1.650437355041504,1.440468668937683,1.440468668937683
2936,1.6499137878417969,1.6499137878417969,1.4426860809326172,1.4426860809326172
2937,1.6516125202178955,1.6516125202178955,1.439353346824646,1.439353346824646
2938,1.649744987487793,1.649744987487793,1.440125823020935,1.440125823020935
2939,1.650099515914917,1.650099515914917,1.4392207860946655,1.4392207860946655
2940,1.6501286029815674,1.6501286029815674,1.442201018333435,1.442201018333435
2941,1.6494847536087036,1.6494847536087036,1.4402645826339722,1.4402645826339722
2942,1.6495696306228638,1.6495696306228638,1.4402482509613037,1.4402482509613037
2943,1.6501120328903198,1.6501120328903198,1.438681960105896,1.438681960105896
2944,1.6497864723205566,1.6497864723205566,1.4404031038284302,1.4404031038284302
2945,1.6501011848449707,1.6501011848449707,1.4436557292938232,1.4436557292938232
2946,1.6498719453811646,1.6498719453811646,1.442899227142334,1.442899227142334
2947,1.6508959531784058,1.6508959531784058,1.4400557279586792,1.4400557279586792
2948,1.6495487689971924,1.6495487689971924,1.439684271812439,1.439684271812439
2949,1.6499402523040771,1.6499402523040771,1.4390695095062256,1.4390695095062256
2950,1.6497517824172974,1.6497517824172974,1.440010666847229,1.440010666847229
2951,1.6494840383529663,1.6494840383529663,1.4416353702545166,1.4416353702545166
2952,1.6499879360198975,1.6499879360198975,1.443233609199524,1.443233609199524
2953,1.6497162580490112,1.6497162580490112,1.4386780261993408,1.4386780261993408
2954,1.6495362520217896,1.6495362520217896,1.4409422874450684,1.4409422874450684
2955,1.6494526863098145,1.6494526863098145,1.439591884613037,1.439591884613037
2956,1.6498324871063232,1.6498324871063232,1.4390885829925537,1.4390885829925537
2957,1.6497817039489746,1.6497817039489746,1.4399850368499756,1.4399850368499756
2958,1.6498929262161255,1.6498929262161255,1.4425781965255737,1.4425781965255737
2959,1.6496121883392334,1.6496121883392334,1.440198540687561,1.440198540687561
2960,1.6495479345321655,1.6495479345321655,1.438091516494751,1.438091516494751
2961,1.6497609615325928,1.6497609615325928,1.4382803440093994,1.4382803440093994
2962,1.6500049829483032,1.6500049829483032,1.4456950426101685,1.4456950426101685
2963,1.6495755910873413,1.6495755910873413,1.442589521408081,1.442589521408081
2964,1.6493536233901978,1.6493536233901978,1.4400484561920166,1.4400484561920166
2965,1.6502606868743896,1.6502606868743896,1.4394954442977905,1.4394954442977905
2966,1.6496134996414185,1.6496134996414185,1.4412415027618408,1.4412415027618408
2967,1.6499558687210083,1.6499558687210083,1.4415926933288574,1.4415926933288574
2968,1.6496601104736328,1.6496601104736328,1.440367341041565,1.440367341041565
2969,1.6493196487426758,1.6493196487426758,1.4390709400177002,1.4390709400177002
2970,1.6491098403930664,1.6491098403930664,1.4402657747268677,1.4402657747268677
2971,1.6509335041046143,1.6509335041046143,1.4404542446136475,1.4404542446136475
2972,1.6495380401611328,1.6495380401611328,1.4393086433410645,1.4393086433410645
2973,1.64932382106781,1.64932382106781,1.4382140636444092,1.4382140636444092
2974,1.6501103639602661,1.6501103639602661,1.438676357269287,1.438676357269287
2975,1.6494028568267822,1.6494028568267822,1.4390084743499756,1.4390084743499756
2976,1.6498290300369263,1.6498290300369263,1.4386223554611206,1.4386223554611206
2977,1.6494314670562744,1.6494314670562744,1.4409945011138916,1.4409945011138916
2978,1.6495963335037231,1.6495963335037231,1.4416030645370483,1.4416030645370483
2979,1.6487390995025635,1.6487390995025635,1.4426379203796387,1.4426379203796387
2980,1.649815320968628,1.649815320968628,1.439512848854065,1.439512848854065
2981,1.6492840051651,1.6492840051651,1.4441341161727905,1.4441341161727905
2982,1.6496332883834839,1.6496332883834839,1.4389946460723877,1.4389946460723877
2983,1.650014877319336,1.650014877319336,1.4380147457122803,1.4380147457122803
2984,1.6491249799728394,1.6491249799728394,1.4380931854248047,1.4380931854248047
2985,1.6493207216262817,1.6493207216262817,1.4386961460113525,1.4386961460113525
2986,1.6493909358978271,1.6493909358978271,1.438570499420166,1.438570499420166
2987,1.6493983268737793,1.6493983268737793,1.437541127204895,1.437541127204895
2988,1.6487257480621338,1.6487257480621338,1.439385175704956,1.439385175704956
2989,1.6490663290023804,1.6490663290023804,1.4388774633407593,1.4388774633407593
2990,1.6500542163848877,1.6500542163848877,1.4405635595321655,1.4405635595321655
2991,1.6494603157043457,1.6494603157043457,1.4388662576675415,1.4388662576675415
2992,1.6488569974899292,1.6488569974899292,1.4406373500823975,1.4406373500823975
2993,1.6495498418807983,1.6495498418807983,1.4386038780212402,1.4386038780212402
2994,1.6498613357543945,1.6498613357543945,1.439864158630371,1.439864158630371
2995,1.648640751838684,1.648640751838684,1.4387471675872803,1.4387471675872803
2996,1.6492031812667847,1.6492031812667847,1.4393575191497803,1.4393575191497803
2997,1.6493737697601318,1.6493737697601318,1.4385770559310913,1.4385770559310913
2998,1.650297999382019,1.650297999382019,1.4375680685043335,1.4375680685043335
2999,1.6493079662322998,1.6493079662322998,1.4388880729675293,1.4388880729675293
